[2025-07-09 17:04:17.468] [jointLog] [info] setting maxHashResizeThreads to 10
[2025-07-09 17:04:17.468] [jointLog] [info] Fragment incompatibility prior below threshold.  Incompatible fragments will be ignored.
[2025-07-09 17:04:17.618] [jointLog] [info] numQuantThreads = 5
[2025-07-09 17:04:19.730] [jointLog] [info] replaced 0 non-ACGT nucleotides with random nucleotides
[2025-07-09 17:04:19.883] [jointLog] [warning] read ab34c3d4-02e5-45dd-a988-56209df3765f (length 5375 - align length 5374) has no trained error model
[2025-07-09 17:04:19.883] [jointLog] [warning] read ab34c3d4-02e5-45dd-a988-56209df3765f (length 5375) has no trained clipping model
[2025-07-09 17:04:19.883] [jointLog] [warning] read ab34c3d4-02e5-45dd-a988-56209df3765f (length 5375) has no trained clipping model
[2025-07-09 17:04:19.885] [jointLog] [warning] read d3a64db5-3f30-42da-a80a-f45607105194 (length 3904) has no trained clipping model
[2025-07-09 17:04:19.886] [jointLog] [warning] read bda34f49-1cda-4d33-a5e4-d740f8d83ef3 (length 6440 - align length 6349) has no trained error model
[2025-07-09 17:04:19.886] [jointLog] [warning] read bda34f49-1cda-4d33-a5e4-d740f8d83ef3 (length 6440) has no trained clipping model
[2025-07-09 17:04:19.886] [jointLog] [warning] read bda34f49-1cda-4d33-a5e4-d740f8d83ef3 (length 6440) has no trained clipping model
[2025-07-09 17:04:19.886] [jointLog] [warning] read 1eb9d9f0-a11f-4e14-bb98-fba83d585264 (length 4692) has no trained clipping model
[2025-07-09 17:04:19.888] [jointLog] [warning] read 2e9636fe-9300-498f-9e94-cf802d399990 (length 4232 - align length 4149) has no trained error model
[2025-07-09 17:04:19.888] [jointLog] [warning] read 2e9636fe-9300-498f-9e94-cf802d399990 (length 4232) has no trained clipping model
[2025-07-09 17:04:19.889] [jointLog] [warning] read edfd011e-f3d9-40f6-8709-341de85e39b6 (length 5573) has no trained clipping model
[2025-07-09 17:04:19.889] [jointLog] [warning] read 445e591f-7525-4c79-82dd-78e76f8de865 (length 3989) has no trained clipping model
[2025-07-09 17:04:19.895] [jointLog] [warning] read 1d0da8de-d5df-430e-b98e-8003172860fe (length 4609) has no trained clipping model
[2025-07-09 17:04:19.895] [jointLog] [warning] read 5533fa1d-ac58-461a-bd25-3f09361c9517 (length 7511 - align length 1168) has no trained error model
[2025-07-09 17:04:19.895] [jointLog] [warning] read 5533fa1d-ac58-461a-bd25-3f09361c9517 (length 7511) has no trained clipping model
[2025-07-09 17:04:19.895] [jointLog] [warning] read 5533fa1d-ac58-461a-bd25-3f09361c9517 (length 7511) has no trained clipping model
[2025-07-09 17:04:19.895] [jointLog] [warning] read e8b06a68-2c30-4a18-b135-2032aad4f2d7 (length 6107 - align length 5750) has no trained error model
[2025-07-09 17:04:19.895] [jointLog] [warning] read e8b06a68-2c30-4a18-b135-2032aad4f2d7 (length 6107) has no trained clipping model
[2025-07-09 17:04:19.895] [jointLog] [warning] read e8b06a68-2c30-4a18-b135-2032aad4f2d7 (length 6107) has no trained clipping model
[2025-07-09 17:04:19.897] [jointLog] [warning] read 39406de4-afb6-415d-8b2c-9a4da93788d3 (length 6316 - align length 616) has no trained error model
[2025-07-09 17:04:19.897] [jointLog] [warning] read 39406de4-afb6-415d-8b2c-9a4da93788d3 (length 6316) has no trained clipping model
[2025-07-09 17:04:19.897] [jointLog] [warning] read 39406de4-afb6-415d-8b2c-9a4da93788d3 (length 6316) has no trained clipping model
[2025-07-09 17:04:19.899] [jointLog] [warning] read 1a2988ab-8565-414f-bac2-2f374190a461 (length 5444 - align length 5439) has no trained error model
[2025-07-09 17:04:19.902] [jointLog] [warning] read b065ea7e-a1bd-4d63-984c-482da68ac2f8 (length 4077 - align length 4073) has no trained error model
[2025-07-09 17:04:19.902] [jointLog] [warning] read b065ea7e-a1bd-4d63-984c-482da68ac2f8 (length 4077) has no trained clipping model
[2025-07-09 17:04:19.904] [jointLog] [warning] read 81eda71f-4fd5-43b9-b835-898c3a383384 (length 4408 - align length 4394) has no trained error model
[2025-07-09 17:04:19.904] [jointLog] [warning] read 81eda71f-4fd5-43b9-b835-898c3a383384 (length 4408) has no trained clipping model
[2025-07-09 17:04:19.904] [jointLog] [warning] read 81eda71f-4fd5-43b9-b835-898c3a383384 (length 4408) has no trained clipping model
[2025-07-09 17:04:19.904] [jointLog] [warning] read 473012c8-db86-4b28-87f7-33a17feaab05 (length 5176) has no trained clipping model
[2025-07-09 17:04:19.905] [jointLog] [warning] read f8db6938-eff6-4ded-b16e-81b6459d2245 (length 5520) has no trained clipping model
[2025-07-09 17:04:19.905] [jointLog] [warning] read 8ade3029-6823-4c26-91da-61e8cb8dfa54 (length 4706 - align length 4706) has no trained error model
[2025-07-09 17:04:19.906] [jointLog] [warning] read 06aceee3-59e9-49bf-810a-52038d4b5b13 (length 5687 - align length 5606) has no trained error model
[2025-07-09 17:04:19.906] [jointLog] [warning] read 06aceee3-59e9-49bf-810a-52038d4b5b13 (length 5687) has no trained clipping model
[2025-07-09 17:04:19.906] [jointLog] [warning] read 8fa904c4-a574-44e8-b4cc-9b180bf8e039 (length 6011 - align length 5900) has no trained error model
[2025-07-09 17:04:19.906] [jointLog] [warning] read 8fa904c4-a574-44e8-b4cc-9b180bf8e039 (length 6011) has no trained clipping model
[2025-07-09 17:04:19.906] [jointLog] [warning] read 8fa904c4-a574-44e8-b4cc-9b180bf8e039 (length 6011) has no trained clipping model
[2025-07-09 17:04:19.907] [jointLog] [warning] read 4d9c11d1-ac07-4b6a-a0cc-1f926fc5b608 (length 4507 - align length 4456) has no trained error model
[2025-07-09 17:04:19.907] [jointLog] [warning] read 4d9c11d1-ac07-4b6a-a0cc-1f926fc5b608 (length 4507) has no trained clipping model
[2025-07-09 17:04:19.907] [jointLog] [warning] read 4d9c11d1-ac07-4b6a-a0cc-1f926fc5b608 (length 4507) has no trained clipping model
[2025-07-09 17:04:19.910] [jointLog] [warning] read 13fa7143-7f6f-4e46-a9c6-bf82d2440709 (length 5078 - align length 5065) has no trained error model
[2025-07-09 17:04:19.910] [jointLog] [warning] read 13fa7143-7f6f-4e46-a9c6-bf82d2440709 (length 5078) has no trained clipping model
[2025-07-09 17:04:19.910] [jointLog] [warning] read 13fa7143-7f6f-4e46-a9c6-bf82d2440709 (length 5078) has no trained clipping model
[2025-07-09 17:04:19.913] [jointLog] [warning] read b0afbb82-4fa7-44fb-be2e-af274826cdac (length 6343 - align length 6235) has no trained error model
[2025-07-09 17:04:19.915] [jointLog] [warning] read e31aa654-0102-4815-a15f-758ccc0933cc (length 5254 - align length 5101) has no trained error model
[2025-07-09 17:04:19.915] [jointLog] [warning] read e31aa654-0102-4815-a15f-758ccc0933cc (length 5254) has no trained clipping model
[2025-07-09 17:04:19.922] [jointLog] [warning] read 3f60fdf9-fe1f-4b98-8a4d-a5d6e9e7abc7 (length 5361) has no trained clipping model
[2025-07-09 17:04:19.923] [jointLog] [warning] read 6ecc2fc1-fc6c-4bfe-b3f2-cc8af5548c2d (length 4232) has no trained clipping model
[2025-07-09 17:04:19.924] [jointLog] [warning] (in update()) CIGAR string for read [82737269-7e8c-4be6-a924-c1ef43602158] seems inconsistent. It implied an error rate greater than 1: 1.10959 0.0114192 0.0358891
[2025-07-09 17:04:19.926] [jointLog] [warning] read fdbb6998-33df-426c-814c-58ee22470704 (length 6345 - align length 6195) has no trained error model
[2025-07-09 17:04:19.928] [jointLog] [warning] read 655f000d-7e09-4e05-a84b-94ddf4ec3af5 (length 6619 - align length 6584) has no trained error model
[2025-07-09 17:04:19.928] [jointLog] [warning] read 655f000d-7e09-4e05-a84b-94ddf4ec3af5 (length 6619) has no trained clipping model
[2025-07-09 17:04:19.928] [jointLog] [warning] read 655f000d-7e09-4e05-a84b-94ddf4ec3af5 (length 6619) has no trained clipping model
[2025-07-09 17:04:19.931] [jointLog] [warning] read a9a88660-81c9-4507-935c-e90baa0248d7 (length 8118 - align length 8006) has no trained error model
[2025-07-09 17:04:19.931] [jointLog] [warning] read a9a88660-81c9-4507-935c-e90baa0248d7 (length 8118) has no trained clipping model
[2025-07-09 17:04:19.931] [jointLog] [warning] read a9a88660-81c9-4507-935c-e90baa0248d7 (length 8118) has no trained clipping model
[2025-07-09 17:04:19.931] [jointLog] [warning] read c41f2885-597b-45bb-b558-5a7eef1dbb3d (length 7671 - align length 757) has no trained error model
[2025-07-09 17:04:19.931] [jointLog] [warning] read c41f2885-597b-45bb-b558-5a7eef1dbb3d (length 7671) has no trained clipping model
[2025-07-09 17:04:19.931] [jointLog] [warning] read c41f2885-597b-45bb-b558-5a7eef1dbb3d (length 7671) has no trained clipping model
[2025-07-09 17:04:19.931] [jointLog] [warning] read 504ecff0-e334-421a-8bb8-8707d6285cab (length 5076) has no trained clipping model
[2025-07-09 17:04:19.932] [jointLog] [warning] read ab0092a1-0bfb-42f1-af07-f9334ff91fd9 (length 6487 - align length 6460) has no trained error model
[2025-07-09 17:04:19.934] [jointLog] [warning] read dd891df0-81c7-4e9c-925f-7d76ce71222d (length 5768 - align length 5741) has no trained error model
[2025-07-09 17:04:19.934] [jointLog] [warning] read dd891df0-81c7-4e9c-925f-7d76ce71222d (length 5768) has no trained clipping model
[2025-07-09 17:04:19.934] [jointLog] [warning] read dd891df0-81c7-4e9c-925f-7d76ce71222d (length 5768) has no trained clipping model
[2025-07-09 17:04:19.935] [jointLog] [warning] read a231cfc9-cbaf-4884-b88d-75fc4c043421 (length 7720 - align length 7694) has no trained error model
[2025-07-09 17:04:19.935] [jointLog] [warning] read a231cfc9-cbaf-4884-b88d-75fc4c043421 (length 7720) has no trained clipping model
[2025-07-09 17:04:19.935] [jointLog] [warning] read a231cfc9-cbaf-4884-b88d-75fc4c043421 (length 7720) has no trained clipping model
[2025-07-09 17:04:19.937] [jointLog] [warning] read 06c43026-ad86-4994-8b13-c39e52129bed (length 7232 - align length 57) has no trained error model
[2025-07-09 17:04:19.938] [jointLog] [warning] read 06c43026-ad86-4994-8b13-c39e52129bed (length 7232) has no trained clipping model
[2025-07-09 17:04:19.938] [jointLog] [warning] read 06c43026-ad86-4994-8b13-c39e52129bed (length 7232) has no trained clipping model
[2025-07-09 17:04:19.938] [jointLog] [warning] read 131bed09-faf6-41f3-86e0-70866f27bf46 (length 5704) has no trained clipping model
[2025-07-09 17:04:19.942] [jointLog] [warning] read e64619fd-e448-4e3c-a03a-4796e615fbfb (length 9087 - align length 434) has no trained error model
[2025-07-09 17:04:19.942] [jointLog] [warning] read e64619fd-e448-4e3c-a03a-4796e615fbfb (length 9087) has no trained clipping model
[2025-07-09 17:04:19.942] [jointLog] [warning] read e64619fd-e448-4e3c-a03a-4796e615fbfb (length 9087) has no trained clipping model
[2025-07-09 17:04:19.945] [jointLog] [warning] read f2c3d30f-46cf-48df-8cbf-3469000ad02b (length 5960 - align length 5880) has no trained error model
[2025-07-09 17:04:19.947] [jointLog] [warning] read 3d08cf44-93c0-48b9-a786-a2da280c374a (length 5072) has no trained clipping model
[2025-07-09 17:04:19.950] [jointLog] [warning] read d866f570-1129-48df-9e4f-ab7a5daffd39 (length 10205 - align length 10002) has no trained error model
[2025-07-09 17:04:19.950] [jointLog] [warning] read d866f570-1129-48df-9e4f-ab7a5daffd39 (length 10205) has no trained clipping model
[2025-07-09 17:04:19.950] [jointLog] [warning] read d866f570-1129-48df-9e4f-ab7a5daffd39 (length 10205) has no trained clipping model
[2025-07-09 17:04:19.951] [jointLog] [warning] read 068cb84b-2398-4e18-9e68-0856a2daede9 (length 5894 - align length 5760) has no trained error model
[2025-07-09 17:04:19.951] [jointLog] [warning] read 068cb84b-2398-4e18-9e68-0856a2daede9 (length 5894) has no trained clipping model
[2025-07-09 17:04:19.951] [jointLog] [warning] read 068cb84b-2398-4e18-9e68-0856a2daede9 (length 5894) has no trained clipping model
[2025-07-09 17:04:19.951] [jointLog] [warning] read 0cf43e82-cf55-4fef-83c5-46728331bafe (length 6805 - align length 6781) has no trained error model
[2025-07-09 17:04:19.951] [jointLog] [warning] read 0cf43e82-cf55-4fef-83c5-46728331bafe (length 6805) has no trained clipping model
[2025-07-09 17:04:19.951] [jointLog] [warning] read 0cf43e82-cf55-4fef-83c5-46728331bafe (length 6805) has no trained clipping model
[2025-07-09 17:04:19.952] [jointLog] [warning] (in update()) CIGAR string for read [0cc3acb4-780c-4347-a351-3e32129b3d11] seems inconsistent. It implied an error rate greater than 1: 1.3565 0.000572246 0.0194564
[2025-07-09 17:04:19.956] [jointLog] [warning] (in update()) CIGAR string for read [132b5efd-27c8-4223-b91c-fae5045c6ffa] seems inconsistent. It implied an error rate greater than 1: 1.12727 0 0.128959
[2025-07-09 17:04:19.967] [jointLog] [warning] read 7d45d486-d549-47f9-8530-83c07607d453 (length 6502 - align length 6432) has no trained error model
[2025-07-09 17:04:19.967] [jointLog] [warning] read 7d45d486-d549-47f9-8530-83c07607d453 (length 6502) has no trained clipping model
[2025-07-09 17:04:19.967] [jointLog] [warning] read 7d45d486-d549-47f9-8530-83c07607d453 (length 6502) has no trained clipping model
[2025-07-09 17:04:19.979] [jointLog] [info] Automatically detected most likely library type as SF

[2025-07-09 17:04:19.983] [jointLog] [warning] read 95d537f1-ce3b-45d2-93d9-f1df1a495874 (length 5076) has no trained clipping model
[2025-07-09 17:04:19.983] [jointLog] [warning] read 07cc2e1f-3224-4f1e-93eb-4c4e23d3ba0b (length 5093) has no trained clipping model
[2025-07-09 17:04:20.002] [jointLog] [warning] read 26574e3e-dd6d-4080-bf7c-8c84e6aab0fe (length 6538) has no trained clipping model
[2025-07-09 17:04:20.004] [jointLog] [warning] read 3e102a11-39df-423e-bc32-86a8388854d7 (length 5137 - align length 5103) has no trained error model
[2025-07-09 17:04:20.013] [jointLog] [warning] read 2af99756-e67d-466f-8399-afddf5180ab5 (length 7851 - align length 7720) has no trained error model
[2025-07-09 17:04:20.013] [jointLog] [warning] read 2af99756-e67d-466f-8399-afddf5180ab5 (length 7851) has no trained clipping model
[2025-07-09 17:04:20.045] [jointLog] [warning] read 7896c5ec-c61d-4de7-a91a-282fff459b66 (length 6985 - align length 6968) has no trained error model
[2025-07-09 17:04:20.045] [jointLog] [warning] read 7896c5ec-c61d-4de7-a91a-282fff459b66 (length 6985) has no trained clipping model
[2025-07-09 17:04:20.045] [jointLog] [warning] read 7896c5ec-c61d-4de7-a91a-282fff459b66 (length 6985) has no trained clipping model
[2025-07-09 17:04:20.046] [jointLog] [warning] read 1699250f-e33c-48d1-8780-4212dff5c0fb (length 7340 - align length 7243) has no trained error model
[2025-07-09 17:04:20.057] [jointLog] [warning] read 66b680c3-0ee5-4c04-95df-d19706ab0749 (length 5236) has no trained clipping model
[2025-07-09 17:04:20.070] [jointLog] [warning] read 98fb4f57-fbd7-4b7e-9213-921906545d3b (length 6707 - align length 1769) has no trained error model
[2025-07-09 17:04:20.070] [jointLog] [warning] read 98fb4f57-fbd7-4b7e-9213-921906545d3b (length 6707) has no trained clipping model
[2025-07-09 17:04:20.070] [jointLog] [warning] read 98fb4f57-fbd7-4b7e-9213-921906545d3b (length 6707) has no trained clipping model
[2025-07-09 17:04:20.077] [jointLog] [warning] read 1223ac72-b08e-4a81-a682-a3f694f884aa (length 8356 - align length 8340) has no trained error model
[2025-07-09 17:04:20.077] [jointLog] [warning] read 1223ac72-b08e-4a81-a682-a3f694f884aa (length 8356) has no trained clipping model
[2025-07-09 17:04:20.077] [jointLog] [warning] read 1223ac72-b08e-4a81-a682-a3f694f884aa (length 8356) has no trained clipping model
[2025-07-09 17:04:20.090] [jointLog] [warning] read 5714582c-133d-4daf-a849-d750ecfb163a (length 9028 - align length 9021) has no trained error model
[2025-07-09 17:04:20.090] [jointLog] [warning] read 5714582c-133d-4daf-a849-d750ecfb163a (length 9028) has no trained clipping model
[2025-07-09 17:04:20.139] [jointLog] [warning] read 7649ab41-c87a-46e3-bd08-f910d0915143 (length 8805 - align length 302) has no trained error model
[2025-07-09 17:04:20.139] [jointLog] [warning] read 7649ab41-c87a-46e3-bd08-f910d0915143 (length 8805) has no trained clipping model
[2025-07-09 17:04:20.139] [jointLog] [warning] read 7649ab41-c87a-46e3-bd08-f910d0915143 (length 8805) has no trained clipping model
[2025-07-09 17:04:20.141] [jointLog] [warning] (in update()) CIGAR string for read [15300e59-9a19-427e-9069-054ab4c3837f] seems inconsistent. It implied an error rate greater than 1: 1.0178 0.0480398 0.0524572
[2025-07-09 17:04:20.150] [jointLog] [warning] read 67535e59-516c-4a89-81b9-7d1fc9bd24c1 (length 10207 - align length 10145) has no trained error model
[2025-07-09 17:04:20.151] [jointLog] [warning] read b25b9ae1-06d1-463a-940b-ebb02bcb1e49 (length 7081 - align length 5971) has no trained error model
[2025-07-09 17:04:20.151] [jointLog] [warning] read b25b9ae1-06d1-463a-940b-ebb02bcb1e49 (length 7081) has no trained clipping model
[2025-07-09 17:04:20.151] [jointLog] [warning] read b25b9ae1-06d1-463a-940b-ebb02bcb1e49 (length 7081) has no trained clipping model
[2025-07-09 17:04:19.870] [fileLog] [info] quantification processed 0 fragments so far

[2025-07-09 17:04:20.169] [jointLog] [warning] read 3c35faa0-304b-4e79-b4c0-5dce4b958162 (length 6115 - align length 6062) has no trained error model
[2025-07-09 17:04:20.177] [jointLog] [warning] read 91e5ce54-4ca4-4776-9a98-6703f25988d2 (length 8630 - align length 8322) has no trained error model
[2025-07-09 17:04:20.177] [jointLog] [warning] read 91e5ce54-4ca4-4776-9a98-6703f25988d2 (length 8630) has no trained clipping model
[2025-07-09 17:04:20.177] [jointLog] [warning] read 91e5ce54-4ca4-4776-9a98-6703f25988d2 (length 8630) has no trained clipping model
[2025-07-09 17:04:20.184] [jointLog] [warning] (in update()) CIGAR string for read [c6158862-23b0-4977-9d11-ba52e4c01b2f] seems inconsistent. It implied an error rate greater than 1: 1.27574 0 0.0433884
[2025-07-09 17:04:20.190] [jointLog] [warning] read a5911f43-d83b-47d0-8c77-eb0a0d699ad0 (length 7170 - align length 516) has no trained error model
[2025-07-09 17:04:20.190] [jointLog] [warning] read a5911f43-d83b-47d0-8c77-eb0a0d699ad0 (length 7170) has no trained clipping model
[2025-07-09 17:04:20.190] [jointLog] [warning] read a5911f43-d83b-47d0-8c77-eb0a0d699ad0 (length 7170) has no trained clipping model
[2025-07-09 17:04:20.198] [jointLog] [warning] read 584ac46a-a594-4ab8-bdd0-8ef1fe992abb (length 7471 - align length 4818) has no trained error model
[2025-07-09 17:04:20.198] [jointLog] [warning] read 584ac46a-a594-4ab8-bdd0-8ef1fe992abb (length 7471) has no trained clipping model
[2025-07-09 17:04:20.198] [jointLog] [warning] read 584ac46a-a594-4ab8-bdd0-8ef1fe992abb (length 7471) has no trained clipping model
[2025-07-09 17:04:20.213] [jointLog] [warning] read fffe6a28-9a2f-4fc1-9229-0e48a714b447 (length 8295 - align length 54) has no trained error model
[2025-07-09 17:04:20.213] [jointLog] [warning] read fffe6a28-9a2f-4fc1-9229-0e48a714b447 (length 8295) has no trained clipping model
[2025-07-09 17:04:20.213] [jointLog] [warning] read fffe6a28-9a2f-4fc1-9229-0e48a714b447 (length 8295) has no trained clipping model
[2025-07-09 17:04:20.226] [jointLog] [warning] (in update()) CIGAR string for read [f9b1fad4-198c-45f1-9f57-8c80fe9da937] seems inconsistent. It implied an error rate greater than 1: 1.11851 0.014273 0.0410348
[2025-07-09 17:04:20.275] [jointLog] [warning] read 1e0e9dc4-8a24-4d16-a644-6060559a77a3 (length 8412 - align length 334) has no trained error model
[2025-07-09 17:04:20.275] [jointLog] [warning] read 1e0e9dc4-8a24-4d16-a644-6060559a77a3 (length 8412) has no trained clipping model
[2025-07-09 17:04:20.275] [jointLog] [warning] read 1e0e9dc4-8a24-4d16-a644-6060559a77a3 (length 8412) has no trained clipping model
[2025-07-09 17:04:20.308] [jointLog] [warning] read 2c57a1ab-a108-4348-ac52-f9de1009e7fc (length 8084 - align length 8042) has no trained error model
[2025-07-09 17:04:20.308] [jointLog] [warning] read 2c57a1ab-a108-4348-ac52-f9de1009e7fc (length 8084) has no trained clipping model
[2025-07-09 17:04:20.308] [jointLog] [warning] read 2c57a1ab-a108-4348-ac52-f9de1009e7fc (length 8084) has no trained clipping model
[2025-07-09 17:04:20.361] [jointLog] [warning] read be98cc9b-daa0-43ed-92ee-8da0ae6537a5 (length 6972) has no trained clipping model
[2025-07-09 17:04:20.434] [jointLog] [warning] read cf2fce44-ff38-4994-bf91-a37b5bd50824 (length 8037 - align length 7534) has no trained error model
[2025-07-09 17:04:20.442] [jointLog] [warning] read 7235abd6-298f-406a-ba35-8777567b9810 (length 6622) has no trained clipping model
[2025-07-09 17:04:20.471] [jointLog] [warning] read 296bdcc9-7bc7-4bc4-8b58-3b146b5207bc (length 9777 - align length 422) has no trained error model
[2025-07-09 17:04:20.471] [jointLog] [warning] read 296bdcc9-7bc7-4bc4-8b58-3b146b5207bc (length 9777) has no trained clipping model
[2025-07-09 17:04:20.471] [jointLog] [warning] read 296bdcc9-7bc7-4bc4-8b58-3b146b5207bc (length 9777) has no trained clipping model
[2025-07-09 17:04:20.475] [jointLog] [warning] read d392ee86-f227-4953-a3d0-74b58117ffdf (length 8146 - align length 7002) has no trained error model
[2025-07-09 17:04:20.492] [jointLog] [warning] read f3bb2b8f-2461-481e-872b-6dc93e2a920b (length 8699 - align length 8650) has no trained error model
[2025-07-09 17:04:20.510] [jointLog] [warning] read 5afacc7c-703e-453b-b770-e7d41570ee59 (length 7679 - align length 7491) has no trained error model
[2025-07-09 17:04:20.510] [jointLog] [warning] read 5afacc7c-703e-453b-b770-e7d41570ee59 (length 7679) has no trained clipping model
[2025-07-09 17:04:20.522] [jointLog] [warning] (in update()) CIGAR string for read [beb9a9db-a8b2-4f4d-a1b8-f3f32e030a15] seems inconsistent. It implied an error rate greater than 1: 1.18785 0.0140845 0.0299296
[2025-07-09 17:04:20.524] [jointLog] [warning] read 3436dc3a-ae90-4be3-bbda-674fd200f9d4 (length 6293 - align length 5943) has no trained error model
[2025-07-09 17:04:20.524] [jointLog] [warning] read 3436dc3a-ae90-4be3-bbda-674fd200f9d4 (length 6293) has no trained clipping model
[2025-07-09 17:04:20.524] [jointLog] [warning] read 3436dc3a-ae90-4be3-bbda-674fd200f9d4 (length 6293) has no trained clipping model
[2025-07-09 17:04:20.551] [jointLog] [warning] (in update()) CIGAR string for read [ac7fe570-8898-4de5-9eec-9f54c916d203] seems inconsistent. It implied an error rate greater than 1: 1.13333 0.0145246 0.0413732
[2025-07-09 17:04:20.717] [jointLog] [warning] read b73e9ad4-47d5-472e-8139-3a1d46a5d5da (length 9806 - align length 54) has no trained error model
[2025-07-09 17:04:20.717] [jointLog] [warning] read b73e9ad4-47d5-472e-8139-3a1d46a5d5da (length 9806) has no trained clipping model
[2025-07-09 17:04:20.717] [jointLog] [warning] read b73e9ad4-47d5-472e-8139-3a1d46a5d5da (length 9806) has no trained clipping model
[2025-07-09 17:04:20.718] [jointLog] [warning] read b967663f-2e1d-4afa-90cd-0d8d5c5deedd (length 10036 - align length 408) has no trained error model
[2025-07-09 17:04:20.718] [jointLog] [warning] read b967663f-2e1d-4afa-90cd-0d8d5c5deedd (length 10036) has no trained clipping model
[2025-07-09 17:04:20.718] [jointLog] [warning] read b967663f-2e1d-4afa-90cd-0d8d5c5deedd (length 10036) has no trained clipping model
[2025-07-09 17:04:20.719] [jointLog] [warning] read bffcc6bf-5f02-4e05-a111-3f76df86ef20 (length 11698 - align length 11314) has no trained error model
[2025-07-09 17:04:20.719] [jointLog] [warning] read bffcc6bf-5f02-4e05-a111-3f76df86ef20 (length 11698) has no trained clipping model
[2025-07-09 17:04:20.719] [jointLog] [warning] read bffcc6bf-5f02-4e05-a111-3f76df86ef20 (length 11698) has no trained clipping model
[2025-07-09 17:04:20.733] [jointLog] [warning] (in update()) CIGAR string for read [3ab6fd03-39f2-431d-9ca9-688eaf499a37] seems inconsistent. It implied an error rate greater than 1: 1.12413 0.0102215 0.0153322
[2025-07-09 17:04:20.785] [jointLog] [warning] read 91eb13b8-78b9-4a53-8ecf-e5dbe482c960 (length 7695) has no trained clipping model
[2025-07-09 17:04:20.834] [jointLog] [warning] read 61567f07-8a6d-4edd-bc0f-daf023132e5e (length 7502 - align length 7132) has no trained error model
[2025-07-09 17:04:20.834] [jointLog] [warning] read 61567f07-8a6d-4edd-bc0f-daf023132e5e (length 7502) has no trained clipping model
[2025-07-09 17:04:20.984] [jointLog] [warning] read 57d733ae-6f5c-46d4-9de3-0c9863c9fbab (length 7352 - align length 7342) has no trained error model
[2025-07-09 17:04:20.987] [jointLog] [warning] read 920f34c3-2ed3-4d37-814e-7738437a99cd (length 9353 - align length 193) has no trained error model
[2025-07-09 17:04:20.987] [jointLog] [warning] read 920f34c3-2ed3-4d37-814e-7738437a99cd (length 9353) has no trained clipping model
[2025-07-09 17:04:20.987] [jointLog] [warning] read 920f34c3-2ed3-4d37-814e-7738437a99cd (length 9353) has no trained clipping model
[2025-07-09 17:04:21.039] [jointLog] [warning] read 60315520-406e-46f9-8614-2a74e17aff4e (length 7350 - align length 6831) has no trained error model
[2025-07-09 17:04:21.124] [jointLog] [warning] read 5c8811f0-c902-4720-9840-9443e9674c0b (length 9454 - align length 311) has no trained error model
[2025-07-09 17:04:21.124] [jointLog] [warning] read 5c8811f0-c902-4720-9840-9443e9674c0b (length 9454) has no trained clipping model
[2025-07-09 17:04:21.124] [jointLog] [warning] read 5c8811f0-c902-4720-9840-9443e9674c0b (length 9454) has no trained clipping model
[2025-07-09 17:04:21.201] [jointLog] [warning] read 68113cbf-11d9-4dc8-aab3-c651dd4309f8 (length 10590 - align length 59) has no trained error model
[2025-07-09 17:04:21.201] [jointLog] [warning] read 68113cbf-11d9-4dc8-aab3-c651dd4309f8 (length 10590) has no trained clipping model
[2025-07-09 17:04:21.201] [jointLog] [warning] read 68113cbf-11d9-4dc8-aab3-c651dd4309f8 (length 10590) has no trained clipping model
[2025-07-09 17:04:21.210] [jointLog] [warning] read 2d537ecb-10ee-4ec9-aeab-0068314eeb73 (length 8905 - align length 1134) has no trained error model
[2025-07-09 17:04:21.210] [jointLog] [warning] read 2d537ecb-10ee-4ec9-aeab-0068314eeb73 (length 8905) has no trained clipping model
[2025-07-09 17:04:21.210] [jointLog] [warning] read 2d537ecb-10ee-4ec9-aeab-0068314eeb73 (length 8905) has no trained clipping model
[2025-07-09 17:04:21.211] [jointLog] [warning] read bdc62ed2-1243-49e5-becf-f3f95b15010b (length 9191 - align length 45) has no trained error model
[2025-07-09 17:04:21.211] [jointLog] [warning] read bdc62ed2-1243-49e5-becf-f3f95b15010b (length 9191) has no trained clipping model
[2025-07-09 17:04:21.211] [jointLog] [warning] read bdc62ed2-1243-49e5-becf-f3f95b15010b (length 9191) has no trained clipping model
[2025-07-09 17:04:21.215] [jointLog] [warning] read 6ad2738c-490e-47a8-b884-e046a3d9ce70 (length 8575 - align length 8480) has no trained error model
[2025-07-09 17:04:21.232] [jointLog] [warning] read 157a2710-b0fa-4751-aaad-9212e1b3ecb1 (length 11809 - align length 10595) has no trained error model
[2025-07-09 17:04:21.232] [jointLog] [warning] read 157a2710-b0fa-4751-aaad-9212e1b3ecb1 (length 11809) has no trained clipping model
[2025-07-09 17:04:21.232] [jointLog] [warning] read 157a2710-b0fa-4751-aaad-9212e1b3ecb1 (length 11809) has no trained clipping model
[2025-07-09 17:04:21.287] [jointLog] [warning] read 0a11495e-a5ce-4e3a-ae96-1eb79fab53b1 (length 10922 - align length 10872) has no trained error model
[2025-07-09 17:04:21.287] [jointLog] [warning] read 0a11495e-a5ce-4e3a-ae96-1eb79fab53b1 (length 10922) has no trained clipping model
[2025-07-09 17:04:21.287] [jointLog] [warning] read 0a11495e-a5ce-4e3a-ae96-1eb79fab53b1 (length 10922) has no trained clipping model
[2025-07-09 17:04:21.328] [jointLog] [warning] read 157c6ba1-c065-457e-b562-0fad1354db10 (length 8175 - align length 8114) has no trained error model
[2025-07-09 17:04:21.336] [jointLog] [warning] read fccb1bd5-f4f9-4604-a6ce-b12ee7ede88d (length 9246 - align length 58) has no trained error model
[2025-07-09 17:04:21.336] [jointLog] [warning] read fccb1bd5-f4f9-4604-a6ce-b12ee7ede88d (length 9246) has no trained clipping model
[2025-07-09 17:04:21.336] [jointLog] [warning] read fccb1bd5-f4f9-4604-a6ce-b12ee7ede88d (length 9246) has no trained clipping model
[2025-07-09 17:04:21.346] [jointLog] [warning] read 5acdbdac-2e80-450f-a3f0-b5fada098789 (length 8390) has no trained clipping model
[2025-07-09 17:04:21.444] [jointLog] [warning] read 9fb2f562-bca9-4a49-80ec-25e9151a9a38 (length 6677 - align length 6614) has no trained error model
[2025-07-09 17:04:21.719] [jointLog] [warning] read d0c4dde9-2dd6-48a8-9c95-88753713b217 (length 9443 - align length 8705) has no trained error model
[2025-07-09 17:04:21.747] [jointLog] [warning] read 06b3bf6d-bd06-4be2-ac8e-8f9929607d46 (length 8355) has no trained clipping model
[2025-07-09 17:04:21.893] [jointLog] [warning] read 356ad076-fa5f-47a7-b77b-63c546725a50 (length 9597 - align length 57) has no trained error model
[2025-07-09 17:04:21.893] [jointLog] [warning] read 356ad076-fa5f-47a7-b77b-63c546725a50 (length 9597) has no trained clipping model
[2025-07-09 17:04:21.893] [jointLog] [warning] read 356ad076-fa5f-47a7-b77b-63c546725a50 (length 9597) has no trained clipping model
[2025-07-09 17:04:21.896] [jointLog] [warning] read a46884a6-d7a2-4aa8-b5a1-f702133801c7 (length 8980) has no trained clipping model
[2025-07-09 17:04:22.063] [jointLog] [warning] read 1cf7610d-84c0-4d67-b617-030cdd508a87 (length 8303) has no trained clipping model
[2025-07-09 17:04:22.072] [jointLog] [warning] (in update()) CIGAR string for read [cde8e010-f82d-456c-ab05-2e84e89c1920] seems inconsistent. It implied an error rate greater than 1: 1.10068 0.0123648 0.0819165
[2025-07-09 17:04:22.264] [jointLog] [warning] read b03084d4-54ac-4400-a938-23c0b9d38351 (length 8364 - align length 8248) has no trained error model
[2025-07-09 17:04:22.306] [jointLog] [warning] read a6393a3b-d08f-4184-8c9e-823a53917da9 (length 7626 - align length 7590) has no trained error model
[2025-07-09 17:04:22.306] [jointLog] [warning] read a6393a3b-d08f-4184-8c9e-823a53917da9 (length 7626) has no trained clipping model
[2025-07-09 17:04:22.309] [jointLog] [warning] (in update()) CIGAR string for read [d6cc67c0-4093-44dc-90dc-fc2336e87dc0] seems inconsistent. It implied an error rate greater than 1: 1.16998 0.0141343 0.00883392
[2025-07-09 17:04:22.408] [jointLog] [warning] read 1388ce1c-d3c9-4286-bc68-4cd428f1768c (length 10765 - align length 58) has no trained error model
[2025-07-09 17:04:22.408] [jointLog] [warning] read 1388ce1c-d3c9-4286-bc68-4cd428f1768c (length 10765) has no trained clipping model
[2025-07-09 17:04:22.408] [jointLog] [warning] read 1388ce1c-d3c9-4286-bc68-4cd428f1768c (length 10765) has no trained clipping model
[2025-07-09 17:04:22.725] [jointLog] [warning] (in update()) CIGAR string for read [caa4d7d2-4f47-494d-b01a-7d282c7e7694] seems inconsistent. It implied an error rate greater than 1: 1.12471 0.0143229 0.0633681
[2025-07-09 17:04:22.801] [jointLog] [warning] read b1a4b450-f250-48cc-b73b-9c3b821993fd (length 8712 - align length 8685) has no trained error model
[2025-07-09 17:04:22.801] [jointLog] [warning] read b1a4b450-f250-48cc-b73b-9c3b821993fd (length 8712) has no trained clipping model
[2025-07-09 17:04:22.801] [jointLog] [warning] read b1a4b450-f250-48cc-b73b-9c3b821993fd (length 8712) has no trained clipping model
[2025-07-09 17:04:23.049] [jointLog] [warning] read 7ba68897-18bf-4cc6-a802-9df00a0c35c7 (length 11069 - align length 10957) has no trained error model
[2025-07-09 17:04:23.049] [jointLog] [warning] read 7ba68897-18bf-4cc6-a802-9df00a0c35c7 (length 11069) has no trained clipping model
[2025-07-09 17:04:23.049] [jointLog] [warning] read 7ba68897-18bf-4cc6-a802-9df00a0c35c7 (length 11069) has no trained clipping model
[2025-07-09 17:04:23.072] [jointLog] [warning] read 93689938-69b5-4cd8-934a-e035fa8989a7 (length 8535 - align length 8520) has no trained error model
[2025-07-09 17:04:23.159] [jointLog] [warning] (in update()) CIGAR string for read [d2a301bc-4fa1-4f5c-8f85-ff08e68ecd51] seems inconsistent. It implied an error rate greater than 1: 1.3568 0 0.00265565
[2025-07-09 17:04:23.213] [jointLog] [warning] read a2433308-8aa7-49b4-b09a-c4e930d2b7ae (length 8890 - align length 8848) has no trained error model
[2025-07-09 17:04:23.292] [jointLog] [warning] read f2306e04-8f62-4fea-8c19-e3786f54255c (length 12132 - align length 119) has no trained error model
[2025-07-09 17:04:23.292] [jointLog] [warning] read f2306e04-8f62-4fea-8c19-e3786f54255c (length 12132) has no trained clipping model
[2025-07-09 17:04:23.292] [jointLog] [warning] read f2306e04-8f62-4fea-8c19-e3786f54255c (length 12132) has no trained clipping model
[2025-07-09 17:04:23.292] [jointLog] [warning] read 8f1f7a0b-8980-4b0c-8c98-9d7c6d4eeb79 (length 11995 - align length 54) has no trained error model
[2025-07-09 17:04:23.292] [jointLog] [warning] read 8f1f7a0b-8980-4b0c-8c98-9d7c6d4eeb79 (length 11995) has no trained clipping model
[2025-07-09 17:04:23.292] [jointLog] [warning] read 8f1f7a0b-8980-4b0c-8c98-9d7c6d4eeb79 (length 11995) has no trained clipping model
[2025-07-09 17:04:23.294] [jointLog] [warning] read d267d17a-3823-4739-8615-6eba84b6bd9c (length 17251 - align length 313) has no trained error model
[2025-07-09 17:04:23.294] [jointLog] [warning] read d267d17a-3823-4739-8615-6eba84b6bd9c (length 17251) has no trained clipping model
[2025-07-09 17:04:23.294] [jointLog] [warning] read d267d17a-3823-4739-8615-6eba84b6bd9c (length 17251) has no trained clipping model
[2025-07-09 17:04:23.296] [jointLog] [warning] read e109c0b4-81dd-4c46-8ed4-b46b25d29c59 (length 22203 - align length 51) has no trained error model
[2025-07-09 17:04:23.296] [jointLog] [warning] read e109c0b4-81dd-4c46-8ed4-b46b25d29c59 (length 22203) has no trained clipping model
[2025-07-09 17:04:23.296] [jointLog] [warning] read e109c0b4-81dd-4c46-8ed4-b46b25d29c59 (length 22203) has no trained clipping model
[2025-07-09 17:04:23.296] [jointLog] [warning] read 9c710d1c-c2cc-452d-aca0-a110942038ba (length 16061 - align length 54) has no trained error model
[2025-07-09 17:04:23.296] [jointLog] [warning] read 9c710d1c-c2cc-452d-aca0-a110942038ba (length 16061) has no trained clipping model
[2025-07-09 17:04:23.296] [jointLog] [warning] read 9c710d1c-c2cc-452d-aca0-a110942038ba (length 16061) has no trained clipping model
[2025-07-09 17:04:23.296] [jointLog] [warning] read 438b323d-1db1-4b70-9493-75e1b49b3859 (length 11395 - align length 177) has no trained error model
[2025-07-09 17:04:23.296] [jointLog] [warning] read 438b323d-1db1-4b70-9493-75e1b49b3859 (length 11395) has no trained clipping model
[2025-07-09 17:04:23.296] [jointLog] [warning] read 438b323d-1db1-4b70-9493-75e1b49b3859 (length 11395) has no trained clipping model
[2025-07-09 17:04:23.296] [jointLog] [warning] read ee7cd31e-0f5b-49f7-8100-62d3cd78e481 (length 23488 - align length 1776) has no trained error model
[2025-07-09 17:04:23.296] [jointLog] [warning] read ee7cd31e-0f5b-49f7-8100-62d3cd78e481 (length 23488) has no trained clipping model
[2025-07-09 17:04:23.296] [jointLog] [warning] read ee7cd31e-0f5b-49f7-8100-62d3cd78e481 (length 23488) has no trained clipping model
[2025-07-09 17:04:23.296] [jointLog] [warning] read 9fe650ba-7d45-4612-ad19-9524e5de64a2 (length 78966 - align length 57) has no trained error model
[2025-07-09 17:04:23.296] [jointLog] [warning] read 9fe650ba-7d45-4612-ad19-9524e5de64a2 (length 78966) has no trained clipping model
[2025-07-09 17:04:23.296] [jointLog] [warning] read 9fe650ba-7d45-4612-ad19-9524e5de64a2 (length 78966) has no trained clipping model
[2025-07-09 17:04:23.296] [jointLog] [warning] read 1747aebb-47ac-428e-a28f-91762cced03f (length 17446 - align length 51) has no trained error model
[2025-07-09 17:04:23.296] [jointLog] [warning] read 1747aebb-47ac-428e-a28f-91762cced03f (length 17446) has no trained clipping model
[2025-07-09 17:04:23.296] [jointLog] [warning] read 1747aebb-47ac-428e-a28f-91762cced03f (length 17446) has no trained clipping model
[2025-07-09 17:04:23.296] [jointLog] [warning] read fd216c04-8408-499c-8696-30eb2533651f (length 11115 - align length 107) has no trained error model
[2025-07-09 17:04:23.296] [jointLog] [warning] read fd216c04-8408-499c-8696-30eb2533651f (length 11115) has no trained clipping model
[2025-07-09 17:04:23.296] [jointLog] [warning] read fd216c04-8408-499c-8696-30eb2533651f (length 11115) has no trained clipping model
[2025-07-09 17:04:23.296] [jointLog] [warning] read f92a6fa3-a910-4910-97a4-6263fd33872c (length 15536 - align length 380) has no trained error model
[2025-07-09 17:04:23.296] [jointLog] [warning] read f92a6fa3-a910-4910-97a4-6263fd33872c (length 15536) has no trained clipping model
[2025-07-09 17:04:23.296] [jointLog] [warning] read f92a6fa3-a910-4910-97a4-6263fd33872c (length 15536) has no trained clipping model
[2025-07-09 17:04:23.296] [jointLog] [warning] read ee777281-72a4-4335-a647-089b78b5bdab (length 18276 - align length 58) has no trained error model
[2025-07-09 17:04:23.296] [jointLog] [warning] read ee777281-72a4-4335-a647-089b78b5bdab (length 18276) has no trained clipping model
[2025-07-09 17:04:23.296] [jointLog] [warning] read ee777281-72a4-4335-a647-089b78b5bdab (length 18276) has no trained clipping model
[2025-07-09 17:04:23.296] [jointLog] [warning] read f8126605-967e-4265-a4d1-79d45b828349 (length 13138 - align length 2217) has no trained error model
[2025-07-09 17:04:23.296] [jointLog] [warning] read f8126605-967e-4265-a4d1-79d45b828349 (length 13138) has no trained clipping model
[2025-07-09 17:04:23.296] [jointLog] [warning] read f8126605-967e-4265-a4d1-79d45b828349 (length 13138) has no trained clipping model
[2025-07-09 17:04:23.296] [jointLog] [warning] read 0d7c67fa-b10f-4a47-a606-0ee36793abc8 (length 25412 - align length 449) has no trained error model
[2025-07-09 17:04:23.296] [jointLog] [warning] read 0d7c67fa-b10f-4a47-a606-0ee36793abc8 (length 25412) has no trained clipping model
[2025-07-09 17:04:23.296] [jointLog] [warning] read 0d7c67fa-b10f-4a47-a606-0ee36793abc8 (length 25412) has no trained clipping model
[2025-07-09 17:04:23.296] [jointLog] [warning] read a0fd79a4-3c84-4e0c-812b-92a9efeb03f5 (length 44877 - align length 126) has no trained error model
[2025-07-09 17:04:23.296] [jointLog] [warning] read a0fd79a4-3c84-4e0c-812b-92a9efeb03f5 (length 44877) has no trained clipping model
[2025-07-09 17:04:23.296] [jointLog] [warning] read a0fd79a4-3c84-4e0c-812b-92a9efeb03f5 (length 44877) has no trained clipping model
[2025-07-09 17:04:23.296] [jointLog] [warning] read f7c8c9ce-1a62-45d9-a510-db1f8810b94d (length 22425 - align length 908) has no trained error model
[2025-07-09 17:04:23.296] [jointLog] [warning] read f7c8c9ce-1a62-45d9-a510-db1f8810b94d (length 22425) has no trained clipping model
[2025-07-09 17:04:23.296] [jointLog] [warning] read f7c8c9ce-1a62-45d9-a510-db1f8810b94d (length 22425) has no trained clipping model
[2025-07-09 17:04:23.296] [jointLog] [warning] read d0476806-d892-4273-a248-44bf59fefd44 (length 48487 - align length 57) has no trained error model
[2025-07-09 17:04:23.296] [jointLog] [warning] read d0476806-d892-4273-a248-44bf59fefd44 (length 48487) has no trained clipping model
[2025-07-09 17:04:23.297] [jointLog] [warning] read d0476806-d892-4273-a248-44bf59fefd44 (length 48487) has no trained clipping model
[2025-07-09 17:04:23.297] [jointLog] [warning] read 70f15699-4b29-494f-808c-804a806bc08a (length 20959 - align length 935) has no trained error model
[2025-07-09 17:04:23.297] [jointLog] [warning] read 70f15699-4b29-494f-808c-804a806bc08a (length 20959) has no trained clipping model
[2025-07-09 17:04:23.297] [jointLog] [warning] read 70f15699-4b29-494f-808c-804a806bc08a (length 20959) has no trained clipping model
[2025-07-09 17:04:23.297] [jointLog] [warning] read 29adad0c-9dfe-4e3d-b87e-da6dd4bc74f9 (length 24370 - align length 131) has no trained error model
[2025-07-09 17:04:23.297] [jointLog] [warning] read 29adad0c-9dfe-4e3d-b87e-da6dd4bc74f9 (length 24370) has no trained clipping model
[2025-07-09 17:04:23.297] [jointLog] [warning] read 29adad0c-9dfe-4e3d-b87e-da6dd4bc74f9 (length 24370) has no trained clipping model
[2025-07-09 17:04:23.297] [jointLog] [warning] read 1af98405-6283-4352-ac16-70f7f076a67a (length 10652 - align length 54) has no trained error model
[2025-07-09 17:04:23.297] [jointLog] [warning] read 1af98405-6283-4352-ac16-70f7f076a67a (length 10652) has no trained clipping model
[2025-07-09 17:04:23.297] [jointLog] [warning] read 1af98405-6283-4352-ac16-70f7f076a67a (length 10652) has no trained clipping model
[2025-07-09 17:04:23.297] [jointLog] [warning] read 06ae3367-a568-4bc5-9cfe-bade197fcc97 (length 16946 - align length 288) has no trained error model
[2025-07-09 17:04:23.297] [jointLog] [warning] read 06ae3367-a568-4bc5-9cfe-bade197fcc97 (length 16946) has no trained clipping model
[2025-07-09 17:04:23.297] [jointLog] [warning] read 06ae3367-a568-4bc5-9cfe-bade197fcc97 (length 16946) has no trained clipping model
[2025-07-09 17:04:23.297] [jointLog] [warning] read 7d4ed678-f2cb-4027-a423-569e2a386e0b (length 41905 - align length 585) has no trained error model
[2025-07-09 17:04:23.297] [jointLog] [warning] read 7d4ed678-f2cb-4027-a423-569e2a386e0b (length 41905) has no trained clipping model
[2025-07-09 17:04:23.297] [jointLog] [warning] read 7d4ed678-f2cb-4027-a423-569e2a386e0b (length 41905) has no trained clipping model
[2025-07-09 17:04:23.297] [jointLog] [warning] read 2f6ed86b-0c7c-41f1-b5e7-e02d80094334 (length 13686 - align length 54) has no trained error model
[2025-07-09 17:04:23.297] [jointLog] [warning] read 2f6ed86b-0c7c-41f1-b5e7-e02d80094334 (length 13686) has no trained clipping model
[2025-07-09 17:04:23.297] [jointLog] [warning] read 2f6ed86b-0c7c-41f1-b5e7-e02d80094334 (length 13686) has no trained clipping model
[2025-07-09 17:04:23.297] [jointLog] [warning] read 3f102dcb-39aa-465b-ace7-d095a8fd6043 (length 10491 - align length 313) has no trained error model
[2025-07-09 17:04:23.297] [jointLog] [warning] read 3f102dcb-39aa-465b-ace7-d095a8fd6043 (length 10491) has no trained clipping model
[2025-07-09 17:04:23.297] [jointLog] [warning] read 3f102dcb-39aa-465b-ace7-d095a8fd6043 (length 10491) has no trained clipping model
[2025-07-09 17:04:23.297] [jointLog] [warning] read b6a03070-792e-4fd6-bcd8-78b30249c053 (length 14276 - align length 1083) has no trained error model
[2025-07-09 17:04:23.297] [jointLog] [warning] read b6a03070-792e-4fd6-bcd8-78b30249c053 (length 14276) has no trained clipping model
[2025-07-09 17:04:23.297] [jointLog] [warning] read b6a03070-792e-4fd6-bcd8-78b30249c053 (length 14276) has no trained clipping model
[2025-07-09 17:04:23.297] [jointLog] [warning] read 13729d3e-39f0-462c-a9f4-1e873b87ab3d (length 30394 - align length 54) has no trained error model
[2025-07-09 17:04:23.297] [jointLog] [warning] read 13729d3e-39f0-462c-a9f4-1e873b87ab3d (length 30394) has no trained clipping model
[2025-07-09 17:04:23.297] [jointLog] [warning] read 13729d3e-39f0-462c-a9f4-1e873b87ab3d (length 30394) has no trained clipping model
[2025-07-09 17:04:23.297] [jointLog] [warning] read ea473ab0-9f5e-4c14-8764-53f45b17c947 (length 16530 - align length 628) has no trained error model
[2025-07-09 17:04:23.297] [jointLog] [warning] read ea473ab0-9f5e-4c14-8764-53f45b17c947 (length 16530) has no trained clipping model
[2025-07-09 17:04:23.297] [jointLog] [warning] read ea473ab0-9f5e-4c14-8764-53f45b17c947 (length 16530) has no trained clipping model
[2025-07-09 17:04:23.297] [jointLog] [warning] read ac29010c-7a57-4cc3-b1ef-0687ca28af67 (length 13944 - align length 478) has no trained error model
[2025-07-09 17:04:23.297] [jointLog] [warning] read ac29010c-7a57-4cc3-b1ef-0687ca28af67 (length 13944) has no trained clipping model
[2025-07-09 17:04:23.297] [jointLog] [warning] read ac29010c-7a57-4cc3-b1ef-0687ca28af67 (length 13944) has no trained clipping model
[2025-07-09 17:04:23.297] [jointLog] [warning] read af308de3-f7dd-4012-8508-afc68ccbbab6 (length 13834 - align length 422) has no trained error model
[2025-07-09 17:04:23.297] [jointLog] [warning] read af308de3-f7dd-4012-8508-afc68ccbbab6 (length 13834) has no trained clipping model
[2025-07-09 17:04:23.297] [jointLog] [warning] read af308de3-f7dd-4012-8508-afc68ccbbab6 (length 13834) has no trained clipping model
[2025-07-09 17:04:23.297] [jointLog] [warning] read f6ca9a2a-2ba0-4982-9520-c027ebf57b6b (length 15603 - align length 424) has no trained error model
[2025-07-09 17:04:23.297] [jointLog] [warning] read f6ca9a2a-2ba0-4982-9520-c027ebf57b6b (length 15603) has no trained clipping model
[2025-07-09 17:04:23.297] [jointLog] [warning] read f6ca9a2a-2ba0-4982-9520-c027ebf57b6b (length 15603) has no trained clipping model
[2025-07-09 17:04:23.297] [jointLog] [warning] read 3ee85a7a-65e8-4594-934b-467068648a1b (length 15810 - align length 256) has no trained error model
[2025-07-09 17:04:23.297] [jointLog] [warning] read 3ee85a7a-65e8-4594-934b-467068648a1b (length 15810) has no trained clipping model
[2025-07-09 17:04:23.297] [jointLog] [warning] read 3ee85a7a-65e8-4594-934b-467068648a1b (length 15810) has no trained clipping model
[2025-07-09 17:04:23.297] [jointLog] [warning] read d375b560-0aab-4c05-850e-1bec54adc3ff (length 18835 - align length 283) has no trained error model
[2025-07-09 17:04:23.297] [jointLog] [warning] read d375b560-0aab-4c05-850e-1bec54adc3ff (length 18835) has no trained clipping model
[2025-07-09 17:04:23.297] [jointLog] [warning] read d375b560-0aab-4c05-850e-1bec54adc3ff (length 18835) has no trained clipping model
[2025-07-09 17:04:23.297] [jointLog] [warning] read 11fbc456-807a-4191-93d3-f272b5865eaf (length 49668 - align length 896) has no trained error model
[2025-07-09 17:04:23.297] [jointLog] [warning] read 11fbc456-807a-4191-93d3-f272b5865eaf (length 49668) has no trained clipping model
[2025-07-09 17:04:23.297] [jointLog] [warning] read 11fbc456-807a-4191-93d3-f272b5865eaf (length 49668) has no trained clipping model
[2025-07-09 17:04:23.297] [jointLog] [warning] read 6acbec30-b1a0-4f7e-8a91-3b45c860156d (length 18420 - align length 148) has no trained error model
[2025-07-09 17:04:23.297] [jointLog] [warning] read 6acbec30-b1a0-4f7e-8a91-3b45c860156d (length 18420) has no trained clipping model
[2025-07-09 17:04:23.297] [jointLog] [warning] read 6acbec30-b1a0-4f7e-8a91-3b45c860156d (length 18420) has no trained clipping model
[2025-07-09 17:04:23.297] [jointLog] [warning] read 102cc902-3a1c-4844-98a5-e05691141941 (length 12353 - align length 920) has no trained error model
[2025-07-09 17:04:23.297] [jointLog] [warning] read 102cc902-3a1c-4844-98a5-e05691141941 (length 12353) has no trained clipping model
[2025-07-09 17:04:23.297] [jointLog] [warning] read 102cc902-3a1c-4844-98a5-e05691141941 (length 12353) has no trained clipping model
[2025-07-09 17:04:23.297] [jointLog] [warning] read d6ffc2f6-70c0-4382-8da1-b157f1fcb951 (length 28943 - align length 54) has no trained error model
[2025-07-09 17:04:23.297] [jointLog] [warning] read d6ffc2f6-70c0-4382-8da1-b157f1fcb951 (length 28943) has no trained clipping model
[2025-07-09 17:04:23.297] [jointLog] [warning] read d6ffc2f6-70c0-4382-8da1-b157f1fcb951 (length 28943) has no trained clipping model
[2025-07-09 17:04:23.297] [jointLog] [warning] read b5182b85-2fc8-44d0-b261-8036cd5f8cde (length 12289 - align length 118) has no trained error model
[2025-07-09 17:04:23.297] [jointLog] [warning] read b5182b85-2fc8-44d0-b261-8036cd5f8cde (length 12289) has no trained clipping model
[2025-07-09 17:04:23.297] [jointLog] [warning] read b5182b85-2fc8-44d0-b261-8036cd5f8cde (length 12289) has no trained clipping model
[2025-07-09 17:04:23.297] [jointLog] [warning] read 83d53689-e4aa-42a7-8208-f21112c6c260 (length 31630 - align length 86) has no trained error model
[2025-07-09 17:04:23.297] [jointLog] [warning] read 83d53689-e4aa-42a7-8208-f21112c6c260 (length 31630) has no trained clipping model
[2025-07-09 17:04:23.297] [jointLog] [warning] read 83d53689-e4aa-42a7-8208-f21112c6c260 (length 31630) has no trained clipping model
[2025-07-09 17:04:23.297] [jointLog] [warning] read 5ae8def9-1550-479c-9b1f-3f43b351b6cd (length 19637 - align length 96) has no trained error model
[2025-07-09 17:04:23.297] [jointLog] [warning] read 5ae8def9-1550-479c-9b1f-3f43b351b6cd (length 19637) has no trained clipping model
[2025-07-09 17:04:23.297] [jointLog] [warning] read 5ae8def9-1550-479c-9b1f-3f43b351b6cd (length 19637) has no trained clipping model
[2025-07-09 17:04:23.297] [jointLog] [warning] read 49d15446-01e2-430a-8134-e9adec7db376 (length 34812 - align length 223) has no trained error model
[2025-07-09 17:04:23.297] [jointLog] [warning] read 49d15446-01e2-430a-8134-e9adec7db376 (length 34812) has no trained clipping model
[2025-07-09 17:04:23.297] [jointLog] [warning] read 49d15446-01e2-430a-8134-e9adec7db376 (length 34812) has no trained clipping model
[2025-07-09 17:04:23.297] [jointLog] [warning] read a3f0532c-1d48-440d-b9c3-fd19a6894a12 (length 29446 - align length 924) has no trained error model
[2025-07-09 17:04:23.297] [jointLog] [warning] read a3f0532c-1d48-440d-b9c3-fd19a6894a12 (length 29446) has no trained clipping model
[2025-07-09 17:04:23.297] [jointLog] [warning] read a3f0532c-1d48-440d-b9c3-fd19a6894a12 (length 29446) has no trained clipping model
[2025-07-09 17:04:23.297] [jointLog] [warning] read cb6f82ff-1425-4b35-b434-ca3a47c9542f (length 43079 - align length 57) has no trained error model
[2025-07-09 17:04:23.297] [jointLog] [warning] read cb6f82ff-1425-4b35-b434-ca3a47c9542f (length 43079) has no trained clipping model
[2025-07-09 17:04:23.297] [jointLog] [warning] read cb6f82ff-1425-4b35-b434-ca3a47c9542f (length 43079) has no trained clipping model
[2025-07-09 17:04:23.297] [jointLog] [warning] read 9cb81a8b-5800-4fce-8391-ca2d3b213005 (length 16735 - align length 592) has no trained error model
[2025-07-09 17:04:23.297] [jointLog] [warning] read 9cb81a8b-5800-4fce-8391-ca2d3b213005 (length 16735) has no trained clipping model
[2025-07-09 17:04:23.297] [jointLog] [warning] read 9cb81a8b-5800-4fce-8391-ca2d3b213005 (length 16735) has no trained clipping model
[2025-07-09 17:04:23.297] [jointLog] [warning] read 3cf4639b-9f58-466c-9884-ae39cbe51c3a (length 15047 - align length 14949) has no trained error model
[2025-07-09 17:04:23.297] [jointLog] [warning] read 3cf4639b-9f58-466c-9884-ae39cbe51c3a (length 15047) has no trained clipping model
[2025-07-09 17:04:23.297] [jointLog] [warning] read 3cf4639b-9f58-466c-9884-ae39cbe51c3a (length 15047) has no trained clipping model
[2025-07-09 17:04:23.297] [jointLog] [warning] read b698ff17-6162-466d-85ce-39912e1271d0 (length 12840 - align length 483) has no trained error model
[2025-07-09 17:04:23.297] [jointLog] [warning] read b698ff17-6162-466d-85ce-39912e1271d0 (length 12840) has no trained clipping model
[2025-07-09 17:04:23.297] [jointLog] [warning] read b698ff17-6162-466d-85ce-39912e1271d0 (length 12840) has no trained clipping model
[2025-07-09 17:04:23.297] [jointLog] [warning] read 51c7f553-2fb4-4b91-a4b5-f4efb161ada5 (length 33628 - align length 113) has no trained error model
[2025-07-09 17:04:23.297] [jointLog] [warning] read 51c7f553-2fb4-4b91-a4b5-f4efb161ada5 (length 33628) has no trained clipping model
[2025-07-09 17:04:23.297] [jointLog] [warning] read 51c7f553-2fb4-4b91-a4b5-f4efb161ada5 (length 33628) has no trained clipping model
[2025-07-09 17:04:23.297] [jointLog] [warning] read b6606698-dfbc-48d4-859e-ad3703048e93 (length 37074 - align length 77) has no trained error model
[2025-07-09 17:04:23.297] [jointLog] [warning] read b6606698-dfbc-48d4-859e-ad3703048e93 (length 37074) has no trained clipping model
[2025-07-09 17:04:23.297] [jointLog] [warning] read b6606698-dfbc-48d4-859e-ad3703048e93 (length 37074) has no trained clipping model
[2025-07-09 17:04:23.297] [jointLog] [warning] read 0ed2fb7e-4d54-40ed-ae81-6ab0d86e25f4 (length 14980 - align length 54) has no trained error model
[2025-07-09 17:04:23.297] [jointLog] [warning] read 0ed2fb7e-4d54-40ed-ae81-6ab0d86e25f4 (length 14980) has no trained clipping model
[2025-07-09 17:04:23.297] [jointLog] [warning] read 0ed2fb7e-4d54-40ed-ae81-6ab0d86e25f4 (length 14980) has no trained clipping model
[2025-07-09 17:04:23.297] [jointLog] [warning] read 7dbf1bc5-045c-4731-a9a0-47b6e82f3e2f (length 20769 - align length 897) has no trained error model
[2025-07-09 17:04:23.297] [jointLog] [warning] read 7dbf1bc5-045c-4731-a9a0-47b6e82f3e2f (length 20769) has no trained clipping model
[2025-07-09 17:04:23.297] [jointLog] [warning] read 7dbf1bc5-045c-4731-a9a0-47b6e82f3e2f (length 20769) has no trained clipping model
[2025-07-09 17:04:23.297] [jointLog] [warning] read 495d58e3-e333-4486-afcb-6c186c803ee0 (length 23746 - align length 58) has no trained error model
[2025-07-09 17:04:23.297] [jointLog] [warning] read 495d58e3-e333-4486-afcb-6c186c803ee0 (length 23746) has no trained clipping model
[2025-07-09 17:04:23.297] [jointLog] [warning] read 495d58e3-e333-4486-afcb-6c186c803ee0 (length 23746) has no trained clipping model
[2025-07-09 17:04:23.297] [jointLog] [warning] read 3a6a310d-3ad7-4ec7-9d38-4aa531d23c79 (length 18898) has no trained clipping model
[2025-07-09 17:04:23.297] [jointLog] [warning] read 27b74e79-dfa7-402f-9984-758435ff0948 (length 25635 - align length 58) has no trained error model
[2025-07-09 17:04:23.297] [jointLog] [warning] read 27b74e79-dfa7-402f-9984-758435ff0948 (length 25635) has no trained clipping model
[2025-07-09 17:04:23.297] [jointLog] [warning] read 27b74e79-dfa7-402f-9984-758435ff0948 (length 25635) has no trained clipping model
[2025-07-09 17:04:23.297] [jointLog] [warning] read 8e576598-d527-4baa-8a52-92c27ee6740e (length 43691 - align length 490) has no trained error model
[2025-07-09 17:04:23.297] [jointLog] [warning] read 8e576598-d527-4baa-8a52-92c27ee6740e (length 43691) has no trained clipping model
[2025-07-09 17:04:23.297] [jointLog] [warning] read 8e576598-d527-4baa-8a52-92c27ee6740e (length 43691) has no trained clipping model
[2025-07-09 17:04:23.297] [jointLog] [warning] read 964c6de5-8af5-44fb-8ab4-c80b6612e3d3 (length 12745 - align length 141) has no trained error model
[2025-07-09 17:04:23.297] [jointLog] [warning] read 964c6de5-8af5-44fb-8ab4-c80b6612e3d3 (length 12745) has no trained clipping model
[2025-07-09 17:04:23.297] [jointLog] [warning] read 964c6de5-8af5-44fb-8ab4-c80b6612e3d3 (length 12745) has no trained clipping model
[2025-07-09 17:04:23.297] [jointLog] [warning] read 87906a1d-58ad-4ee1-8f77-19d1be8145a4 (length 25877 - align length 57) has no trained error model
[2025-07-09 17:04:23.297] [jointLog] [warning] read 87906a1d-58ad-4ee1-8f77-19d1be8145a4 (length 25877) has no trained clipping model
[2025-07-09 17:04:23.297] [jointLog] [warning] read 87906a1d-58ad-4ee1-8f77-19d1be8145a4 (length 25877) has no trained clipping model
[2025-07-09 17:04:23.297] [jointLog] [warning] read 98aa4782-d970-400a-b912-8add4db5e103 (length 27241 - align length 209) has no trained error model
[2025-07-09 17:04:23.297] [jointLog] [warning] read 98aa4782-d970-400a-b912-8add4db5e103 (length 27241) has no trained clipping model
[2025-07-09 17:04:23.297] [jointLog] [warning] read 98aa4782-d970-400a-b912-8add4db5e103 (length 27241) has no trained clipping model
[2025-07-09 17:04:23.297] [jointLog] [warning] read 72e77c25-4d27-423e-a9e9-5912f9ef7570 (length 30157 - align length 90) has no trained error model
[2025-07-09 17:04:23.297] [jointLog] [warning] read 72e77c25-4d27-423e-a9e9-5912f9ef7570 (length 30157) has no trained clipping model
[2025-07-09 17:04:23.297] [jointLog] [warning] read 72e77c25-4d27-423e-a9e9-5912f9ef7570 (length 30157) has no trained clipping model
[2025-07-09 17:04:23.297] [jointLog] [warning] read 54418974-43b2-4af1-a68e-f0e81de749d2 (length 10368 - align length 231) has no trained error model
[2025-07-09 17:04:23.297] [jointLog] [warning] read 54418974-43b2-4af1-a68e-f0e81de749d2 (length 10368) has no trained clipping model
[2025-07-09 17:04:23.297] [jointLog] [warning] read 54418974-43b2-4af1-a68e-f0e81de749d2 (length 10368) has no trained clipping model
[2025-07-09 17:04:23.297] [jointLog] [warning] read bf62294c-db76-4934-aa35-e9b24ecb98b1 (length 16794) has no trained clipping model
[2025-07-09 17:04:23.335] [jointLog] [warning] read 096931ae-5b82-49a8-a6bd-6f9d3417e6f8 (length 17593 - align length 76) has no trained error model
[2025-07-09 17:04:23.335] [jointLog] [warning] read 096931ae-5b82-49a8-a6bd-6f9d3417e6f8 (length 17593) has no trained clipping model
[2025-07-09 17:04:23.335] [jointLog] [warning] read 096931ae-5b82-49a8-a6bd-6f9d3417e6f8 (length 17593) has no trained clipping model
[2025-07-09 17:04:23.335] [jointLog] [warning] read a61b9d48-4b1a-4489-8103-cbafb7b902d6 (length 12664 - align length 453) has no trained error model
[2025-07-09 17:04:23.335] [jointLog] [warning] read a61b9d48-4b1a-4489-8103-cbafb7b902d6 (length 12664) has no trained clipping model
[2025-07-09 17:04:23.335] [jointLog] [warning] read a61b9d48-4b1a-4489-8103-cbafb7b902d6 (length 12664) has no trained clipping model
[2025-07-09 17:04:23.335] [jointLog] [warning] read bdbeabe7-3159-476e-ab15-72338f1f5ec7 (length 19179 - align length 131) has no trained error model
[2025-07-09 17:04:23.335] [jointLog] [warning] read bdbeabe7-3159-476e-ab15-72338f1f5ec7 (length 19179) has no trained clipping model
[2025-07-09 17:04:23.335] [jointLog] [warning] read bdbeabe7-3159-476e-ab15-72338f1f5ec7 (length 19179) has no trained clipping model
[2025-07-09 17:04:23.335] [jointLog] [warning] read 523f7828-2eec-4251-a813-5e1cc5a90b9a (length 19048 - align length 695) has no trained error model
[2025-07-09 17:04:23.335] [jointLog] [warning] read 523f7828-2eec-4251-a813-5e1cc5a90b9a (length 19048) has no trained clipping model
[2025-07-09 17:04:23.335] [jointLog] [warning] read 523f7828-2eec-4251-a813-5e1cc5a90b9a (length 19048) has no trained clipping model
[2025-07-09 17:04:23.335] [jointLog] [warning] read 126b1e45-ce3e-48d8-aa8e-2395927d3652 (length 14387 - align length 125) has no trained error model
[2025-07-09 17:04:23.335] [jointLog] [warning] read 126b1e45-ce3e-48d8-aa8e-2395927d3652 (length 14387) has no trained clipping model
[2025-07-09 17:04:23.335] [jointLog] [warning] read 126b1e45-ce3e-48d8-aa8e-2395927d3652 (length 14387) has no trained clipping model
[2025-07-09 17:04:23.335] [jointLog] [warning] read 1a3ad282-7a54-43be-8aea-3f403f9fb89b (length 14152 - align length 65) has no trained error model
[2025-07-09 17:04:23.335] [jointLog] [warning] read 1a3ad282-7a54-43be-8aea-3f403f9fb89b (length 14152) has no trained clipping model
[2025-07-09 17:04:23.335] [jointLog] [warning] read 1a3ad282-7a54-43be-8aea-3f403f9fb89b (length 14152) has no trained clipping model
[2025-07-09 17:04:23.335] [jointLog] [warning] read 985256a9-2eef-4a78-96d5-5ad54a6afd60 (length 41255 - align length 53) has no trained error model
[2025-07-09 17:04:23.335] [jointLog] [warning] read 985256a9-2eef-4a78-96d5-5ad54a6afd60 (length 41255) has no trained clipping model
[2025-07-09 17:04:23.335] [jointLog] [warning] read 985256a9-2eef-4a78-96d5-5ad54a6afd60 (length 41255) has no trained clipping model
[2025-07-09 17:04:23.335] [jointLog] [warning] read e07ed512-405e-406e-b396-c0c6f65acc6e (length 10972) has no trained clipping model
[2025-07-09 17:04:23.335] [jointLog] [warning] read 9cbfff42-a5d5-4803-b81e-050040c7c63f (length 20089 - align length 94) has no trained error model
[2025-07-09 17:04:23.335] [jointLog] [warning] read 9cbfff42-a5d5-4803-b81e-050040c7c63f (length 20089) has no trained clipping model
[2025-07-09 17:04:23.335] [jointLog] [warning] read 9cbfff42-a5d5-4803-b81e-050040c7c63f (length 20089) has no trained clipping model
[2025-07-09 17:04:23.335] [jointLog] [warning] read 50b8c5b8-403c-409e-97ee-cc8b66618ae5 (length 18323 - align length 252) has no trained error model
[2025-07-09 17:04:23.335] [jointLog] [warning] read 50b8c5b8-403c-409e-97ee-cc8b66618ae5 (length 18323) has no trained clipping model
[2025-07-09 17:04:23.335] [jointLog] [warning] read 50b8c5b8-403c-409e-97ee-cc8b66618ae5 (length 18323) has no trained clipping model
[2025-07-09 17:04:23.335] [jointLog] [warning] read 92a2a46d-b482-4d48-bc42-ae4cbccad01c (length 40464 - align length 55) has no trained error model
[2025-07-09 17:04:23.335] [jointLog] [warning] read 92a2a46d-b482-4d48-bc42-ae4cbccad01c (length 40464) has no trained clipping model
[2025-07-09 17:04:23.335] [jointLog] [warning] read 92a2a46d-b482-4d48-bc42-ae4cbccad01c (length 40464) has no trained clipping model
[2025-07-09 17:04:23.335] [jointLog] [warning] read 7dcbbdca-fd05-49a0-aa53-1f4d78ad0149 (length 38437 - align length 479) has no trained error model
[2025-07-09 17:04:23.335] [jointLog] [warning] read 7dcbbdca-fd05-49a0-aa53-1f4d78ad0149 (length 38437) has no trained clipping model
[2025-07-09 17:04:23.335] [jointLog] [warning] read 7dcbbdca-fd05-49a0-aa53-1f4d78ad0149 (length 38437) has no trained clipping model
[2025-07-09 17:04:23.335] [jointLog] [warning] read 235d526c-5afc-4900-8b18-e151982f9136 (length 19223 - align length 313) has no trained error model
[2025-07-09 17:04:23.335] [jointLog] [warning] read 235d526c-5afc-4900-8b18-e151982f9136 (length 19223) has no trained clipping model
[2025-07-09 17:04:23.335] [jointLog] [warning] read 235d526c-5afc-4900-8b18-e151982f9136 (length 19223) has no trained clipping model
[2025-07-09 17:04:23.335] [jointLog] [warning] read 455bc328-9367-41e8-800e-1f317bfd6c75 (length 25782 - align length 429) has no trained error model
[2025-07-09 17:04:23.335] [jointLog] [warning] read 455bc328-9367-41e8-800e-1f317bfd6c75 (length 25782) has no trained clipping model
[2025-07-09 17:04:23.335] [jointLog] [warning] read 455bc328-9367-41e8-800e-1f317bfd6c75 (length 25782) has no trained clipping model
[2025-07-09 17:04:23.335] [jointLog] [warning] read a4647638-ff0f-40a0-a552-c15a42246099 (length 33851 - align length 157) has no trained error model
[2025-07-09 17:04:23.335] [jointLog] [warning] read a4647638-ff0f-40a0-a552-c15a42246099 (length 33851) has no trained clipping model
[2025-07-09 17:04:23.335] [jointLog] [warning] read a4647638-ff0f-40a0-a552-c15a42246099 (length 33851) has no trained clipping model
[2025-07-09 17:04:23.335] [jointLog] [warning] read 7004ee69-2f10-4e37-8b03-63646d7c1829 (length 11761 - align length 239) has no trained error model
[2025-07-09 17:04:23.335] [jointLog] [warning] read 7004ee69-2f10-4e37-8b03-63646d7c1829 (length 11761) has no trained clipping model
[2025-07-09 17:04:23.335] [jointLog] [warning] read 7004ee69-2f10-4e37-8b03-63646d7c1829 (length 11761) has no trained clipping model
[2025-07-09 17:04:23.335] [jointLog] [warning] read c88289dd-ffcc-4fcc-958a-62e540019b2d (length 18507 - align length 619) has no trained error model
[2025-07-09 17:04:23.335] [jointLog] [warning] read c88289dd-ffcc-4fcc-958a-62e540019b2d (length 18507) has no trained clipping model
[2025-07-09 17:04:23.335] [jointLog] [warning] read c88289dd-ffcc-4fcc-958a-62e540019b2d (length 18507) has no trained clipping model
[2025-07-09 17:04:23.335] [jointLog] [warning] read 6c3c1011-2f55-47c4-baca-a612ab1b6d90 (length 16833 - align length 709) has no trained error model
[2025-07-09 17:04:23.335] [jointLog] [warning] read 6c3c1011-2f55-47c4-baca-a612ab1b6d90 (length 16833) has no trained clipping model
[2025-07-09 17:04:23.335] [jointLog] [warning] read 6c3c1011-2f55-47c4-baca-a612ab1b6d90 (length 16833) has no trained clipping model
[2025-07-09 17:04:23.335] [jointLog] [warning] read c00098d9-9fa7-40af-89d4-7843b57f2865 (length 23548 - align length 415) has no trained error model
[2025-07-09 17:04:23.335] [jointLog] [warning] read c00098d9-9fa7-40af-89d4-7843b57f2865 (length 23548) has no trained clipping model
[2025-07-09 17:04:23.335] [jointLog] [warning] read c00098d9-9fa7-40af-89d4-7843b57f2865 (length 23548) has no trained clipping model
[2025-07-09 17:04:23.336] [jointLog] [warning] read f2e26781-c26a-4345-b38c-2a45b9be6b03 (length 28853 - align length 142) has no trained error model
[2025-07-09 17:04:23.336] [jointLog] [warning] read f2e26781-c26a-4345-b38c-2a45b9be6b03 (length 28853) has no trained clipping model
[2025-07-09 17:04:23.336] [jointLog] [warning] read f2e26781-c26a-4345-b38c-2a45b9be6b03 (length 28853) has no trained clipping model
[2025-07-09 17:04:23.336] [jointLog] [warning] read 7feb04ad-f9ff-4282-9621-9ab5b3cb23aa (length 25079 - align length 614) has no trained error model
[2025-07-09 17:04:23.336] [jointLog] [warning] read 7feb04ad-f9ff-4282-9621-9ab5b3cb23aa (length 25079) has no trained clipping model
[2025-07-09 17:04:23.336] [jointLog] [warning] read 7feb04ad-f9ff-4282-9621-9ab5b3cb23aa (length 25079) has no trained clipping model
[2025-07-09 17:04:23.336] [jointLog] [warning] read ec858141-04ba-48f3-806e-a359962ff0da (length 14417 - align length 115) has no trained error model
[2025-07-09 17:04:23.336] [jointLog] [warning] read ec858141-04ba-48f3-806e-a359962ff0da (length 14417) has no trained clipping model
[2025-07-09 17:04:23.336] [jointLog] [warning] read ec858141-04ba-48f3-806e-a359962ff0da (length 14417) has no trained clipping model
[2025-07-09 17:04:23.336] [jointLog] [warning] read 60bd0405-784d-472b-aba0-e1f734c7a733 (length 21681 - align length 106) has no trained error model
[2025-07-09 17:04:23.336] [jointLog] [warning] read 60bd0405-784d-472b-aba0-e1f734c7a733 (length 21681) has no trained clipping model
[2025-07-09 17:04:23.336] [jointLog] [warning] read 60bd0405-784d-472b-aba0-e1f734c7a733 (length 21681) has no trained clipping model
[2025-07-09 17:04:23.336] [jointLog] [warning] read 00ef0918-8feb-4c28-84ec-cb61f7ecbf52 (length 17382 - align length 56) has no trained error model
[2025-07-09 17:04:23.336] [jointLog] [warning] read 00ef0918-8feb-4c28-84ec-cb61f7ecbf52 (length 17382) has no trained clipping model
[2025-07-09 17:04:23.336] [jointLog] [warning] read 00ef0918-8feb-4c28-84ec-cb61f7ecbf52 (length 17382) has no trained clipping model
[2025-07-09 17:04:23.336] [jointLog] [warning] read ddabde62-41f9-4db6-9eb4-f4e87116eed4 (length 16464 - align length 55) has no trained error model
[2025-07-09 17:04:23.336] [jointLog] [warning] read ddabde62-41f9-4db6-9eb4-f4e87116eed4 (length 16464) has no trained clipping model
[2025-07-09 17:04:23.336] [jointLog] [warning] read ddabde62-41f9-4db6-9eb4-f4e87116eed4 (length 16464) has no trained clipping model
[2025-07-09 17:04:23.336] [jointLog] [warning] read d0490db0-a9ed-42f9-b261-448d8625ba74 (length 18109 - align length 104) has no trained error model
[2025-07-09 17:04:23.336] [jointLog] [warning] read d0490db0-a9ed-42f9-b261-448d8625ba74 (length 18109) has no trained clipping model
[2025-07-09 17:04:23.336] [jointLog] [warning] read d0490db0-a9ed-42f9-b261-448d8625ba74 (length 18109) has no trained clipping model
[2025-07-09 17:04:23.336] [jointLog] [warning] read 6d165510-7c27-4f92-ad28-8afd41b31de4 (length 14232) has no trained clipping model
[2025-07-09 17:04:23.336] [jointLog] [warning] read 44233d4d-0cc2-4786-8c77-c1cbd6f31b0f (length 49466 - align length 59) has no trained error model
[2025-07-09 17:04:23.336] [jointLog] [warning] read 44233d4d-0cc2-4786-8c77-c1cbd6f31b0f (length 49466) has no trained clipping model
[2025-07-09 17:04:23.336] [jointLog] [warning] read 44233d4d-0cc2-4786-8c77-c1cbd6f31b0f (length 49466) has no trained clipping model
[2025-07-09 17:04:23.336] [jointLog] [warning] read 9d10e29f-dd56-4b6e-865f-55864b1f34d1 (length 14672 - align length 58) has no trained error model
[2025-07-09 17:04:23.336] [jointLog] [warning] read 9d10e29f-dd56-4b6e-865f-55864b1f34d1 (length 14672) has no trained clipping model
[2025-07-09 17:04:23.336] [jointLog] [warning] read 9d10e29f-dd56-4b6e-865f-55864b1f34d1 (length 14672) has no trained clipping model
[2025-07-09 17:04:23.336] [jointLog] [warning] read c05bb8af-f572-4fc5-8787-5880ff542ac1 (length 15176 - align length 127) has no trained error model
[2025-07-09 17:04:23.336] [jointLog] [warning] read c05bb8af-f572-4fc5-8787-5880ff542ac1 (length 15176) has no trained clipping model
[2025-07-09 17:04:23.336] [jointLog] [warning] read c05bb8af-f572-4fc5-8787-5880ff542ac1 (length 15176) has no trained clipping model
[2025-07-09 17:04:23.336] [jointLog] [warning] read cf88aa4a-2e44-4b31-aa44-3d02b9160be0 (length 13013 - align length 55) has no trained error model
[2025-07-09 17:04:23.336] [jointLog] [warning] read cf88aa4a-2e44-4b31-aa44-3d02b9160be0 (length 13013) has no trained clipping model
[2025-07-09 17:04:23.336] [jointLog] [warning] read cf88aa4a-2e44-4b31-aa44-3d02b9160be0 (length 13013) has no trained clipping model
[2025-07-09 17:04:23.336] [jointLog] [warning] read 7d737db9-835d-4d4f-8877-a58a8b7ea681 (length 37716 - align length 3972) has no trained error model
[2025-07-09 17:04:23.336] [jointLog] [warning] read 7d737db9-835d-4d4f-8877-a58a8b7ea681 (length 37716) has no trained clipping model
[2025-07-09 17:04:23.336] [jointLog] [warning] read 7d737db9-835d-4d4f-8877-a58a8b7ea681 (length 37716) has no trained clipping model
[2025-07-09 17:04:23.336] [jointLog] [warning] read 0420a26f-d8ef-4c2c-8c93-42d6bb293d20 (length 49922 - align length 1012) has no trained error model
[2025-07-09 17:04:23.336] [jointLog] [warning] read 0420a26f-d8ef-4c2c-8c93-42d6bb293d20 (length 49922) has no trained clipping model
[2025-07-09 17:04:23.336] [jointLog] [warning] read 0420a26f-d8ef-4c2c-8c93-42d6bb293d20 (length 49922) has no trained clipping model
[2025-07-09 17:04:23.336] [jointLog] [warning] read 9558a1b6-2e7a-4292-9cbf-33b36f4bb17a (length 10736 - align length 10665) has no trained error model
[2025-07-09 17:04:23.336] [jointLog] [warning] read 7fd1e42a-d33f-429c-bf72-003ad2e8ac80 (length 33746 - align length 582) has no trained error model
[2025-07-09 17:04:23.336] [jointLog] [warning] read 7fd1e42a-d33f-429c-bf72-003ad2e8ac80 (length 33746) has no trained clipping model
[2025-07-09 17:04:23.336] [jointLog] [warning] read 7fd1e42a-d33f-429c-bf72-003ad2e8ac80 (length 33746) has no trained clipping model
[2025-07-09 17:04:23.336] [jointLog] [warning] read d858df9f-886a-4cde-8482-8032df40e162 (length 30749 - align length 140) has no trained error model
[2025-07-09 17:04:23.336] [jointLog] [warning] read d858df9f-886a-4cde-8482-8032df40e162 (length 30749) has no trained clipping model
[2025-07-09 17:04:23.336] [jointLog] [warning] read d858df9f-886a-4cde-8482-8032df40e162 (length 30749) has no trained clipping model
[2025-07-09 17:04:23.336] [jointLog] [warning] read 55b56af7-f9c6-44bc-b3cd-22954b3e7211 (length 26990 - align length 66) has no trained error model
[2025-07-09 17:04:23.336] [jointLog] [warning] read 55b56af7-f9c6-44bc-b3cd-22954b3e7211 (length 26990) has no trained clipping model
[2025-07-09 17:04:23.336] [jointLog] [warning] read 55b56af7-f9c6-44bc-b3cd-22954b3e7211 (length 26990) has no trained clipping model
[2025-07-09 17:04:23.336] [jointLog] [warning] read 122e434e-1702-42e2-adc3-7c292243c9bf (length 27457 - align length 511) has no trained error model
[2025-07-09 17:04:23.336] [jointLog] [warning] read 122e434e-1702-42e2-adc3-7c292243c9bf (length 27457) has no trained clipping model
[2025-07-09 17:04:23.336] [jointLog] [warning] read 122e434e-1702-42e2-adc3-7c292243c9bf (length 27457) has no trained clipping model
[2025-07-09 17:04:23.336] [jointLog] [warning] read 56b8745d-1d2c-4e46-925b-8c0243c8b8bb (length 13849) has no trained clipping model
[2025-07-09 17:04:23.336] [jointLog] [warning] read 7b6581d5-2438-45f9-8330-e53bd69b655f (length 12883) has no trained clipping model
[2025-07-09 17:04:23.336] [jointLog] [warning] read 0f0491f7-0ac8-46b7-88ad-805f7cbaa4ba (length 10440) has no trained clipping model
[2025-07-09 17:04:23.336] [jointLog] [warning] read 9f544ad4-32d1-4602-a4b5-98afac383e28 (length 30006 - align length 297) has no trained error model
[2025-07-09 17:04:23.336] [jointLog] [warning] read 9f544ad4-32d1-4602-a4b5-98afac383e28 (length 30006) has no trained clipping model
[2025-07-09 17:04:23.336] [jointLog] [warning] read 9f544ad4-32d1-4602-a4b5-98afac383e28 (length 30006) has no trained clipping model
[2025-07-09 17:04:23.336] [jointLog] [warning] read 7ff18bf5-d4cf-4661-8c9a-002faf3bd9aa (length 38059 - align length 116) has no trained error model
[2025-07-09 17:04:23.336] [jointLog] [warning] read 7ff18bf5-d4cf-4661-8c9a-002faf3bd9aa (length 38059) has no trained clipping model
[2025-07-09 17:04:23.336] [jointLog] [warning] read 7ff18bf5-d4cf-4661-8c9a-002faf3bd9aa (length 38059) has no trained clipping model
[2025-07-09 17:04:23.336] [jointLog] [warning] read 641d36b0-abae-4bd0-9bf7-99a48c5c423b (length 45497 - align length 925) has no trained error model
[2025-07-09 17:04:23.336] [jointLog] [warning] read 641d36b0-abae-4bd0-9bf7-99a48c5c423b (length 45497) has no trained clipping model
[2025-07-09 17:04:23.336] [jointLog] [warning] read 641d36b0-abae-4bd0-9bf7-99a48c5c423b (length 45497) has no trained clipping model
[2025-07-09 17:04:23.336] [jointLog] [warning] read af4d441b-4fcf-45c6-a60c-9bbf50424a74 (length 15332 - align length 214) has no trained error model
[2025-07-09 17:04:23.336] [jointLog] [warning] read af4d441b-4fcf-45c6-a60c-9bbf50424a74 (length 15332) has no trained clipping model
[2025-07-09 17:04:23.336] [jointLog] [warning] read af4d441b-4fcf-45c6-a60c-9bbf50424a74 (length 15332) has no trained clipping model
[2025-07-09 17:04:23.336] [jointLog] [warning] read 40488d09-1589-44e7-b64d-612c0bfbc234 (length 27631 - align length 928) has no trained error model
[2025-07-09 17:04:23.336] [jointLog] [warning] read 40488d09-1589-44e7-b64d-612c0bfbc234 (length 27631) has no trained clipping model
[2025-07-09 17:04:23.336] [jointLog] [warning] read 40488d09-1589-44e7-b64d-612c0bfbc234 (length 27631) has no trained clipping model
[2025-07-09 17:04:23.336] [jointLog] [warning] read 6dcb4c1d-941e-423f-8d8c-62f3f5e6ff13 (length 41292) has no trained clipping model
[2025-07-09 17:04:23.336] [jointLog] [warning] read 4c24670d-bbba-422c-a766-70f2d3c57def (length 14708 - align length 51) has no trained error model
[2025-07-09 17:04:23.336] [jointLog] [warning] read 4c24670d-bbba-422c-a766-70f2d3c57def (length 14708) has no trained clipping model
[2025-07-09 17:04:23.336] [jointLog] [warning] read 4c24670d-bbba-422c-a766-70f2d3c57def (length 14708) has no trained clipping model
[2025-07-09 17:04:23.337] [jointLog] [warning] read 78042c19-45de-4c24-ae51-ba4d10b9f1e3 (length 14826 - align length 14808) has no trained error model
[2025-07-09 17:04:23.337] [jointLog] [warning] read 78042c19-45de-4c24-ae51-ba4d10b9f1e3 (length 14826) has no trained clipping model
[2025-07-09 17:04:23.337] [jointLog] [warning] read 78042c19-45de-4c24-ae51-ba4d10b9f1e3 (length 14826) has no trained clipping model
[2025-07-09 17:04:23.337] [jointLog] [warning] read 4c513971-1e0d-4377-b97b-7e293989fc39 (length 19479 - align length 845) has no trained error model
[2025-07-09 17:04:23.337] [jointLog] [warning] read 4c513971-1e0d-4377-b97b-7e293989fc39 (length 19479) has no trained clipping model
[2025-07-09 17:04:23.337] [jointLog] [warning] read 4c513971-1e0d-4377-b97b-7e293989fc39 (length 19479) has no trained clipping model
[2025-07-09 17:04:23.337] [jointLog] [warning] read d8d8977b-eb36-403a-9378-59f73284722f (length 22110 - align length 180) has no trained error model
[2025-07-09 17:04:23.337] [jointLog] [warning] read d8d8977b-eb36-403a-9378-59f73284722f (length 22110) has no trained clipping model
[2025-07-09 17:04:23.337] [jointLog] [warning] read d8d8977b-eb36-403a-9378-59f73284722f (length 22110) has no trained clipping model
[2025-07-09 17:04:23.337] [jointLog] [warning] read 1c5b8b5b-c84e-41d7-a69d-ac656e3791ff (length 14586 - align length 14482) has no trained error model
[2025-07-09 17:04:23.337] [jointLog] [warning] read 1c5b8b5b-c84e-41d7-a69d-ac656e3791ff (length 14586) has no trained clipping model
[2025-07-09 17:04:23.337] [jointLog] [warning] read 1c5b8b5b-c84e-41d7-a69d-ac656e3791ff (length 14586) has no trained clipping model
[2025-07-09 17:04:23.337] [jointLog] [warning] read 3f9b7b0a-4faf-4855-a2e7-9c621a0f8530 (length 38927 - align length 1278) has no trained error model
[2025-07-09 17:04:23.337] [jointLog] [warning] read 3f9b7b0a-4faf-4855-a2e7-9c621a0f8530 (length 38927) has no trained clipping model
[2025-07-09 17:04:23.337] [jointLog] [warning] read 3f9b7b0a-4faf-4855-a2e7-9c621a0f8530 (length 38927) has no trained clipping model
[2025-07-09 17:04:23.337] [jointLog] [warning] read 457e4744-397d-44c4-b10f-34c2bea72545 (length 11196) has no trained clipping model
[2025-07-09 17:04:23.337] [jointLog] [warning] read 7846f863-9512-4d55-a337-8f5f22b3fa2d (length 32191 - align length 54) has no trained error model
[2025-07-09 17:04:23.337] [jointLog] [warning] read 7846f863-9512-4d55-a337-8f5f22b3fa2d (length 32191) has no trained clipping model
[2025-07-09 17:04:23.337] [jointLog] [warning] read 7846f863-9512-4d55-a337-8f5f22b3fa2d (length 32191) has no trained clipping model
[2025-07-09 17:04:23.337] [jointLog] [warning] read 4f149bcd-b5be-42d8-9d87-820612f78ace (length 21002 - align length 58) has no trained error model
[2025-07-09 17:04:23.337] [jointLog] [warning] read 4f149bcd-b5be-42d8-9d87-820612f78ace (length 21002) has no trained clipping model
[2025-07-09 17:04:23.337] [jointLog] [warning] read 4f149bcd-b5be-42d8-9d87-820612f78ace (length 21002) has no trained clipping model
[2025-07-09 17:04:23.337] [jointLog] [warning] read 38b3ef40-31af-4cc6-8c82-883eb5782c1b (length 15218 - align length 1565) has no trained error model
[2025-07-09 17:04:23.337] [jointLog] [warning] read 38b3ef40-31af-4cc6-8c82-883eb5782c1b (length 15218) has no trained clipping model
[2025-07-09 17:04:23.337] [jointLog] [warning] read 38b3ef40-31af-4cc6-8c82-883eb5782c1b (length 15218) has no trained clipping model
[2025-07-09 17:04:23.337] [jointLog] [warning] read ae2adf7f-74d5-46f9-b0e2-ffce98326854 (length 28610 - align length 54) has no trained error model
[2025-07-09 17:04:23.337] [jointLog] [warning] read ae2adf7f-74d5-46f9-b0e2-ffce98326854 (length 28610) has no trained clipping model
[2025-07-09 17:04:23.337] [jointLog] [warning] read ae2adf7f-74d5-46f9-b0e2-ffce98326854 (length 28610) has no trained clipping model
[2025-07-09 17:04:23.337] [jointLog] [warning] read 533cd58e-4e88-4179-b085-9941ab8a4b44 (length 38892 - align length 183) has no trained error model
[2025-07-09 17:04:23.337] [jointLog] [warning] read 533cd58e-4e88-4179-b085-9941ab8a4b44 (length 38892) has no trained clipping model
[2025-07-09 17:04:23.337] [jointLog] [warning] read 533cd58e-4e88-4179-b085-9941ab8a4b44 (length 38892) has no trained clipping model
[2025-07-09 17:04:23.337] [jointLog] [warning] read ef08e224-25e7-44b8-a795-dce7933dfce3 (length 9734 - align length 9574) has no trained error model
[2025-07-09 17:04:23.337] [jointLog] [warning] read fab2666d-bbde-4b2a-bd74-39c2fc6167fa (length 16306 - align length 56) has no trained error model
[2025-07-09 17:04:23.337] [jointLog] [warning] read fab2666d-bbde-4b2a-bd74-39c2fc6167fa (length 16306) has no trained clipping model
[2025-07-09 17:04:23.337] [jointLog] [warning] read fab2666d-bbde-4b2a-bd74-39c2fc6167fa (length 16306) has no trained clipping model
[2025-07-09 17:04:23.337] [jointLog] [warning] read ccb76f8c-161b-44c9-9a45-5109f420ba1e (length 44052 - align length 2825) has no trained error model
[2025-07-09 17:04:23.337] [jointLog] [warning] read ccb76f8c-161b-44c9-9a45-5109f420ba1e (length 44052) has no trained clipping model
[2025-07-09 17:04:23.337] [jointLog] [warning] read ccb76f8c-161b-44c9-9a45-5109f420ba1e (length 44052) has no trained clipping model
[2025-07-09 17:04:23.337] [jointLog] [warning] read 7fb07a87-94d5-4f9b-9fa9-720b50efbb3c (length 12117) has no trained clipping model
[2025-07-09 17:04:23.337] [jointLog] [warning] read dd581c49-9cf2-4d23-8890-c2606ef56790 (length 12796) has no trained clipping model
[2025-07-09 17:04:23.337] [jointLog] [warning] read 8b3787f0-57dd-4f34-9683-6b7559f737d2 (length 18866) has no trained clipping model
[2025-07-09 17:04:23.337] [jointLog] [warning] read 19e625c7-5c98-4445-a2e3-ee0d23b7c00a (length 17163 - align length 56) has no trained error model
[2025-07-09 17:04:23.337] [jointLog] [warning] read 19e625c7-5c98-4445-a2e3-ee0d23b7c00a (length 17163) has no trained clipping model
[2025-07-09 17:04:23.337] [jointLog] [warning] read 19e625c7-5c98-4445-a2e3-ee0d23b7c00a (length 17163) has no trained clipping model
[2025-07-09 17:04:23.338] [jointLog] [warning] read 5249dcfa-736e-4a19-9ae4-e95da343e5e3 (length 14815 - align length 14776) has no trained error model
[2025-07-09 17:04:23.338] [jointLog] [warning] read 50c31521-d3cb-41d1-8f67-37d8bca3f87c (length 14191) has no trained clipping model
[2025-07-09 17:04:23.338] [jointLog] [warning] read cc879a7e-44a4-43a8-bab7-318be5bf1a9c (length 45985 - align length 101) has no trained error model
[2025-07-09 17:04:23.338] [jointLog] [warning] read cc879a7e-44a4-43a8-bab7-318be5bf1a9c (length 45985) has no trained clipping model
[2025-07-09 17:04:23.338] [jointLog] [warning] read cc879a7e-44a4-43a8-bab7-318be5bf1a9c (length 45985) has no trained clipping model
[2025-07-09 17:04:23.338] [jointLog] [warning] read 5e738e67-acda-4968-b7b3-2810b0cdab03 (length 16628 - align length 58) has no trained error model
[2025-07-09 17:04:23.338] [jointLog] [warning] read 5e738e67-acda-4968-b7b3-2810b0cdab03 (length 16628) has no trained clipping model
[2025-07-09 17:04:23.338] [jointLog] [warning] read 5e738e67-acda-4968-b7b3-2810b0cdab03 (length 16628) has no trained clipping model
[2025-07-09 17:04:23.338] [jointLog] [warning] read 270be169-b161-4fc2-b6c5-962dfcea57ce (length 42899 - align length 944) has no trained error model
[2025-07-09 17:04:23.338] [jointLog] [warning] read 270be169-b161-4fc2-b6c5-962dfcea57ce (length 42899) has no trained clipping model
[2025-07-09 17:04:23.338] [jointLog] [warning] read 270be169-b161-4fc2-b6c5-962dfcea57ce (length 42899) has no trained clipping model
[2025-07-09 17:04:23.338] [jointLog] [warning] read 2573a144-594f-4e63-8c80-ca9a133ead15 (length 38144 - align length 125) has no trained error model
[2025-07-09 17:04:23.338] [jointLog] [warning] read 2573a144-594f-4e63-8c80-ca9a133ead15 (length 38144) has no trained clipping model
[2025-07-09 17:04:23.338] [jointLog] [warning] read 2573a144-594f-4e63-8c80-ca9a133ead15 (length 38144) has no trained clipping model
[2025-07-09 17:04:23.338] [jointLog] [warning] read 5edaa1d9-4400-4ba4-9205-5e949815213f (length 41660 - align length 87) has no trained error model
[2025-07-09 17:04:23.338] [jointLog] [warning] read 5edaa1d9-4400-4ba4-9205-5e949815213f (length 41660) has no trained clipping model
[2025-07-09 17:04:23.338] [jointLog] [warning] read 5edaa1d9-4400-4ba4-9205-5e949815213f (length 41660) has no trained clipping model
[2025-07-09 17:04:23.338] [jointLog] [warning] read 707be931-69f5-42d6-bdd8-4c5f0e320bbe (length 44496 - align length 779) has no trained error model
[2025-07-09 17:04:23.338] [jointLog] [warning] read 707be931-69f5-42d6-bdd8-4c5f0e320bbe (length 44496) has no trained clipping model
[2025-07-09 17:04:23.338] [jointLog] [warning] read 707be931-69f5-42d6-bdd8-4c5f0e320bbe (length 44496) has no trained clipping model
[2025-07-09 17:04:23.338] [jointLog] [warning] read 969788eb-c9d8-4056-865b-c407278c90d2 (length 13824) has no trained clipping model
[2025-07-09 17:04:23.338] [jointLog] [warning] read 6b8d9489-6568-4ff5-90ea-a97dfea12ac2 (length 17043 - align length 129) has no trained error model
[2025-07-09 17:04:23.338] [jointLog] [warning] read 6b8d9489-6568-4ff5-90ea-a97dfea12ac2 (length 17043) has no trained clipping model
[2025-07-09 17:04:23.338] [jointLog] [warning] read 6b8d9489-6568-4ff5-90ea-a97dfea12ac2 (length 17043) has no trained clipping model
[2025-07-09 17:04:23.338] [jointLog] [warning] read 3b4ca9ae-7a5b-4ad6-97bb-14408287cc28 (length 30281 - align length 55) has no trained error model
[2025-07-09 17:04:23.338] [jointLog] [warning] read 3b4ca9ae-7a5b-4ad6-97bb-14408287cc28 (length 30281) has no trained clipping model
[2025-07-09 17:04:23.338] [jointLog] [warning] read 3b4ca9ae-7a5b-4ad6-97bb-14408287cc28 (length 30281) has no trained clipping model
[2025-07-09 17:04:23.338] [jointLog] [warning] read 46a38814-109b-4c3b-b6ea-edea990babe9 (length 28535 - align length 58) has no trained error model
[2025-07-09 17:04:23.338] [jointLog] [warning] read 46a38814-109b-4c3b-b6ea-edea990babe9 (length 28535) has no trained clipping model
[2025-07-09 17:04:23.338] [jointLog] [warning] read 46a38814-109b-4c3b-b6ea-edea990babe9 (length 28535) has no trained clipping model
[2025-07-09 17:04:23.338] [jointLog] [warning] read ef7529a3-89af-4a87-951a-89d311076d1f (length 32818 - align length 58) has no trained error model
[2025-07-09 17:04:23.338] [jointLog] [warning] read ef7529a3-89af-4a87-951a-89d311076d1f (length 32818) has no trained clipping model
[2025-07-09 17:04:23.338] [jointLog] [warning] read ef7529a3-89af-4a87-951a-89d311076d1f (length 32818) has no trained clipping model
[2025-07-09 17:04:23.338] [jointLog] [warning] read 466b6bdc-b1bd-4d47-831b-121a16b06837 (length 40219 - align length 297) has no trained error model
[2025-07-09 17:04:23.338] [jointLog] [warning] read 466b6bdc-b1bd-4d47-831b-121a16b06837 (length 40219) has no trained clipping model
[2025-07-09 17:04:23.338] [jointLog] [warning] read 466b6bdc-b1bd-4d47-831b-121a16b06837 (length 40219) has no trained clipping model
[2025-07-09 17:04:23.338] [jointLog] [warning] read d869681f-5fb6-4978-bf8b-150331a99309 (length 13709 - align length 55) has no trained error model
[2025-07-09 17:04:23.338] [jointLog] [warning] read d869681f-5fb6-4978-bf8b-150331a99309 (length 13709) has no trained clipping model
[2025-07-09 17:04:23.338] [jointLog] [warning] read d869681f-5fb6-4978-bf8b-150331a99309 (length 13709) has no trained clipping model
[2025-07-09 17:04:23.338] [jointLog] [warning] read 61ee70dc-1494-4843-a6b6-5558df713efb (length 23362 - align length 58) has no trained error model
[2025-07-09 17:04:23.338] [jointLog] [warning] read 61ee70dc-1494-4843-a6b6-5558df713efb (length 23362) has no trained clipping model
[2025-07-09 17:04:23.338] [jointLog] [warning] read 61ee70dc-1494-4843-a6b6-5558df713efb (length 23362) has no trained clipping model
[2025-07-09 17:04:23.338] [jointLog] [warning] read fc15a670-b260-40d0-8112-3f7da25d47a5 (length 20599 - align length 353) has no trained error model
[2025-07-09 17:04:23.338] [jointLog] [warning] read fc15a670-b260-40d0-8112-3f7da25d47a5 (length 20599) has no trained clipping model
[2025-07-09 17:04:23.338] [jointLog] [warning] read fc15a670-b260-40d0-8112-3f7da25d47a5 (length 20599) has no trained clipping model
[2025-07-09 17:04:23.338] [jointLog] [warning] read a68ba7f5-a070-4341-8348-3d491ac0b7c0 (length 41803 - align length 606) has no trained error model
[2025-07-09 17:04:23.338] [jointLog] [warning] read a68ba7f5-a070-4341-8348-3d491ac0b7c0 (length 41803) has no trained clipping model
[2025-07-09 17:04:23.338] [jointLog] [warning] read a68ba7f5-a070-4341-8348-3d491ac0b7c0 (length 41803) has no trained clipping model
[2025-07-09 17:04:23.339] [jointLog] [warning] read 4db5a87b-b170-4c61-a791-8a3da3138b24 (length 13485 - align length 926) has no trained error model
[2025-07-09 17:04:23.339] [jointLog] [warning] read 4db5a87b-b170-4c61-a791-8a3da3138b24 (length 13485) has no trained clipping model
[2025-07-09 17:04:23.339] [jointLog] [warning] read 4db5a87b-b170-4c61-a791-8a3da3138b24 (length 13485) has no trained clipping model
[2025-07-09 17:04:23.339] [jointLog] [warning] read b8a681cf-f1e9-4f2f-bb99-779ad47c5854 (length 12545 - align length 56) has no trained error model
[2025-07-09 17:04:23.339] [jointLog] [warning] read b8a681cf-f1e9-4f2f-bb99-779ad47c5854 (length 12545) has no trained clipping model
[2025-07-09 17:04:23.339] [jointLog] [warning] read b8a681cf-f1e9-4f2f-bb99-779ad47c5854 (length 12545) has no trained clipping model
[2025-07-09 17:04:23.339] [jointLog] [warning] read 974dbcf5-cffa-4c61-851d-0141f2b3caa2 (length 37133 - align length 659) has no trained error model
[2025-07-09 17:04:23.339] [jointLog] [warning] read 974dbcf5-cffa-4c61-851d-0141f2b3caa2 (length 37133) has no trained clipping model
[2025-07-09 17:04:23.339] [jointLog] [warning] read 974dbcf5-cffa-4c61-851d-0141f2b3caa2 (length 37133) has no trained clipping model
[2025-07-09 17:04:23.339] [jointLog] [warning] read 0ceed975-0b04-4abb-8bed-14a083339640 (length 32404 - align length 51) has no trained error model
[2025-07-09 17:04:23.339] [jointLog] [warning] read 0ceed975-0b04-4abb-8bed-14a083339640 (length 32404) has no trained clipping model
[2025-07-09 17:04:23.339] [jointLog] [warning] read 0ceed975-0b04-4abb-8bed-14a083339640 (length 32404) has no trained clipping model
[2025-07-09 17:04:23.339] [jointLog] [warning] read 0805ea67-c66f-4b9e-b303-17515d2d10a6 (length 26063 - align length 141) has no trained error model
[2025-07-09 17:04:23.339] [jointLog] [warning] read 0805ea67-c66f-4b9e-b303-17515d2d10a6 (length 26063) has no trained clipping model
[2025-07-09 17:04:23.339] [jointLog] [warning] read 0805ea67-c66f-4b9e-b303-17515d2d10a6 (length 26063) has no trained clipping model
[2025-07-09 17:04:23.339] [jointLog] [warning] read 8721db77-d839-4e6a-a506-1a0fa15c507d (length 23155 - align length 278) has no trained error model
[2025-07-09 17:04:23.339] [jointLog] [warning] read 8721db77-d839-4e6a-a506-1a0fa15c507d (length 23155) has no trained clipping model
[2025-07-09 17:04:23.339] [jointLog] [warning] read 8721db77-d839-4e6a-a506-1a0fa15c507d (length 23155) has no trained clipping model
[2025-07-09 17:04:23.339] [jointLog] [warning] read 835f04d2-e65e-4373-a25f-e83b78219658 (length 48998 - align length 1638) has no trained error model
[2025-07-09 17:04:23.339] [jointLog] [warning] read 835f04d2-e65e-4373-a25f-e83b78219658 (length 48998) has no trained clipping model
[2025-07-09 17:04:23.339] [jointLog] [warning] read 835f04d2-e65e-4373-a25f-e83b78219658 (length 48998) has no trained clipping model
[2025-07-09 17:04:23.339] [jointLog] [warning] read 48d08173-87a0-476c-8e19-3a6948c21215 (length 31203 - align length 58) has no trained error model
[2025-07-09 17:04:23.339] [jointLog] [warning] read 48d08173-87a0-476c-8e19-3a6948c21215 (length 31203) has no trained clipping model
[2025-07-09 17:04:23.339] [jointLog] [warning] read 48d08173-87a0-476c-8e19-3a6948c21215 (length 31203) has no trained clipping model
[2025-07-09 17:04:23.339] [jointLog] [warning] read 532224f9-bc0b-41e4-9f0a-318265a81aa0 (length 48637 - align length 57) has no trained error model
[2025-07-09 17:04:23.339] [jointLog] [warning] read 532224f9-bc0b-41e4-9f0a-318265a81aa0 (length 48637) has no trained clipping model
[2025-07-09 17:04:23.339] [jointLog] [warning] read 532224f9-bc0b-41e4-9f0a-318265a81aa0 (length 48637) has no trained clipping model
[2025-07-09 17:04:23.339] [jointLog] [warning] read 2a730cd1-d6f9-4f09-9986-4ac1b89aedb6 (length 19439) has no trained clipping model
[2025-07-09 17:04:23.339] [jointLog] [warning] read 4f71f405-21cf-44ea-874b-ef475c2b42af (length 23677 - align length 49) has no trained error model
[2025-07-09 17:04:23.339] [jointLog] [warning] read 4f71f405-21cf-44ea-874b-ef475c2b42af (length 23677) has no trained clipping model
[2025-07-09 17:04:23.339] [jointLog] [warning] read 4f71f405-21cf-44ea-874b-ef475c2b42af (length 23677) has no trained clipping model
[2025-07-09 17:04:23.339] [jointLog] [warning] read bc1bb505-160f-499b-8a6e-4b83a1f57c94 (length 39804 - align length 1089) has no trained error model
[2025-07-09 17:04:23.339] [jointLog] [warning] read bc1bb505-160f-499b-8a6e-4b83a1f57c94 (length 39804) has no trained clipping model
[2025-07-09 17:04:23.339] [jointLog] [warning] read bc1bb505-160f-499b-8a6e-4b83a1f57c94 (length 39804) has no trained clipping model
[2025-07-09 17:04:23.339] [jointLog] [warning] read 4054bb72-b471-4954-bf48-841ea81231cb (length 18022 - align length 55) has no trained error model
[2025-07-09 17:04:23.339] [jointLog] [warning] read 4054bb72-b471-4954-bf48-841ea81231cb (length 18022) has no trained clipping model
[2025-07-09 17:04:23.339] [jointLog] [warning] read 4054bb72-b471-4954-bf48-841ea81231cb (length 18022) has no trained clipping model
[2025-07-09 17:04:23.339] [jointLog] [warning] read faa49c88-ace7-47a4-8b86-b5dd6ff93719 (length 9926 - align length 96) has no trained error model
[2025-07-09 17:04:23.339] [jointLog] [warning] read faa49c88-ace7-47a4-8b86-b5dd6ff93719 (length 9926) has no trained clipping model
[2025-07-09 17:04:23.339] [jointLog] [warning] read faa49c88-ace7-47a4-8b86-b5dd6ff93719 (length 9926) has no trained clipping model
[2025-07-09 17:04:23.339] [jointLog] [warning] read 1fe94e58-f63b-4a79-87dd-3a1b5433fe73 (length 29850 - align length 57) has no trained error model
[2025-07-09 17:04:23.339] [jointLog] [warning] read 1fe94e58-f63b-4a79-87dd-3a1b5433fe73 (length 29850) has no trained clipping model
[2025-07-09 17:04:23.339] [jointLog] [warning] read 1fe94e58-f63b-4a79-87dd-3a1b5433fe73 (length 29850) has no trained clipping model
[2025-07-09 17:04:23.339] [jointLog] [warning] read 515a63fb-1c48-45d7-832e-d346bab3fb39 (length 24563 - align length 57) has no trained error model
[2025-07-09 17:04:23.339] [jointLog] [warning] read 515a63fb-1c48-45d7-832e-d346bab3fb39 (length 24563) has no trained clipping model
[2025-07-09 17:04:23.339] [jointLog] [warning] read 515a63fb-1c48-45d7-832e-d346bab3fb39 (length 24563) has no trained clipping model
[2025-07-09 17:04:23.339] [jointLog] [warning] read f27af05d-0841-4f5b-a5cd-6db3ecdf8be7 (length 15740 - align length 344) has no trained error model
[2025-07-09 17:04:23.339] [jointLog] [warning] read f27af05d-0841-4f5b-a5cd-6db3ecdf8be7 (length 15740) has no trained clipping model
[2025-07-09 17:04:23.339] [jointLog] [warning] read f27af05d-0841-4f5b-a5cd-6db3ecdf8be7 (length 15740) has no trained clipping model
[2025-07-09 17:04:23.339] [jointLog] [warning] read 6484d4d9-df55-4723-a90f-202aaeb30297 (length 37476 - align length 59) has no trained error model
[2025-07-09 17:04:23.339] [jointLog] [warning] read 6484d4d9-df55-4723-a90f-202aaeb30297 (length 37476) has no trained clipping model
[2025-07-09 17:04:23.339] [jointLog] [warning] read 6484d4d9-df55-4723-a90f-202aaeb30297 (length 37476) has no trained clipping model
[2025-07-09 17:04:23.339] [jointLog] [warning] read d5ffdee5-59c3-40f5-ab62-0ac255afd4ad (length 17934 - align length 1412) has no trained error model
[2025-07-09 17:04:23.339] [jointLog] [warning] read d5ffdee5-59c3-40f5-ab62-0ac255afd4ad (length 17934) has no trained clipping model
[2025-07-09 17:04:23.339] [jointLog] [warning] read d5ffdee5-59c3-40f5-ab62-0ac255afd4ad (length 17934) has no trained clipping model
[2025-07-09 17:04:23.339] [jointLog] [warning] read 3acf810f-5b12-4b67-b900-880c7b507df7 (length 34472 - align length 57) has no trained error model
[2025-07-09 17:04:23.339] [jointLog] [warning] read 3acf810f-5b12-4b67-b900-880c7b507df7 (length 34472) has no trained clipping model
[2025-07-09 17:04:23.339] [jointLog] [warning] read 3acf810f-5b12-4b67-b900-880c7b507df7 (length 34472) has no trained clipping model
[2025-07-09 17:04:23.339] [jointLog] [warning] read c28080b2-2630-4ecc-a7fe-87f18ef15cf3 (length 31012 - align length 920) has no trained error model
[2025-07-09 17:04:23.339] [jointLog] [warning] read c28080b2-2630-4ecc-a7fe-87f18ef15cf3 (length 31012) has no trained clipping model
[2025-07-09 17:04:23.339] [jointLog] [warning] read c28080b2-2630-4ecc-a7fe-87f18ef15cf3 (length 31012) has no trained clipping model
[2025-07-09 17:04:23.339] [jointLog] [warning] read 4aad60c5-8b4d-4d7f-a502-d56696ea5eeb (length 29542 - align length 56) has no trained error model
[2025-07-09 17:04:23.339] [jointLog] [warning] read 4aad60c5-8b4d-4d7f-a502-d56696ea5eeb (length 29542) has no trained clipping model
[2025-07-09 17:04:23.339] [jointLog] [warning] read 4aad60c5-8b4d-4d7f-a502-d56696ea5eeb (length 29542) has no trained clipping model
[2025-07-09 17:04:23.339] [jointLog] [warning] read ba84e8b2-3877-4f8a-b1ee-41f970e8429e (length 10832) has no trained clipping model
[2025-07-09 17:04:23.339] [jointLog] [warning] read 3478d5d1-8ad8-4f38-a43f-2c5dc4eef3ec (length 30789) has no trained clipping model
[2025-07-09 17:04:23.340] [jointLog] [warning] read 471a5988-b014-488f-9e2a-f8d14902920b (length 34288 - align length 50) has no trained error model
[2025-07-09 17:04:23.340] [jointLog] [warning] read 471a5988-b014-488f-9e2a-f8d14902920b (length 34288) has no trained clipping model
[2025-07-09 17:04:23.340] [jointLog] [warning] read 471a5988-b014-488f-9e2a-f8d14902920b (length 34288) has no trained clipping model
[2025-07-09 17:04:23.340] [jointLog] [warning] read 8f2aeaa2-083b-4c4c-9da4-54e1c5ad9ab5 (length 24281 - align length 431) has no trained error model
[2025-07-09 17:04:23.340] [jointLog] [warning] read 8f2aeaa2-083b-4c4c-9da4-54e1c5ad9ab5 (length 24281) has no trained clipping model
[2025-07-09 17:04:23.340] [jointLog] [warning] read 8f2aeaa2-083b-4c4c-9da4-54e1c5ad9ab5 (length 24281) has no trained clipping model
[2025-07-09 17:04:23.340] [jointLog] [warning] read fcbad731-8f2b-44bb-bbc2-13e637d2605a (length 44114 - align length 420) has no trained error model
[2025-07-09 17:04:23.340] [jointLog] [warning] read fcbad731-8f2b-44bb-bbc2-13e637d2605a (length 44114) has no trained clipping model
[2025-07-09 17:04:23.340] [jointLog] [warning] read fcbad731-8f2b-44bb-bbc2-13e637d2605a (length 44114) has no trained clipping model
[2025-07-09 17:04:23.340] [jointLog] [warning] read 5b9deae9-af6f-4f24-b9bf-902b12cbd22f (length 15901 - align length 556) has no trained error model
[2025-07-09 17:04:23.340] [jointLog] [warning] read 5b9deae9-af6f-4f24-b9bf-902b12cbd22f (length 15901) has no trained clipping model
[2025-07-09 17:04:23.340] [jointLog] [warning] read 5b9deae9-af6f-4f24-b9bf-902b12cbd22f (length 15901) has no trained clipping model
[2025-07-09 17:04:23.340] [jointLog] [warning] read 70437d2e-1719-465f-bc41-bfda8ea193e1 (length 22875 - align length 54) has no trained error model
[2025-07-09 17:04:23.340] [jointLog] [warning] read 70437d2e-1719-465f-bc41-bfda8ea193e1 (length 22875) has no trained clipping model
[2025-07-09 17:04:23.340] [jointLog] [warning] read 70437d2e-1719-465f-bc41-bfda8ea193e1 (length 22875) has no trained clipping model
[2025-07-09 17:04:23.340] [jointLog] [warning] read 92027b8b-3c3b-436b-82ed-6492161d99f5 (length 9370) has no trained clipping model
[2025-07-09 17:04:23.340] [jointLog] [warning] read cc4a6ca1-b608-44b4-a436-e665a3aeacf3 (length 18693 - align length 179) has no trained error model
[2025-07-09 17:04:23.340] [jointLog] [warning] read cc4a6ca1-b608-44b4-a436-e665a3aeacf3 (length 18693) has no trained clipping model
[2025-07-09 17:04:23.340] [jointLog] [warning] read cc4a6ca1-b608-44b4-a436-e665a3aeacf3 (length 18693) has no trained clipping model
[2025-07-09 17:04:23.340] [jointLog] [warning] read c1875da8-5ba2-46bf-bbec-de1e6ebf4783 (length 31534 - align length 1733) has no trained error model
[2025-07-09 17:04:23.340] [jointLog] [warning] read c1875da8-5ba2-46bf-bbec-de1e6ebf4783 (length 31534) has no trained clipping model
[2025-07-09 17:04:23.340] [jointLog] [warning] read c1875da8-5ba2-46bf-bbec-de1e6ebf4783 (length 31534) has no trained clipping model
[2025-07-09 17:04:23.340] [jointLog] [warning] read b43a91e0-48d2-4bcf-9837-bbf18352314b (length 30636 - align length 59) has no trained error model
[2025-07-09 17:04:23.340] [jointLog] [warning] read b43a91e0-48d2-4bcf-9837-bbf18352314b (length 30636) has no trained clipping model
[2025-07-09 17:04:23.340] [jointLog] [warning] read b43a91e0-48d2-4bcf-9837-bbf18352314b (length 30636) has no trained clipping model
[2025-07-09 17:04:23.340] [jointLog] [warning] read 187556b7-9589-401f-9e26-e03d1679f9c7 (length 12486 - align length 104) has no trained error model
[2025-07-09 17:04:23.340] [jointLog] [warning] read 187556b7-9589-401f-9e26-e03d1679f9c7 (length 12486) has no trained clipping model
[2025-07-09 17:04:23.340] [jointLog] [warning] read 187556b7-9589-401f-9e26-e03d1679f9c7 (length 12486) has no trained clipping model
[2025-07-09 17:04:23.340] [jointLog] [warning] read 81afb032-05b5-4375-a47c-997bab76eea0 (length 16273 - align length 57) has no trained error model
[2025-07-09 17:04:23.340] [jointLog] [warning] read 81afb032-05b5-4375-a47c-997bab76eea0 (length 16273) has no trained clipping model
[2025-07-09 17:04:23.340] [jointLog] [warning] read 81afb032-05b5-4375-a47c-997bab76eea0 (length 16273) has no trained clipping model
[2025-07-09 17:04:23.340] [jointLog] [warning] read ac947dbd-fca9-461f-9fdb-3fd5194a6f1c (length 23982 - align length 129) has no trained error model
[2025-07-09 17:04:23.340] [jointLog] [warning] read ac947dbd-fca9-461f-9fdb-3fd5194a6f1c (length 23982) has no trained clipping model
[2025-07-09 17:04:23.340] [jointLog] [warning] read ac947dbd-fca9-461f-9fdb-3fd5194a6f1c (length 23982) has no trained clipping model
[2025-07-09 17:04:23.340] [jointLog] [warning] read 33379d24-0411-4aac-854c-5b1c5dac6ddc (length 48507 - align length 247) has no trained error model
[2025-07-09 17:04:23.340] [jointLog] [warning] read 33379d24-0411-4aac-854c-5b1c5dac6ddc (length 48507) has no trained clipping model
[2025-07-09 17:04:23.340] [jointLog] [warning] read 33379d24-0411-4aac-854c-5b1c5dac6ddc (length 48507) has no trained clipping model
[2025-07-09 17:04:23.480] [jointLog] [warning] (in update()) CIGAR string for read [56ac831a-a05d-4366-915f-3908a654a57b] seems inconsistent. It implied an error rate greater than 1: 1.37699 0 0.0423729
[2025-07-09 17:04:23.483] [jointLog] [warning] read 468c3ddf-21bc-49ae-a07b-ce96d14ba13c (length 9691 - align length 8986) has no trained error model
[2025-07-09 17:04:23.483] [jointLog] [warning] read 468c3ddf-21bc-49ae-a07b-ce96d14ba13c (length 9691) has no trained clipping model
[2025-07-09 17:04:23.483] [jointLog] [warning] read 468c3ddf-21bc-49ae-a07b-ce96d14ba13c (length 9691) has no trained clipping model
[2025-07-09 17:04:23.495] [jointLog] [warning] (in update()) CIGAR string for read [adca2ebd-8f4b-4c67-892f-d8b771c0608e] seems inconsistent. It implied an error rate greater than 1: 1.34645 0 0.0170274
[2025-07-09 17:04:23.512] [jointLog] [warning] read aafede12-fbdd-4c51-ab9e-1365fda49927 (length 13897 - align length 13897) has no trained error model
[2025-07-09 17:04:23.557] [jointLog] [warning] read f757067f-52d1-45c4-be88-a1dd8b4de146 (length 10179 - align length 144) has no trained error model
[2025-07-09 17:04:23.557] [jointLog] [warning] read f757067f-52d1-45c4-be88-a1dd8b4de146 (length 10179) has no trained clipping model
[2025-07-09 17:04:23.557] [jointLog] [warning] read f757067f-52d1-45c4-be88-a1dd8b4de146 (length 10179) has no trained clipping model
[2025-07-09 17:04:23.814] [fileLog] [info] quantification processed 1000000 fragments so far

[2025-07-09 17:04:23.806] [jointLog] [warning] read 8fb1f3c0-1038-492c-b3ae-3a62f330eef6 (length 10015 - align length 9621) has no trained error model
[2025-07-09 17:04:23.825] [jointLog] [warning] read fccfc15b-d760-4631-8f7c-490a39f14671 (length 10510 - align length 10437) has no trained error model
[2025-07-09 17:04:23.980] [jointLog] [warning] read 73dcf522-a08d-4a3f-bba3-b25570f48775 (length 8731) has no trained clipping model
[2025-07-09 17:04:24.027] [jointLog] [warning] (in update()) CIGAR string for read [e76f7058-16e4-4c90-b555-7939050c20a6] seems inconsistent. It implied an error rate greater than 1: 1.3489 0.000293169 0.00146585
[2025-07-09 17:04:24.304] [jointLog] [warning] read 1df5ca5f-5ed3-406e-8183-644c01bacd23 (length 11288 - align length 11271) has no trained error model
[2025-07-09 17:04:24.304] [jointLog] [warning] read 1df5ca5f-5ed3-406e-8183-644c01bacd23 (length 11288) has no trained clipping model
[2025-07-09 17:04:24.304] [jointLog] [warning] read 1df5ca5f-5ed3-406e-8183-644c01bacd23 (length 11288) has no trained clipping model
[2025-07-09 17:04:24.327] [jointLog] [warning] read 8e8b0277-2d91-49d7-886e-4f4a58bd5eee (length 10022 - align length 9813) has no trained error model
[2025-07-09 17:04:24.330] [jointLog] [warning] read 1534b358-8ecc-4da9-90ee-e6ab0a185cbb (length 10223 - align length 10223) has no trained error model
[2025-07-09 17:04:24.465] [jointLog] [warning] (in update()) CIGAR string for read [81c91f61-9d77-4bc1-88dc-3cb24bf06bd0] seems inconsistent. It implied an error rate greater than 1: 1.13787 0.177167 0.0030546
[2025-07-09 17:04:24.681] [jointLog] [warning] (in update()) CIGAR string for read [ed615b4c-7bc0-49fb-8f91-581f416bf909] seems inconsistent. It implied an error rate greater than 1: 1.13112 0.0135338 0.126316
[2025-07-09 17:04:24.698] [jointLog] [warning] (in update()) CIGAR string for read [1ab4731e-fc54-49dc-b4f7-be63df8f0d6d] seems inconsistent. It implied an error rate greater than 1: 1.32993 0.00486449 0.0430855
[2025-07-09 17:04:24.746] [jointLog] [warning] read 885d40a6-a2be-4793-97c4-e56b5f051afa (length 9116 - align length 9113) has no trained error model
[2025-07-09 17:04:24.823] [jointLog] [warning] (in update()) CIGAR string for read [afdc841f-3b82-412b-beee-6a85327baafc] seems inconsistent. It implied an error rate greater than 1: 1.12 0.0130506 0.0489396
[2025-07-09 17:04:24.834] [jointLog] [warning] (in update()) CIGAR string for read [4f061c8d-09ca-4793-ad43-fcae6feb0091] seems inconsistent. It implied an error rate greater than 1: 1.22202 0.0189983 0.0241796
[2025-07-09 17:04:25.318] [jointLog] [warning] read 5b58f74d-3805-4b4e-9396-60cba978ff55 (length 9245 - align length 9209) has no trained error model
[2025-07-09 17:04:25.402] [jointLog] [warning] (in update()) CIGAR string for read [27dff2ee-701e-4ad1-bf20-fc5ba603b1a8] seems inconsistent. It implied an error rate greater than 1: 1.38896 0 0.000603136
[2025-07-09 17:04:25.452] [jointLog] [warning] (in update()) CIGAR string for read [da972708-cf48-463d-b32a-e563f4717063] seems inconsistent. It implied an error rate greater than 1: 1.36361 0 0.00325444
[2025-07-09 17:04:25.493] [jointLog] [warning] (in update()) CIGAR string for read [197016d2-e304-4d1e-8133-12f32e461208] seems inconsistent. It implied an error rate greater than 1: 1.35208 0 0.000292826
[2025-07-09 17:04:25.802] [jointLog] [warning] read cc0f73a8-e065-426e-80b6-f3b97ec37fc6 (length 11816 - align length 11757) has no trained error model
[2025-07-09 17:04:25.838] [jointLog] [warning] read fe8ec981-f64c-4665-82ed-8d9733aeacc9 (length 13259 - align length 13259) has no trained error model
[2025-07-09 17:04:25.838] [jointLog] [warning] read fe8ec981-f64c-4665-82ed-8d9733aeacc9 (length 13259) has no trained clipping model
[2025-07-09 17:04:25.838] [jointLog] [warning] read fe8ec981-f64c-4665-82ed-8d9733aeacc9 (length 13259) has no trained clipping model
[2025-07-09 17:04:26.013] [jointLog] [warning] (in update()) CIGAR string for read [c1a87bff-fe1f-4f5b-a72d-1732bde16631] seems inconsistent. It implied an error rate greater than 1: 1.059 0.353581 0.0471442
[2025-07-09 17:04:26.015] [jointLog] [warning] read 584392ce-6541-4c84-8caf-af531f0ac7d6 (length 11673 - align length 11610) has no trained error model
[2025-07-09 17:04:26.166] [jointLog] [warning] (in update()) CIGAR string for read [ed368a5b-03f6-4488-a5e9-fa95d8e03a56] seems inconsistent. It implied an error rate greater than 1: 1.08319 0.00282885 0.1471
[2025-07-09 17:04:26.198] [jointLog] [warning] read e43a82da-3f30-449d-8db1-ed0daff61e45 (length 9513 - align length 9398) has no trained error model
[2025-07-09 17:04:26.628] [jointLog] [warning] (in update()) CIGAR string for read [3b32d030-4bbc-4e2c-87e6-1006ea44c0a8] seems inconsistent. It implied an error rate greater than 1: 1.09329 0.0132548 0.0868925
[2025-07-09 17:04:26.657] [jointLog] [warning] (in update()) CIGAR string for read [e197fc91-2e06-4463-9f7e-b0130572b1db] seems inconsistent. It implied an error rate greater than 1: 1.34448 0.00314916 0.0211852
[2025-07-09 17:04:26.796] [jointLog] [warning] (in update()) CIGAR string for read [9407f9d0-7fa9-49fd-81e6-abfb2d0dfb0e] seems inconsistent. It implied an error rate greater than 1: 1.36566 0.00324197 0.00618921
[2025-07-09 17:04:26.894] [jointLog] [warning] (in update()) CIGAR string for read [2193cc66-2344-4254-a092-98c8217cd899] seems inconsistent. It implied an error rate greater than 1: 1.12414 0.00510204 0.0085034
[2025-07-09 17:04:26.952] [jointLog] [warning] read 6f9a169d-eff1-45d1-8183-bf7ab1aeb043 (length 12161 - align length 12098) has no trained error model
[2025-07-09 17:04:27.310] [jointLog] [warning] read fe0c25af-861e-48a8-902c-239fd017227c (length 9980 - align length 9942) has no trained error model
[2025-07-09 17:04:27.858] [jointLog] [warning] (in update()) CIGAR string for read [d03dae15-b25a-43be-8d82-feb7a27493c1] seems inconsistent. It implied an error rate greater than 1: 1.36944 0 0.013466
[2025-07-09 17:04:27.878] [jointLog] [warning] (in update()) CIGAR string for read [5bc3414f-2a67-40eb-8f96-678a90fb8878] seems inconsistent. It implied an error rate greater than 1: 1.34943 0.000584283 0.00701139
[2025-07-09 17:04:28.007] [fileLog] [info] quantification processed 2000000 fragments so far

[2025-07-09 17:04:28.073] [jointLog] [warning] read e6c3f5e9-814c-4302-8315-b1832e7d8a07 (length 10369 - align length 10358) has no trained error model
[2025-07-09 17:04:28.107] [jointLog] [warning] (in update()) CIGAR string for read [1462148d-b065-4cdd-9524-5265aba59c10] seems inconsistent. It implied an error rate greater than 1: 1.36592 0 0.0148385
[2025-07-09 17:04:28.215] [jointLog] [warning] read 41949e0c-ac31-4ea1-a4a2-e158deef95a0 (length 9768 - align length 9758) has no trained error model
[2025-07-09 17:04:28.353] [jointLog] [warning] (in update()) CIGAR string for read [abb46e5e-5631-42c1-b7e0-5d3bd0e91412] seems inconsistent. It implied an error rate greater than 1: 1.28514 0.0189394 0.0378788
[2025-07-09 17:04:28.559] [jointLog] [warning] (in update()) CIGAR string for read [699ddad6-35ff-4786-b976-eb0615e683d0] seems inconsistent. It implied an error rate greater than 1: 1.37814 0 0.00147493
[2025-07-09 17:04:28.597] [jointLog] [warning] read f3181192-42d4-482c-b335-e0c3942bdb5d (length 11191 - align length 11142) has no trained error model
[2025-07-09 17:04:28.717] [jointLog] [warning] (in update()) CIGAR string for read [cfd6fca0-adf3-4acd-9448-39bd9414b1f7] seems inconsistent. It implied an error rate greater than 1: 1.34804 0.000584454 0.00613676
[2025-07-09 17:04:28.736] [jointLog] [warning] (in update()) CIGAR string for read [43e09820-2749-4397-b032-6ec0a44ac1f2] seems inconsistent. It implied an error rate greater than 1: 1.34913 0 0.0187753
[2025-07-09 17:04:28.759] [jointLog] [warning] read b6479971-83a0-4983-853c-c1fd61e20d60 (length 9563 - align length 9466) has no trained error model
[2025-07-09 17:04:29.137] [jointLog] [warning] (in update()) CIGAR string for read [35d393c5-84ad-4183-af50-81282a4b5e90] seems inconsistent. It implied an error rate greater than 1: 1.87353 0 0.0105597
[2025-07-09 17:04:29.163] [jointLog] [warning] (in update()) CIGAR string for read [b64e8a64-5c8c-42e5-9285-024b866b312a] seems inconsistent. It implied an error rate greater than 1: 1.36819 0 0.00726956
[2025-07-09 17:04:29.355] [jointLog] [warning] (in update()) CIGAR string for read [4132b6a1-caa3-4287-aeeb-ac72e5c23d87] seems inconsistent. It implied an error rate greater than 1: 1.1235 0.0130933 0.0327332
[2025-07-09 17:04:29.375] [jointLog] [warning] (in update()) CIGAR string for read [57af3c31-e0c5-4194-8836-bec13246a78d] seems inconsistent. It implied an error rate greater than 1: 1.35577 0 0.00294377
[2025-07-09 17:04:29.444] [jointLog] [warning] read 527ec59d-6e49-4ae5-a6ff-78dda4927950 (length 11976 - align length 11958) has no trained error model
[2025-07-09 17:04:29.649] [jointLog] [warning] (in update()) CIGAR string for read [25ee4668-2963-40e2-890d-b09f14dbf2c0] seems inconsistent. It implied an error rate greater than 1: 1.25483 0.012963 0.0277778
[2025-07-09 17:04:29.767] [jointLog] [warning] read dbd4bc99-fb78-435a-9f27-131a9d0fbdf5 (length 10186) has no trained clipping model
[2025-07-09 17:04:29.817] [jointLog] [warning] (in update()) CIGAR string for read [62896d29-065a-4b46-a8f2-b855adf016d1] seems inconsistent. It implied an error rate greater than 1: 1.16279 0.013986 0.00874126
[2025-07-09 17:04:29.827] [jointLog] [warning] read e057f194-bc5b-4a81-b4e4-2b84691dc0ab (length 13631 - align length 13624) has no trained error model
[2025-07-09 17:04:29.842] [jointLog] [warning] (in update()) CIGAR string for read [9a0cae3a-a2ba-4823-8a2c-3d608faea479] seems inconsistent. It implied an error rate greater than 1: 1.3471 0.000290107 0.00928343
[2025-07-09 17:04:29.938] [jointLog] [warning] read 28c906a1-7960-48ff-81f0-784f60693105 (length 22642 - align length 58) has no trained error model
[2025-07-09 17:04:29.938] [jointLog] [warning] read 28c906a1-7960-48ff-81f0-784f60693105 (length 22642) has no trained clipping model
[2025-07-09 17:04:29.938] [jointLog] [warning] read 28c906a1-7960-48ff-81f0-784f60693105 (length 22642) has no trained clipping model
[2025-07-09 17:04:29.939] [jointLog] [warning] read e89aeaf4-af2a-48da-8b34-9e0726cbe3ed (length 27252) has no trained clipping model
[2025-07-09 17:04:29.939] [jointLog] [warning] read ade2e1c6-54d2-4dc6-b564-aa64584376a8 (length 30502 - align length 793) has no trained error model
[2025-07-09 17:04:29.939] [jointLog] [warning] read ade2e1c6-54d2-4dc6-b564-aa64584376a8 (length 30502) has no trained clipping model
[2025-07-09 17:04:29.939] [jointLog] [warning] read ade2e1c6-54d2-4dc6-b564-aa64584376a8 (length 30502) has no trained clipping model
[2025-07-09 17:04:29.939] [jointLog] [warning] read 90ad5ffc-d564-4139-a1f1-cb3173e487f9 (length 19904 - align length 471) has no trained error model
[2025-07-09 17:04:29.939] [jointLog] [warning] read 90ad5ffc-d564-4139-a1f1-cb3173e487f9 (length 19904) has no trained clipping model
[2025-07-09 17:04:29.939] [jointLog] [warning] read 90ad5ffc-d564-4139-a1f1-cb3173e487f9 (length 19904) has no trained clipping model
[2025-07-09 17:04:29.939] [jointLog] [warning] read cab520a3-e11c-4070-888d-b81f9d24aab6 (length 29087 - align length 50) has no trained error model
[2025-07-09 17:04:29.939] [jointLog] [warning] read cab520a3-e11c-4070-888d-b81f9d24aab6 (length 29087) has no trained clipping model
[2025-07-09 17:04:29.939] [jointLog] [warning] read cab520a3-e11c-4070-888d-b81f9d24aab6 (length 29087) has no trained clipping model
[2025-07-09 17:04:29.939] [jointLog] [warning] read e963a80e-dc25-48e6-8b1c-2dca5a62b2b3 (length 24729 - align length 52) has no trained error model
[2025-07-09 17:04:29.939] [jointLog] [warning] read e963a80e-dc25-48e6-8b1c-2dca5a62b2b3 (length 24729) has no trained clipping model
[2025-07-09 17:04:29.939] [jointLog] [warning] read e963a80e-dc25-48e6-8b1c-2dca5a62b2b3 (length 24729) has no trained clipping model
[2025-07-09 17:04:29.939] [jointLog] [warning] read f0a8ddb1-631d-4313-914f-8e518f485793 (length 22596 - align length 1085) has no trained error model
[2025-07-09 17:04:29.939] [jointLog] [warning] read f0a8ddb1-631d-4313-914f-8e518f485793 (length 22596) has no trained clipping model
[2025-07-09 17:04:29.939] [jointLog] [warning] read f0a8ddb1-631d-4313-914f-8e518f485793 (length 22596) has no trained clipping model
[2025-07-09 17:04:29.939] [jointLog] [warning] read 809321f2-ffa6-42be-a91b-f9cfe6cea161 (length 35894 - align length 57) has no trained error model
[2025-07-09 17:04:29.939] [jointLog] [warning] read 809321f2-ffa6-42be-a91b-f9cfe6cea161 (length 35894) has no trained clipping model
[2025-07-09 17:04:29.939] [jointLog] [warning] read 809321f2-ffa6-42be-a91b-f9cfe6cea161 (length 35894) has no trained clipping model
[2025-07-09 17:04:29.939] [jointLog] [warning] read c15223c8-4f79-4440-8176-da6640b272c7 (length 32558 - align length 300) has no trained error model
[2025-07-09 17:04:29.939] [jointLog] [warning] read c15223c8-4f79-4440-8176-da6640b272c7 (length 32558) has no trained clipping model
[2025-07-09 17:04:29.939] [jointLog] [warning] read c15223c8-4f79-4440-8176-da6640b272c7 (length 32558) has no trained clipping model
[2025-07-09 17:04:29.939] [jointLog] [warning] read 17cddf7e-1232-4891-951d-d29e56b3137b (length 28333 - align length 1609) has no trained error model
[2025-07-09 17:04:29.939] [jointLog] [warning] read 17cddf7e-1232-4891-951d-d29e56b3137b (length 28333) has no trained clipping model
[2025-07-09 17:04:29.939] [jointLog] [warning] read 17cddf7e-1232-4891-951d-d29e56b3137b (length 28333) has no trained clipping model
[2025-07-09 17:04:29.939] [jointLog] [warning] read 76ee57b7-434f-4f9f-9737-ecd52385d8ab (length 25933 - align length 254) has no trained error model
[2025-07-09 17:04:29.939] [jointLog] [warning] read 76ee57b7-434f-4f9f-9737-ecd52385d8ab (length 25933) has no trained clipping model
[2025-07-09 17:04:29.939] [jointLog] [warning] read 76ee57b7-434f-4f9f-9737-ecd52385d8ab (length 25933) has no trained clipping model
[2025-07-09 17:04:29.940] [jointLog] [warning] read f2a8ebcf-b599-4f54-966c-3ec25964a336 (length 13951 - align length 13908) has no trained error model
[2025-07-09 17:04:29.940] [jointLog] [warning] read ee611a83-9bdd-4eca-bd3e-177181b4f6e3 (length 20695 - align length 55) has no trained error model
[2025-07-09 17:04:29.940] [jointLog] [warning] read ee611a83-9bdd-4eca-bd3e-177181b4f6e3 (length 20695) has no trained clipping model
[2025-07-09 17:04:29.940] [jointLog] [warning] read ee611a83-9bdd-4eca-bd3e-177181b4f6e3 (length 20695) has no trained clipping model
[2025-07-09 17:04:29.940] [jointLog] [warning] read 9af628ce-b21e-418a-9c16-07b67fc8b180 (length 20153 - align length 239) has no trained error model
[2025-07-09 17:04:29.940] [jointLog] [warning] read 9af628ce-b21e-418a-9c16-07b67fc8b180 (length 20153) has no trained clipping model
[2025-07-09 17:04:29.940] [jointLog] [warning] read 9af628ce-b21e-418a-9c16-07b67fc8b180 (length 20153) has no trained clipping model
[2025-07-09 17:04:29.940] [jointLog] [warning] read 154ced40-5876-49c7-b5d7-2ac4c729ab3c (length 25273 - align length 311) has no trained error model
[2025-07-09 17:04:29.940] [jointLog] [warning] read 154ced40-5876-49c7-b5d7-2ac4c729ab3c (length 25273) has no trained clipping model
[2025-07-09 17:04:29.940] [jointLog] [warning] read 154ced40-5876-49c7-b5d7-2ac4c729ab3c (length 25273) has no trained clipping model
[2025-07-09 17:04:29.940] [jointLog] [warning] read 710edcfd-a2f2-469b-9c75-92ffd51a47dc (length 19336 - align length 1374) has no trained error model
[2025-07-09 17:04:29.940] [jointLog] [warning] read 710edcfd-a2f2-469b-9c75-92ffd51a47dc (length 19336) has no trained clipping model
[2025-07-09 17:04:29.940] [jointLog] [warning] read 710edcfd-a2f2-469b-9c75-92ffd51a47dc (length 19336) has no trained clipping model
[2025-07-09 17:04:29.940] [jointLog] [warning] read a5df1e12-48ea-4c66-892b-303ecc3e0467 (length 31850 - align length 772) has no trained error model
[2025-07-09 17:04:29.940] [jointLog] [warning] read a5df1e12-48ea-4c66-892b-303ecc3e0467 (length 31850) has no trained clipping model
[2025-07-09 17:04:29.940] [jointLog] [warning] read a5df1e12-48ea-4c66-892b-303ecc3e0467 (length 31850) has no trained clipping model
[2025-07-09 17:04:29.940] [jointLog] [warning] read 71237eeb-b1c5-45d5-8565-463cb6e08bfa (length 45516 - align length 83) has no trained error model
[2025-07-09 17:04:29.940] [jointLog] [warning] read 71237eeb-b1c5-45d5-8565-463cb6e08bfa (length 45516) has no trained clipping model
[2025-07-09 17:04:29.940] [jointLog] [warning] read 71237eeb-b1c5-45d5-8565-463cb6e08bfa (length 45516) has no trained clipping model
[2025-07-09 17:04:29.940] [jointLog] [warning] read 06836dfd-3269-46ba-aea2-9ff9950ff5f8 (length 14593) has no trained clipping model
[2025-07-09 17:04:29.940] [jointLog] [warning] read 106788b0-2bd5-47bf-8633-cc01badda7b6 (length 16150 - align length 420) has no trained error model
[2025-07-09 17:04:29.940] [jointLog] [warning] read 106788b0-2bd5-47bf-8633-cc01badda7b6 (length 16150) has no trained clipping model
[2025-07-09 17:04:29.940] [jointLog] [warning] read 106788b0-2bd5-47bf-8633-cc01badda7b6 (length 16150) has no trained clipping model
[2025-07-09 17:04:29.940] [jointLog] [warning] read de5a6297-8d34-4ad2-aa45-dfe1c9c906be (length 21725 - align length 57) has no trained error model
[2025-07-09 17:04:29.940] [jointLog] [warning] read de5a6297-8d34-4ad2-aa45-dfe1c9c906be (length 21725) has no trained clipping model
[2025-07-09 17:04:29.940] [jointLog] [warning] read de5a6297-8d34-4ad2-aa45-dfe1c9c906be (length 21725) has no trained clipping model
[2025-07-09 17:04:29.940] [jointLog] [warning] read a7c18c55-69b6-43f6-96d7-596a025d1420 (length 27023 - align length 83) has no trained error model
[2025-07-09 17:04:29.940] [jointLog] [warning] read a7c18c55-69b6-43f6-96d7-596a025d1420 (length 27023) has no trained clipping model
[2025-07-09 17:04:29.940] [jointLog] [warning] read a7c18c55-69b6-43f6-96d7-596a025d1420 (length 27023) has no trained clipping model
[2025-07-09 17:04:29.940] [jointLog] [warning] read 08bafa9b-58f1-46f2-8fc0-36e464cd3938 (length 27752 - align length 179) has no trained error model
[2025-07-09 17:04:29.940] [jointLog] [warning] read 08bafa9b-58f1-46f2-8fc0-36e464cd3938 (length 27752) has no trained clipping model
[2025-07-09 17:04:29.940] [jointLog] [warning] read 08bafa9b-58f1-46f2-8fc0-36e464cd3938 (length 27752) has no trained clipping model
[2025-07-09 17:04:29.940] [jointLog] [warning] read fdd90b1d-ef77-4f58-adcd-53193533adc5 (length 21115 - align length 851) has no trained error model
[2025-07-09 17:04:29.940] [jointLog] [warning] read fdd90b1d-ef77-4f58-adcd-53193533adc5 (length 21115) has no trained clipping model
[2025-07-09 17:04:29.940] [jointLog] [warning] read fdd90b1d-ef77-4f58-adcd-53193533adc5 (length 21115) has no trained clipping model
[2025-07-09 17:04:29.940] [jointLog] [warning] read 9d83b8a7-7d64-4c85-a0c7-7fae4f1a82cf (length 11429 - align length 327) has no trained error model
[2025-07-09 17:04:29.940] [jointLog] [warning] read 9d83b8a7-7d64-4c85-a0c7-7fae4f1a82cf (length 11429) has no trained clipping model
[2025-07-09 17:04:29.940] [jointLog] [warning] read 9d83b8a7-7d64-4c85-a0c7-7fae4f1a82cf (length 11429) has no trained clipping model
[2025-07-09 17:04:29.940] [jointLog] [warning] read 1bce881a-0d31-4768-837b-9f7b8daf85dd (length 40644 - align length 330) has no trained error model
[2025-07-09 17:04:29.940] [jointLog] [warning] read 1bce881a-0d31-4768-837b-9f7b8daf85dd (length 40644) has no trained clipping model
[2025-07-09 17:04:29.940] [jointLog] [warning] read 1bce881a-0d31-4768-837b-9f7b8daf85dd (length 40644) has no trained clipping model
[2025-07-09 17:04:29.940] [jointLog] [warning] read 50043b32-06bf-4ff1-bfd9-31838b73524a (length 30595) has no trained clipping model
[2025-07-09 17:04:29.940] [jointLog] [warning] read aea69117-5b38-4897-824e-328f9db7cb2c (length 32279 - align length 651) has no trained error model
[2025-07-09 17:04:29.940] [jointLog] [warning] read aea69117-5b38-4897-824e-328f9db7cb2c (length 32279) has no trained clipping model
[2025-07-09 17:04:29.940] [jointLog] [warning] read aea69117-5b38-4897-824e-328f9db7cb2c (length 32279) has no trained clipping model
[2025-07-09 17:04:29.940] [jointLog] [warning] read aac241e6-ed73-4f62-8922-14cce3155f71 (length 49094 - align length 189) has no trained error model
[2025-07-09 17:04:29.940] [jointLog] [warning] read aac241e6-ed73-4f62-8922-14cce3155f71 (length 49094) has no trained clipping model
[2025-07-09 17:04:29.940] [jointLog] [warning] read aac241e6-ed73-4f62-8922-14cce3155f71 (length 49094) has no trained clipping model
[2025-07-09 17:04:29.940] [jointLog] [warning] read 4bbd86b0-a4fb-445d-afa7-3244473f84c8 (length 34720 - align length 134) has no trained error model
[2025-07-09 17:04:29.940] [jointLog] [warning] read 4bbd86b0-a4fb-445d-afa7-3244473f84c8 (length 34720) has no trained clipping model
[2025-07-09 17:04:29.940] [jointLog] [warning] read 4bbd86b0-a4fb-445d-afa7-3244473f84c8 (length 34720) has no trained clipping model
[2025-07-09 17:04:29.941] [jointLog] [warning] read de2e94ac-cff8-4836-85d6-2f7e300f4030 (length 36208 - align length 427) has no trained error model
[2025-07-09 17:04:29.941] [jointLog] [warning] read de2e94ac-cff8-4836-85d6-2f7e300f4030 (length 36208) has no trained clipping model
[2025-07-09 17:04:29.941] [jointLog] [warning] read de2e94ac-cff8-4836-85d6-2f7e300f4030 (length 36208) has no trained clipping model
[2025-07-09 17:04:29.941] [jointLog] [warning] read f607837b-ca79-4874-86eb-d9b584401d29 (length 22950 - align length 1145) has no trained error model
[2025-07-09 17:04:29.941] [jointLog] [warning] read f607837b-ca79-4874-86eb-d9b584401d29 (length 22950) has no trained clipping model
[2025-07-09 17:04:29.941] [jointLog] [warning] read f607837b-ca79-4874-86eb-d9b584401d29 (length 22950) has no trained clipping model
[2025-07-09 17:04:29.941] [jointLog] [warning] read e827c506-414b-4cd6-9d2c-79c730d34b57 (length 14804 - align length 14620) has no trained error model
[2025-07-09 17:04:29.941] [jointLog] [warning] read edbe9bf2-4a36-481c-9da6-8a663d364e56 (length 26469 - align length 1140) has no trained error model
[2025-07-09 17:04:29.941] [jointLog] [warning] read edbe9bf2-4a36-481c-9da6-8a663d364e56 (length 26469) has no trained clipping model
[2025-07-09 17:04:29.941] [jointLog] [warning] read edbe9bf2-4a36-481c-9da6-8a663d364e56 (length 26469) has no trained clipping model
[2025-07-09 17:04:29.941] [jointLog] [warning] read 3ebb7e43-c979-477d-98e9-ae83f76406d9 (length 13589 - align length 10906) has no trained error model
[2025-07-09 17:04:29.941] [jointLog] [warning] read 3ebb7e43-c979-477d-98e9-ae83f76406d9 (length 13589) has no trained clipping model
[2025-07-09 17:04:29.941] [jointLog] [warning] read 3ebb7e43-c979-477d-98e9-ae83f76406d9 (length 13589) has no trained clipping model
[2025-07-09 17:04:29.941] [jointLog] [warning] read b285d409-226a-492b-9439-d5426f88dbc5 (length 13363 - align length 94) has no trained error model
[2025-07-09 17:04:29.941] [jointLog] [warning] read b285d409-226a-492b-9439-d5426f88dbc5 (length 13363) has no trained clipping model
[2025-07-09 17:04:29.941] [jointLog] [warning] read b285d409-226a-492b-9439-d5426f88dbc5 (length 13363) has no trained clipping model
[2025-07-09 17:04:29.941] [jointLog] [warning] read d601199d-bc3c-4b81-8d4c-2bd7ed1b0679 (length 35612 - align length 291) has no trained error model
[2025-07-09 17:04:29.941] [jointLog] [warning] read d601199d-bc3c-4b81-8d4c-2bd7ed1b0679 (length 35612) has no trained clipping model
[2025-07-09 17:04:29.941] [jointLog] [warning] read d601199d-bc3c-4b81-8d4c-2bd7ed1b0679 (length 35612) has no trained clipping model
[2025-07-09 17:04:29.941] [jointLog] [warning] read de3bec95-d9c2-44c7-8997-c0f18cce6761 (length 35949 - align length 214) has no trained error model
[2025-07-09 17:04:29.941] [jointLog] [warning] read de3bec95-d9c2-44c7-8997-c0f18cce6761 (length 35949) has no trained clipping model
[2025-07-09 17:04:29.941] [jointLog] [warning] read de3bec95-d9c2-44c7-8997-c0f18cce6761 (length 35949) has no trained clipping model
[2025-07-09 17:04:29.941] [jointLog] [warning] read 2da60221-d284-4fa8-9c50-15093887063c (length 17754 - align length 56) has no trained error model
[2025-07-09 17:04:29.941] [jointLog] [warning] read 2da60221-d284-4fa8-9c50-15093887063c (length 17754) has no trained clipping model
[2025-07-09 17:04:29.941] [jointLog] [warning] read 2da60221-d284-4fa8-9c50-15093887063c (length 17754) has no trained clipping model
[2025-07-09 17:04:29.941] [jointLog] [warning] read 604297ea-ff64-4af2-a110-42075db9bf79 (length 33275 - align length 58) has no trained error model
[2025-07-09 17:04:29.941] [jointLog] [warning] read 604297ea-ff64-4af2-a110-42075db9bf79 (length 33275) has no trained clipping model
[2025-07-09 17:04:29.941] [jointLog] [warning] read 604297ea-ff64-4af2-a110-42075db9bf79 (length 33275) has no trained clipping model
[2025-07-09 17:04:29.941] [jointLog] [warning] read 9ab84ff4-0e0d-4ed7-9ef5-3db64925cd1f (length 47695 - align length 294) has no trained error model
[2025-07-09 17:04:29.941] [jointLog] [warning] read 9ab84ff4-0e0d-4ed7-9ef5-3db64925cd1f (length 47695) has no trained clipping model
[2025-07-09 17:04:29.941] [jointLog] [warning] read 9ab84ff4-0e0d-4ed7-9ef5-3db64925cd1f (length 47695) has no trained clipping model
[2025-07-09 17:04:29.941] [jointLog] [warning] read b6586b20-c934-4de0-b6c5-564161484bb8 (length 46271 - align length 61) has no trained error model
[2025-07-09 17:04:29.941] [jointLog] [warning] read b6586b20-c934-4de0-b6c5-564161484bb8 (length 46271) has no trained clipping model
[2025-07-09 17:04:29.941] [jointLog] [warning] read b6586b20-c934-4de0-b6c5-564161484bb8 (length 46271) has no trained clipping model
[2025-07-09 17:04:29.941] [jointLog] [warning] read 21379565-d6b9-4cbb-81be-cdc33c5c1666 (length 31913 - align length 1610) has no trained error model
[2025-07-09 17:04:29.941] [jointLog] [warning] read 21379565-d6b9-4cbb-81be-cdc33c5c1666 (length 31913) has no trained clipping model
[2025-07-09 17:04:29.941] [jointLog] [warning] read 21379565-d6b9-4cbb-81be-cdc33c5c1666 (length 31913) has no trained clipping model
[2025-07-09 17:04:29.941] [jointLog] [warning] read 5788472a-462d-455c-a8b7-49cc719a9426 (length 31504) has no trained clipping model
[2025-07-09 17:04:29.941] [jointLog] [warning] read 9caa6cc8-3ada-4fca-a0c1-d456008c8858 (length 17670 - align length 58) has no trained error model
[2025-07-09 17:04:29.941] [jointLog] [warning] read 9caa6cc8-3ada-4fca-a0c1-d456008c8858 (length 17670) has no trained clipping model
[2025-07-09 17:04:29.941] [jointLog] [warning] read 9caa6cc8-3ada-4fca-a0c1-d456008c8858 (length 17670) has no trained clipping model
[2025-07-09 17:04:29.942] [jointLog] [warning] read d51dbf1f-e5ab-4410-9e35-d915268e3782 (length 20344 - align length 105) has no trained error model
[2025-07-09 17:04:29.942] [jointLog] [warning] read d51dbf1f-e5ab-4410-9e35-d915268e3782 (length 20344) has no trained clipping model
[2025-07-09 17:04:29.942] [jointLog] [warning] read d51dbf1f-e5ab-4410-9e35-d915268e3782 (length 20344) has no trained clipping model
[2025-07-09 17:04:29.942] [jointLog] [warning] read f3ea55e5-5153-4de2-a613-885bfd789cc9 (length 21379 - align length 186) has no trained error model
[2025-07-09 17:04:29.942] [jointLog] [warning] read f3ea55e5-5153-4de2-a613-885bfd789cc9 (length 21379) has no trained clipping model
[2025-07-09 17:04:29.942] [jointLog] [warning] read f3ea55e5-5153-4de2-a613-885bfd789cc9 (length 21379) has no trained clipping model
[2025-07-09 17:04:29.942] [jointLog] [warning] read 854c2e17-57f7-4b8b-afad-48d30ee0a1e6 (length 19727 - align length 314) has no trained error model
[2025-07-09 17:04:29.942] [jointLog] [warning] read 854c2e17-57f7-4b8b-afad-48d30ee0a1e6 (length 19727) has no trained clipping model
[2025-07-09 17:04:29.942] [jointLog] [warning] read 854c2e17-57f7-4b8b-afad-48d30ee0a1e6 (length 19727) has no trained clipping model
[2025-07-09 17:04:29.942] [jointLog] [warning] read de5dd16d-75ff-461c-a3ab-70aadd4d25b2 (length 20809 - align length 677) has no trained error model
[2025-07-09 17:04:29.942] [jointLog] [warning] read de5dd16d-75ff-461c-a3ab-70aadd4d25b2 (length 20809) has no trained clipping model
[2025-07-09 17:04:29.942] [jointLog] [warning] read de5dd16d-75ff-461c-a3ab-70aadd4d25b2 (length 20809) has no trained clipping model
[2025-07-09 17:04:29.942] [jointLog] [warning] read 8c3319e5-097a-4308-b5da-5b4459a945f8 (length 45278 - align length 59) has no trained error model
[2025-07-09 17:04:29.942] [jointLog] [warning] read 8c3319e5-097a-4308-b5da-5b4459a945f8 (length 45278) has no trained clipping model
[2025-07-09 17:04:29.942] [jointLog] [warning] read 8c3319e5-097a-4308-b5da-5b4459a945f8 (length 45278) has no trained clipping model
[2025-07-09 17:04:29.942] [jointLog] [warning] read 4a92d457-87a9-4821-9b8a-d9e0a39d111d (length 44568 - align length 57) has no trained error model
[2025-07-09 17:04:29.942] [jointLog] [warning] read 4a92d457-87a9-4821-9b8a-d9e0a39d111d (length 44568) has no trained clipping model
[2025-07-09 17:04:29.942] [jointLog] [warning] read 4a92d457-87a9-4821-9b8a-d9e0a39d111d (length 44568) has no trained clipping model
[2025-07-09 17:04:29.942] [jointLog] [warning] read c47a3152-ff24-4d28-8ed7-0574b14e5b8d (length 31189 - align length 51) has no trained error model
[2025-07-09 17:04:29.942] [jointLog] [warning] read c47a3152-ff24-4d28-8ed7-0574b14e5b8d (length 31189) has no trained clipping model
[2025-07-09 17:04:29.942] [jointLog] [warning] read c47a3152-ff24-4d28-8ed7-0574b14e5b8d (length 31189) has no trained clipping model
[2025-07-09 17:04:29.942] [jointLog] [warning] read f92a791a-084b-4f38-9a88-080312cc4c8d (length 21983 - align length 697) has no trained error model
[2025-07-09 17:04:29.942] [jointLog] [warning] read f92a791a-084b-4f38-9a88-080312cc4c8d (length 21983) has no trained clipping model
[2025-07-09 17:04:29.942] [jointLog] [warning] read f92a791a-084b-4f38-9a88-080312cc4c8d (length 21983) has no trained clipping model
[2025-07-09 17:04:29.942] [jointLog] [warning] read 820b3582-1354-4bbe-9e76-2e573e61b0b2 (length 37937 - align length 57) has no trained error model
[2025-07-09 17:04:29.942] [jointLog] [warning] read 820b3582-1354-4bbe-9e76-2e573e61b0b2 (length 37937) has no trained clipping model
[2025-07-09 17:04:29.942] [jointLog] [warning] read 820b3582-1354-4bbe-9e76-2e573e61b0b2 (length 37937) has no trained clipping model
[2025-07-09 17:04:29.942] [jointLog] [warning] read a9625b37-20b3-4fb2-8e64-6ec791edcc24 (length 16413) has no trained clipping model
[2025-07-09 17:04:29.942] [jointLog] [warning] read af1c3b45-8cba-4c0d-8026-b0e7479467e0 (length 23820 - align length 1486) has no trained error model
[2025-07-09 17:04:29.942] [jointLog] [warning] read af1c3b45-8cba-4c0d-8026-b0e7479467e0 (length 23820) has no trained clipping model
[2025-07-09 17:04:29.942] [jointLog] [warning] read af1c3b45-8cba-4c0d-8026-b0e7479467e0 (length 23820) has no trained clipping model
[2025-07-09 17:04:29.942] [jointLog] [warning] read 827d2e60-deb6-4206-a18e-70a9c16bbb07 (length 27440) has no trained clipping model
[2025-07-09 17:04:30.022] [jointLog] [warning] read ceca79b7-b478-4f97-8687-df249b50cc6c (length 12672 - align length 12666) has no trained error model
[2025-07-09 17:04:30.166] [jointLog] [warning] (in update()) CIGAR string for read [aa6101b2-2aee-4990-9667-3d6531f8b135] seems inconsistent. It implied an error rate greater than 1: 1.21564 0 0.0570276
[2025-07-09 17:04:30.251] [jointLog] [warning] read 8944942a-8632-4519-a14b-919f5ac4c054 (length 11130 - align length 11069) has no trained error model
[2025-07-09 17:04:30.469] [jointLog] [warning] (in update()) CIGAR string for read [659136ce-c8b8-4047-a4d0-2dbeb3872261] seems inconsistent. It implied an error rate greater than 1: 1.01881 0.0507505 0.0371694
[2025-07-09 17:04:30.486] [jointLog] [warning] (in update()) CIGAR string for read [7d9ba998-640c-41df-b5b6-cda2c5a9feea] seems inconsistent. It implied an error rate greater than 1: 1.39519 0 0.00370613
[2025-07-09 17:04:30.725] [jointLog] [warning] read e11124ca-7231-4df6-99fc-cacabf0f811e (length 12445 - align length 12379) has no trained error model
[2025-07-09 17:04:30.827] [jointLog] [warning] (in update()) CIGAR string for read [1d9658db-6ac1-4c29-8846-c0c40de7158d] seems inconsistent. It implied an error rate greater than 1: 1.35256 0.000289687 0.0153534
[2025-07-09 17:04:30.882] [jointLog] [warning] read 184ae614-f7db-4563-bab3-d4a6e69694aa (length 11498 - align length 11445) has no trained error model
[2025-07-09 17:04:30.930] [jointLog] [warning] (in update()) CIGAR string for read [58403b52-fa5d-4d7f-a19b-edc34180fcdc] seems inconsistent. It implied an error rate greater than 1: 1.14458 0.00837521 0.0184255
[2025-07-09 17:04:31.270] [jointLog] [warning] read 3cb4b013-5672-460a-b186-03900db5722d (length 20205 - align length 365) has no trained error model
[2025-07-09 17:04:31.270] [jointLog] [warning] read 3cb4b013-5672-460a-b186-03900db5722d (length 20205) has no trained clipping model
[2025-07-09 17:04:31.270] [jointLog] [warning] read 3cb4b013-5672-460a-b186-03900db5722d (length 20205) has no trained clipping model
[2025-07-09 17:04:31.295] [jointLog] [warning] read e254b8d0-170f-4300-9ff1-241088479e56 (length 18936 - align length 225) has no trained error model
[2025-07-09 17:04:31.295] [jointLog] [warning] read e254b8d0-170f-4300-9ff1-241088479e56 (length 18936) has no trained clipping model
[2025-07-09 17:04:31.295] [jointLog] [warning] read e254b8d0-170f-4300-9ff1-241088479e56 (length 18936) has no trained clipping model
[2025-07-09 17:04:31.295] [jointLog] [warning] read 1e9bf3fe-94a5-492e-8bf4-9803a6d5ee72 (length 42818) has no trained clipping model
[2025-07-09 17:04:31.295] [jointLog] [warning] read 15db3d4d-68d4-44b3-9fa5-f2999f198213 (length 39648 - align length 58) has no trained error model
[2025-07-09 17:04:31.295] [jointLog] [warning] read 15db3d4d-68d4-44b3-9fa5-f2999f198213 (length 39648) has no trained clipping model
[2025-07-09 17:04:31.295] [jointLog] [warning] read 15db3d4d-68d4-44b3-9fa5-f2999f198213 (length 39648) has no trained clipping model
[2025-07-09 17:04:31.295] [jointLog] [warning] read 8212d00b-9d8e-4db0-aea1-d7e2d9b8a1f6 (length 12800) has no trained clipping model
[2025-07-09 17:04:31.295] [jointLog] [warning] read 6709ad9c-cd5f-46a8-a0e3-48b3ea0736f8 (length 12862) has no trained clipping model
[2025-07-09 17:04:31.295] [jointLog] [warning] read 92dae02d-bc78-4906-b9c3-8e9c6fc2017b (length 24645 - align length 1160) has no trained error model
[2025-07-09 17:04:31.295] [jointLog] [warning] read 92dae02d-bc78-4906-b9c3-8e9c6fc2017b (length 24645) has no trained clipping model
[2025-07-09 17:04:31.295] [jointLog] [warning] read 92dae02d-bc78-4906-b9c3-8e9c6fc2017b (length 24645) has no trained clipping model
[2025-07-09 17:04:31.295] [jointLog] [warning] read 739caf3d-a7dc-42d8-831a-dd9eb41faa1d (length 26705 - align length 54) has no trained error model
[2025-07-09 17:04:31.295] [jointLog] [warning] read 739caf3d-a7dc-42d8-831a-dd9eb41faa1d (length 26705) has no trained clipping model
[2025-07-09 17:04:31.295] [jointLog] [warning] read 739caf3d-a7dc-42d8-831a-dd9eb41faa1d (length 26705) has no trained clipping model
[2025-07-09 17:04:31.295] [jointLog] [warning] read e79085eb-440a-4ca2-8557-65302d1e4720 (length 15444 - align length 914) has no trained error model
[2025-07-09 17:04:31.295] [jointLog] [warning] read e79085eb-440a-4ca2-8557-65302d1e4720 (length 15444) has no trained clipping model
[2025-07-09 17:04:31.295] [jointLog] [warning] read e79085eb-440a-4ca2-8557-65302d1e4720 (length 15444) has no trained clipping model
[2025-07-09 17:04:31.295] [jointLog] [warning] read 673fde50-43ad-4722-bd38-ad1bc5f2078a (length 43222 - align length 126) has no trained error model
[2025-07-09 17:04:31.295] [jointLog] [warning] read 673fde50-43ad-4722-bd38-ad1bc5f2078a (length 43222) has no trained clipping model
[2025-07-09 17:04:31.295] [jointLog] [warning] read 673fde50-43ad-4722-bd38-ad1bc5f2078a (length 43222) has no trained clipping model
[2025-07-09 17:04:31.296] [jointLog] [warning] read 1134c9ce-6a37-4993-90af-3fbc4acaf470 (length 14023 - align length 1408) has no trained error model
[2025-07-09 17:04:31.296] [jointLog] [warning] read 1134c9ce-6a37-4993-90af-3fbc4acaf470 (length 14023) has no trained clipping model
[2025-07-09 17:04:31.296] [jointLog] [warning] read 1134c9ce-6a37-4993-90af-3fbc4acaf470 (length 14023) has no trained clipping model
[2025-07-09 17:04:31.296] [jointLog] [warning] read 382d1661-7066-4357-b966-ec34336ce9c7 (length 13273) has no trained clipping model
[2025-07-09 17:04:31.296] [jointLog] [warning] read 382d1661-7066-4357-b966-ec34336ce9c7 (length 13273) has no trained clipping model
[2025-07-09 17:04:31.296] [jointLog] [warning] read ede04f75-8a43-4ffe-b6ac-2b14b4c1b8d6 (length 49107 - align length 1025) has no trained error model
[2025-07-09 17:04:31.296] [jointLog] [warning] read ede04f75-8a43-4ffe-b6ac-2b14b4c1b8d6 (length 49107) has no trained clipping model
[2025-07-09 17:04:31.296] [jointLog] [warning] read ede04f75-8a43-4ffe-b6ac-2b14b4c1b8d6 (length 49107) has no trained clipping model
[2025-07-09 17:04:31.296] [jointLog] [warning] read 1269e7ca-47c5-444a-a4f1-e97f6cfd198e (length 41776 - align length 58) has no trained error model
[2025-07-09 17:04:31.296] [jointLog] [warning] read 1269e7ca-47c5-444a-a4f1-e97f6cfd198e (length 41776) has no trained clipping model
[2025-07-09 17:04:31.296] [jointLog] [warning] read 1269e7ca-47c5-444a-a4f1-e97f6cfd198e (length 41776) has no trained clipping model
[2025-07-09 17:04:31.296] [jointLog] [warning] read ecadc023-f59a-4101-ae5e-74eb81e558e8 (length 33373 - align length 441) has no trained error model
[2025-07-09 17:04:31.296] [jointLog] [warning] read ecadc023-f59a-4101-ae5e-74eb81e558e8 (length 33373) has no trained clipping model
[2025-07-09 17:04:31.296] [jointLog] [warning] read ecadc023-f59a-4101-ae5e-74eb81e558e8 (length 33373) has no trained clipping model
[2025-07-09 17:04:31.296] [jointLog] [warning] read c3a6b914-ea62-49ba-99db-464209d94553 (length 39996 - align length 156) has no trained error model
[2025-07-09 17:04:31.296] [jointLog] [warning] read c3a6b914-ea62-49ba-99db-464209d94553 (length 39996) has no trained clipping model
[2025-07-09 17:04:31.296] [jointLog] [warning] read c3a6b914-ea62-49ba-99db-464209d94553 (length 39996) has no trained clipping model
[2025-07-09 17:04:31.296] [jointLog] [warning] read 6aef4985-b51e-4c8c-828b-1ce7a75dd477 (length 47563 - align length 909) has no trained error model
[2025-07-09 17:04:31.296] [jointLog] [warning] read 6aef4985-b51e-4c8c-828b-1ce7a75dd477 (length 47563) has no trained clipping model
[2025-07-09 17:04:31.296] [jointLog] [warning] read 6aef4985-b51e-4c8c-828b-1ce7a75dd477 (length 47563) has no trained clipping model
[2025-07-09 17:04:31.296] [jointLog] [warning] read 7c231feb-7bdb-432d-ae27-cf954b22a619 (length 38693 - align length 987) has no trained error model
[2025-07-09 17:04:31.296] [jointLog] [warning] read 7c231feb-7bdb-432d-ae27-cf954b22a619 (length 38693) has no trained clipping model
[2025-07-09 17:04:31.296] [jointLog] [warning] read 7c231feb-7bdb-432d-ae27-cf954b22a619 (length 38693) has no trained clipping model
[2025-07-09 17:04:31.296] [jointLog] [warning] read ffcaf078-28c2-4419-ab73-1c18c7ca776e (length 12086 - align length 650) has no trained error model
[2025-07-09 17:04:31.296] [jointLog] [warning] read ffcaf078-28c2-4419-ab73-1c18c7ca776e (length 12086) has no trained clipping model
[2025-07-09 17:04:31.296] [jointLog] [warning] read ffcaf078-28c2-4419-ab73-1c18c7ca776e (length 12086) has no trained clipping model
[2025-07-09 17:04:31.296] [jointLog] [warning] read 018cb6fe-abc2-4b86-be83-7d708abfd3ca (length 18767 - align length 45) has no trained error model
[2025-07-09 17:04:31.296] [jointLog] [warning] read 018cb6fe-abc2-4b86-be83-7d708abfd3ca (length 18767) has no trained clipping model
[2025-07-09 17:04:31.296] [jointLog] [warning] read 018cb6fe-abc2-4b86-be83-7d708abfd3ca (length 18767) has no trained clipping model
[2025-07-09 17:04:31.296] [jointLog] [warning] read 88d30eec-cc6a-4690-af35-124acc2b5ec0 (length 32098 - align length 913) has no trained error model
[2025-07-09 17:04:31.296] [jointLog] [warning] read 88d30eec-cc6a-4690-af35-124acc2b5ec0 (length 32098) has no trained clipping model
[2025-07-09 17:04:31.296] [jointLog] [warning] read 88d30eec-cc6a-4690-af35-124acc2b5ec0 (length 32098) has no trained clipping model
[2025-07-09 17:04:31.297] [jointLog] [warning] read 0bdb53d2-133b-476d-8ce1-7dd284ac1e30 (length 23641) has no trained clipping model
[2025-07-09 17:04:31.297] [jointLog] [warning] read 247a3685-0a03-43bc-8add-ec67f143302e (length 24857 - align length 251) has no trained error model
[2025-07-09 17:04:31.297] [jointLog] [warning] read 247a3685-0a03-43bc-8add-ec67f143302e (length 24857) has no trained clipping model
[2025-07-09 17:04:31.297] [jointLog] [warning] read 247a3685-0a03-43bc-8add-ec67f143302e (length 24857) has no trained clipping model
[2025-07-09 17:04:31.297] [jointLog] [warning] read 9073527b-1bf7-4b81-9c5a-e2e300928cc1 (length 19361) has no trained clipping model
[2025-07-09 17:04:31.297] [jointLog] [warning] read dc1d5105-b869-4d84-bcac-a357a2d240fd (length 45346 - align length 58) has no trained error model
[2025-07-09 17:04:31.297] [jointLog] [warning] read dc1d5105-b869-4d84-bcac-a357a2d240fd (length 45346) has no trained clipping model
[2025-07-09 17:04:31.297] [jointLog] [warning] read dc1d5105-b869-4d84-bcac-a357a2d240fd (length 45346) has no trained clipping model
[2025-07-09 17:04:31.297] [jointLog] [warning] read b6584347-d5a2-44b6-9375-27b96a24586a (length 20863) has no trained clipping model
[2025-07-09 17:04:31.297] [jointLog] [warning] read e507dedf-aee2-43d4-90b7-1c96a262117c (length 26414) has no trained clipping model
[2025-07-09 17:04:31.297] [jointLog] [warning] read 8c759b3e-2c1d-4a1a-ae47-4a238bc93aaa (length 47176 - align length 56) has no trained error model
[2025-07-09 17:04:31.297] [jointLog] [warning] read 8c759b3e-2c1d-4a1a-ae47-4a238bc93aaa (length 47176) has no trained clipping model
[2025-07-09 17:04:31.297] [jointLog] [warning] read 8c759b3e-2c1d-4a1a-ae47-4a238bc93aaa (length 47176) has no trained clipping model
[2025-07-09 17:04:31.297] [jointLog] [warning] read dcc3c73e-e668-4227-84f5-41770977ee8a (length 47257 - align length 960) has no trained error model
[2025-07-09 17:04:31.297] [jointLog] [warning] read dcc3c73e-e668-4227-84f5-41770977ee8a (length 47257) has no trained clipping model
[2025-07-09 17:04:31.297] [jointLog] [warning] read dcc3c73e-e668-4227-84f5-41770977ee8a (length 47257) has no trained clipping model
[2025-07-09 17:04:31.297] [jointLog] [warning] read 92c3f387-456d-4545-ba8b-aff037264848 (length 37097) has no trained clipping model
[2025-07-09 17:04:31.297] [jointLog] [warning] read 12abdb5b-2bf4-4a52-a5ad-9202b4560bf5 (length 12866) has no trained clipping model
[2025-07-09 17:04:31.297] [jointLog] [warning] read aaa4008e-9572-4592-b29a-41d79e60021a (length 37346 - align length 4890) has no trained error model
[2025-07-09 17:04:31.297] [jointLog] [warning] read aaa4008e-9572-4592-b29a-41d79e60021a (length 37346) has no trained clipping model
[2025-07-09 17:04:31.297] [jointLog] [warning] read aaa4008e-9572-4592-b29a-41d79e60021a (length 37346) has no trained clipping model
[2025-07-09 17:04:31.298] [jointLog] [warning] read 4f79369d-de05-4506-a05c-288fda506e2e (length 46348 - align length 55) has no trained error model
[2025-07-09 17:04:31.298] [jointLog] [warning] read 4f79369d-de05-4506-a05c-288fda506e2e (length 46348) has no trained clipping model
[2025-07-09 17:04:31.298] [jointLog] [warning] read 4f79369d-de05-4506-a05c-288fda506e2e (length 46348) has no trained clipping model
[2025-07-09 17:04:31.298] [jointLog] [warning] read df98f1ef-c113-4923-9f55-1f9c7e681aa0 (length 38255 - align length 676) has no trained error model
[2025-07-09 17:04:31.298] [jointLog] [warning] read df98f1ef-c113-4923-9f55-1f9c7e681aa0 (length 38255) has no trained clipping model
[2025-07-09 17:04:31.298] [jointLog] [warning] read df98f1ef-c113-4923-9f55-1f9c7e681aa0 (length 38255) has no trained clipping model
[2025-07-09 17:04:31.298] [jointLog] [warning] read 7c60a040-7815-4292-86c5-408f45ce7ce0 (length 31785 - align length 55) has no trained error model
[2025-07-09 17:04:31.298] [jointLog] [warning] read 7c60a040-7815-4292-86c5-408f45ce7ce0 (length 31785) has no trained clipping model
[2025-07-09 17:04:31.298] [jointLog] [warning] read 7c60a040-7815-4292-86c5-408f45ce7ce0 (length 31785) has no trained clipping model
[2025-07-09 17:04:31.298] [jointLog] [warning] read be8072da-7d1e-4853-8ca7-7261d99fc249 (length 21876 - align length 54) has no trained error model
[2025-07-09 17:04:31.298] [jointLog] [warning] read be8072da-7d1e-4853-8ca7-7261d99fc249 (length 21876) has no trained clipping model
[2025-07-09 17:04:31.298] [jointLog] [warning] read be8072da-7d1e-4853-8ca7-7261d99fc249 (length 21876) has no trained clipping model
[2025-07-09 17:04:31.298] [jointLog] [warning] read cf34d9bd-315f-45a5-9591-4385dc518cfa (length 36042 - align length 387) has no trained error model
[2025-07-09 17:04:31.298] [jointLog] [warning] read cf34d9bd-315f-45a5-9591-4385dc518cfa (length 36042) has no trained clipping model
[2025-07-09 17:04:31.298] [jointLog] [warning] read cf34d9bd-315f-45a5-9591-4385dc518cfa (length 36042) has no trained clipping model
[2025-07-09 17:04:31.355] [jointLog] [warning] (in update()) CIGAR string for read [5f9d0f3f-b084-4794-84e6-9da2211f9772] seems inconsistent. It implied an error rate greater than 1: 1.33644 0.000285714 0.0188571
[2025-07-09 17:04:31.384] [jointLog] [warning] (in update()) CIGAR string for read [1e715278-5d3b-4c88-b4ea-c99dfc2d0381] seems inconsistent. It implied an error rate greater than 1: 1.01323 0.0103627 0.0103627
[2025-07-09 17:04:32.206] [fileLog] [info] quantification processed 3000000 fragments so far

[2025-07-09 17:04:32.060] [jointLog] [warning] read bd8691b7-7c1f-4e04-b76f-8819f0769541 (length 11642 - align length 11596) has no trained error model
[2025-07-09 17:04:32.080] [jointLog] [warning] read 210389d0-a1c1-4960-88e5-ff99fa145001 (length 13102 - align length 12994) has no trained error model
[2025-07-09 17:04:32.523] [jointLog] [warning] (in update()) CIGAR string for read [180eb807-d809-487b-bcb1-106b2397ec04] seems inconsistent. It implied an error rate greater than 1: 1.37184 0.00147623 0.0044287
[2025-07-09 17:04:32.625] [jointLog] [warning] read 6965321b-b2ab-4921-812e-ab8bcd91d37e (length 36490 - align length 50) has no trained error model
[2025-07-09 17:04:32.625] [jointLog] [warning] read 6965321b-b2ab-4921-812e-ab8bcd91d37e (length 36490) has no trained clipping model
[2025-07-09 17:04:32.625] [jointLog] [warning] read 6965321b-b2ab-4921-812e-ab8bcd91d37e (length 36490) has no trained clipping model
[2025-07-09 17:04:32.625] [jointLog] [warning] read a6e5ea03-703c-4532-b8a0-7c6c1608deba (length 33043 - align length 76) has no trained error model
[2025-07-09 17:04:32.625] [jointLog] [warning] read a6e5ea03-703c-4532-b8a0-7c6c1608deba (length 33043) has no trained clipping model
[2025-07-09 17:04:32.625] [jointLog] [warning] read a6e5ea03-703c-4532-b8a0-7c6c1608deba (length 33043) has no trained clipping model
[2025-07-09 17:04:32.625] [jointLog] [warning] read 02ace658-f52a-4a01-ad54-0cfb0688e464 (length 36407) has no trained clipping model
[2025-07-09 17:04:32.625] [jointLog] [warning] read 21426e16-83e0-4dd6-8e68-4fb46c3c1bd9 (length 25230) has no trained clipping model
[2025-07-09 17:04:32.625] [jointLog] [warning] read f58fd4ef-5b8a-4d50-a71f-21cbfa8d5b0b (length 33500 - align length 341) has no trained error model
[2025-07-09 17:04:32.625] [jointLog] [warning] read f58fd4ef-5b8a-4d50-a71f-21cbfa8d5b0b (length 33500) has no trained clipping model
[2025-07-09 17:04:32.625] [jointLog] [warning] read f58fd4ef-5b8a-4d50-a71f-21cbfa8d5b0b (length 33500) has no trained clipping model
[2025-07-09 17:04:32.625] [jointLog] [warning] read 5cee60b1-15ae-4f12-8ce9-f7a8d8c3057d (length 47849 - align length 586) has no trained error model
[2025-07-09 17:04:32.625] [jointLog] [warning] read 5cee60b1-15ae-4f12-8ce9-f7a8d8c3057d (length 47849) has no trained clipping model
[2025-07-09 17:04:32.626] [jointLog] [warning] read 5cee60b1-15ae-4f12-8ce9-f7a8d8c3057d (length 47849) has no trained clipping model
[2025-07-09 17:04:32.626] [jointLog] [warning] read 3019e2dd-9915-4a01-bfa6-1a199df4e5e2 (length 30890 - align length 57) has no trained error model
[2025-07-09 17:04:32.626] [jointLog] [warning] read 3019e2dd-9915-4a01-bfa6-1a199df4e5e2 (length 30890) has no trained clipping model
[2025-07-09 17:04:32.626] [jointLog] [warning] read 3019e2dd-9915-4a01-bfa6-1a199df4e5e2 (length 30890) has no trained clipping model
[2025-07-09 17:04:32.626] [jointLog] [warning] read 0e03590a-65f5-414a-9c59-9a2674f0d8ba (length 36936 - align length 297) has no trained error model
[2025-07-09 17:04:32.626] [jointLog] [warning] read 0e03590a-65f5-414a-9c59-9a2674f0d8ba (length 36936) has no trained clipping model
[2025-07-09 17:04:32.626] [jointLog] [warning] read 0e03590a-65f5-414a-9c59-9a2674f0d8ba (length 36936) has no trained clipping model
[2025-07-09 17:04:32.626] [jointLog] [warning] read 7f9ccf6e-eca9-45df-912c-beb31290fc7a (length 32776 - align length 304) has no trained error model
[2025-07-09 17:04:32.626] [jointLog] [warning] read 7f9ccf6e-eca9-45df-912c-beb31290fc7a (length 32776) has no trained clipping model
[2025-07-09 17:04:32.626] [jointLog] [warning] read 7f9ccf6e-eca9-45df-912c-beb31290fc7a (length 32776) has no trained clipping model
[2025-07-09 17:04:32.626] [jointLog] [warning] read f0c6d3a0-51e3-4a60-8b08-f2e54751e222 (length 19080) has no trained clipping model
[2025-07-09 17:04:32.626] [jointLog] [warning] read 9e454631-04ea-4886-ad49-7d0eaad382c5 (length 32929 - align length 268) has no trained error model
[2025-07-09 17:04:32.626] [jointLog] [warning] read 9e454631-04ea-4886-ad49-7d0eaad382c5 (length 32929) has no trained clipping model
[2025-07-09 17:04:32.626] [jointLog] [warning] read 9e454631-04ea-4886-ad49-7d0eaad382c5 (length 32929) has no trained clipping model
[2025-07-09 17:04:32.626] [jointLog] [warning] read d29a5768-f004-4b3a-81e1-297492f9c931 (length 27122 - align length 59) has no trained error model
[2025-07-09 17:04:32.626] [jointLog] [warning] read d29a5768-f004-4b3a-81e1-297492f9c931 (length 27122) has no trained clipping model
[2025-07-09 17:04:32.626] [jointLog] [warning] read d29a5768-f004-4b3a-81e1-297492f9c931 (length 27122) has no trained clipping model
[2025-07-09 17:04:32.626] [jointLog] [warning] read 61179663-dc91-43d1-a73d-50f216dd7369 (length 46455 - align length 189) has no trained error model
[2025-07-09 17:04:32.626] [jointLog] [warning] read 61179663-dc91-43d1-a73d-50f216dd7369 (length 46455) has no trained clipping model
[2025-07-09 17:04:32.626] [jointLog] [warning] read 61179663-dc91-43d1-a73d-50f216dd7369 (length 46455) has no trained clipping model
[2025-07-09 17:04:32.626] [jointLog] [warning] read 57c346ce-666e-47b2-89dc-c08767512a09 (length 42678 - align length 51) has no trained error model
[2025-07-09 17:04:32.626] [jointLog] [warning] read 57c346ce-666e-47b2-89dc-c08767512a09 (length 42678) has no trained clipping model
[2025-07-09 17:04:32.626] [jointLog] [warning] read 57c346ce-666e-47b2-89dc-c08767512a09 (length 42678) has no trained clipping model
[2025-07-09 17:04:32.626] [jointLog] [warning] read c371bc7a-d3fa-46dd-b4ae-c55c5f4212aa (length 45055 - align length 107) has no trained error model
[2025-07-09 17:04:32.626] [jointLog] [warning] read c371bc7a-d3fa-46dd-b4ae-c55c5f4212aa (length 45055) has no trained clipping model
[2025-07-09 17:04:32.626] [jointLog] [warning] read c371bc7a-d3fa-46dd-b4ae-c55c5f4212aa (length 45055) has no trained clipping model
[2025-07-09 17:04:32.626] [jointLog] [warning] read 66364b35-3cda-4414-92d2-605d56069de7 (length 40048 - align length 58) has no trained error model
[2025-07-09 17:04:32.626] [jointLog] [warning] read 66364b35-3cda-4414-92d2-605d56069de7 (length 40048) has no trained clipping model
[2025-07-09 17:04:32.626] [jointLog] [warning] read 66364b35-3cda-4414-92d2-605d56069de7 (length 40048) has no trained clipping model
[2025-07-09 17:04:32.626] [jointLog] [warning] read d1a164dc-b3a6-444f-9c2b-0ff2849c87c0 (length 43835 - align length 295) has no trained error model
[2025-07-09 17:04:32.626] [jointLog] [warning] read d1a164dc-b3a6-444f-9c2b-0ff2849c87c0 (length 43835) has no trained clipping model
[2025-07-09 17:04:32.626] [jointLog] [warning] read d1a164dc-b3a6-444f-9c2b-0ff2849c87c0 (length 43835) has no trained clipping model
[2025-07-09 17:04:32.626] [jointLog] [warning] read 138ad0c0-521d-4909-883c-3a60fda22099 (length 39025 - align length 1392) has no trained error model
[2025-07-09 17:04:32.626] [jointLog] [warning] read 138ad0c0-521d-4909-883c-3a60fda22099 (length 39025) has no trained clipping model
[2025-07-09 17:04:32.626] [jointLog] [warning] read 138ad0c0-521d-4909-883c-3a60fda22099 (length 39025) has no trained clipping model
[2025-07-09 17:04:32.626] [jointLog] [warning] read 9474c762-0db0-4bcf-9629-2120d4b7ad05 (length 38769 - align length 292) has no trained error model
[2025-07-09 17:04:32.626] [jointLog] [warning] read 9474c762-0db0-4bcf-9629-2120d4b7ad05 (length 38769) has no trained clipping model
[2025-07-09 17:04:32.626] [jointLog] [warning] read 9474c762-0db0-4bcf-9629-2120d4b7ad05 (length 38769) has no trained clipping model
[2025-07-09 17:04:32.627] [jointLog] [warning] read 49b64982-903d-405b-9ea6-7b3136051484 (length 11595 - align length 57) has no trained error model
[2025-07-09 17:04:32.627] [jointLog] [warning] read 49b64982-903d-405b-9ea6-7b3136051484 (length 11595) has no trained clipping model
[2025-07-09 17:04:32.627] [jointLog] [warning] read 49b64982-903d-405b-9ea6-7b3136051484 (length 11595) has no trained clipping model
[2025-07-09 17:04:32.627] [jointLog] [warning] read 8cfdb4dc-20bf-4368-b0e8-c0ce08cf8838 (length 39223 - align length 58) has no trained error model
[2025-07-09 17:04:32.627] [jointLog] [warning] read 8cfdb4dc-20bf-4368-b0e8-c0ce08cf8838 (length 39223) has no trained clipping model
[2025-07-09 17:04:32.627] [jointLog] [warning] read 8cfdb4dc-20bf-4368-b0e8-c0ce08cf8838 (length 39223) has no trained clipping model
[2025-07-09 17:04:32.627] [jointLog] [warning] read e53bcfb7-145c-4394-a0fd-688af8eed8e1 (length 37628 - align length 315) has no trained error model
[2025-07-09 17:04:32.627] [jointLog] [warning] read e53bcfb7-145c-4394-a0fd-688af8eed8e1 (length 37628) has no trained clipping model
[2025-07-09 17:04:32.627] [jointLog] [warning] read e53bcfb7-145c-4394-a0fd-688af8eed8e1 (length 37628) has no trained clipping model
[2025-07-09 17:04:32.627] [jointLog] [warning] read d924edc3-566f-4b45-849f-956caf2b0884 (length 24618) has no trained clipping model
[2025-07-09 17:04:32.627] [jointLog] [warning] read 50c1165d-2702-4b56-8319-505f4fd59340 (length 20490 - align length 470) has no trained error model
[2025-07-09 17:04:32.627] [jointLog] [warning] read 50c1165d-2702-4b56-8319-505f4fd59340 (length 20490) has no trained clipping model
[2025-07-09 17:04:32.627] [jointLog] [warning] read 50c1165d-2702-4b56-8319-505f4fd59340 (length 20490) has no trained clipping model
[2025-07-09 17:04:32.627] [jointLog] [warning] read 768c8fc8-b1b8-4880-a2e6-9b1e17558dd3 (length 46658 - align length 56) has no trained error model
[2025-07-09 17:04:32.627] [jointLog] [warning] read 768c8fc8-b1b8-4880-a2e6-9b1e17558dd3 (length 46658) has no trained clipping model
[2025-07-09 17:04:32.627] [jointLog] [warning] read 768c8fc8-b1b8-4880-a2e6-9b1e17558dd3 (length 46658) has no trained clipping model
[2025-07-09 17:04:32.627] [jointLog] [warning] read 6337984e-e93c-4052-b5ab-e62d54161550 (length 15739) has no trained clipping model
[2025-07-09 17:04:32.628] [jointLog] [warning] read 9897519a-fb20-4d45-9d6d-086abfa11eac (length 24414 - align length 1418) has no trained error model
[2025-07-09 17:04:32.628] [jointLog] [warning] read 9897519a-fb20-4d45-9d6d-086abfa11eac (length 24414) has no trained clipping model
[2025-07-09 17:04:32.628] [jointLog] [warning] read 9897519a-fb20-4d45-9d6d-086abfa11eac (length 24414) has no trained clipping model
[2025-07-09 17:04:32.628] [jointLog] [warning] read 8360dfe3-9227-4a79-b7b5-4481368da977 (length 14150 - align length 14047) has no trained error model
[2025-07-09 17:04:32.629] [jointLog] [warning] read e7102f21-dd89-450c-bfd7-3f0cfe4289ec (length 14281 - align length 14211) has no trained error model
[2025-07-09 17:04:32.629] [jointLog] [warning] read 9d7728e5-1d59-4a5a-ab7b-92a175d5f864 (length 24368) has no trained clipping model
[2025-07-09 17:04:32.629] [jointLog] [warning] read 85804c92-840d-4b8d-83e7-7e4c80e3442e (length 26555 - align length 495) has no trained error model
[2025-07-09 17:04:32.629] [jointLog] [warning] read 85804c92-840d-4b8d-83e7-7e4c80e3442e (length 26555) has no trained clipping model
[2025-07-09 17:04:32.629] [jointLog] [warning] read 85804c92-840d-4b8d-83e7-7e4c80e3442e (length 26555) has no trained clipping model
[2025-07-09 17:04:32.629] [jointLog] [warning] read 19a3a448-c9f1-4b13-a94a-f6bd7bfc98fb (length 26324 - align length 299) has no trained error model
[2025-07-09 17:04:32.629] [jointLog] [warning] read 19a3a448-c9f1-4b13-a94a-f6bd7bfc98fb (length 26324) has no trained clipping model
[2025-07-09 17:04:32.629] [jointLog] [warning] read 19a3a448-c9f1-4b13-a94a-f6bd7bfc98fb (length 26324) has no trained clipping model
[2025-07-09 17:04:32.629] [jointLog] [warning] read 97dd6ffd-2346-4cc1-9528-058f8d768273 (length 19874 - align length 112) has no trained error model
[2025-07-09 17:04:32.629] [jointLog] [warning] read 97dd6ffd-2346-4cc1-9528-058f8d768273 (length 19874) has no trained clipping model
[2025-07-09 17:04:32.629] [jointLog] [warning] read 97dd6ffd-2346-4cc1-9528-058f8d768273 (length 19874) has no trained clipping model
[2025-07-09 17:04:32.629] [jointLog] [warning] read 217c8f83-f0aa-4a1d-9c68-7f17ab51c875 (length 49123) has no trained clipping model
[2025-07-09 17:04:32.629] [jointLog] [warning] read b6ced2c2-2f5a-40e1-86cb-fa5892a75504 (length 44926 - align length 279) has no trained error model
[2025-07-09 17:04:32.629] [jointLog] [warning] read b6ced2c2-2f5a-40e1-86cb-fa5892a75504 (length 44926) has no trained clipping model
[2025-07-09 17:04:32.629] [jointLog] [warning] read b6ced2c2-2f5a-40e1-86cb-fa5892a75504 (length 44926) has no trained clipping model
[2025-07-09 17:04:32.629] [jointLog] [warning] read 6ce08511-eed4-4413-a997-a8978550a3ce (length 13528 - align length 13503) has no trained error model
[2025-07-09 17:04:32.629] [jointLog] [warning] read 4770bd61-3141-4f03-9190-997d2a446f4b (length 13774 - align length 13706) has no trained error model
[2025-07-09 17:04:32.629] [jointLog] [warning] read 808ff1bd-f0d8-4575-8fae-d8123252ca59 (length 49202 - align length 683) has no trained error model
[2025-07-09 17:04:32.629] [jointLog] [warning] read 808ff1bd-f0d8-4575-8fae-d8123252ca59 (length 49202) has no trained clipping model
[2025-07-09 17:04:32.629] [jointLog] [warning] read 808ff1bd-f0d8-4575-8fae-d8123252ca59 (length 49202) has no trained clipping model
[2025-07-09 17:04:32.629] [jointLog] [warning] read 1e4cea52-4e1c-4d8e-a05b-8f83ec9fed3f (length 25164 - align length 58) has no trained error model
[2025-07-09 17:04:32.629] [jointLog] [warning] read 1e4cea52-4e1c-4d8e-a05b-8f83ec9fed3f (length 25164) has no trained clipping model
[2025-07-09 17:04:32.629] [jointLog] [warning] read 1e4cea52-4e1c-4d8e-a05b-8f83ec9fed3f (length 25164) has no trained clipping model
[2025-07-09 17:04:32.630] [jointLog] [warning] read 91b9f383-fbeb-4e69-9150-59c89604f8c5 (length 42467 - align length 59) has no trained error model
[2025-07-09 17:04:32.630] [jointLog] [warning] read 91b9f383-fbeb-4e69-9150-59c89604f8c5 (length 42467) has no trained clipping model
[2025-07-09 17:04:32.630] [jointLog] [warning] read 91b9f383-fbeb-4e69-9150-59c89604f8c5 (length 42467) has no trained clipping model
[2025-07-09 17:04:32.630] [jointLog] [warning] read 57f9db3f-27ec-4099-9a37-b0324e72ea2a (length 24103 - align length 58) has no trained error model
[2025-07-09 17:04:32.630] [jointLog] [warning] read 57f9db3f-27ec-4099-9a37-b0324e72ea2a (length 24103) has no trained clipping model
[2025-07-09 17:04:32.630] [jointLog] [warning] read 57f9db3f-27ec-4099-9a37-b0324e72ea2a (length 24103) has no trained clipping model
[2025-07-09 17:04:32.630] [jointLog] [warning] read f5ba5176-3cda-4707-a8b5-0bd9c78ce015 (length 30975 - align length 126) has no trained error model
[2025-07-09 17:04:32.630] [jointLog] [warning] read f5ba5176-3cda-4707-a8b5-0bd9c78ce015 (length 30975) has no trained clipping model
[2025-07-09 17:04:32.630] [jointLog] [warning] read f5ba5176-3cda-4707-a8b5-0bd9c78ce015 (length 30975) has no trained clipping model
[2025-07-09 17:04:32.630] [jointLog] [warning] read 5ca3f20b-97cf-41b8-bc9f-68b0304044fc (length 43498 - align length 54) has no trained error model
[2025-07-09 17:04:32.630] [jointLog] [warning] read 5ca3f20b-97cf-41b8-bc9f-68b0304044fc (length 43498) has no trained clipping model
[2025-07-09 17:04:32.630] [jointLog] [warning] read 5ca3f20b-97cf-41b8-bc9f-68b0304044fc (length 43498) has no trained clipping model
[2025-07-09 17:04:32.630] [jointLog] [warning] read 52259080-4cc7-421b-b7a8-2ffaaaae2250 (length 15568 - align length 15091) has no trained error model
[2025-07-09 17:04:32.630] [jointLog] [warning] read fa9c0c14-54bf-44a1-a057-6bf91090ac42 (length 44847) has no trained clipping model
[2025-07-09 17:04:32.631] [jointLog] [warning] read 853dea72-c005-4057-9b7e-2bf0091fee81 (length 36794 - align length 44) has no trained error model
[2025-07-09 17:04:32.631] [jointLog] [warning] read 853dea72-c005-4057-9b7e-2bf0091fee81 (length 36794) has no trained clipping model
[2025-07-09 17:04:32.631] [jointLog] [warning] read 853dea72-c005-4057-9b7e-2bf0091fee81 (length 36794) has no trained clipping model
[2025-07-09 17:04:32.631] [jointLog] [warning] read 24e95402-fc6b-4a58-a0f0-bd2f70905cde (length 37804 - align length 961) has no trained error model
[2025-07-09 17:04:32.631] [jointLog] [warning] read 24e95402-fc6b-4a58-a0f0-bd2f70905cde (length 37804) has no trained clipping model
[2025-07-09 17:04:32.631] [jointLog] [warning] read 24e95402-fc6b-4a58-a0f0-bd2f70905cde (length 37804) has no trained clipping model
[2025-07-09 17:04:32.631] [jointLog] [warning] read 21d97888-9364-48fd-b563-4a7242896d56 (length 16311 - align length 12171) has no trained error model
[2025-07-09 17:04:32.631] [jointLog] [warning] read db39e3b4-47e0-4bdc-b2a7-f9d10340cb02 (length 23896) has no trained clipping model
[2025-07-09 17:04:32.631] [jointLog] [warning] read 5ba6e746-0702-4e74-b3f8-988710f31558 (length 49808 - align length 695) has no trained error model
[2025-07-09 17:04:32.631] [jointLog] [warning] read 5ba6e746-0702-4e74-b3f8-988710f31558 (length 49808) has no trained clipping model
[2025-07-09 17:04:32.631] [jointLog] [warning] read 5ba6e746-0702-4e74-b3f8-988710f31558 (length 49808) has no trained clipping model
[2025-07-09 17:04:32.682] [jointLog] [warning] (in update()) CIGAR string for read [d676a8d7-ca1d-4b74-8624-f169fa928ef6] seems inconsistent. It implied an error rate greater than 1: 1.25568 0.0108893 0.030853
[2025-07-09 17:04:32.750] [jointLog] [warning] (in update()) CIGAR string for read [92c86711-ab3a-44cd-a8cb-0eb2b5d1dd08] seems inconsistent. It implied an error rate greater than 1: 1.17636 0.0124555 0.0088968
[2025-07-09 17:04:32.805] [jointLog] [warning] (in update()) CIGAR string for read [b800112e-7ac8-4311-b19c-e69cfc8c568d] seems inconsistent. It implied an error rate greater than 1: 1.37747 0 0
[2025-07-09 17:04:32.840] [jointLog] [warning] (in update()) CIGAR string for read [664f60bd-bd15-443b-98f8-d363a375e36a] seems inconsistent. It implied an error rate greater than 1: 1.37482 0.000872093 0.0110465
[2025-07-09 17:04:33.206] [jointLog] [warning] (in update()) CIGAR string for read [304d7a72-5cd5-4d71-8aec-e760240bfc92] seems inconsistent. It implied an error rate greater than 1: 1.35803 0.00351803 0.00322486
[2025-07-09 17:04:33.252] [jointLog] [warning] (in update()) CIGAR string for read [3e7ff872-a14e-445c-a826-50d3b520d494] seems inconsistent. It implied an error rate greater than 1: 1.00666 0.0941307 0.0741971
[2025-07-09 17:04:33.421] [jointLog] [warning] (in update()) CIGAR string for read [b4ae28b7-16a4-4772-bc6f-8f776d8987ea] seems inconsistent. It implied an error rate greater than 1: 1.01764 0 0.00150981
[2025-07-09 17:04:33.749] [jointLog] [warning] (in update()) CIGAR string for read [8d943b68-7c44-48e2-996f-ff08d1e8a537] seems inconsistent. It implied an error rate greater than 1: 1.3574 0.000293083 0.00498242
[2025-07-09 17:04:34.033] [jointLog] [warning] (in update()) CIGAR string for read [3884f9fe-891f-4bf6-9095-d3f9c8bf7f0c] seems inconsistent. It implied an error rate greater than 1: 1.19178 0.00256191 0
[2025-07-09 17:04:34.082] [jointLog] [warning] (in update()) CIGAR string for read [4258a023-35bd-4738-8a3f-af52c991750e] seems inconsistent. It implied an error rate greater than 1: 1.376 0 0.00914454
[2025-07-09 17:04:34.706] [jointLog] [warning] (in update()) CIGAR string for read [1b17d7d5-f132-4052-8954-f259f40b4967] seems inconsistent. It implied an error rate greater than 1: 2.07814 0 0
[2025-07-09 17:04:35.148] [jointLog] [warning] (in update()) CIGAR string for read [8c38a24a-81e8-44a0-9a67-2327c1093b9c] seems inconsistent. It implied an error rate greater than 1: 1.19045 0 0.0348339
[2025-07-09 17:04:35.626] [jointLog] [warning] (in update()) CIGAR string for read [3f0eedba-2881-46c0-89a8-8eba47050267] seems inconsistent. It implied an error rate greater than 1: 1.35402 0 0.00762463
[2025-07-09 17:04:35.879] [jointLog] [warning] (in update()) CIGAR string for read [92bc55eb-ae4a-423e-b201-2332416a4ea6] seems inconsistent. It implied an error rate greater than 1: 1.68397 0 0.0343324
[2025-07-09 17:04:36.225] [jointLog] [warning] (in update()) CIGAR string for read [aca7c719-933b-442b-aadd-65291a0405ec] seems inconsistent. It implied an error rate greater than 1: 1.3756 0 0.00567673
[2025-07-09 17:04:36.239] [jointLog] [warning] (in update()) CIGAR string for read [2383c387-cac5-4c6d-9029-0a24a301d661] seems inconsistent. It implied an error rate greater than 1: 1.56931 0 0.00615006
[2025-07-09 17:04:36.247] [jointLog] [warning] (in update()) CIGAR string for read [9a6ceb38-7cd7-4cc7-9ad7-1258f8ed2793] seems inconsistent. It implied an error rate greater than 1: 1.23721 0.00516917 0.0300752
[2025-07-09 17:04:36.602] [jointLog] [warning] (in update()) CIGAR string for read [d3d0fb38-cc10-4df7-bf7a-2d4c1e56c29b] seems inconsistent. It implied an error rate greater than 1: 1.37474 0.000589623 0.00501179
[2025-07-09 17:04:36.745] [jointLog] [warning] (in update()) CIGAR string for read [c63f9c78-6036-4390-b97d-372f93823e5c] seems inconsistent. It implied an error rate greater than 1: 1.11092 0.108984 0.0279823
[2025-07-09 17:04:36.828] [jointLog] [warning] (in update()) CIGAR string for read [470915f0-ed61-4188-8066-e3d959ba27a6] seems inconsistent. It implied an error rate greater than 1: 1.37026 0 0.00386675
[2025-07-09 17:04:36.882] [jointLog] [warning] (in update()) CIGAR string for read [80f16736-8661-4e25-aaff-91331fd47b85] seems inconsistent. It implied an error rate greater than 1: 1.25 0.00560748 0.0224299
[2025-07-09 17:04:36.882] [jointLog] [warning] (in update()) CIGAR string for read [b238ab05-83b3-44af-944f-4ac66a30e1fe] seems inconsistent. It implied an error rate greater than 1: 1.81753 0.00267125 0.0175539
[2025-07-09 17:04:36.692] [fileLog] [info] quantification processed 4000000 fragments so far

[2025-07-09 17:04:37.108] [jointLog] [warning] (in update()) CIGAR string for read [8f35ad19-4657-44a1-bf50-c76c32c35da8] seems inconsistent. It implied an error rate greater than 1: 1.13322 0.00681431 0.00851789
[2025-07-09 17:04:37.201] [jointLog] [warning] (in update()) CIGAR string for read [dc1a5eed-bae2-4f4c-8474-5baf8b84944c] seems inconsistent. It implied an error rate greater than 1: 1.0354 0.00214746 0.350752
[2025-07-09 17:04:37.257] [jointLog] [warning] (in update()) CIGAR string for read [d4202e2a-d420-445c-8df4-bbb538de9a88] seems inconsistent. It implied an error rate greater than 1: 1.01333 0.00393701 0.011811
[2025-07-09 17:04:37.309] [jointLog] [warning] read 086d7d15-3a5e-4d17-8468-5285ce927b06 (length 36140 - align length 43) has no trained error model
[2025-07-09 17:04:37.309] [jointLog] [warning] read 086d7d15-3a5e-4d17-8468-5285ce927b06 (length 36140) has no trained clipping model
[2025-07-09 17:04:37.309] [jointLog] [warning] read 086d7d15-3a5e-4d17-8468-5285ce927b06 (length 36140) has no trained clipping model
[2025-07-09 17:04:37.309] [jointLog] [warning] read 1a294621-d74b-47a4-8ffc-6a5cdc6f449e (length 22028 - align length 54) has no trained error model
[2025-07-09 17:04:37.309] [jointLog] [warning] read 1a294621-d74b-47a4-8ffc-6a5cdc6f449e (length 22028) has no trained clipping model
[2025-07-09 17:04:37.309] [jointLog] [warning] read 1a294621-d74b-47a4-8ffc-6a5cdc6f449e (length 22028) has no trained clipping model
[2025-07-09 17:04:37.354] [jointLog] [warning] read 38fdb80d-ed25-4e3c-8dc4-d64c6d129cc3 (length 24973 - align length 265) has no trained error model
[2025-07-09 17:04:37.354] [jointLog] [warning] read 38fdb80d-ed25-4e3c-8dc4-d64c6d129cc3 (length 24973) has no trained clipping model
[2025-07-09 17:04:37.354] [jointLog] [warning] read 38fdb80d-ed25-4e3c-8dc4-d64c6d129cc3 (length 24973) has no trained clipping model
[2025-07-09 17:04:37.354] [jointLog] [warning] read 5a8660ad-ab4b-44f7-9e1e-41065e21e9f6 (length 28401 - align length 1305) has no trained error model
[2025-07-09 17:04:37.354] [jointLog] [warning] read 5a8660ad-ab4b-44f7-9e1e-41065e21e9f6 (length 28401) has no trained clipping model
[2025-07-09 17:04:37.354] [jointLog] [warning] read 5a8660ad-ab4b-44f7-9e1e-41065e21e9f6 (length 28401) has no trained clipping model
[2025-07-09 17:04:37.354] [jointLog] [warning] read 8c078a08-8d61-4494-9a35-decb1ed75dec (length 41547 - align length 1201) has no trained error model
[2025-07-09 17:04:37.354] [jointLog] [warning] read 8c078a08-8d61-4494-9a35-decb1ed75dec (length 41547) has no trained clipping model
[2025-07-09 17:04:37.354] [jointLog] [warning] read 8c078a08-8d61-4494-9a35-decb1ed75dec (length 41547) has no trained clipping model
[2025-07-09 17:04:37.354] [jointLog] [warning] read 9b768a3a-90d1-4609-8a3b-5f3b0da7603a (length 39582 - align length 56) has no trained error model
[2025-07-09 17:04:37.354] [jointLog] [warning] read 9b768a3a-90d1-4609-8a3b-5f3b0da7603a (length 39582) has no trained clipping model
[2025-07-09 17:04:37.354] [jointLog] [warning] read 9b768a3a-90d1-4609-8a3b-5f3b0da7603a (length 39582) has no trained clipping model
[2025-07-09 17:04:37.354] [jointLog] [warning] read 4f91ff17-955d-4aa5-a648-9f6aef477544 (length 21528 - align length 62) has no trained error model
[2025-07-09 17:04:37.354] [jointLog] [warning] read 4f91ff17-955d-4aa5-a648-9f6aef477544 (length 21528) has no trained clipping model
[2025-07-09 17:04:37.354] [jointLog] [warning] read 4f91ff17-955d-4aa5-a648-9f6aef477544 (length 21528) has no trained clipping model
[2025-07-09 17:04:37.354] [jointLog] [warning] read 59c3b1da-3b0b-4c20-8ce1-6ada786e795f (length 33929 - align length 168) has no trained error model
[2025-07-09 17:04:37.354] [jointLog] [warning] read 59c3b1da-3b0b-4c20-8ce1-6ada786e795f (length 33929) has no trained clipping model
[2025-07-09 17:04:37.354] [jointLog] [warning] read 59c3b1da-3b0b-4c20-8ce1-6ada786e795f (length 33929) has no trained clipping model
[2025-07-09 17:04:37.354] [jointLog] [warning] read 6a5dafd4-146b-48cf-8b47-bae9509d2f4b (length 34146 - align length 54) has no trained error model
[2025-07-09 17:04:37.354] [jointLog] [warning] read 6a5dafd4-146b-48cf-8b47-bae9509d2f4b (length 34146) has no trained clipping model
[2025-07-09 17:04:37.354] [jointLog] [warning] read 6a5dafd4-146b-48cf-8b47-bae9509d2f4b (length 34146) has no trained clipping model
[2025-07-09 17:04:37.355] [jointLog] [warning] read 9ebc7e8c-3d62-429e-a488-a4ec25d24e5a (length 42954 - align length 1316) has no trained error model
[2025-07-09 17:04:37.355] [jointLog] [warning] read 9ebc7e8c-3d62-429e-a488-a4ec25d24e5a (length 42954) has no trained clipping model
[2025-07-09 17:04:37.355] [jointLog] [warning] read 9ebc7e8c-3d62-429e-a488-a4ec25d24e5a (length 42954) has no trained clipping model
[2025-07-09 17:04:37.355] [jointLog] [warning] read 7d70a4e9-9206-4d66-b5b8-b30925a7ed8f (length 23099 - align length 532) has no trained error model
[2025-07-09 17:04:37.355] [jointLog] [warning] read 7d70a4e9-9206-4d66-b5b8-b30925a7ed8f (length 23099) has no trained clipping model
[2025-07-09 17:04:37.355] [jointLog] [warning] read 7d70a4e9-9206-4d66-b5b8-b30925a7ed8f (length 23099) has no trained clipping model
[2025-07-09 17:04:37.355] [jointLog] [warning] read b147e5e1-fcf7-45d0-ac03-f1229b567d92 (length 16360 - align length 16289) has no trained error model
[2025-07-09 17:04:37.355] [jointLog] [warning] read 929433f4-327a-4bbd-8ef0-e726ed8fe616 (length 47319 - align length 58) has no trained error model
[2025-07-09 17:04:37.355] [jointLog] [warning] read 929433f4-327a-4bbd-8ef0-e726ed8fe616 (length 47319) has no trained clipping model
[2025-07-09 17:04:37.355] [jointLog] [warning] read 929433f4-327a-4bbd-8ef0-e726ed8fe616 (length 47319) has no trained clipping model
[2025-07-09 17:04:37.355] [jointLog] [warning] read e6bf1b16-e7b7-49f4-8dc6-c3a40b6fd038 (length 39469 - align length 58) has no trained error model
[2025-07-09 17:04:37.355] [jointLog] [warning] read e6bf1b16-e7b7-49f4-8dc6-c3a40b6fd038 (length 39469) has no trained clipping model
[2025-07-09 17:04:37.355] [jointLog] [warning] read e6bf1b16-e7b7-49f4-8dc6-c3a40b6fd038 (length 39469) has no trained clipping model
[2025-07-09 17:04:37.355] [jointLog] [warning] read 20974ace-b688-42d7-a1e3-962f4503af56 (length 25378 - align length 620) has no trained error model
[2025-07-09 17:04:37.355] [jointLog] [warning] read 20974ace-b688-42d7-a1e3-962f4503af56 (length 25378) has no trained clipping model
[2025-07-09 17:04:37.355] [jointLog] [warning] read 20974ace-b688-42d7-a1e3-962f4503af56 (length 25378) has no trained clipping model
[2025-07-09 17:04:37.355] [jointLog] [warning] read fd2315a8-a29b-42f3-b6be-4b65e9678fda (length 42552 - align length 587) has no trained error model
[2025-07-09 17:04:37.355] [jointLog] [warning] read fd2315a8-a29b-42f3-b6be-4b65e9678fda (length 42552) has no trained clipping model
[2025-07-09 17:04:37.355] [jointLog] [warning] read fd2315a8-a29b-42f3-b6be-4b65e9678fda (length 42552) has no trained clipping model
[2025-07-09 17:04:37.355] [jointLog] [warning] read c26806e0-f4b8-4762-a779-1e3ab3df16e8 (length 44816) has no trained clipping model
[2025-07-09 17:04:37.356] [jointLog] [warning] read b80434a1-0455-479a-a543-9bad5885d68e (length 14694 - align length 14694) has no trained error model
[2025-07-09 17:04:37.356] [jointLog] [warning] read 2d09c84b-5f75-48c6-8bd6-3ca40b1fb437 (length 43984 - align length 58) has no trained error model
[2025-07-09 17:04:37.356] [jointLog] [warning] read 2d09c84b-5f75-48c6-8bd6-3ca40b1fb437 (length 43984) has no trained clipping model
[2025-07-09 17:04:37.356] [jointLog] [warning] read 2d09c84b-5f75-48c6-8bd6-3ca40b1fb437 (length 43984) has no trained clipping model
[2025-07-09 17:04:37.356] [jointLog] [warning] read 0611d01c-77c7-4881-9b97-c910e0414155 (length 21163) has no trained clipping model
[2025-07-09 17:04:37.356] [jointLog] [warning] read 3ffd975f-e509-4049-9c4d-24052793fc81 (length 32712) has no trained clipping model
[2025-07-09 17:04:37.356] [jointLog] [warning] read 3d35e62b-8c7a-41c4-b00e-797112cdb568 (length 21187) has no trained clipping model
[2025-07-09 17:04:37.356] [jointLog] [warning] read 8ce3faf1-2a3e-449e-8a08-1265301d6f13 (length 21250 - align length 924) has no trained error model
[2025-07-09 17:04:37.356] [jointLog] [warning] read 8ce3faf1-2a3e-449e-8a08-1265301d6f13 (length 21250) has no trained clipping model
[2025-07-09 17:04:37.356] [jointLog] [warning] read 8ce3faf1-2a3e-449e-8a08-1265301d6f13 (length 21250) has no trained clipping model
[2025-07-09 17:04:37.356] [jointLog] [warning] read 934923e4-7502-4e4a-8b3b-912a050d2855 (length 21119) has no trained clipping model
[2025-07-09 17:04:37.357] [jointLog] [warning] read 4acb83b2-9523-4316-bd2c-e483a5da577d (length 21419 - align length 133) has no trained error model
[2025-07-09 17:04:37.357] [jointLog] [warning] read 4acb83b2-9523-4316-bd2c-e483a5da577d (length 21419) has no trained clipping model
[2025-07-09 17:04:37.357] [jointLog] [warning] read 4acb83b2-9523-4316-bd2c-e483a5da577d (length 21419) has no trained clipping model
[2025-07-09 17:04:37.508] [jointLog] [warning] (in update()) CIGAR string for read [166e1648-db76-437d-930b-093d7e44c1ed] seems inconsistent. It implied an error rate greater than 1: 1.66622 0.000635728 0.058487
[2025-07-09 17:04:37.696] [jointLog] [warning] (in update()) CIGAR string for read [ad9a5a0c-3270-47b9-a60b-05b67453122f] seems inconsistent. It implied an error rate greater than 1: 1.29313 0.00635593 0.0275424
[2025-07-09 17:04:37.776] [jointLog] [warning] (in update()) CIGAR string for read [81d8a847-9182-4956-9c6f-a31669226e99] seems inconsistent. It implied an error rate greater than 1: 1.34437 0 0.0118737
[2025-07-09 17:04:37.913] [jointLog] [warning] read e1da80a5-bad3-49b3-bd19-7dd5a078d63b (length 12618 - align length 12587) has no trained error model
[2025-07-09 17:04:38.078] [jointLog] [warning] (in update()) CIGAR string for read [8bfe05f8-288b-48e2-b2d3-810e07e9b791] seems inconsistent. It implied an error rate greater than 1: 1.36288 0 0.0125878
[2025-07-09 17:04:38.135] [jointLog] [warning] (in update()) CIGAR string for read [901c00f0-c77e-43f9-a999-1793dd822833] seems inconsistent. It implied an error rate greater than 1: 1.37118 0 0.00266115
[2025-07-09 17:04:38.309] [jointLog] [warning] (in update()) CIGAR string for read [8936ee0e-258d-40c5-9759-c411c76a2580] seems inconsistent. It implied an error rate greater than 1: 1.1409 0.0151111 0.0417778
[2025-07-09 17:04:38.319] [jointLog] [warning] (in update()) CIGAR string for read [aea6652b-2944-4dae-9e0e-73ad8a1c1fb9] seems inconsistent. It implied an error rate greater than 1: 1.07411 0 0.0316104
[2025-07-09 17:04:38.371] [jointLog] [warning] (in update()) CIGAR string for read [3fa04c07-007d-49f8-b7e4-52ff5f3cb04c] seems inconsistent. It implied an error rate greater than 1: 1.30972 0.000466418 0.0447761
[2025-07-09 17:04:38.393] [jointLog] [warning] (in update()) CIGAR string for read [7385c1b0-5b62-49b7-80be-74fb75ea312d] seems inconsistent. It implied an error rate greater than 1: 1.17657 0.003367 0.03367
[2025-07-09 17:04:38.589] [jointLog] [warning] (in update()) CIGAR string for read [916a35e7-57d0-435c-bf24-336fd6a6c469] seems inconsistent. It implied an error rate greater than 1: 1.06667 0.00315956 0.0252765
[2025-07-09 17:04:38.733] [jointLog] [warning] (in update()) CIGAR string for read [d1508b1e-ea9b-466b-ae14-31588bc7695e] seems inconsistent. It implied an error rate greater than 1: 1.16188 0.327538 0.0338346
[2025-07-09 17:04:38.813] [jointLog] [warning] (in update()) CIGAR string for read [d39e9037-d678-4640-b345-47b8338904b9] seems inconsistent. It implied an error rate greater than 1: 1.35765 0 0.00176887
[2025-07-09 17:04:38.953] [jointLog] [warning] (in update()) CIGAR string for read [8bdad885-ea8f-480d-ad57-0e76651dae33] seems inconsistent. It implied an error rate greater than 1: 1.31564 0.00187266 0.036985
[2025-07-09 17:04:39.001] [jointLog] [warning] (in update()) CIGAR string for read [40ec468e-d4e1-4eba-828c-b8c68eb1b02a] seems inconsistent. It implied an error rate greater than 1: 1.68154 0 0.0537883
[2025-07-09 17:04:39.190] [jointLog] [warning] read 0f94bc39-a845-41f7-85ae-da167568a3b4 (length 23263 - align length 153) has no trained error model
[2025-07-09 17:04:39.190] [jointLog] [warning] read 0f94bc39-a845-41f7-85ae-da167568a3b4 (length 23263) has no trained clipping model
[2025-07-09 17:04:39.190] [jointLog] [warning] read 0f94bc39-a845-41f7-85ae-da167568a3b4 (length 23263) has no trained clipping model
[2025-07-09 17:04:39.190] [jointLog] [warning] read 09d798d8-fcee-4e7f-997b-febc464308e2 (length 28465) has no trained clipping model
[2025-07-09 17:04:39.190] [jointLog] [warning] read 936468e2-09f8-4c90-bcd0-7e67f76a739c (length 38745) has no trained clipping model
[2025-07-09 17:04:39.190] [jointLog] [warning] read 1d7ffe16-3196-4a5a-895f-f14a29bea128 (length 22788 - align length 117) has no trained error model
[2025-07-09 17:04:39.190] [jointLog] [warning] read 1d7ffe16-3196-4a5a-895f-f14a29bea128 (length 22788) has no trained clipping model
[2025-07-09 17:04:39.190] [jointLog] [warning] read 1d7ffe16-3196-4a5a-895f-f14a29bea128 (length 22788) has no trained clipping model
[2025-07-09 17:04:39.190] [jointLog] [warning] read ebddc469-0701-49f3-bdbf-f89c5a212edc (length 37265 - align length 704) has no trained error model
[2025-07-09 17:04:39.190] [jointLog] [warning] read ebddc469-0701-49f3-bdbf-f89c5a212edc (length 37265) has no trained clipping model
[2025-07-09 17:04:39.190] [jointLog] [warning] read ebddc469-0701-49f3-bdbf-f89c5a212edc (length 37265) has no trained clipping model
[2025-07-09 17:04:39.190] [jointLog] [warning] read 82ed5f5c-9b80-4633-90df-35366f344157 (length 21490) has no trained clipping model
[2025-07-09 17:04:39.200] [jointLog] [warning] read d007eb64-825f-4f79-a825-7eb53046a822 (length 36561 - align length 59) has no trained error model
[2025-07-09 17:04:39.200] [jointLog] [warning] read d007eb64-825f-4f79-a825-7eb53046a822 (length 36561) has no trained clipping model
[2025-07-09 17:04:39.200] [jointLog] [warning] read d007eb64-825f-4f79-a825-7eb53046a822 (length 36561) has no trained clipping model
[2025-07-09 17:04:39.298] [jointLog] [warning] (in update()) CIGAR string for read [78f9be2c-ea0a-452a-afb1-b784f8a59181] seems inconsistent. It implied an error rate greater than 1: 1.3547 0 0.0102309
[2025-07-09 17:04:39.306] [jointLog] [warning] (in update()) CIGAR string for read [02302524-232e-453f-86e6-8faa5c21bde4] seems inconsistent. It implied an error rate greater than 1: 1.215 0.0469484 0.0140845
[2025-07-09 17:04:39.407] [jointLog] [warning] (in update()) CIGAR string for read [26d4c2e0-b413-4ac6-a8e5-5dc5bb62c220] seems inconsistent. It implied an error rate greater than 1: 1.23748 0 0.0740887
[2025-07-09 17:04:39.452] [jointLog] [warning] (in update()) CIGAR string for read [d630ed29-75f6-4201-b2a9-d3dc7ce5db1e] seems inconsistent. It implied an error rate greater than 1: 1.36171 0.00290782 0.00988659
[2025-07-09 17:04:39.705] [jointLog] [warning] read 7c969538-f98d-4cde-be32-8b5b20ce50dc (length 12781 - align length 12780) has no trained error model
[2025-07-09 17:04:40.048] [jointLog] [warning] read fb942930-deec-47bb-84f6-1fd7d21025ad (length 28092 - align length 58) has no trained error model
[2025-07-09 17:04:40.048] [jointLog] [warning] read fb942930-deec-47bb-84f6-1fd7d21025ad (length 28092) has no trained clipping model
[2025-07-09 17:04:40.048] [jointLog] [warning] read fb942930-deec-47bb-84f6-1fd7d21025ad (length 28092) has no trained clipping model
[2025-07-09 17:04:40.048] [jointLog] [warning] read ae841042-6c4f-4fbc-89d0-bfbb4377d520 (length 49531 - align length 57) has no trained error model
[2025-07-09 17:04:40.048] [jointLog] [warning] read ae841042-6c4f-4fbc-89d0-bfbb4377d520 (length 49531) has no trained clipping model
[2025-07-09 17:04:40.048] [jointLog] [warning] read ae841042-6c4f-4fbc-89d0-bfbb4377d520 (length 49531) has no trained clipping model
[2025-07-09 17:04:40.049] [jointLog] [warning] read d44f167b-d690-43db-ba50-b2d6292a1168 (length 40655) has no trained clipping model
[2025-07-09 17:04:40.049] [jointLog] [warning] read f06c378f-2a7b-4ecd-a395-794525110114 (length 45104 - align length 1559) has no trained error model
[2025-07-09 17:04:40.049] [jointLog] [warning] read f06c378f-2a7b-4ecd-a395-794525110114 (length 45104) has no trained clipping model
[2025-07-09 17:04:40.049] [jointLog] [warning] read f06c378f-2a7b-4ecd-a395-794525110114 (length 45104) has no trained clipping model
[2025-07-09 17:04:40.049] [jointLog] [warning] read 783af074-3d0e-4ee2-92c6-83359b864db0 (length 32340 - align length 54) has no trained error model
[2025-07-09 17:04:40.049] [jointLog] [warning] read 783af074-3d0e-4ee2-92c6-83359b864db0 (length 32340) has no trained clipping model
[2025-07-09 17:04:40.049] [jointLog] [warning] read 783af074-3d0e-4ee2-92c6-83359b864db0 (length 32340) has no trained clipping model
[2025-07-09 17:04:40.307] [jointLog] [warning] read db7228c1-ddb5-4a04-8f73-4784cd285d02 (length 13398 - align length 13330) has no trained error model
[2025-07-09 17:04:40.508] [jointLog] [warning] (in update()) CIGAR string for read [61da92cf-e289-46d5-8b13-a15aebd795bc] seems inconsistent. It implied an error rate greater than 1: 1.18716 0.0103806 0.0467128
[2025-07-09 17:04:41.132] [jointLog] [warning] (in update()) CIGAR string for read [61b459ba-3c44-4cb9-a589-3255ef0e8461] seems inconsistent. It implied an error rate greater than 1: 1.01004 0 0.0299235
[2025-07-09 17:04:41.304] [jointLog] [warning] (in update()) CIGAR string for read [841d5922-28fe-4e15-8d8d-45320d65a393] seems inconsistent. It implied an error rate greater than 1: 1.21784 0.00669344 0.0254351
[2025-07-09 17:04:41.315] [jointLog] [warning] (in update()) CIGAR string for read [dd28f234-01a9-4293-b40b-3223be81c6e5] seems inconsistent. It implied an error rate greater than 1: 1.155 0.293706 0.00699301
[2025-07-09 17:04:41.475] [jointLog] [warning] (in update()) CIGAR string for read [71cb3c18-0cf8-480e-a6a9-57228cfea6e3] seems inconsistent. It implied an error rate greater than 1: 1.17967 0.0177706 0.092084
[2025-07-09 17:04:41.517] [jointLog] [warning] read 4483e2b1-9183-4904-ba8d-7ec821816f09 (length 12820 - align length 12807) has no trained error model
[2025-07-09 17:04:41.631] [jointLog] [warning] read ccc36d07-643f-43ef-a4f3-eee9d7c9427d (length 19565 - align length 861) has no trained error model
[2025-07-09 17:04:41.631] [jointLog] [warning] read ccc36d07-643f-43ef-a4f3-eee9d7c9427d (length 19565) has no trained clipping model
[2025-07-09 17:04:41.631] [jointLog] [warning] read ccc36d07-643f-43ef-a4f3-eee9d7c9427d (length 19565) has no trained clipping model
[2025-07-09 17:04:41.631] [jointLog] [warning] read e1dc1f9a-0ead-4259-9d52-14689f984f96 (length 39196 - align length 1280) has no trained error model
[2025-07-09 17:04:41.631] [jointLog] [warning] read e1dc1f9a-0ead-4259-9d52-14689f984f96 (length 39196) has no trained clipping model
[2025-07-09 17:04:41.631] [jointLog] [warning] read e1dc1f9a-0ead-4259-9d52-14689f984f96 (length 39196) has no trained clipping model
[2025-07-09 17:04:41.632] [jointLog] [warning] read ba9d7a9d-de60-425b-a0cc-1715278b2f9e (length 39395 - align length 2173) has no trained error model
[2025-07-09 17:04:41.632] [jointLog] [warning] read ba9d7a9d-de60-425b-a0cc-1715278b2f9e (length 39395) has no trained clipping model
[2025-07-09 17:04:41.632] [jointLog] [warning] read ba9d7a9d-de60-425b-a0cc-1715278b2f9e (length 39395) has no trained clipping model
[2025-07-09 17:04:41.632] [jointLog] [warning] read 9a325ede-f73e-479d-bb62-7c3b815aa401 (length 43724 - align length 299) has no trained error model
[2025-07-09 17:04:41.632] [jointLog] [warning] read 9a325ede-f73e-479d-bb62-7c3b815aa401 (length 43724) has no trained clipping model
[2025-07-09 17:04:41.632] [jointLog] [warning] read 9a325ede-f73e-479d-bb62-7c3b815aa401 (length 43724) has no trained clipping model
[2025-07-09 17:04:41.632] [jointLog] [warning] read 7295e516-c131-40e9-8b5c-bebf947b9df6 (length 47478 - align length 240) has no trained error model
[2025-07-09 17:04:41.632] [jointLog] [warning] read 7295e516-c131-40e9-8b5c-bebf947b9df6 (length 47478) has no trained clipping model
[2025-07-09 17:04:41.632] [jointLog] [warning] read 7295e516-c131-40e9-8b5c-bebf947b9df6 (length 47478) has no trained clipping model
[2025-07-09 17:04:41.632] [jointLog] [warning] read 340db603-0e5e-4925-95c9-82476645bb0a (length 12909 - align length 55) has no trained error model
[2025-07-09 17:04:41.632] [jointLog] [warning] read 340db603-0e5e-4925-95c9-82476645bb0a (length 12909) has no trained clipping model
[2025-07-09 17:04:41.632] [jointLog] [warning] read 340db603-0e5e-4925-95c9-82476645bb0a (length 12909) has no trained clipping model
[2025-07-09 17:04:41.632] [jointLog] [warning] read 8be1a421-476e-4d85-b8ac-1a20316bfff8 (length 27552 - align length 474) has no trained error model
[2025-07-09 17:04:41.632] [jointLog] [warning] read 8be1a421-476e-4d85-b8ac-1a20316bfff8 (length 27552) has no trained clipping model
[2025-07-09 17:04:41.632] [jointLog] [warning] read 8be1a421-476e-4d85-b8ac-1a20316bfff8 (length 27552) has no trained clipping model
[2025-07-09 17:04:41.442] [fileLog] [info] quantification processed 5000000 fragments so far

[2025-07-09 17:04:41.982] [jointLog] [warning] read 389fe23d-c5d6-4943-8d10-d86dcf22a026 (length 12977 - align length 12927) has no trained error model
[2025-07-09 17:04:41.982] [jointLog] [warning] read 389fe23d-c5d6-4943-8d10-d86dcf22a026 (length 12977) has no trained clipping model
[2025-07-09 17:04:41.982] [jointLog] [warning] read 389fe23d-c5d6-4943-8d10-d86dcf22a026 (length 12977) has no trained clipping model
[2025-07-09 17:04:43.072] [jointLog] [warning] read 5da90c49-f3b0-4c18-bb33-a791bc517e03 (length 49385 - align length 56) has no trained error model
[2025-07-09 17:04:43.072] [jointLog] [warning] read 5da90c49-f3b0-4c18-bb33-a791bc517e03 (length 49385) has no trained clipping model
[2025-07-09 17:04:43.072] [jointLog] [warning] read 5da90c49-f3b0-4c18-bb33-a791bc517e03 (length 49385) has no trained clipping model
[2025-07-09 17:04:43.073] [jointLog] [warning] read b2de91fe-2333-4268-9b30-0b788c15cc4a (length 39371 - align length 556) has no trained error model
[2025-07-09 17:04:43.073] [jointLog] [warning] read b2de91fe-2333-4268-9b30-0b788c15cc4a (length 39371) has no trained clipping model
[2025-07-09 17:04:43.073] [jointLog] [warning] read b2de91fe-2333-4268-9b30-0b788c15cc4a (length 39371) has no trained clipping model
[2025-07-09 17:04:43.073] [jointLog] [warning] read ca8b98e3-160b-46db-8e1a-4d4c912fd1f8 (length 44783 - align length 304) has no trained error model
[2025-07-09 17:04:43.073] [jointLog] [warning] read ca8b98e3-160b-46db-8e1a-4d4c912fd1f8 (length 44783) has no trained clipping model
[2025-07-09 17:04:43.073] [jointLog] [warning] read ca8b98e3-160b-46db-8e1a-4d4c912fd1f8 (length 44783) has no trained clipping model
[2025-07-09 17:04:43.073] [jointLog] [warning] read 4bf679b8-2e5a-44af-8589-89795a784a91 (length 15758 - align length 15758) has no trained error model
[2025-07-09 17:04:43.073] [jointLog] [warning] read 79ba2188-8eac-4866-8d44-c52679074eb1 (length 36353 - align length 52) has no trained error model
[2025-07-09 17:04:43.073] [jointLog] [warning] read 79ba2188-8eac-4866-8d44-c52679074eb1 (length 36353) has no trained clipping model
[2025-07-09 17:04:43.073] [jointLog] [warning] read 79ba2188-8eac-4866-8d44-c52679074eb1 (length 36353) has no trained clipping model
[2025-07-09 17:04:43.073] [jointLog] [warning] read 33e7aa2f-900e-4ea0-af2d-aff0d9af1cb0 (length 36315 - align length 307) has no trained error model
[2025-07-09 17:04:43.073] [jointLog] [warning] read 33e7aa2f-900e-4ea0-af2d-aff0d9af1cb0 (length 36315) has no trained clipping model
[2025-07-09 17:04:43.073] [jointLog] [warning] read 33e7aa2f-900e-4ea0-af2d-aff0d9af1cb0 (length 36315) has no trained clipping model
[2025-07-09 17:04:43.073] [jointLog] [warning] read 695bfdd9-9989-4d3b-9797-ada4d22d3a9a (length 17868 - align length 54) has no trained error model
[2025-07-09 17:04:43.073] [jointLog] [warning] read 695bfdd9-9989-4d3b-9797-ada4d22d3a9a (length 17868) has no trained clipping model
[2025-07-09 17:04:43.073] [jointLog] [warning] read 695bfdd9-9989-4d3b-9797-ada4d22d3a9a (length 17868) has no trained clipping model
[2025-07-09 17:04:43.074] [jointLog] [warning] read fc4bfc3f-9b23-48a8-96d9-d14f297bc0fb (length 12907 - align length 315) has no trained error model
[2025-07-09 17:04:43.074] [jointLog] [warning] read fc4bfc3f-9b23-48a8-96d9-d14f297bc0fb (length 12907) has no trained clipping model
[2025-07-09 17:04:43.074] [jointLog] [warning] read fc4bfc3f-9b23-48a8-96d9-d14f297bc0fb (length 12907) has no trained clipping model
[2025-07-09 17:04:43.074] [jointLog] [warning] read 95e3ca09-3779-421b-a805-306d2c624ddf (length 49398 - align length 260) has no trained error model
[2025-07-09 17:04:43.074] [jointLog] [warning] read 95e3ca09-3779-421b-a805-306d2c624ddf (length 49398) has no trained clipping model
[2025-07-09 17:04:43.074] [jointLog] [warning] read 95e3ca09-3779-421b-a805-306d2c624ddf (length 49398) has no trained clipping model
[2025-07-09 17:04:43.074] [jointLog] [warning] read 6b0bfe94-347b-4808-87bb-c6c35ab57737 (length 38589 - align length 933) has no trained error model
[2025-07-09 17:04:43.074] [jointLog] [warning] read 6b0bfe94-347b-4808-87bb-c6c35ab57737 (length 38589) has no trained clipping model
[2025-07-09 17:04:43.074] [jointLog] [warning] read 6b0bfe94-347b-4808-87bb-c6c35ab57737 (length 38589) has no trained clipping model
[2025-07-09 17:04:43.074] [jointLog] [warning] read 46412eb6-f64c-44ba-9055-ece433a8ef41 (length 32665 - align length 127) has no trained error model
[2025-07-09 17:04:43.074] [jointLog] [warning] read 46412eb6-f64c-44ba-9055-ece433a8ef41 (length 32665) has no trained clipping model
[2025-07-09 17:04:43.074] [jointLog] [warning] read 46412eb6-f64c-44ba-9055-ece433a8ef41 (length 32665) has no trained clipping model
[2025-07-09 17:04:43.074] [jointLog] [warning] read f4f9e6e5-1d75-49bf-9cfd-ca83a9e94fdf (length 29771 - align length 56) has no trained error model
[2025-07-09 17:04:43.074] [jointLog] [warning] read f4f9e6e5-1d75-49bf-9cfd-ca83a9e94fdf (length 29771) has no trained clipping model
[2025-07-09 17:04:43.074] [jointLog] [warning] read f4f9e6e5-1d75-49bf-9cfd-ca83a9e94fdf (length 29771) has no trained clipping model
[2025-07-09 17:04:43.074] [jointLog] [warning] read a285ebcd-a6b6-4877-b6bf-7c756c30e5ff (length 45884 - align length 293) has no trained error model
[2025-07-09 17:04:43.074] [jointLog] [warning] read a285ebcd-a6b6-4877-b6bf-7c756c30e5ff (length 45884) has no trained clipping model
[2025-07-09 17:04:43.074] [jointLog] [warning] read a285ebcd-a6b6-4877-b6bf-7c756c30e5ff (length 45884) has no trained clipping model
[2025-07-09 17:04:43.074] [jointLog] [warning] read bbd77e41-4bab-4283-a5f3-c28f171800b6 (length 29244 - align length 57) has no trained error model
[2025-07-09 17:04:43.074] [jointLog] [warning] read bbd77e41-4bab-4283-a5f3-c28f171800b6 (length 29244) has no trained clipping model
[2025-07-09 17:04:43.074] [jointLog] [warning] read bbd77e41-4bab-4283-a5f3-c28f171800b6 (length 29244) has no trained clipping model
[2025-07-09 17:04:43.730] [jointLog] [warning] read 0db6f99a-d596-4b4e-bf56-0cadfda06610 (length 29362 - align length 99) has no trained error model
[2025-07-09 17:04:43.730] [jointLog] [warning] read 0db6f99a-d596-4b4e-bf56-0cadfda06610 (length 29362) has no trained clipping model
[2025-07-09 17:04:43.730] [jointLog] [warning] read 0db6f99a-d596-4b4e-bf56-0cadfda06610 (length 29362) has no trained clipping model
[2025-07-09 17:04:43.730] [jointLog] [warning] read 5c88649c-526a-4108-82b4-ef206ff6b862 (length 34073 - align length 742) has no trained error model
[2025-07-09 17:04:43.730] [jointLog] [warning] read 5c88649c-526a-4108-82b4-ef206ff6b862 (length 34073) has no trained clipping model
[2025-07-09 17:04:43.730] [jointLog] [warning] read 5c88649c-526a-4108-82b4-ef206ff6b862 (length 34073) has no trained clipping model
[2025-07-09 17:04:43.730] [jointLog] [warning] read 152d9878-dc53-4196-b852-9815525461ff (length 29631 - align length 100) has no trained error model
[2025-07-09 17:04:43.730] [jointLog] [warning] read 152d9878-dc53-4196-b852-9815525461ff (length 29631) has no trained clipping model
[2025-07-09 17:04:43.730] [jointLog] [warning] read 152d9878-dc53-4196-b852-9815525461ff (length 29631) has no trained clipping model
[2025-07-09 17:04:43.731] [jointLog] [warning] read e845b891-ed51-4a7e-87e7-e0e108f89044 (length 33419 - align length 46) has no trained error model
[2025-07-09 17:04:43.731] [jointLog] [warning] read e845b891-ed51-4a7e-87e7-e0e108f89044 (length 33419) has no trained clipping model
[2025-07-09 17:04:43.731] [jointLog] [warning] read e845b891-ed51-4a7e-87e7-e0e108f89044 (length 33419) has no trained clipping model
[2025-07-09 17:04:43.731] [jointLog] [warning] read c604fd69-d13f-4443-8dc3-0145fd5b1878 (length 35344 - align length 58) has no trained error model
[2025-07-09 17:04:43.731] [jointLog] [warning] read c604fd69-d13f-4443-8dc3-0145fd5b1878 (length 35344) has no trained clipping model
[2025-07-09 17:04:43.731] [jointLog] [warning] read c604fd69-d13f-4443-8dc3-0145fd5b1878 (length 35344) has no trained clipping model
[2025-07-09 17:04:43.731] [jointLog] [warning] read 5a4b303c-69e2-4b32-99fe-a20580e82a50 (length 33182 - align length 57) has no trained error model
[2025-07-09 17:04:43.731] [jointLog] [warning] read 5a4b303c-69e2-4b32-99fe-a20580e82a50 (length 33182) has no trained clipping model
[2025-07-09 17:04:43.731] [jointLog] [warning] read 5a4b303c-69e2-4b32-99fe-a20580e82a50 (length 33182) has no trained clipping model
[2025-07-09 17:04:44.907] [jointLog] [warning] read ad4360f1-4fdd-4310-a52c-cc52d3201a2d (length 46707 - align length 284) has no trained error model
[2025-07-09 17:04:44.907] [jointLog] [warning] read ad4360f1-4fdd-4310-a52c-cc52d3201a2d (length 46707) has no trained clipping model
[2025-07-09 17:04:44.907] [jointLog] [warning] read ad4360f1-4fdd-4310-a52c-cc52d3201a2d (length 46707) has no trained clipping model
[2025-07-09 17:04:44.907] [jointLog] [warning] read 91c3279d-69e4-478b-8138-26b90769cc9c (length 23288) has no trained clipping model
[2025-07-09 17:04:44.907] [jointLog] [warning] read 4253e6ad-2643-44e2-9984-704782582efb (length 37511 - align length 591) has no trained error model
[2025-07-09 17:04:44.907] [jointLog] [warning] read 4253e6ad-2643-44e2-9984-704782582efb (length 37511) has no trained clipping model
[2025-07-09 17:04:44.907] [jointLog] [warning] read 4253e6ad-2643-44e2-9984-704782582efb (length 37511) has no trained clipping model
[2025-07-09 17:04:44.907] [jointLog] [warning] read 01657822-f63d-48f3-a4aa-583579246050 (length 19576 - align length 283) has no trained error model
[2025-07-09 17:04:44.907] [jointLog] [warning] read 01657822-f63d-48f3-a4aa-583579246050 (length 19576) has no trained clipping model
[2025-07-09 17:04:44.907] [jointLog] [warning] read 01657822-f63d-48f3-a4aa-583579246050 (length 19576) has no trained clipping model
[2025-07-09 17:04:44.907] [jointLog] [warning] read c4a136c9-ea02-43bb-9a97-1e338cdf0e2e (length 38304 - align length 855) has no trained error model
[2025-07-09 17:04:44.907] [jointLog] [warning] read c4a136c9-ea02-43bb-9a97-1e338cdf0e2e (length 38304) has no trained clipping model
[2025-07-09 17:04:44.907] [jointLog] [warning] read c4a136c9-ea02-43bb-9a97-1e338cdf0e2e (length 38304) has no trained clipping model
[2025-07-09 17:04:44.907] [jointLog] [warning] read 81613df5-2d60-4372-b761-8a85b4af4e84 (length 48855 - align length 56) has no trained error model
[2025-07-09 17:04:44.907] [jointLog] [warning] read 81613df5-2d60-4372-b761-8a85b4af4e84 (length 48855) has no trained clipping model
[2025-07-09 17:04:44.907] [jointLog] [warning] read 81613df5-2d60-4372-b761-8a85b4af4e84 (length 48855) has no trained clipping model
[2025-07-09 17:04:44.908] [jointLog] [warning] read 8b577fd9-41e9-4826-9004-92b68874bec0 (length 29687 - align length 423) has no trained error model
[2025-07-09 17:04:44.908] [jointLog] [warning] read 8b577fd9-41e9-4826-9004-92b68874bec0 (length 29687) has no trained clipping model
[2025-07-09 17:04:44.908] [jointLog] [warning] read 8b577fd9-41e9-4826-9004-92b68874bec0 (length 29687) has no trained clipping model
[2025-07-09 17:04:44.908] [jointLog] [warning] read d580abba-93ea-482a-a6e6-359794f0c0db (length 30416 - align length 66) has no trained error model
[2025-07-09 17:04:44.908] [jointLog] [warning] read d580abba-93ea-482a-a6e6-359794f0c0db (length 30416) has no trained clipping model
[2025-07-09 17:04:44.908] [jointLog] [warning] read d580abba-93ea-482a-a6e6-359794f0c0db (length 30416) has no trained clipping model
[2025-07-09 17:04:45.824] [jointLog] [warning] read 660bcd9c-01fa-49ab-865d-39c1111535fa (length 13507 - align length 13446) has no trained error model
[2025-07-09 17:04:46.201] [jointLog] [warning] read 394f2bc6-88ae-46b5-9b9a-055f65fafab5 (length 12100 - align length 11823) has no trained error model
[2025-07-09 17:04:46.467] [jointLog] [warning] read ed3d7a7a-cfc6-443e-9267-14fa80d2c2ee (length 31420 - align length 762) has no trained error model
[2025-07-09 17:04:46.467] [jointLog] [warning] read ed3d7a7a-cfc6-443e-9267-14fa80d2c2ee (length 31420) has no trained clipping model
[2025-07-09 17:04:46.467] [jointLog] [warning] read ed3d7a7a-cfc6-443e-9267-14fa80d2c2ee (length 31420) has no trained clipping model
[2025-07-09 17:04:46.467] [jointLog] [warning] read 2ebbea70-0d28-499a-8342-c6c378785e08 (length 30171) has no trained clipping model
[2025-07-09 17:04:46.468] [jointLog] [warning] read 21bb12c6-ee33-4414-8cf9-fcc5d0370551 (length 46042 - align length 580) has no trained error model
[2025-07-09 17:04:46.468] [jointLog] [warning] read 21bb12c6-ee33-4414-8cf9-fcc5d0370551 (length 46042) has no trained clipping model
[2025-07-09 17:04:46.468] [jointLog] [warning] read 21bb12c6-ee33-4414-8cf9-fcc5d0370551 (length 46042) has no trained clipping model
[2025-07-09 17:04:46.468] [jointLog] [warning] read c7bb5592-e61a-4323-85a8-c2f8a756e911 (length 46288) has no trained clipping model
[2025-07-09 17:04:46.468] [jointLog] [warning] read 83f0347a-2ace-4e63-ad6c-41d92e98d773 (length 39112 - align length 1154) has no trained error model
[2025-07-09 17:04:46.468] [jointLog] [warning] read 83f0347a-2ace-4e63-ad6c-41d92e98d773 (length 39112) has no trained clipping model
[2025-07-09 17:04:46.468] [jointLog] [warning] read 83f0347a-2ace-4e63-ad6c-41d92e98d773 (length 39112) has no trained clipping model
[2025-07-09 17:04:46.468] [jointLog] [warning] read 2b379021-5bf0-4c1d-9697-cb0d8597ca92 (length 20403) has no trained clipping model
[2025-07-09 17:04:46.468] [jointLog] [warning] read 91424160-7221-456b-9a58-31ded6626bd9 (length 28179 - align length 115) has no trained error model
[2025-07-09 17:04:46.468] [jointLog] [warning] read 91424160-7221-456b-9a58-31ded6626bd9 (length 28179) has no trained clipping model
[2025-07-09 17:04:46.468] [jointLog] [warning] read 91424160-7221-456b-9a58-31ded6626bd9 (length 28179) has no trained clipping model
[2025-07-09 17:04:46.468] [jointLog] [warning] read 932cd35f-807e-4a06-9743-841600a2443b (length 16796 - align length 16740) has no trained error model
[2025-07-09 17:04:46.468] [jointLog] [warning] read 12cd4139-8739-43f9-9699-1b1653ebe3e3 (length 42108 - align length 58) has no trained error model
[2025-07-09 17:04:46.468] [jointLog] [warning] read 12cd4139-8739-43f9-9699-1b1653ebe3e3 (length 42108) has no trained clipping model
[2025-07-09 17:04:46.468] [jointLog] [warning] read 12cd4139-8739-43f9-9699-1b1653ebe3e3 (length 42108) has no trained clipping model
[2025-07-09 17:04:46.469] [jointLog] [warning] read cb5d266b-7316-4f9e-bd26-642db333f385 (length 14588 - align length 14191) has no trained error model
[2025-07-09 17:04:46.469] [jointLog] [warning] read 3d7d45f1-fdd5-48fa-ae89-536aa2d17c1d (length 12942 - align length 7192) has no trained error model
[2025-07-09 17:04:46.469] [jointLog] [warning] read 3d7d45f1-fdd5-48fa-ae89-536aa2d17c1d (length 12942) has no trained clipping model
[2025-07-09 17:04:46.469] [jointLog] [warning] read 3d7d45f1-fdd5-48fa-ae89-536aa2d17c1d (length 12942) has no trained clipping model
[2025-07-09 17:04:46.469] [jointLog] [warning] read 1431ea64-f54f-45f9-8e16-0d2a11b166bf (length 45703 - align length 291) has no trained error model
[2025-07-09 17:04:46.469] [jointLog] [warning] read 1431ea64-f54f-45f9-8e16-0d2a11b166bf (length 45703) has no trained clipping model
[2025-07-09 17:04:46.469] [jointLog] [warning] read 1431ea64-f54f-45f9-8e16-0d2a11b166bf (length 45703) has no trained clipping model
[2025-07-09 17:04:46.943] [fileLog] [info] quantification processed 6000000 fragments so far

[2025-07-09 17:04:47.776] [jointLog] [warning] read 0eedb8b9-923e-40e9-aa22-08cb649e70cf (length 32078) has no trained clipping model
[2025-07-09 17:04:48.155] [jointLog] [warning] read 343d821b-61b0-42eb-96fe-e91700f6988b (length 14237 - align length 14193) has no trained error model
[2025-07-09 17:04:48.156] [jointLog] [warning] read c45dc423-d857-4ea3-b0c2-3404a0420fbc (length 40961 - align length 297) has no trained error model
[2025-07-09 17:04:48.156] [jointLog] [warning] read c45dc423-d857-4ea3-b0c2-3404a0420fbc (length 40961) has no trained clipping model
[2025-07-09 17:04:48.156] [jointLog] [warning] read c45dc423-d857-4ea3-b0c2-3404a0420fbc (length 40961) has no trained clipping model
[2025-07-09 17:04:48.156] [jointLog] [warning] read 54705b94-9c83-4a49-ae75-aba5cd91b1b2 (length 17897 - align length 73) has no trained error model
[2025-07-09 17:04:48.156] [jointLog] [warning] read 54705b94-9c83-4a49-ae75-aba5cd91b1b2 (length 17897) has no trained clipping model
[2025-07-09 17:04:48.156] [jointLog] [warning] read 54705b94-9c83-4a49-ae75-aba5cd91b1b2 (length 17897) has no trained clipping model
[2025-07-09 17:04:48.156] [jointLog] [warning] read 16c8d221-00ca-4a66-ba82-e12a4dd636f9 (length 42717 - align length 57) has no trained error model
[2025-07-09 17:04:48.156] [jointLog] [warning] read 16c8d221-00ca-4a66-ba82-e12a4dd636f9 (length 42717) has no trained clipping model
[2025-07-09 17:04:48.156] [jointLog] [warning] read 16c8d221-00ca-4a66-ba82-e12a4dd636f9 (length 42717) has no trained clipping model
[2025-07-09 17:04:48.569] [jointLog] [warning] read 98208ad9-934d-47c8-9d66-de568392915d (length 29247 - align length 497) has no trained error model
[2025-07-09 17:04:48.569] [jointLog] [warning] read 98208ad9-934d-47c8-9d66-de568392915d (length 29247) has no trained clipping model
[2025-07-09 17:04:48.569] [jointLog] [warning] read 98208ad9-934d-47c8-9d66-de568392915d (length 29247) has no trained clipping model
[2025-07-09 17:04:48.569] [jointLog] [warning] read b7cba4a8-47c4-41bb-a858-c5eafd893a9e (length 15225 - align length 15108) has no trained error model
[2025-07-09 17:04:48.569] [jointLog] [warning] read 55be434b-e2e5-47c7-8886-c2c97b1984bf (length 32099) has no trained clipping model
[2025-07-09 17:04:48.569] [jointLog] [warning] read 28300f39-813c-404c-8b07-33f9da4ce0e7 (length 28785 - align length 56) has no trained error model
[2025-07-09 17:04:48.569] [jointLog] [warning] read 28300f39-813c-404c-8b07-33f9da4ce0e7 (length 28785) has no trained clipping model
[2025-07-09 17:04:48.569] [jointLog] [warning] read 28300f39-813c-404c-8b07-33f9da4ce0e7 (length 28785) has no trained clipping model
[2025-07-09 17:04:48.569] [jointLog] [warning] read 7af9af5b-6289-419c-8ecf-a983abb4b1dc (length 42350 - align length 65) has no trained error model
[2025-07-09 17:04:48.569] [jointLog] [warning] read 7af9af5b-6289-419c-8ecf-a983abb4b1dc (length 42350) has no trained clipping model
[2025-07-09 17:04:48.569] [jointLog] [warning] read 7af9af5b-6289-419c-8ecf-a983abb4b1dc (length 42350) has no trained clipping model
[2025-07-09 17:04:49.684] [jointLog] [warning] read 85e18b60-5b41-4d0a-9968-2b0eb8ae51d6 (length 24059 - align length 130) has no trained error model
[2025-07-09 17:04:49.685] [jointLog] [warning] read 85e18b60-5b41-4d0a-9968-2b0eb8ae51d6 (length 24059) has no trained clipping model
[2025-07-09 17:04:49.685] [jointLog] [warning] read 85e18b60-5b41-4d0a-9968-2b0eb8ae51d6 (length 24059) has no trained clipping model
[2025-07-09 17:04:49.685] [jointLog] [warning] read 8dc57b0c-5398-4eac-a764-64e8369bcba4 (length 33481 - align length 57) has no trained error model
[2025-07-09 17:04:49.685] [jointLog] [warning] read 8dc57b0c-5398-4eac-a764-64e8369bcba4 (length 33481) has no trained clipping model
[2025-07-09 17:04:49.685] [jointLog] [warning] read 8dc57b0c-5398-4eac-a764-64e8369bcba4 (length 33481) has no trained clipping model
[2025-07-09 17:04:49.685] [jointLog] [warning] read 5c9a3326-72df-4ac3-976c-710ec7d2f6aa (length 45645 - align length 42) has no trained error model
[2025-07-09 17:04:49.685] [jointLog] [warning] read 5c9a3326-72df-4ac3-976c-710ec7d2f6aa (length 45645) has no trained clipping model
[2025-07-09 17:04:49.685] [jointLog] [warning] read 5c9a3326-72df-4ac3-976c-710ec7d2f6aa (length 45645) has no trained clipping model
[2025-07-09 17:04:49.686] [jointLog] [warning] read 831e9d1d-fffb-427b-943c-98203be858f8 (length 46580 - align length 54) has no trained error model
[2025-07-09 17:04:49.686] [jointLog] [warning] read 831e9d1d-fffb-427b-943c-98203be858f8 (length 46580) has no trained clipping model
[2025-07-09 17:04:49.686] [jointLog] [warning] read 831e9d1d-fffb-427b-943c-98203be858f8 (length 46580) has no trained clipping model
[2025-07-09 17:04:49.686] [jointLog] [warning] read 0be6ec8e-2884-4a48-a94a-0e6d8d8d21f7 (length 12956 - align length 1146) has no trained error model
[2025-07-09 17:04:49.686] [jointLog] [warning] read 0be6ec8e-2884-4a48-a94a-0e6d8d8d21f7 (length 12956) has no trained clipping model
[2025-07-09 17:04:49.686] [jointLog] [warning] read 0be6ec8e-2884-4a48-a94a-0e6d8d8d21f7 (length 12956) has no trained clipping model
[2025-07-09 17:04:49.687] [jointLog] [warning] read 9add36b6-5672-4405-9d22-c7ae28ed3a5b (length 12938 - align length 103) has no trained error model
[2025-07-09 17:04:49.687] [jointLog] [warning] read 9add36b6-5672-4405-9d22-c7ae28ed3a5b (length 12938) has no trained clipping model
[2025-07-09 17:04:49.687] [jointLog] [warning] read 9add36b6-5672-4405-9d22-c7ae28ed3a5b (length 12938) has no trained clipping model
[2025-07-09 17:04:49.687] [jointLog] [warning] read 82e82fd3-76f5-4c83-8ad8-9e4fd1e9ec41 (length 27549 - align length 256) has no trained error model
[2025-07-09 17:04:49.687] [jointLog] [warning] read 82e82fd3-76f5-4c83-8ad8-9e4fd1e9ec41 (length 27549) has no trained clipping model
[2025-07-09 17:04:49.687] [jointLog] [warning] read 82e82fd3-76f5-4c83-8ad8-9e4fd1e9ec41 (length 27549) has no trained clipping model
[2025-07-09 17:04:50.559] [jointLog] [warning] read 494d16f8-c124-42bc-bc94-d50c76e0d9cc (length 27391 - align length 59) has no trained error model
[2025-07-09 17:04:50.559] [jointLog] [warning] read 494d16f8-c124-42bc-bc94-d50c76e0d9cc (length 27391) has no trained clipping model
[2025-07-09 17:04:50.559] [jointLog] [warning] read 494d16f8-c124-42bc-bc94-d50c76e0d9cc (length 27391) has no trained clipping model
[2025-07-09 17:04:50.561] [jointLog] [warning] read 56575a12-7abe-4dfa-a3de-db6bc5854d33 (length 31348 - align length 508) has no trained error model
[2025-07-09 17:04:50.561] [jointLog] [warning] read 56575a12-7abe-4dfa-a3de-db6bc5854d33 (length 31348) has no trained clipping model
[2025-07-09 17:04:50.561] [jointLog] [warning] read 56575a12-7abe-4dfa-a3de-db6bc5854d33 (length 31348) has no trained clipping model
[2025-07-09 17:04:50.561] [jointLog] [warning] read 6ecfcc91-3d5a-4fc9-81b7-a8151512d935 (length 33541) has no trained clipping model
[2025-07-09 17:04:51.121] [jointLog] [warning] read 5312e999-1099-4ace-be37-eb8058f799d3 (length 41008 - align length 212) has no trained error model
[2025-07-09 17:04:51.121] [jointLog] [warning] read 5312e999-1099-4ace-be37-eb8058f799d3 (length 41008) has no trained clipping model
[2025-07-09 17:04:51.121] [jointLog] [warning] read 5312e999-1099-4ace-be37-eb8058f799d3 (length 41008) has no trained clipping model
[2025-07-09 17:04:51.121] [jointLog] [warning] read b149a7be-bc2b-479e-92f9-ef72effc70a6 (length 22433) has no trained clipping model
[2025-07-09 17:04:51.121] [jointLog] [warning] read ad4565f9-bec8-4a3e-8f57-aa3db54539c3 (length 43199 - align length 57) has no trained error model
[2025-07-09 17:04:51.121] [jointLog] [warning] read ad4565f9-bec8-4a3e-8f57-aa3db54539c3 (length 43199) has no trained clipping model
[2025-07-09 17:04:51.121] [jointLog] [warning] read ad4565f9-bec8-4a3e-8f57-aa3db54539c3 (length 43199) has no trained clipping model
[2025-07-09 17:04:51.121] [jointLog] [warning] read 83c0332b-7057-4561-87d1-f3a71383193e (length 30445 - align length 710) has no trained error model
[2025-07-09 17:04:51.121] [jointLog] [warning] read 83c0332b-7057-4561-87d1-f3a71383193e (length 30445) has no trained clipping model
[2025-07-09 17:04:51.121] [jointLog] [warning] read 83c0332b-7057-4561-87d1-f3a71383193e (length 30445) has no trained clipping model
[2025-07-09 17:04:51.121] [jointLog] [warning] read 107ea57a-77eb-47b1-b038-8e92cb5977a7 (length 26134 - align length 58) has no trained error model
[2025-07-09 17:04:51.121] [jointLog] [warning] read 107ea57a-77eb-47b1-b038-8e92cb5977a7 (length 26134) has no trained clipping model
[2025-07-09 17:04:51.121] [jointLog] [warning] read 107ea57a-77eb-47b1-b038-8e92cb5977a7 (length 26134) has no trained clipping model
[2025-07-09 17:04:51.122] [jointLog] [warning] read 812c78d9-380c-4724-b6dc-519ba27acb44 (length 40574 - align length 3108) has no trained error model
[2025-07-09 17:04:51.122] [jointLog] [warning] read 812c78d9-380c-4724-b6dc-519ba27acb44 (length 40574) has no trained clipping model
[2025-07-09 17:04:51.122] [jointLog] [warning] read 812c78d9-380c-4724-b6dc-519ba27acb44 (length 40574) has no trained clipping model
[2025-07-09 17:04:51.600] [jointLog] [warning] read cd49d5cd-04d0-4e99-b759-9c800a5cc928 (length 44363 - align length 753) has no trained error model
[2025-07-09 17:04:51.600] [jointLog] [warning] read cd49d5cd-04d0-4e99-b759-9c800a5cc928 (length 44363) has no trained clipping model
[2025-07-09 17:04:51.600] [jointLog] [warning] read cd49d5cd-04d0-4e99-b759-9c800a5cc928 (length 44363) has no trained clipping model
[2025-07-09 17:04:52.082] [jointLog] [warning] read 17d2adb2-6e5e-4c2b-bb9d-5e0ec842491d (length 41450 - align length 97) has no trained error model
[2025-07-09 17:04:52.082] [jointLog] [warning] read 17d2adb2-6e5e-4c2b-bb9d-5e0ec842491d (length 41450) has no trained clipping model
[2025-07-09 17:04:52.082] [jointLog] [warning] read 17d2adb2-6e5e-4c2b-bb9d-5e0ec842491d (length 41450) has no trained clipping model
[2025-07-09 17:04:53.063] [jointLog] [warning] read 9dfb4240-7c33-4f13-aa9f-8acddce14f2a (length 35537 - align length 64) has no trained error model
[2025-07-09 17:04:53.063] [jointLog] [warning] read 9dfb4240-7c33-4f13-aa9f-8acddce14f2a (length 35537) has no trained clipping model
[2025-07-09 17:04:53.063] [jointLog] [warning] read 9dfb4240-7c33-4f13-aa9f-8acddce14f2a (length 35537) has no trained clipping model
[2025-07-09 17:04:53.063] [jointLog] [warning] read 2276f427-b201-41aa-b956-4aa7765e2115 (length 41081 - align length 54) has no trained error model
[2025-07-09 17:04:53.063] [jointLog] [warning] read 2276f427-b201-41aa-b956-4aa7765e2115 (length 41081) has no trained clipping model
[2025-07-09 17:04:53.063] [jointLog] [warning] read 2276f427-b201-41aa-b956-4aa7765e2115 (length 41081) has no trained clipping model
[2025-07-09 17:04:53.063] [jointLog] [warning] read 2f74ac16-76d4-4cea-a8bd-d45dd4248b10 (length 40932 - align length 316) has no trained error model
[2025-07-09 17:04:53.063] [jointLog] [warning] read 2f74ac16-76d4-4cea-a8bd-d45dd4248b10 (length 40932) has no trained clipping model
[2025-07-09 17:04:53.063] [jointLog] [warning] read 2f74ac16-76d4-4cea-a8bd-d45dd4248b10 (length 40932) has no trained clipping model
[2025-07-09 17:04:53.063] [jointLog] [warning] read 4e2f58d9-ce9e-48e2-9e4d-0f024397472c (length 34512 - align length 51) has no trained error model
[2025-07-09 17:04:53.063] [jointLog] [warning] read 4e2f58d9-ce9e-48e2-9e4d-0f024397472c (length 34512) has no trained clipping model
[2025-07-09 17:04:53.063] [jointLog] [warning] read 4e2f58d9-ce9e-48e2-9e4d-0f024397472c (length 34512) has no trained clipping model
[2025-07-09 17:04:53.378] [jointLog] [warning] read 1936e45b-6671-4a9d-a9a0-08a5e01272ac (length 17845 - align length 110) has no trained error model
[2025-07-09 17:04:53.378] [jointLog] [warning] read 1936e45b-6671-4a9d-a9a0-08a5e01272ac (length 17845) has no trained clipping model
[2025-07-09 17:04:53.378] [jointLog] [warning] read 1936e45b-6671-4a9d-a9a0-08a5e01272ac (length 17845) has no trained clipping model
[2025-07-09 17:04:53.889] [jointLog] [warning] read 80e4d886-80d0-4361-99f3-a9cab14c25df (length 18210 - align length 17822) has no trained error model
[2025-07-09 17:04:54.059] [jointLog] [warning] read 38c05ac1-acad-4801-9e4a-701c8dc91bcc (length 35481 - align length 60) has no trained error model
[2025-07-09 17:04:54.059] [jointLog] [warning] read 38c05ac1-acad-4801-9e4a-701c8dc91bcc (length 35481) has no trained clipping model
[2025-07-09 17:04:54.059] [jointLog] [warning] read 38c05ac1-acad-4801-9e4a-701c8dc91bcc (length 35481) has no trained clipping model
[2025-07-09 17:04:54.298] [jointLog] [info] Thread saw mini-batch with a maximum of 10.50% zero probability fragments
[2025-07-09 17:04:54.298] [jointLog] [info] Thread saw mini-batch with a maximum of 9.50% zero probability fragments
[2025-07-09 17:04:54.298] [jointLog] [info] Thread saw mini-batch with a maximum of 16.30% zero probability fragments
[2025-07-09 17:04:54.298] [jointLog] [info] Thread saw mini-batch with a maximum of 13.50% zero probability fragments
[2025-07-09 17:04:54.314] [jointLog] [info] Thread saw mini-batch with a maximum of 16.40% zero probability fragments
[2025-07-09 17:04:54.315] [jointLog] [info] 


Completed first pass through the alignment file.
Total # of mapped reads : 6851591
# of uniquely mapped reads : 6698823
# ambiguously mapped reads : 152768



[2025-07-09 17:04:54.355] [jointLog] [info] Computed 41,474 rich equivalence classes for further processing
[2025-07-09 17:04:54.355] [jointLog] [info] Counted 6,575,981 total reads in the equivalence classes 
[2025-07-09 17:04:54.357] [jointLog] [info] starting optimizer
[2025-07-09 17:04:54.415] [jointLog] [info] Marked 0 weighted equivalence classes as degenerate
[2025-07-09 17:04:54.418] [jointLog] [info] iteration = 0 | max rel diff. = 1402.61
[2025-07-09 17:04:54.298] [fileLog] [info] quantification processed 6851591 fragments so far

[2025-07-09 17:04:54.741] [jointLog] [info] iteration = 100 | max rel diff. = 1.82337e-16
[2025-07-09 17:04:54.757] [jointLog] [info] finished optimizer
[2025-07-09 17:04:54.757] [jointLog] [info] writing output
