[2025-07-09 16:58:11.689] [jointLog] [info] setting maxHashResizeThreads to 10
[2025-07-09 16:58:11.689] [jointLog] [info] Fragment incompatibility prior below threshold.  Incompatible fragments will be ignored.
[2025-07-09 16:58:11.843] [jointLog] [info] numQuantThreads = 5
[2025-07-09 16:58:13.977] [jointLog] [info] replaced 0 non-ACGT nucleotides with random nucleotides
[2025-07-09 16:58:14.178] [jointLog] [warning] read d588a234-4565-4e45-8019-06e6cd1414af (length 4445) has no trained clipping model
[2025-07-09 16:58:14.180] [jointLog] [warning] read 240bf967-eb1a-412d-b72f-7d40f7a4958a (length 7199 - align length 7056) has no trained error model
[2025-07-09 16:58:14.180] [jointLog] [warning] read 240bf967-eb1a-412d-b72f-7d40f7a4958a (length 7199) has no trained clipping model
[2025-07-09 16:58:14.180] [jointLog] [warning] read 240bf967-eb1a-412d-b72f-7d40f7a4958a (length 7199) has no trained clipping model
[2025-07-09 16:58:14.182] [jointLog] [warning] read 24d04519-87e2-4a83-8f01-d1e4deeb2759 (length 4645) has no trained clipping model
[2025-07-09 16:58:14.182] [jointLog] [warning] read b0b34727-5447-4d9f-ab93-8609d42d5a68 (length 4638) has no trained clipping model
[2025-07-09 16:58:14.185] [jointLog] [warning] read 7be0e395-49af-49df-abd0-39e3f65ed1ac (length 4777 - align length 4722) has no trained error model
[2025-07-09 16:58:14.185] [jointLog] [warning] read 7be0e395-49af-49df-abd0-39e3f65ed1ac (length 4777) has no trained clipping model
[2025-07-09 16:58:14.187] [jointLog] [warning] read 2a2711b3-7857-40ce-be23-dd057543ef23 (length 7464 - align length 7217) has no trained error model
[2025-07-09 16:58:14.187] [jointLog] [warning] read 2a2711b3-7857-40ce-be23-dd057543ef23 (length 7464) has no trained clipping model
[2025-07-09 16:58:14.187] [jointLog] [warning] read 2a2711b3-7857-40ce-be23-dd057543ef23 (length 7464) has no trained clipping model
[2025-07-09 16:58:14.189] [jointLog] [warning] read 96cb2868-ea58-4fef-a7ef-ff8dc1032575 (length 4824 - align length 4794) has no trained error model
[2025-07-09 16:58:14.189] [jointLog] [warning] read 96cb2868-ea58-4fef-a7ef-ff8dc1032575 (length 4824) has no trained clipping model
[2025-07-09 16:58:14.189] [jointLog] [warning] read 96cb2868-ea58-4fef-a7ef-ff8dc1032575 (length 4824) has no trained clipping model
[2025-07-09 16:58:14.189] [jointLog] [warning] read f0443762-d63b-4cd0-ac4d-732aa6bc5127 (length 6821 - align length 6783) has no trained error model
[2025-07-09 16:58:14.189] [jointLog] [warning] read f0443762-d63b-4cd0-ac4d-732aa6bc5127 (length 6821) has no trained clipping model
[2025-07-09 16:58:14.189] [jointLog] [warning] read f0443762-d63b-4cd0-ac4d-732aa6bc5127 (length 6821) has no trained clipping model
[2025-07-09 16:58:14.190] [jointLog] [warning] read 9df44e98-e6e2-46a3-8013-a36727d13b3e (length 6367 - align length 6312) has no trained error model
[2025-07-09 16:58:14.190] [jointLog] [warning] read 9df44e98-e6e2-46a3-8013-a36727d13b3e (length 6367) has no trained clipping model
[2025-07-09 16:58:14.190] [jointLog] [warning] read 9df44e98-e6e2-46a3-8013-a36727d13b3e (length 6367) has no trained clipping model
[2025-07-09 16:58:14.190] [jointLog] [warning] read 4b0406af-a83e-4448-aec9-843747c6cdc2 (length 4521 - align length 4486) has no trained error model
[2025-07-09 16:58:14.190] [jointLog] [warning] read 45019512-be69-42d4-a085-40e298eca24b (length 4972 - align length 4909) has no trained error model
[2025-07-09 16:58:14.190] [jointLog] [warning] read 45019512-be69-42d4-a085-40e298eca24b (length 4972) has no trained clipping model
[2025-07-09 16:58:14.190] [jointLog] [warning] read 45019512-be69-42d4-a085-40e298eca24b (length 4972) has no trained clipping model
[2025-07-09 16:58:14.191] [jointLog] [warning] read 4516d3a9-4fb9-4a59-93ba-587e56a536e2 (length 5108) has no trained clipping model
[2025-07-09 16:58:14.195] [jointLog] [warning] read 02c01f5b-1e45-41fa-b8fe-1b9a04a6447d (length 6009 - align length 6005) has no trained error model
[2025-07-09 16:58:14.196] [jointLog] [warning] read c0f11264-625e-4faa-b903-def063f943b0 (length 8339 - align length 8248) has no trained error model
[2025-07-09 16:58:14.197] [jointLog] [warning] read c0f11264-625e-4faa-b903-def063f943b0 (length 8339) has no trained clipping model
[2025-07-09 16:58:14.197] [jointLog] [warning] read f8914ab7-780f-4ad3-b5f3-02e9ddc173e1 (length 4613) has no trained clipping model
[2025-07-09 16:58:14.198] [jointLog] [warning] read 756df9d4-f753-4d68-a1ba-3274fd7a4990 (length 4665) has no trained clipping model
[2025-07-09 16:58:14.199] [jointLog] [warning] read 60ed7802-97da-4d0a-bd12-3f6f928f4232 (length 4617) has no trained clipping model
[2025-07-09 16:58:14.199] [jointLog] [warning] read 4690320d-64ba-42a3-b32a-cd54a76a2c84 (length 4495) has no trained clipping model
[2025-07-09 16:58:14.204] [jointLog] [warning] read a5ad79b3-3659-4209-86af-336f2cd25da4 (length 4958) has no trained clipping model
[2025-07-09 16:58:14.205] [jointLog] [warning] read b0900ba9-f0c5-4291-bf5f-28dc02255451 (length 5040 - align length 4993) has no trained error model
[2025-07-09 16:58:14.205] [jointLog] [warning] read b0900ba9-f0c5-4291-bf5f-28dc02255451 (length 5040) has no trained clipping model
[2025-07-09 16:58:14.205] [jointLog] [warning] read b0900ba9-f0c5-4291-bf5f-28dc02255451 (length 5040) has no trained clipping model
[2025-07-09 16:58:14.206] [jointLog] [warning] read 4ac5b48b-581f-4226-a2ef-60b4c2a4fede (length 11010 - align length 10942) has no trained error model
[2025-07-09 16:58:14.206] [jointLog] [warning] read 4ac5b48b-581f-4226-a2ef-60b4c2a4fede (length 11010) has no trained clipping model
[2025-07-09 16:58:14.206] [jointLog] [warning] read 4ac5b48b-581f-4226-a2ef-60b4c2a4fede (length 11010) has no trained clipping model
[2025-07-09 16:58:14.209] [jointLog] [warning] read 46fc6708-368a-4c09-8d90-9ca7807d50d6 (length 7776 - align length 7649) has no trained error model
[2025-07-09 16:58:14.209] [jointLog] [warning] read 46fc6708-368a-4c09-8d90-9ca7807d50d6 (length 7776) has no trained clipping model
[2025-07-09 16:58:14.209] [jointLog] [warning] read 46fc6708-368a-4c09-8d90-9ca7807d50d6 (length 7776) has no trained clipping model
[2025-07-09 16:58:14.212] [jointLog] [warning] read 052409ee-5262-445f-8ebe-26b6a23284cc (length 6457 - align length 6431) has no trained error model
[2025-07-09 16:58:14.212] [jointLog] [warning] read 052409ee-5262-445f-8ebe-26b6a23284cc (length 6457) has no trained clipping model
[2025-07-09 16:58:14.212] [jointLog] [warning] read 052409ee-5262-445f-8ebe-26b6a23284cc (length 6457) has no trained clipping model
[2025-07-09 16:58:14.213] [jointLog] [warning] read d2064d33-e696-4d3c-baa9-a5c4dda776d0 (length 5414) has no trained clipping model
[2025-07-09 16:58:14.217] [jointLog] [warning] read 0b7c4374-3593-4a1b-9024-47f0cb0bb956 (length 5058) has no trained clipping model
[2025-07-09 16:58:14.223] [jointLog] [warning] read 0f07e567-9e6c-4c68-be48-f0e985edd0f6 (length 6287 - align length 6175) has no trained error model
[2025-07-09 16:58:14.223] [jointLog] [warning] read 0f07e567-9e6c-4c68-be48-f0e985edd0f6 (length 6287) has no trained clipping model
[2025-07-09 16:58:14.223] [jointLog] [warning] read 0f07e567-9e6c-4c68-be48-f0e985edd0f6 (length 6287) has no trained clipping model
[2025-07-09 16:58:14.227] [jointLog] [warning] read 889fb0fe-77a0-498d-bfbf-134de81d272e (length 4985 - align length 4895) has no trained error model
[2025-07-09 16:58:14.228] [jointLog] [warning] read 43131212-4f3a-4848-9d50-4e4ef7be8054 (length 5487 - align length 5445) has no trained error model
[2025-07-09 16:58:14.233] [jointLog] [warning] read 0cfa86e5-425d-4093-b368-f3aa9f7f4507 (length 9451 - align length 9409) has no trained error model
[2025-07-09 16:58:14.233] [jointLog] [warning] read 0cfa86e5-425d-4093-b368-f3aa9f7f4507 (length 9451) has no trained clipping model
[2025-07-09 16:58:14.233] [jointLog] [warning] read 0cfa86e5-425d-4093-b368-f3aa9f7f4507 (length 9451) has no trained clipping model
[2025-07-09 16:58:14.247] [jointLog] [warning] (in update()) CIGAR string for read [ec3886df-0c7e-42d5-8b47-194fdae6418d] seems inconsistent. It implied an error rate greater than 1: 1.0941 0.011976 0.0494012
[2025-07-09 16:58:14.254] [jointLog] [warning] read e3588103-dc06-4017-8ce1-1df4096033a6 (length 5997) has no trained clipping model
[2025-07-09 16:58:14.255] [jointLog] [warning] read 9c001ff5-49c2-4b0f-b698-0d0928d40d39 (length 6405 - align length 6283) has no trained error model
[2025-07-09 16:58:14.258] [jointLog] [warning] read 4901b06a-2010-4d75-a571-9ab00c67f4d2 (length 7256 - align length 7225) has no trained error model
[2025-07-09 16:58:14.258] [jointLog] [warning] read 4901b06a-2010-4d75-a571-9ab00c67f4d2 (length 7256) has no trained clipping model
[2025-07-09 16:58:14.258] [jointLog] [warning] read 4901b06a-2010-4d75-a571-9ab00c67f4d2 (length 7256) has no trained clipping model
[2025-07-09 16:58:14.258] [jointLog] [warning] read 59e29060-a48c-48d7-bba7-800bbb5bdb90 (length 9613 - align length 9570) has no trained error model
[2025-07-09 16:58:14.258] [jointLog] [warning] read 59e29060-a48c-48d7-bba7-800bbb5bdb90 (length 9613) has no trained clipping model
[2025-07-09 16:58:14.258] [jointLog] [warning] read 59e29060-a48c-48d7-bba7-800bbb5bdb90 (length 9613) has no trained clipping model
[2025-07-09 16:58:14.259] [jointLog] [warning] read 72405006-a3f4-443c-89f5-4dca1b0798ee (length 6770 - align length 6608) has no trained error model
[2025-07-09 16:58:14.259] [jointLog] [warning] read 72405006-a3f4-443c-89f5-4dca1b0798ee (length 6770) has no trained clipping model
[2025-07-09 16:58:14.259] [jointLog] [warning] read 72405006-a3f4-443c-89f5-4dca1b0798ee (length 6770) has no trained clipping model
[2025-07-09 16:58:14.261] [jointLog] [warning] read a57ed8bf-a276-4772-ae01-9b363a473abf (length 5771 - align length 4922) has no trained error model
[2025-07-09 16:58:14.261] [jointLog] [warning] read a57ed8bf-a276-4772-ae01-9b363a473abf (length 5771) has no trained clipping model
[2025-07-09 16:58:14.261] [jointLog] [warning] read a57ed8bf-a276-4772-ae01-9b363a473abf (length 5771) has no trained clipping model
[2025-07-09 16:58:14.262] [jointLog] [warning] read 8dd901d0-e1f1-47e1-a239-770727600255 (length 7991 - align length 7598) has no trained error model
[2025-07-09 16:58:14.262] [jointLog] [warning] read 8dd901d0-e1f1-47e1-a239-770727600255 (length 7991) has no trained clipping model
[2025-07-09 16:58:14.262] [jointLog] [warning] read 8dd901d0-e1f1-47e1-a239-770727600255 (length 7991) has no trained clipping model
[2025-07-09 16:58:14.263] [jointLog] [warning] read 6612a4bf-ce79-4e54-bad4-77d5340245e6 (length 6102 - align length 6099) has no trained error model
[2025-07-09 16:58:14.263] [jointLog] [warning] read 6612a4bf-ce79-4e54-bad4-77d5340245e6 (length 6102) has no trained clipping model
[2025-07-09 16:58:14.263] [jointLog] [warning] read 6612a4bf-ce79-4e54-bad4-77d5340245e6 (length 6102) has no trained clipping model
[2025-07-09 16:58:14.264] [jointLog] [warning] read 1785dd13-1684-4f75-af63-4eb8cb7e6290 (length 7870 - align length 7747) has no trained error model
[2025-07-09 16:58:14.264] [jointLog] [warning] read 1785dd13-1684-4f75-af63-4eb8cb7e6290 (length 7870) has no trained clipping model
[2025-07-09 16:58:14.264] [jointLog] [warning] read 1785dd13-1684-4f75-af63-4eb8cb7e6290 (length 7870) has no trained clipping model
[2025-07-09 16:58:14.264] [jointLog] [warning] read c33103be-8fcd-4d37-8dbb-ef0fa7010269 (length 6111) has no trained clipping model
[2025-07-09 16:58:14.266] [jointLog] [warning] read b17f5174-264b-4c0b-af8f-d5617ca1d006 (length 5733 - align length 5728) has no trained error model
[2025-07-09 16:58:14.267] [jointLog] [warning] read ae4d0873-23c9-4db1-8e10-1f78259d8d94 (length 6388) has no trained clipping model
[2025-07-09 16:58:14.268] [jointLog] [warning] read 436abe3f-6c95-4767-b8d4-a0b6abab0432 (length 6686 - align length 6642) has no trained error model
[2025-07-09 16:58:14.268] [jointLog] [warning] read 436abe3f-6c95-4767-b8d4-a0b6abab0432 (length 6686) has no trained clipping model
[2025-07-09 16:58:14.268] [jointLog] [warning] read 436abe3f-6c95-4767-b8d4-a0b6abab0432 (length 6686) has no trained clipping model
[2025-07-09 16:58:14.270] [jointLog] [warning] read 8108c9ee-0fe7-4d53-ae8d-6b2077e4fae2 (length 5782 - align length 5661) has no trained error model
[2025-07-09 16:58:14.275] [jointLog] [warning] read 80fa333a-48a0-40a1-9b90-b8e5785146a5 (length 6574 - align length 6518) has no trained error model
[2025-07-09 16:58:14.275] [jointLog] [warning] read 80fa333a-48a0-40a1-9b90-b8e5785146a5 (length 6574) has no trained clipping model
[2025-07-09 16:58:14.275] [jointLog] [warning] read 80fa333a-48a0-40a1-9b90-b8e5785146a5 (length 6574) has no trained clipping model
[2025-07-09 16:58:14.298] [jointLog] [warning] read c4162a1f-2026-42c8-bb82-1c3388a05a9b (length 7051 - align length 6841) has no trained error model
[2025-07-09 16:58:14.298] [jointLog] [warning] read c4162a1f-2026-42c8-bb82-1c3388a05a9b (length 7051) has no trained clipping model
[2025-07-09 16:58:14.298] [jointLog] [warning] read c4162a1f-2026-42c8-bb82-1c3388a05a9b (length 7051) has no trained clipping model
[2025-07-09 16:58:14.308] [jointLog] [warning] read 66047ffd-618e-4d4f-8668-4c44342fb95a (length 5376) has no trained clipping model
[2025-07-09 16:58:14.314] [jointLog] [warning] read 883383d8-b321-49e9-9c99-c7a9ee82612e (length 5316) has no trained clipping model
[2025-07-09 16:58:14.318] [jointLog] [warning] (in update()) CIGAR string for read [f631cafc-e922-4947-adaf-48d392c8b6b8] seems inconsistent. It implied an error rate greater than 1: 1.34123 0 0.0401347
[2025-07-09 16:58:14.335] [jointLog] [warning] read 60cc0b25-1d3f-48c8-99c4-cae00ce5030a (length 5354) has no trained clipping model
[2025-07-09 16:58:14.339] [jointLog] [warning] read 6cd3038a-0b05-4a0e-ab49-66e0cc39bfb5 (length 5801 - align length 5617) has no trained error model
[2025-07-09 16:58:14.339] [jointLog] [warning] read 6cd3038a-0b05-4a0e-ab49-66e0cc39bfb5 (length 5801) has no trained clipping model
[2025-07-09 16:58:14.339] [jointLog] [warning] read 6cd3038a-0b05-4a0e-ab49-66e0cc39bfb5 (length 5801) has no trained clipping model
[2025-07-09 16:58:14.350] [jointLog] [warning] read 70c72968-ca64-4670-8180-a9cb1caed218 (length 7096) has no trained clipping model
[2025-07-09 16:58:14.357] [jointLog] [warning] (in update()) CIGAR string for read [b56b0f8a-2d97-4414-9482-5c0bf16a1090] seems inconsistent. It implied an error rate greater than 1: 1.10239 0.00168919 0.00844595
[2025-07-09 16:58:14.372] [jointLog] [warning] read d8077f5f-60a1-4de5-aa73-a29dafa3b7f5 (length 7545 - align length 7472) has no trained error model
[2025-07-09 16:58:14.372] [jointLog] [warning] read d8077f5f-60a1-4de5-aa73-a29dafa3b7f5 (length 7545) has no trained clipping model
[2025-07-09 16:58:14.372] [jointLog] [warning] read d8077f5f-60a1-4de5-aa73-a29dafa3b7f5 (length 7545) has no trained clipping model
[2025-07-09 16:58:14.372] [jointLog] [warning] read 1b1865ed-9c3c-470c-be17-81b1a36b4b2d (length 9077 - align length 8726) has no trained error model
[2025-07-09 16:58:14.372] [jointLog] [warning] read 1b1865ed-9c3c-470c-be17-81b1a36b4b2d (length 9077) has no trained clipping model
[2025-07-09 16:58:14.372] [jointLog] [warning] read 1b1865ed-9c3c-470c-be17-81b1a36b4b2d (length 9077) has no trained clipping model
[2025-07-09 16:58:14.119] [fileLog] [info] quantification processed 0 fragments so far

[2025-07-09 16:58:14.379] [jointLog] [warning] read d28a064e-63c1-43d4-ae6d-daa71b00db09 (length 8682 - align length 8624) has no trained error model
[2025-07-09 16:58:14.379] [jointLog] [warning] read d28a064e-63c1-43d4-ae6d-daa71b00db09 (length 8682) has no trained clipping model
[2025-07-09 16:58:14.379] [jointLog] [warning] read d28a064e-63c1-43d4-ae6d-daa71b00db09 (length 8682) has no trained clipping model
[2025-07-09 16:58:14.380] [jointLog] [info] Automatically detected most likely library type as SF

[2025-07-09 16:58:14.395] [jointLog] [warning] read c9e86f2d-4797-4d59-80a9-0a85cc3c6f63 (length 10136 - align length 9736) has no trained error model
[2025-07-09 16:58:14.395] [jointLog] [warning] read c9e86f2d-4797-4d59-80a9-0a85cc3c6f63 (length 10136) has no trained clipping model
[2025-07-09 16:58:14.395] [jointLog] [warning] read c9e86f2d-4797-4d59-80a9-0a85cc3c6f63 (length 10136) has no trained clipping model
[2025-07-09 16:58:14.417] [jointLog] [warning] read 4166b75d-f9d8-490b-8603-56f5be759bdb (length 8436 - align length 8333) has no trained error model
[2025-07-09 16:58:14.417] [jointLog] [warning] read 4166b75d-f9d8-490b-8603-56f5be759bdb (length 8436) has no trained clipping model
[2025-07-09 16:58:14.417] [jointLog] [warning] read 4166b75d-f9d8-490b-8603-56f5be759bdb (length 8436) has no trained clipping model
[2025-07-09 16:58:14.418] [jointLog] [warning] read e24f3ad4-dafc-4fc2-bf9d-efcbdca2c8c7 (length 6631) has no trained clipping model
[2025-07-09 16:58:14.425] [jointLog] [warning] read 5e8dd385-0baf-4748-9f17-d67db5334cd0 (length 6968 - align length 6938) has no trained error model
[2025-07-09 16:58:14.425] [jointLog] [warning] read 5e8dd385-0baf-4748-9f17-d67db5334cd0 (length 6968) has no trained clipping model
[2025-07-09 16:58:14.425] [jointLog] [warning] read 5e8dd385-0baf-4748-9f17-d67db5334cd0 (length 6968) has no trained clipping model
[2025-07-09 16:58:14.444] [jointLog] [warning] read 8e80a1f7-4f66-4f8b-a781-3a2551d212a2 (length 6884) has no trained clipping model
[2025-07-09 16:58:14.452] [jointLog] [warning] read e1331279-b58f-46fb-8a6b-9ab3f0a11072 (length 6699) has no trained clipping model
[2025-07-09 16:58:14.453] [jointLog] [warning] read c68d547e-e97a-412c-829a-21683504888d (length 8360) has no trained clipping model
[2025-07-09 16:58:14.457] [jointLog] [warning] read 9cd7ddf3-6d94-4f72-afbf-eaccc850bff1 (length 8776 - align length 8728) has no trained error model
[2025-07-09 16:58:14.457] [jointLog] [warning] read 9cd7ddf3-6d94-4f72-afbf-eaccc850bff1 (length 8776) has no trained clipping model
[2025-07-09 16:58:14.457] [jointLog] [warning] read 9cd7ddf3-6d94-4f72-afbf-eaccc850bff1 (length 8776) has no trained clipping model
[2025-07-09 16:58:14.462] [jointLog] [warning] read 151d3d14-1ad7-4be6-a213-fcaba72610fc (length 7405 - align length 7386) has no trained error model
[2025-07-09 16:58:14.476] [jointLog] [warning] read 2511716f-9ce8-421a-a817-fecfd693c974 (length 7348 - align length 503) has no trained error model
[2025-07-09 16:58:14.476] [jointLog] [warning] read 2511716f-9ce8-421a-a817-fecfd693c974 (length 7348) has no trained clipping model
[2025-07-09 16:58:14.476] [jointLog] [warning] read 2511716f-9ce8-421a-a817-fecfd693c974 (length 7348) has no trained clipping model
[2025-07-09 16:58:14.488] [jointLog] [warning] read f9180a81-ae46-4618-8803-1b3552dd8ab5 (length 7710) has no trained clipping model
[2025-07-09 16:58:14.489] [jointLog] [warning] read f0c77b0c-007a-49f3-990f-32851a21941c (length 7693 - align length 7619) has no trained error model
[2025-07-09 16:58:14.489] [jointLog] [warning] read f0c77b0c-007a-49f3-990f-32851a21941c (length 7693) has no trained clipping model
[2025-07-09 16:58:14.489] [jointLog] [warning] read f0c77b0c-007a-49f3-990f-32851a21941c (length 7693) has no trained clipping model
[2025-07-09 16:58:14.513] [jointLog] [warning] read e3cc2935-b5b5-4489-bd27-b4cc89dc7e41 (length 7279 - align length 7152) has no trained error model
[2025-07-09 16:58:14.515] [jointLog] [warning] read abe50958-256a-46b2-8fe0-c0de7e5b4464 (length 8903 - align length 8805) has no trained error model
[2025-07-09 16:58:14.515] [jointLog] [warning] read abe50958-256a-46b2-8fe0-c0de7e5b4464 (length 8903) has no trained clipping model
[2025-07-09 16:58:14.515] [jointLog] [warning] read abe50958-256a-46b2-8fe0-c0de7e5b4464 (length 8903) has no trained clipping model
[2025-07-09 16:58:14.531] [jointLog] [warning] read a5519fc7-b1cc-4662-bdee-c473a8dbd8e5 (length 7385) has no trained clipping model
[2025-07-09 16:58:14.554] [jointLog] [warning] (in update()) CIGAR string for read [6b6f33c9-464c-424b-8cc0-5186d779010d] seems inconsistent. It implied an error rate greater than 1: 1.19004 0.00516351 0.0619621
[2025-07-09 16:58:14.556] [jointLog] [warning] read 854e24b3-570d-49cb-8cd2-3df229aca924 (length 8832 - align length 8755) has no trained error model
[2025-07-09 16:58:14.556] [jointLog] [warning] read 854e24b3-570d-49cb-8cd2-3df229aca924 (length 8832) has no trained clipping model
[2025-07-09 16:58:14.556] [jointLog] [warning] read 854e24b3-570d-49cb-8cd2-3df229aca924 (length 8832) has no trained clipping model
[2025-07-09 16:58:14.557] [jointLog] [warning] read 39770957-4861-4b9d-8abf-0a9c1ebb00dd (length 7250 - align length 7197) has no trained error model
[2025-07-09 16:58:14.578] [jointLog] [warning] read 42dbf740-6de8-46ef-8a3b-08a4a5372fe6 (length 7987 - align length 7957) has no trained error model
[2025-07-09 16:58:14.589] [jointLog] [warning] read af2c7513-71eb-4bb2-9655-87cc1612cea0 (length 10962 - align length 4283) has no trained error model
[2025-07-09 16:58:14.590] [jointLog] [warning] read af2c7513-71eb-4bb2-9655-87cc1612cea0 (length 10962) has no trained clipping model
[2025-07-09 16:58:14.590] [jointLog] [warning] read af2c7513-71eb-4bb2-9655-87cc1612cea0 (length 10962) has no trained clipping model
[2025-07-09 16:58:14.618] [jointLog] [warning] read ce6792b9-7c40-4974-b7c9-102331801cbd (length 8122 - align length 7656) has no trained error model
[2025-07-09 16:58:14.618] [jointLog] [warning] read ce6792b9-7c40-4974-b7c9-102331801cbd (length 8122) has no trained clipping model
[2025-07-09 16:58:14.618] [jointLog] [warning] read ce6792b9-7c40-4974-b7c9-102331801cbd (length 8122) has no trained clipping model
[2025-07-09 16:58:14.649] [jointLog] [warning] read c812ef00-3ebc-4713-9554-f7edc7fdd531 (length 9804 - align length 598) has no trained error model
[2025-07-09 16:58:14.649] [jointLog] [warning] read c812ef00-3ebc-4713-9554-f7edc7fdd531 (length 9804) has no trained clipping model
[2025-07-09 16:58:14.649] [jointLog] [warning] read c812ef00-3ebc-4713-9554-f7edc7fdd531 (length 9804) has no trained clipping model
[2025-07-09 16:58:14.659] [jointLog] [warning] read 42eea9fc-e217-4b6f-b16d-bcc4f8ad8e96 (length 8640) has no trained clipping model
[2025-07-09 16:58:14.663] [jointLog] [warning] read cc1f87c2-7c80-4893-bee2-1215ea267ad2 (length 7657) has no trained clipping model
[2025-07-09 16:58:14.678] [jointLog] [warning] read 2113c404-b9b4-4d3b-bb65-807be7e42083 (length 8276 - align length 8173) has no trained error model
[2025-07-09 16:58:14.678] [jointLog] [warning] read 2113c404-b9b4-4d3b-bb65-807be7e42083 (length 8276) has no trained clipping model
[2025-07-09 16:58:14.679] [jointLog] [warning] read 2113c404-b9b4-4d3b-bb65-807be7e42083 (length 8276) has no trained clipping model
[2025-07-09 16:58:14.686] [jointLog] [warning] read 6b2bae44-c02d-485f-9ffb-d5f693fe6866 (length 6699) has no trained clipping model
[2025-07-09 16:58:14.697] [jointLog] [warning] read 7ac1e1a9-1044-4379-863f-7ba0e77b0e8e (length 8506 - align length 8489) has no trained error model
[2025-07-09 16:58:14.697] [jointLog] [warning] read 7ac1e1a9-1044-4379-863f-7ba0e77b0e8e (length 8506) has no trained clipping model
[2025-07-09 16:58:14.697] [jointLog] [warning] read 7ac1e1a9-1044-4379-863f-7ba0e77b0e8e (length 8506) has no trained clipping model
[2025-07-09 16:58:14.698] [jointLog] [warning] read 8440546f-5a1a-40aa-b941-9bd58e4fa2cb (length 6673) has no trained clipping model
[2025-07-09 16:58:14.737] [jointLog] [warning] read 8c0f56b7-7cab-4704-8894-43a0b1d8684c (length 6660) has no trained clipping model
[2025-07-09 16:58:14.749] [jointLog] [warning] read 8b726729-626f-414f-8d05-69bf33e2977d (length 8451) has no trained clipping model
[2025-07-09 16:58:14.751] [jointLog] [warning] read 515223d9-26d0-44fa-b59a-a9906a20665e (length 6687) has no trained clipping model
[2025-07-09 16:58:14.759] [jointLog] [warning] read 4485064a-7397-4861-9637-4cbdf8fcc7b8 (length 7707) has no trained clipping model
[2025-07-09 16:58:14.782] [jointLog] [warning] read 349e8533-352c-4069-96a3-22592a251b57 (length 6600) has no trained clipping model
[2025-07-09 16:58:14.784] [jointLog] [warning] read c18dac5b-177f-46a9-9f43-96276eaed0b9 (length 7980 - align length 7890) has no trained error model
[2025-07-09 16:58:14.786] [jointLog] [warning] read fe14be2c-c2e8-414a-9de0-9068194081a1 (length 6640) has no trained clipping model
[2025-07-09 16:58:14.803] [jointLog] [warning] read 6e3ddac5-67c5-4861-b757-65575e20edc0 (length 6995) has no trained clipping model
[2025-07-09 16:58:14.813] [jointLog] [warning] read a69be65c-0f04-4270-b179-834ded6713b9 (length 8878) has no trained clipping model
[2025-07-09 16:58:14.815] [jointLog] [warning] read 6cb192fd-5909-4408-b246-ec7a224370f1 (length 10526 - align length 10484) has no trained error model
[2025-07-09 16:58:14.815] [jointLog] [warning] read 6cb192fd-5909-4408-b246-ec7a224370f1 (length 10526) has no trained clipping model
[2025-07-09 16:58:14.815] [jointLog] [warning] read 6cb192fd-5909-4408-b246-ec7a224370f1 (length 10526) has no trained clipping model
[2025-07-09 16:58:14.880] [jointLog] [warning] read 50d4e6a8-2377-4de0-b5b3-248179ba3374 (length 7759) has no trained clipping model
[2025-07-09 16:58:14.889] [jointLog] [warning] read ebc783ee-81d7-4b66-aba3-badeb2caa58e (length 6927) has no trained clipping model
[2025-07-09 16:58:14.942] [jointLog] [warning] read dd47091f-136f-4b87-8873-abf3666d159b (length 8926 - align length 8904) has no trained error model
[2025-07-09 16:58:14.942] [jointLog] [warning] read dd47091f-136f-4b87-8873-abf3666d159b (length 8926) has no trained clipping model
[2025-07-09 16:58:14.970] [jointLog] [warning] read 6742f382-b846-40e7-8183-4bf01403a0bd (length 9179 - align length 9100) has no trained error model
[2025-07-09 16:58:14.970] [jointLog] [warning] read 6742f382-b846-40e7-8183-4bf01403a0bd (length 9179) has no trained clipping model
[2025-07-09 16:58:14.970] [jointLog] [warning] read 6742f382-b846-40e7-8183-4bf01403a0bd (length 9179) has no trained clipping model
[2025-07-09 16:58:14.991] [jointLog] [warning] read bfc92246-b6e5-44bf-8e6b-7af932fa626b (length 8044 - align length 7989) has no trained error model
[2025-07-09 16:58:14.991] [jointLog] [warning] read bfc92246-b6e5-44bf-8e6b-7af932fa626b (length 8044) has no trained clipping model
[2025-07-09 16:58:14.991] [jointLog] [warning] read bfc92246-b6e5-44bf-8e6b-7af932fa626b (length 8044) has no trained clipping model
[2025-07-09 16:58:15.022] [jointLog] [warning] read aca97e44-9b32-4d4f-b613-c2584fce3b4c (length 76497 - align length 299) has no trained error model
[2025-07-09 16:58:15.022] [jointLog] [warning] read aca97e44-9b32-4d4f-b613-c2584fce3b4c (length 76497) has no trained clipping model
[2025-07-09 16:58:15.022] [jointLog] [warning] read aca97e44-9b32-4d4f-b613-c2584fce3b4c (length 76497) has no trained clipping model
[2025-07-09 16:58:15.023] [jointLog] [warning] read 30a93ebe-5afd-4d63-8782-1a59df39cf5f (length 11302 - align length 100) has no trained error model
[2025-07-09 16:58:15.023] [jointLog] [warning] read 30a93ebe-5afd-4d63-8782-1a59df39cf5f (length 11302) has no trained clipping model
[2025-07-09 16:58:15.023] [jointLog] [warning] read 30a93ebe-5afd-4d63-8782-1a59df39cf5f (length 11302) has no trained clipping model
[2025-07-09 16:58:15.024] [jointLog] [warning] read f6ce5c89-f664-49ab-b82e-b97e37527aca (length 8954) has no trained clipping model
[2025-07-09 16:58:15.024] [jointLog] [warning] read 3ec9fffe-a951-4ef7-81ea-1f0026f51fef (length 13520 - align length 13510) has no trained error model
[2025-07-09 16:58:15.024] [jointLog] [warning] read 3ec9fffe-a951-4ef7-81ea-1f0026f51fef (length 13520) has no trained clipping model
[2025-07-09 16:58:15.024] [jointLog] [warning] read 3ec9fffe-a951-4ef7-81ea-1f0026f51fef (length 13520) has no trained clipping model
[2025-07-09 16:58:15.024] [jointLog] [warning] read 0303175e-850a-4bef-9f91-4ca964fe1165 (length 26648 - align length 715) has no trained error model
[2025-07-09 16:58:15.024] [jointLog] [warning] read 0303175e-850a-4bef-9f91-4ca964fe1165 (length 26648) has no trained clipping model
[2025-07-09 16:58:15.024] [jointLog] [warning] read 0303175e-850a-4bef-9f91-4ca964fe1165 (length 26648) has no trained clipping model
[2025-07-09 16:58:15.024] [jointLog] [warning] read a4461f16-44ca-438e-8e86-f17be93ba42c (length 8579) has no trained clipping model
[2025-07-09 16:58:15.024] [jointLog] [warning] read f7fe163d-2779-418f-a3d5-06642f4f3924 (length 24994 - align length 60) has no trained error model
[2025-07-09 16:58:15.024] [jointLog] [warning] read f7fe163d-2779-418f-a3d5-06642f4f3924 (length 24994) has no trained clipping model
[2025-07-09 16:58:15.024] [jointLog] [warning] read f7fe163d-2779-418f-a3d5-06642f4f3924 (length 24994) has no trained clipping model
[2025-07-09 16:58:15.024] [jointLog] [warning] read 901bc3d1-ab83-46b6-bbfb-37b867093579 (length 14778 - align length 14565) has no trained error model
[2025-07-09 16:58:15.024] [jointLog] [warning] read 901bc3d1-ab83-46b6-bbfb-37b867093579 (length 14778) has no trained clipping model
[2025-07-09 16:58:15.024] [jointLog] [warning] read 901bc3d1-ab83-46b6-bbfb-37b867093579 (length 14778) has no trained clipping model
[2025-07-09 16:58:15.024] [jointLog] [warning] read 66934435-fcd9-46c6-bdc3-18907eafce66 (length 41057 - align length 1102) has no trained error model
[2025-07-09 16:58:15.024] [jointLog] [warning] read 66934435-fcd9-46c6-bdc3-18907eafce66 (length 41057) has no trained clipping model
[2025-07-09 16:58:15.024] [jointLog] [warning] read 66934435-fcd9-46c6-bdc3-18907eafce66 (length 41057) has no trained clipping model
[2025-07-09 16:58:15.024] [jointLog] [warning] read bf27d341-fc4b-48d0-9ea5-e47d1a498614 (length 10443 - align length 1669) has no trained error model
[2025-07-09 16:58:15.024] [jointLog] [warning] read bf27d341-fc4b-48d0-9ea5-e47d1a498614 (length 10443) has no trained clipping model
[2025-07-09 16:58:15.024] [jointLog] [warning] read bf27d341-fc4b-48d0-9ea5-e47d1a498614 (length 10443) has no trained clipping model
[2025-07-09 16:58:15.024] [jointLog] [warning] read 1e0758c1-4cb0-48c7-8d55-35fe4ab04358 (length 11549 - align length 944) has no trained error model
[2025-07-09 16:58:15.024] [jointLog] [warning] read 1e0758c1-4cb0-48c7-8d55-35fe4ab04358 (length 11549) has no trained clipping model
[2025-07-09 16:58:15.024] [jointLog] [warning] read 1e0758c1-4cb0-48c7-8d55-35fe4ab04358 (length 11549) has no trained clipping model
[2025-07-09 16:58:15.024] [jointLog] [warning] read 48ac1b90-f719-47b8-bfc7-e68aaaaad3b3 (length 89607) has no trained clipping model
[2025-07-09 16:58:15.024] [jointLog] [warning] read 14fba22a-2439-41ba-8a71-870b3a0fd274 (length 9952 - align length 124) has no trained error model
[2025-07-09 16:58:15.024] [jointLog] [warning] read 14fba22a-2439-41ba-8a71-870b3a0fd274 (length 9952) has no trained clipping model
[2025-07-09 16:58:15.024] [jointLog] [warning] read 14fba22a-2439-41ba-8a71-870b3a0fd274 (length 9952) has no trained clipping model
[2025-07-09 16:58:15.024] [jointLog] [warning] read 027f736f-0593-4475-a17c-c5b0f99725cf (length 13994 - align length 300) has no trained error model
[2025-07-09 16:58:15.024] [jointLog] [warning] read 027f736f-0593-4475-a17c-c5b0f99725cf (length 13994) has no trained clipping model
[2025-07-09 16:58:15.024] [jointLog] [warning] read 027f736f-0593-4475-a17c-c5b0f99725cf (length 13994) has no trained clipping model
[2025-07-09 16:58:15.024] [jointLog] [warning] read 8fef5de0-da9d-4100-a696-df7ea7ee87c8 (length 27153 - align length 2016) has no trained error model
[2025-07-09 16:58:15.024] [jointLog] [warning] read 8fef5de0-da9d-4100-a696-df7ea7ee87c8 (length 27153) has no trained clipping model
[2025-07-09 16:58:15.024] [jointLog] [warning] read 8fef5de0-da9d-4100-a696-df7ea7ee87c8 (length 27153) has no trained clipping model
[2025-07-09 16:58:15.025] [jointLog] [warning] read 2f2e5647-9a0b-4c8c-942a-ae3ef538adda (length 23663 - align length 1231) has no trained error model
[2025-07-09 16:58:15.025] [jointLog] [warning] read 2f2e5647-9a0b-4c8c-942a-ae3ef538adda (length 23663) has no trained clipping model
[2025-07-09 16:58:15.025] [jointLog] [warning] read 2f2e5647-9a0b-4c8c-942a-ae3ef538adda (length 23663) has no trained clipping model
[2025-07-09 16:58:15.025] [jointLog] [warning] read bfef8af6-fbbc-4a0e-b5f2-32c5ccd8a3f8 (length 12140 - align length 7132) has no trained error model
[2025-07-09 16:58:15.025] [jointLog] [warning] read bfef8af6-fbbc-4a0e-b5f2-32c5ccd8a3f8 (length 12140) has no trained clipping model
[2025-07-09 16:58:15.025] [jointLog] [warning] read bfef8af6-fbbc-4a0e-b5f2-32c5ccd8a3f8 (length 12140) has no trained clipping model
[2025-07-09 16:58:15.025] [jointLog] [warning] read 40a6e7af-0208-4b9b-9e9a-d2f92eb78c0e (length 15082 - align length 130) has no trained error model
[2025-07-09 16:58:15.025] [jointLog] [warning] read 40a6e7af-0208-4b9b-9e9a-d2f92eb78c0e (length 15082) has no trained clipping model
[2025-07-09 16:58:15.025] [jointLog] [warning] read 40a6e7af-0208-4b9b-9e9a-d2f92eb78c0e (length 15082) has no trained clipping model
[2025-07-09 16:58:15.025] [jointLog] [warning] read bd9dadbd-07a1-4e5c-be77-a4d901ccb981 (length 12579 - align length 305) has no trained error model
[2025-07-09 16:58:15.025] [jointLog] [warning] read bd9dadbd-07a1-4e5c-be77-a4d901ccb981 (length 12579) has no trained clipping model
[2025-07-09 16:58:15.025] [jointLog] [warning] read bd9dadbd-07a1-4e5c-be77-a4d901ccb981 (length 12579) has no trained clipping model
[2025-07-09 16:58:15.025] [jointLog] [warning] read 93a904cd-d8a6-4854-a09a-6c682ae93465 (length 21966 - align length 297) has no trained error model
[2025-07-09 16:58:15.025] [jointLog] [warning] read 93a904cd-d8a6-4854-a09a-6c682ae93465 (length 21966) has no trained clipping model
[2025-07-09 16:58:15.025] [jointLog] [warning] read 93a904cd-d8a6-4854-a09a-6c682ae93465 (length 21966) has no trained clipping model
[2025-07-09 16:58:15.025] [jointLog] [warning] read d700cad8-8f62-46c9-b5e5-2c759bda1c6c (length 11203 - align length 121) has no trained error model
[2025-07-09 16:58:15.025] [jointLog] [warning] read d700cad8-8f62-46c9-b5e5-2c759bda1c6c (length 11203) has no trained clipping model
[2025-07-09 16:58:15.025] [jointLog] [warning] read d700cad8-8f62-46c9-b5e5-2c759bda1c6c (length 11203) has no trained clipping model
[2025-07-09 16:58:15.025] [jointLog] [warning] read c5c52f16-9f9d-4928-b6d4-71aa6b136ccc (length 15271 - align length 1335) has no trained error model
[2025-07-09 16:58:15.025] [jointLog] [warning] read c5c52f16-9f9d-4928-b6d4-71aa6b136ccc (length 15271) has no trained clipping model
[2025-07-09 16:58:15.025] [jointLog] [warning] read c5c52f16-9f9d-4928-b6d4-71aa6b136ccc (length 15271) has no trained clipping model
[2025-07-09 16:58:15.025] [jointLog] [warning] read f7d56c30-ffb5-4bf8-868d-92db386718d3 (length 32646 - align length 119) has no trained error model
[2025-07-09 16:58:15.025] [jointLog] [warning] read f7d56c30-ffb5-4bf8-868d-92db386718d3 (length 32646) has no trained clipping model
[2025-07-09 16:58:15.025] [jointLog] [warning] read f7d56c30-ffb5-4bf8-868d-92db386718d3 (length 32646) has no trained clipping model
[2025-07-09 16:58:15.025] [jointLog] [warning] read 1dbffbc3-8482-4fd8-9709-adeca04a4219 (length 20460 - align length 572) has no trained error model
[2025-07-09 16:58:15.025] [jointLog] [warning] read 1dbffbc3-8482-4fd8-9709-adeca04a4219 (length 20460) has no trained clipping model
[2025-07-09 16:58:15.025] [jointLog] [warning] read 1dbffbc3-8482-4fd8-9709-adeca04a4219 (length 20460) has no trained clipping model
[2025-07-09 16:58:15.025] [jointLog] [warning] read 4645ae0a-67b6-4a8c-8fa1-85d754e73157 (length 18511 - align length 303) has no trained error model
[2025-07-09 16:58:15.025] [jointLog] [warning] read 4645ae0a-67b6-4a8c-8fa1-85d754e73157 (length 18511) has no trained clipping model
[2025-07-09 16:58:15.025] [jointLog] [warning] read 4645ae0a-67b6-4a8c-8fa1-85d754e73157 (length 18511) has no trained clipping model
[2025-07-09 16:58:15.025] [jointLog] [warning] read 990faf4c-68c1-4fa0-8b45-1c9059573352 (length 8751) has no trained clipping model
[2025-07-09 16:58:15.025] [jointLog] [warning] read eb8f2941-1cab-459c-b4a0-d0e985859569 (length 22098 - align length 299) has no trained error model
[2025-07-09 16:58:15.025] [jointLog] [warning] read eb8f2941-1cab-459c-b4a0-d0e985859569 (length 22098) has no trained clipping model
[2025-07-09 16:58:15.025] [jointLog] [warning] read eb8f2941-1cab-459c-b4a0-d0e985859569 (length 22098) has no trained clipping model
[2025-07-09 16:58:15.026] [jointLog] [warning] read 6d17f178-2bfd-42f2-b4fa-d44773e3fc35 (length 8997) has no trained clipping model
[2025-07-09 16:58:15.047] [jointLog] [warning] read 3fe0a006-7123-4f5c-a2ff-01fe13363683 (length 8386) has no trained clipping model
[2025-07-09 16:58:15.082] [jointLog] [warning] read 72bfe1a8-ee4e-4974-bb61-fba03c9491af (length 8094) has no trained clipping model
[2025-07-09 16:58:15.091] [jointLog] [warning] read 872101e6-645f-4bce-8bd9-afa0d73db19b (length 9230 - align length 7110) has no trained error model
[2025-07-09 16:58:15.091] [jointLog] [warning] read 872101e6-645f-4bce-8bd9-afa0d73db19b (length 9230) has no trained clipping model
[2025-07-09 16:58:15.091] [jointLog] [warning] read 872101e6-645f-4bce-8bd9-afa0d73db19b (length 9230) has no trained clipping model
[2025-07-09 16:58:15.133] [jointLog] [warning] read fda90e43-0dea-462c-9572-dd3c4e95737a (length 9956 - align length 9658) has no trained error model
[2025-07-09 16:58:15.189] [jointLog] [warning] (in update()) CIGAR string for read [280ad44e-b459-4b85-a732-29ac60fcedac] seems inconsistent. It implied an error rate greater than 1: 1.35962 0 0.00413345
[2025-07-09 16:58:15.198] [jointLog] [warning] read d2249804-779f-42b6-8635-289d17faa94a (length 6957) has no trained clipping model
[2025-07-09 16:58:15.292] [jointLog] [warning] read a6a0a20c-4afe-4f88-b67b-2b046a6799ff (length 9161) has no trained clipping model
[2025-07-09 16:58:15.305] [jointLog] [warning] read 97c69fb4-58a0-4920-a219-bcd306f391d7 (length 11914 - align length 11874) has no trained error model
[2025-07-09 16:58:15.305] [jointLog] [warning] read 97c69fb4-58a0-4920-a219-bcd306f391d7 (length 11914) has no trained clipping model
[2025-07-09 16:58:15.305] [jointLog] [warning] read 97c69fb4-58a0-4920-a219-bcd306f391d7 (length 11914) has no trained clipping model
[2025-07-09 16:58:15.345] [jointLog] [warning] read f9b7fccc-9b8e-4721-b349-68dcfce87df4 (length 9849 - align length 9840) has no trained error model
[2025-07-09 16:58:15.378] [jointLog] [warning] read 6096cde9-b59a-46ef-bcc8-5e0dc6ae80b8 (length 9105 - align length 9075) has no trained error model
[2025-07-09 16:58:15.408] [jointLog] [warning] (in update()) CIGAR string for read [3de3d075-8198-48b2-bb56-0c9618dcfe70] seems inconsistent. It implied an error rate greater than 1: 1.04064 0.00683761 0.025641
[2025-07-09 16:58:15.410] [jointLog] [warning] (in update()) CIGAR string for read [55ffc1ea-6c6b-4228-a736-004631ef2c5c] seems inconsistent. It implied an error rate greater than 1: 1.10825 0.0137195 0.0990854
[2025-07-09 16:58:15.473] [jointLog] [warning] read a26822b1-4906-4367-818b-0de5eb4207ba (length 8590 - align length 8527) has no trained error model
[2025-07-09 16:58:15.518] [jointLog] [warning] read e2b9f644-f2c6-4644-ad8e-4a3ec88a3bd5 (length 11419 - align length 11418) has no trained error model
[2025-07-09 16:58:15.518] [jointLog] [warning] read e2b9f644-f2c6-4644-ad8e-4a3ec88a3bd5 (length 11419) has no trained clipping model
[2025-07-09 16:58:15.518] [jointLog] [warning] read e2b9f644-f2c6-4644-ad8e-4a3ec88a3bd5 (length 11419) has no trained clipping model
[2025-07-09 16:58:15.562] [jointLog] [warning] read 6190a17c-337c-497c-ac10-20ee970e2445 (length 7704) has no trained clipping model
[2025-07-09 16:58:15.660] [jointLog] [warning] (in update()) CIGAR string for read [447214fe-7c44-40ce-94e2-f145bdaa532a] seems inconsistent. It implied an error rate greater than 1: 1.36787 0.000294118 0.00911765
[2025-07-09 16:58:15.723] [jointLog] [warning] read 4ea63af6-976f-483f-9460-1c4f234de5cd (length 7798) has no trained clipping model
[2025-07-09 16:58:15.731] [jointLog] [warning] read 2e76a8af-1c07-4135-93da-980fb2707dd0 (length 9514 - align length 8935) has no trained error model
[2025-07-09 16:58:15.731] [jointLog] [warning] read 2e76a8af-1c07-4135-93da-980fb2707dd0 (length 9514) has no trained clipping model
[2025-07-09 16:58:15.731] [jointLog] [warning] read 2e76a8af-1c07-4135-93da-980fb2707dd0 (length 9514) has no trained clipping model
[2025-07-09 16:58:15.736] [jointLog] [warning] (in update()) CIGAR string for read [f6f5c8cd-1b2b-4e86-adbb-0e57b01f67b5] seems inconsistent. It implied an error rate greater than 1: 1.21563 0 0.0190137
[2025-07-09 16:58:15.748] [jointLog] [warning] read 0c575da9-a31c-418c-b5e3-32416fdf96c9 (length 8083 - align length 8018) has no trained error model
[2025-07-09 16:58:15.755] [jointLog] [warning] (in update()) CIGAR string for read [9dab8dba-d0aa-4ae1-817f-461115323bbd] seems inconsistent. It implied an error rate greater than 1: 1.31274 0.00204604 0.0624041
[2025-07-09 16:58:15.877] [jointLog] [warning] read 6517b089-ea6c-47be-ad61-c2b290ec1b94 (length 13226 - align length 13205) has no trained error model
[2025-07-09 16:58:15.877] [jointLog] [warning] read 6517b089-ea6c-47be-ad61-c2b290ec1b94 (length 13226) has no trained clipping model
[2025-07-09 16:58:15.877] [jointLog] [warning] read 6517b089-ea6c-47be-ad61-c2b290ec1b94 (length 13226) has no trained clipping model
[2025-07-09 16:58:15.919] [jointLog] [warning] (in update()) CIGAR string for read [2be50919-6b2f-401e-b014-f63f1b4b14c2] seems inconsistent. It implied an error rate greater than 1: 1.37017 0 0.00824985
[2025-07-09 16:58:16.006] [jointLog] [warning] read 6095da51-6329-4891-8e36-8f45d9c5c09f (length 10507 - align length 10163) has no trained error model
[2025-07-09 16:58:16.091] [jointLog] [warning] (in update()) CIGAR string for read [0396cf56-8b83-4040-9499-23e3e3554553] seems inconsistent. It implied an error rate greater than 1: 1.3739 0.00152207 0.0730594
[2025-07-09 16:58:16.142] [jointLog] [warning] read d4fc8c9e-53c7-4f66-8e21-9190d78a934e (length 9712 - align length 9693) has no trained error model
[2025-07-09 16:58:16.142] [jointLog] [warning] read d4fc8c9e-53c7-4f66-8e21-9190d78a934e (length 9712) has no trained clipping model
[2025-07-09 16:58:16.142] [jointLog] [warning] read d4fc8c9e-53c7-4f66-8e21-9190d78a934e (length 9712) has no trained clipping model
[2025-07-09 16:58:16.215] [jointLog] [warning] read 3e8e3760-e1d2-478c-81b4-23a9f46f2a41 (length 9339 - align length 9236) has no trained error model
[2025-07-09 16:58:16.215] [jointLog] [warning] read 3e8e3760-e1d2-478c-81b4-23a9f46f2a41 (length 9339) has no trained clipping model
[2025-07-09 16:58:16.215] [jointLog] [warning] read 3e8e3760-e1d2-478c-81b4-23a9f46f2a41 (length 9339) has no trained clipping model
[2025-07-09 16:58:16.224] [jointLog] [warning] (in update()) CIGAR string for read [0ec5be6e-014d-4a43-b4fd-c4ca38f95171] seems inconsistent. It implied an error rate greater than 1: 1.37886 0.0040404 0.0155844
[2025-07-09 16:58:16.287] [jointLog] [warning] (in update()) CIGAR string for read [7008b0a8-37aa-439c-8ec8-38810677d77a] seems inconsistent. It implied an error rate greater than 1: 1.35828 0.000886787 0
[2025-07-09 16:58:16.311] [jointLog] [warning] (in update()) CIGAR string for read [3e77a666-85e2-4431-a67d-3567172763c7] seems inconsistent. It implied an error rate greater than 1: 1.09694 0.00164474 0.03125
[2025-07-09 16:58:16.327] [jointLog] [warning] (in update()) CIGAR string for read [5a1d05ec-1192-4214-b178-4127d706b060] seems inconsistent. It implied an error rate greater than 1: 1.3535 0 0.0139657
[2025-07-09 16:58:16.416] [jointLog] [warning] read eb640660-8128-41df-b750-5fff37190c25 (length 9326 - align length 9304) has no trained error model
[2025-07-09 16:58:16.416] [jointLog] [warning] read eb640660-8128-41df-b750-5fff37190c25 (length 9326) has no trained clipping model
[2025-07-09 16:58:16.442] [jointLog] [warning] read 20df8623-fa9e-4a28-916e-9a218fe5b78b (length 11424) has no trained clipping model
[2025-07-09 16:58:16.486] [jointLog] [warning] (in update()) CIGAR string for read [66e5beb1-f38a-48b2-95e1-971817bc48a7] seems inconsistent. It implied an error rate greater than 1: 1.36364 0.0594059 0
[2025-07-09 16:58:16.491] [jointLog] [warning] (in update()) CIGAR string for read [733aea5a-66db-4b8d-954a-a5df81113b5f] seems inconsistent. It implied an error rate greater than 1: 1.16071 0.00160514 0.0995185
[2025-07-09 16:58:16.512] [jointLog] [warning] read 15700a06-9d0d-4728-a62d-331077774ca9 (length 12848 - align length 12809) has no trained error model
[2025-07-09 16:58:16.512] [jointLog] [warning] read 15700a06-9d0d-4728-a62d-331077774ca9 (length 12848) has no trained clipping model
[2025-07-09 16:58:16.512] [jointLog] [warning] read 15700a06-9d0d-4728-a62d-331077774ca9 (length 12848) has no trained clipping model
[2025-07-09 16:58:16.541] [jointLog] [warning] (in update()) CIGAR string for read [9fb5b4ee-ded9-4b24-8a13-a56ac45148e3] seems inconsistent. It implied an error rate greater than 1: 1.34537 0 0.000587027
[2025-07-09 16:58:16.695] [jointLog] [warning] (in update()) CIGAR string for read [d05f41c1-f131-4425-8ed2-15bed7903399] seems inconsistent. It implied an error rate greater than 1: 1.3542 0 0.00407807
[2025-07-09 16:58:16.715] [jointLog] [warning] read 98625aee-48aa-4591-8d5a-701777a71490 (length 9365) has no trained clipping model
[2025-07-09 16:58:16.726] [jointLog] [warning] (in update()) CIGAR string for read [2498d712-81e7-4c50-be5d-83ed618a6f22] seems inconsistent. It implied an error rate greater than 1: 1.09098 0.0035791 0.0522548
[2025-07-09 16:58:16.728] [jointLog] [warning] read 37e0d6dd-3532-4c86-b19b-ba2dcb2f0ce3 (length 10052 - align length 9797) has no trained error model
[2025-07-09 16:58:16.728] [jointLog] [warning] read 37e0d6dd-3532-4c86-b19b-ba2dcb2f0ce3 (length 10052) has no trained clipping model
[2025-07-09 16:58:16.728] [jointLog] [warning] read 37e0d6dd-3532-4c86-b19b-ba2dcb2f0ce3 (length 10052) has no trained clipping model
[2025-07-09 16:58:16.731] [jointLog] [warning] read fb3bb1f2-e259-4138-8003-89d7cd2ddc12 (length 10123 - align length 10049) has no trained error model
[2025-07-09 16:58:16.731] [jointLog] [warning] read fb3bb1f2-e259-4138-8003-89d7cd2ddc12 (length 10123) has no trained clipping model
[2025-07-09 16:58:16.796] [jointLog] [warning] read 612af66f-3aae-4125-9d32-f04208febe1c (length 9322) has no trained clipping model
[2025-07-09 16:58:16.941] [jointLog] [warning] read 0f47178b-8fcb-4c18-8f77-12aa36761f73 (length 13075 - align length 13062) has no trained error model
[2025-07-09 16:58:16.941] [jointLog] [warning] read 0f47178b-8fcb-4c18-8f77-12aa36761f73 (length 13075) has no trained clipping model
[2025-07-09 16:58:16.941] [jointLog] [warning] read 0f47178b-8fcb-4c18-8f77-12aa36761f73 (length 13075) has no trained clipping model
[2025-07-09 16:58:16.952] [jointLog] [warning] (in update()) CIGAR string for read [9f5bd689-308a-466d-9b06-b27ade7f1607] seems inconsistent. It implied an error rate greater than 1: 1.38609 0.000586166 0.0178781
[2025-07-09 16:58:17.041] [jointLog] [warning] read ab6535eb-aa05-44a3-a05e-1ab7dcb25a50 (length 12523 - align length 12442) has no trained error model
[2025-07-09 16:58:17.245] [jointLog] [warning] (in update()) CIGAR string for read [91a62800-1f4b-4676-a1ed-be793cd60fd1] seems inconsistent. It implied an error rate greater than 1: 1.54715 0 0.0939086
[2025-07-09 16:58:17.262] [jointLog] [warning] read 499a46f9-7511-440d-ba6c-b2303b62a5bb (length 11042 - align length 11030) has no trained error model
[2025-07-09 16:58:17.262] [jointLog] [warning] read 499a46f9-7511-440d-ba6c-b2303b62a5bb (length 11042) has no trained clipping model
[2025-07-09 16:58:17.412] [jointLog] [warning] (in update()) CIGAR string for read [0a4b4e52-1a3f-4656-8aa0-1151f6143a02] seems inconsistent. It implied an error rate greater than 1: 1.64197 0.00224888 0.0367316
[2025-07-09 16:58:17.427] [jointLog] [warning] read 884d5a24-11f9-4000-a75d-d867c0e9b058 (length 10621 - align length 10549) has no trained error model
[2025-07-09 16:58:17.427] [jointLog] [warning] read 884d5a24-11f9-4000-a75d-d867c0e9b058 (length 10621) has no trained clipping model
[2025-07-09 16:58:17.427] [jointLog] [warning] read 884d5a24-11f9-4000-a75d-d867c0e9b058 (length 10621) has no trained clipping model
[2025-07-09 16:58:17.489] [jointLog] [warning] read 99520f07-47a3-4ba7-ba67-3bb3a90de2d6 (length 11481 - align length 11375) has no trained error model
[2025-07-09 16:58:17.489] [jointLog] [warning] read 99520f07-47a3-4ba7-ba67-3bb3a90de2d6 (length 11481) has no trained clipping model
[2025-07-09 16:58:17.557] [jointLog] [warning] read f459abac-9885-41bc-9668-141dddc1152f (length 10324 - align length 10304) has no trained error model
[2025-07-09 16:58:17.557] [jointLog] [warning] read f459abac-9885-41bc-9668-141dddc1152f (length 10324) has no trained clipping model
[2025-07-09 16:58:17.557] [jointLog] [warning] read f459abac-9885-41bc-9668-141dddc1152f (length 10324) has no trained clipping model
[2025-07-09 16:58:17.595] [jointLog] [warning] (in update()) CIGAR string for read [72c2a98f-8530-4a77-86de-6464271590a0] seems inconsistent. It implied an error rate greater than 1: 1.37466 0 0.00387828
[2025-07-09 16:58:17.595] [jointLog] [warning] read b874b47d-46da-4457-a37e-be29d53b2d1e (length 11085) has no trained clipping model
[2025-07-09 16:58:17.735] [jointLog] [warning] read 3528f0a0-cc73-4f8b-92da-79eae0029d77 (length 11701 - align length 11616) has no trained error model
[2025-07-09 16:58:17.735] [jointLog] [warning] read 3528f0a0-cc73-4f8b-92da-79eae0029d77 (length 11701) has no trained clipping model
[2025-07-09 16:58:17.735] [jointLog] [warning] read 3528f0a0-cc73-4f8b-92da-79eae0029d77 (length 11701) has no trained clipping model
[2025-07-09 16:58:17.781] [jointLog] [warning] (in update()) CIGAR string for read [29d82ef1-4c91-4b80-a26c-141b1d12ec52] seems inconsistent. It implied an error rate greater than 1: 1.34772 0 0.00322014
[2025-07-09 16:58:17.820] [jointLog] [warning] read b0acc4b7-de46-401b-b49e-8a7e219b7e5c (length 12800 - align length 12773) has no trained error model
[2025-07-09 16:58:17.820] [jointLog] [warning] read b0acc4b7-de46-401b-b49e-8a7e219b7e5c (length 12800) has no trained clipping model
[2025-07-09 16:58:17.834] [jointLog] [warning] (in update()) CIGAR string for read [13faeab7-49e8-4ce3-a7b2-6e2b9b2d97a6] seems inconsistent. It implied an error rate greater than 1: 1.10178 0.013811 0.0660337
[2025-07-09 16:58:17.991] [jointLog] [warning] read b4e330fb-c10e-4cca-9345-417622ddfc04 (length 12007 - align length 10882) has no trained error model
[2025-07-09 16:58:17.991] [jointLog] [warning] read b4e330fb-c10e-4cca-9345-417622ddfc04 (length 12007) has no trained clipping model
[2025-07-09 16:58:17.991] [jointLog] [warning] read b4e330fb-c10e-4cca-9345-417622ddfc04 (length 12007) has no trained clipping model
[2025-07-09 16:58:18.097] [jointLog] [warning] read d24fea93-2278-4a2f-9f09-716c76bfc123 (length 11016) has no trained clipping model
[2025-07-09 16:58:18.101] [jointLog] [warning] read bcbb373c-a194-49dc-bf50-a72830abcdc9 (length 11513 - align length 11511) has no trained error model
[2025-07-09 16:58:18.125] [jointLog] [warning] (in update()) CIGAR string for read [cf9b5715-b583-47b2-9cf0-ffb5e8c49b7e] seems inconsistent. It implied an error rate greater than 1: 1.5917 0 0.0957042
[2025-07-09 16:58:18.136] [jointLog] [warning] read 4be3dc10-1750-4508-92ab-67ad4aaf36f0 (length 10360) has no trained clipping model
[2025-07-09 16:58:18.179] [jointLog] [warning] (in update()) CIGAR string for read [68752f98-63cd-4227-8051-954c0e3ae898] seems inconsistent. It implied an error rate greater than 1: 1.1798 0.163737 0.00100452
[2025-07-09 16:58:18.391] [jointLog] [warning] read 09f7b279-64b9-405a-a673-66b2dda86761 (length 12778 - align length 12749) has no trained error model
[2025-07-09 16:58:18.391] [jointLog] [warning] read 09f7b279-64b9-405a-a673-66b2dda86761 (length 12778) has no trained clipping model
[2025-07-09 16:58:18.391] [jointLog] [warning] read 09f7b279-64b9-405a-a673-66b2dda86761 (length 12778) has no trained clipping model
[2025-07-09 16:58:18.565] [jointLog] [warning] (in update()) CIGAR string for read [a15eccb3-e81d-4355-bd35-72801c4d9405] seems inconsistent. It implied an error rate greater than 1: 1.35006 0.00290529 0.00697269
[2025-07-09 16:58:18.788] [fileLog] [info] quantification processed 1000000 fragments so far

[2025-07-09 16:58:18.886] [jointLog] [warning] (in update()) CIGAR string for read [06973502-0d75-4f3b-b82d-0a169ef22e7b] seems inconsistent. It implied an error rate greater than 1: 1.125 0.00754717 0.132075
[2025-07-09 16:58:19.100] [jointLog] [warning] read 439030d5-7919-4c97-a6d1-167ecb11fe6f (length 12722 - align length 12659) has no trained error model
[2025-07-09 16:58:19.100] [jointLog] [warning] read 439030d5-7919-4c97-a6d1-167ecb11fe6f (length 12722) has no trained clipping model
[2025-07-09 16:58:19.318] [jointLog] [warning] (in update()) CIGAR string for read [d0f0ab4f-fa57-4958-8891-556b483b26a7] seems inconsistent. It implied an error rate greater than 1: 1.27509 0.00139179 0.0347947
[2025-07-09 16:58:19.380] [jointLog] [warning] (in update()) CIGAR string for read [308e43ae-9382-4d7d-ae24-50ad7c169655] seems inconsistent. It implied an error rate greater than 1: 1.34756 0.000293255 0.00322581
[2025-07-09 16:58:19.410] [jointLog] [warning] (in update()) CIGAR string for read [07c3646c-3977-4b5a-a84f-fd7c725aacf6] seems inconsistent. It implied an error rate greater than 1: 1.5869 0.000788955 0.00512821
[2025-07-09 16:58:19.546] [jointLog] [warning] (in update()) CIGAR string for read [6299229a-c885-47a9-bc67-72f8c878a4f6] seems inconsistent. It implied an error rate greater than 1: 1.80451 0 0.00517464
[2025-07-09 16:58:19.552] [jointLog] [warning] (in update()) CIGAR string for read [b068a9e4-3d0e-4a01-b8f5-618b484b1f2c] seems inconsistent. It implied an error rate greater than 1: 1.34558 0 0.0147655
[2025-07-09 16:58:19.587] [jointLog] [warning] (in update()) CIGAR string for read [9d7e0d39-f877-4fc4-a7fa-221fb3649ceb] seems inconsistent. It implied an error rate greater than 1: 1.37099 0.000584795 0.0157895
[2025-07-09 16:58:19.703] [jointLog] [warning] read ab1f7e2b-87ee-4a67-b57a-9a76c032802d (length 13845 - align length 469) has no trained error model
[2025-07-09 16:58:19.703] [jointLog] [warning] read ab1f7e2b-87ee-4a67-b57a-9a76c032802d (length 13845) has no trained clipping model
[2025-07-09 16:58:19.703] [jointLog] [warning] read ab1f7e2b-87ee-4a67-b57a-9a76c032802d (length 13845) has no trained clipping model
[2025-07-09 16:58:19.711] [jointLog] [warning] read 2f8fe7f6-4039-40e2-b261-d266568e2d7c (length 41378 - align length 2208) has no trained error model
[2025-07-09 16:58:19.711] [jointLog] [warning] read 2f8fe7f6-4039-40e2-b261-d266568e2d7c (length 41378) has no trained clipping model
[2025-07-09 16:58:19.711] [jointLog] [warning] read 2f8fe7f6-4039-40e2-b261-d266568e2d7c (length 41378) has no trained clipping model
[2025-07-09 16:58:19.711] [jointLog] [warning] read 00b310e2-5a12-4c78-a94c-ab4070d8a09a (length 19272 - align length 3251) has no trained error model
[2025-07-09 16:58:19.711] [jointLog] [warning] read 00b310e2-5a12-4c78-a94c-ab4070d8a09a (length 19272) has no trained clipping model
[2025-07-09 16:58:19.711] [jointLog] [warning] read 00b310e2-5a12-4c78-a94c-ab4070d8a09a (length 19272) has no trained clipping model
[2025-07-09 16:58:19.711] [jointLog] [warning] read 7c5cc5d9-c145-43c4-bbbf-d7423ed22d96 (length 31095 - align length 208) has no trained error model
[2025-07-09 16:58:19.711] [jointLog] [warning] read 7c5cc5d9-c145-43c4-bbbf-d7423ed22d96 (length 31095) has no trained clipping model
[2025-07-09 16:58:19.711] [jointLog] [warning] read 7c5cc5d9-c145-43c4-bbbf-d7423ed22d96 (length 31095) has no trained clipping model
[2025-07-09 16:58:19.711] [jointLog] [warning] read 6118249b-14b7-498c-9172-9413efe79f60 (length 26789 - align length 297) has no trained error model
[2025-07-09 16:58:19.711] [jointLog] [warning] read 6118249b-14b7-498c-9172-9413efe79f60 (length 26789) has no trained clipping model
[2025-07-09 16:58:19.711] [jointLog] [warning] read 6118249b-14b7-498c-9172-9413efe79f60 (length 26789) has no trained clipping model
[2025-07-09 16:58:19.711] [jointLog] [warning] read 565e42d6-d145-41ca-8483-3a562743d922 (length 14734 - align length 14673) has no trained error model
[2025-07-09 16:58:19.711] [jointLog] [warning] read aba5b20e-f96b-471d-a9e2-de5fab2ddc1a (length 12951 - align length 12880) has no trained error model
[2025-07-09 16:58:19.711] [jointLog] [warning] read aba5b20e-f96b-471d-a9e2-de5fab2ddc1a (length 12951) has no trained clipping model
[2025-07-09 16:58:19.711] [jointLog] [warning] read aba5b20e-f96b-471d-a9e2-de5fab2ddc1a (length 12951) has no trained clipping model
[2025-07-09 16:58:19.711] [jointLog] [warning] read 7d5089d8-1cc5-4621-8c43-fc673b3adc6e (length 18760 - align length 4282) has no trained error model
[2025-07-09 16:58:19.711] [jointLog] [warning] read 7d5089d8-1cc5-4621-8c43-fc673b3adc6e (length 18760) has no trained clipping model
[2025-07-09 16:58:19.711] [jointLog] [warning] read 7d5089d8-1cc5-4621-8c43-fc673b3adc6e (length 18760) has no trained clipping model
[2025-07-09 16:58:19.712] [jointLog] [warning] read 4783342c-4145-4da2-bcec-177021876748 (length 28742 - align length 46) has no trained error model
[2025-07-09 16:58:19.712] [jointLog] [warning] read 4783342c-4145-4da2-bcec-177021876748 (length 28742) has no trained clipping model
[2025-07-09 16:58:19.712] [jointLog] [warning] read 4783342c-4145-4da2-bcec-177021876748 (length 28742) has no trained clipping model
[2025-07-09 16:58:19.811] [jointLog] [warning] (in update()) CIGAR string for read [f35d4da6-897b-446c-9576-d5085a219d0e] seems inconsistent. It implied an error rate greater than 1: 1.35731 0.00718391 0.0181034
[2025-07-09 16:58:19.929] [jointLog] [warning] read add397e3-5481-4df6-a6a2-682e8b34a99e (length 9952 - align length 9946) has no trained error model
[2025-07-09 16:58:19.964] [jointLog] [warning] (in update()) CIGAR string for read [16f16521-bebf-46ef-973f-844f8987dc3d] seems inconsistent. It implied an error rate greater than 1: 1.35145 0.000580552 0.011611
[2025-07-09 16:58:19.999] [jointLog] [warning] (in update()) CIGAR string for read [f953b97a-7605-4daa-b43a-4a07f3a7fc13] seems inconsistent. It implied an error rate greater than 1: 1.27267 0.149777 0.0211581
[2025-07-09 16:58:20.070] [jointLog] [warning] read ac6ce4a1-e590-4876-89df-ed15ef75cee7 (length 15783 - align length 630) has no trained error model
[2025-07-09 16:58:20.070] [jointLog] [warning] read ac6ce4a1-e590-4876-89df-ed15ef75cee7 (length 15783) has no trained clipping model
[2025-07-09 16:58:20.070] [jointLog] [warning] read ac6ce4a1-e590-4876-89df-ed15ef75cee7 (length 15783) has no trained clipping model
[2025-07-09 16:58:20.070] [jointLog] [warning] read 3828aeed-247c-4dd1-b2bd-a06f5b104762 (length 12025 - align length 11957) has no trained error model
[2025-07-09 16:58:20.074] [jointLog] [warning] read f2ca4d76-6aa3-4c76-97ca-11aaeba0c078 (length 10604) has no trained clipping model
[2025-07-09 16:58:20.075] [jointLog] [warning] read b056c8d0-490d-4272-a4bc-5ff23e6e42d8 (length 14956 - align length 535) has no trained error model
[2025-07-09 16:58:20.075] [jointLog] [warning] read b056c8d0-490d-4272-a4bc-5ff23e6e42d8 (length 14956) has no trained clipping model
[2025-07-09 16:58:20.075] [jointLog] [warning] read b056c8d0-490d-4272-a4bc-5ff23e6e42d8 (length 14956) has no trained clipping model
[2025-07-09 16:58:20.075] [jointLog] [warning] read 1c2925e6-f033-4069-848c-2949500a3f4b (length 21249 - align length 146) has no trained error model
[2025-07-09 16:58:20.075] [jointLog] [warning] read 1c2925e6-f033-4069-848c-2949500a3f4b (length 21249) has no trained clipping model
[2025-07-09 16:58:20.075] [jointLog] [warning] read 1c2925e6-f033-4069-848c-2949500a3f4b (length 21249) has no trained clipping model
[2025-07-09 16:58:20.075] [jointLog] [warning] read ab891efa-68ec-40d2-b34e-0ec090d710ed (length 17292 - align length 295) has no trained error model
[2025-07-09 16:58:20.075] [jointLog] [warning] read ab891efa-68ec-40d2-b34e-0ec090d710ed (length 17292) has no trained clipping model
[2025-07-09 16:58:20.075] [jointLog] [warning] read ab891efa-68ec-40d2-b34e-0ec090d710ed (length 17292) has no trained clipping model
[2025-07-09 16:58:20.076] [jointLog] [warning] read f27d74e9-ced0-410c-9fc8-b825d5bc1e1a (length 33190 - align length 481) has no trained error model
[2025-07-09 16:58:20.076] [jointLog] [warning] read f27d74e9-ced0-410c-9fc8-b825d5bc1e1a (length 33190) has no trained clipping model
[2025-07-09 16:58:20.076] [jointLog] [warning] read f27d74e9-ced0-410c-9fc8-b825d5bc1e1a (length 33190) has no trained clipping model
[2025-07-09 16:58:20.076] [jointLog] [warning] read 9aca894c-fff0-4113-8288-7c7a9e902e9f (length 19863 - align length 713) has no trained error model
[2025-07-09 16:58:20.076] [jointLog] [warning] read 9aca894c-fff0-4113-8288-7c7a9e902e9f (length 19863) has no trained clipping model
[2025-07-09 16:58:20.076] [jointLog] [warning] read 9aca894c-fff0-4113-8288-7c7a9e902e9f (length 19863) has no trained clipping model
[2025-07-09 16:58:20.076] [jointLog] [warning] read 5e443b3a-282a-412a-bdc9-9d0695baf831 (length 36359 - align length 1791) has no trained error model
[2025-07-09 16:58:20.076] [jointLog] [warning] read 5e443b3a-282a-412a-bdc9-9d0695baf831 (length 36359) has no trained clipping model
[2025-07-09 16:58:20.076] [jointLog] [warning] read 5e443b3a-282a-412a-bdc9-9d0695baf831 (length 36359) has no trained clipping model
[2025-07-09 16:58:20.076] [jointLog] [warning] read a6927498-b8a9-4e48-87fe-f1be7fd5792b (length 17649 - align length 368) has no trained error model
[2025-07-09 16:58:20.076] [jointLog] [warning] read a6927498-b8a9-4e48-87fe-f1be7fd5792b (length 17649) has no trained clipping model
[2025-07-09 16:58:20.076] [jointLog] [warning] read a6927498-b8a9-4e48-87fe-f1be7fd5792b (length 17649) has no trained clipping model
[2025-07-09 16:58:20.076] [jointLog] [warning] read e464023f-8b68-4b75-953d-2c8373e5710d (length 17102 - align length 1399) has no trained error model
[2025-07-09 16:58:20.076] [jointLog] [warning] read e464023f-8b68-4b75-953d-2c8373e5710d (length 17102) has no trained clipping model
[2025-07-09 16:58:20.076] [jointLog] [warning] read e464023f-8b68-4b75-953d-2c8373e5710d (length 17102) has no trained clipping model
[2025-07-09 16:58:20.076] [jointLog] [warning] read eb198a90-27e1-4797-8ae8-9458eb21390a (length 15020 - align length 14899) has no trained error model
[2025-07-09 16:58:20.076] [jointLog] [warning] read eb198a90-27e1-4797-8ae8-9458eb21390a (length 15020) has no trained clipping model
[2025-07-09 16:58:20.076] [jointLog] [warning] read f830e65d-cbdc-4b9e-af00-1d58868d4e79 (length 27154) has no trained clipping model
[2025-07-09 16:58:20.076] [jointLog] [warning] read aff26bf5-33b5-4d16-b319-2da79494a48a (length 24458 - align length 925) has no trained error model
[2025-07-09 16:58:20.076] [jointLog] [warning] read aff26bf5-33b5-4d16-b319-2da79494a48a (length 24458) has no trained clipping model
[2025-07-09 16:58:20.076] [jointLog] [warning] read aff26bf5-33b5-4d16-b319-2da79494a48a (length 24458) has no trained clipping model
[2025-07-09 16:58:20.076] [jointLog] [warning] read 027ff7da-7d38-481d-bf1e-01eccec8b8ed (length 14009 - align length 13988) has no trained error model
[2025-07-09 16:58:20.076] [jointLog] [warning] read 027ff7da-7d38-481d-bf1e-01eccec8b8ed (length 14009) has no trained clipping model
[2025-07-09 16:58:20.076] [jointLog] [warning] read 027ff7da-7d38-481d-bf1e-01eccec8b8ed (length 14009) has no trained clipping model
[2025-07-09 16:58:20.077] [jointLog] [warning] read f967f29b-a764-4e49-91f1-a9b163935960 (length 11847 - align length 8093) has no trained error model
[2025-07-09 16:58:20.077] [jointLog] [warning] read f967f29b-a764-4e49-91f1-a9b163935960 (length 11847) has no trained clipping model
[2025-07-09 16:58:20.077] [jointLog] [warning] read f967f29b-a764-4e49-91f1-a9b163935960 (length 11847) has no trained clipping model
[2025-07-09 16:58:20.077] [jointLog] [warning] read ffc6ff0e-45a2-4df4-9eb5-863e7b72bb53 (length 31729 - align length 1515) has no trained error model
[2025-07-09 16:58:20.077] [jointLog] [warning] read ffc6ff0e-45a2-4df4-9eb5-863e7b72bb53 (length 31729) has no trained clipping model
[2025-07-09 16:58:20.077] [jointLog] [warning] read ffc6ff0e-45a2-4df4-9eb5-863e7b72bb53 (length 31729) has no trained clipping model
[2025-07-09 16:58:20.077] [jointLog] [warning] read 380140c3-f527-4366-9e44-e820af379885 (length 14327 - align length 480) has no trained error model
[2025-07-09 16:58:20.077] [jointLog] [warning] read 380140c3-f527-4366-9e44-e820af379885 (length 14327) has no trained clipping model
[2025-07-09 16:58:20.077] [jointLog] [warning] read 380140c3-f527-4366-9e44-e820af379885 (length 14327) has no trained clipping model
[2025-07-09 16:58:20.077] [jointLog] [warning] read 3a6e04f5-610d-4326-8472-cbecb2fb746b (length 10267 - align length 648) has no trained error model
[2025-07-09 16:58:20.077] [jointLog] [warning] read 3a6e04f5-610d-4326-8472-cbecb2fb746b (length 10267) has no trained clipping model
[2025-07-09 16:58:20.077] [jointLog] [warning] read 3a6e04f5-610d-4326-8472-cbecb2fb746b (length 10267) has no trained clipping model
[2025-07-09 16:58:20.077] [jointLog] [warning] read 0690551e-50f4-4433-9b7f-33e14e1ae677 (length 13168 - align length 1140) has no trained error model
[2025-07-09 16:58:20.077] [jointLog] [warning] read 0690551e-50f4-4433-9b7f-33e14e1ae677 (length 13168) has no trained clipping model
[2025-07-09 16:58:20.077] [jointLog] [warning] read 0690551e-50f4-4433-9b7f-33e14e1ae677 (length 13168) has no trained clipping model
[2025-07-09 16:58:20.077] [jointLog] [warning] read 7fbdbc5b-90fd-457b-9f52-c0c22a106316 (length 22831 - align length 261) has no trained error model
[2025-07-09 16:58:20.077] [jointLog] [warning] read 7fbdbc5b-90fd-457b-9f52-c0c22a106316 (length 22831) has no trained clipping model
[2025-07-09 16:58:20.077] [jointLog] [warning] read 7fbdbc5b-90fd-457b-9f52-c0c22a106316 (length 22831) has no trained clipping model
[2025-07-09 16:58:20.077] [jointLog] [warning] read 892e4862-bf25-4c86-a464-9148e388bd66 (length 16064 - align length 235) has no trained error model
[2025-07-09 16:58:20.077] [jointLog] [warning] read 892e4862-bf25-4c86-a464-9148e388bd66 (length 16064) has no trained clipping model
[2025-07-09 16:58:20.077] [jointLog] [warning] read 892e4862-bf25-4c86-a464-9148e388bd66 (length 16064) has no trained clipping model
[2025-07-09 16:58:20.077] [jointLog] [warning] read e69d49d7-67bb-4660-a61c-d63975843c09 (length 11777) has no trained clipping model
[2025-07-09 16:58:20.077] [jointLog] [warning] read e6f30ca9-f917-4ff9-ac18-d2ffe8d7b2b4 (length 31856 - align length 221) has no trained error model
[2025-07-09 16:58:20.077] [jointLog] [warning] read e6f30ca9-f917-4ff9-ac18-d2ffe8d7b2b4 (length 31856) has no trained clipping model
[2025-07-09 16:58:20.077] [jointLog] [warning] read e6f30ca9-f917-4ff9-ac18-d2ffe8d7b2b4 (length 31856) has no trained clipping model
[2025-07-09 16:58:20.077] [jointLog] [warning] read 5d283257-44a6-41f3-ab60-26d9ee641b13 (length 34460 - align length 2016) has no trained error model
[2025-07-09 16:58:20.077] [jointLog] [warning] read 5d283257-44a6-41f3-ab60-26d9ee641b13 (length 34460) has no trained clipping model
[2025-07-09 16:58:20.077] [jointLog] [warning] read 5d283257-44a6-41f3-ab60-26d9ee641b13 (length 34460) has no trained clipping model
[2025-07-09 16:58:20.078] [jointLog] [warning] read e659b2f2-369b-43f2-a189-62e865db631f (length 36839 - align length 521) has no trained error model
[2025-07-09 16:58:20.078] [jointLog] [warning] read e659b2f2-369b-43f2-a189-62e865db631f (length 36839) has no trained clipping model
[2025-07-09 16:58:20.078] [jointLog] [warning] read e659b2f2-369b-43f2-a189-62e865db631f (length 36839) has no trained clipping model
[2025-07-09 16:58:20.078] [jointLog] [warning] read 5d4f32ae-2652-4a58-afc9-4efb9a3d1fad (length 14433 - align length 14430) has no trained error model
[2025-07-09 16:58:20.078] [jointLog] [warning] read 5d4f32ae-2652-4a58-afc9-4efb9a3d1fad (length 14433) has no trained clipping model
[2025-07-09 16:58:20.078] [jointLog] [warning] read 5d4f32ae-2652-4a58-afc9-4efb9a3d1fad (length 14433) has no trained clipping model
[2025-07-09 16:58:20.079] [jointLog] [warning] read dd2360ee-9218-4b36-8188-b88077f13460 (length 12659 - align length 528) has no trained error model
[2025-07-09 16:58:20.079] [jointLog] [warning] read dd2360ee-9218-4b36-8188-b88077f13460 (length 12659) has no trained clipping model
[2025-07-09 16:58:20.079] [jointLog] [warning] read dd2360ee-9218-4b36-8188-b88077f13460 (length 12659) has no trained clipping model
[2025-07-09 16:58:20.079] [jointLog] [warning] read 556017c4-7b0e-4e20-b061-3d5ce3bbedcd (length 38290 - align length 290) has no trained error model
[2025-07-09 16:58:20.079] [jointLog] [warning] read 556017c4-7b0e-4e20-b061-3d5ce3bbedcd (length 38290) has no trained clipping model
[2025-07-09 16:58:20.079] [jointLog] [warning] read 556017c4-7b0e-4e20-b061-3d5ce3bbedcd (length 38290) has no trained clipping model
[2025-07-09 16:58:20.079] [jointLog] [warning] read 6d3cf822-98a0-4b06-bb86-1e644ad0ca77 (length 15500 - align length 459) has no trained error model
[2025-07-09 16:58:20.079] [jointLog] [warning] read 6d3cf822-98a0-4b06-bb86-1e644ad0ca77 (length 15500) has no trained clipping model
[2025-07-09 16:58:20.079] [jointLog] [warning] read 6d3cf822-98a0-4b06-bb86-1e644ad0ca77 (length 15500) has no trained clipping model
[2025-07-09 16:58:20.335] [jointLog] [warning] read ebf305e5-f551-41fc-a50b-339e4ee26ed0 (length 10750 - align length 9616) has no trained error model
[2025-07-09 16:58:20.335] [jointLog] [warning] read ebf305e5-f551-41fc-a50b-339e4ee26ed0 (length 10750) has no trained clipping model
[2025-07-09 16:58:20.335] [jointLog] [warning] read ebf305e5-f551-41fc-a50b-339e4ee26ed0 (length 10750) has no trained clipping model
[2025-07-09 16:58:20.363] [jointLog] [warning] (in update()) CIGAR string for read [333def80-ef73-4378-9038-ad163a45f8fd] seems inconsistent. It implied an error rate greater than 1: 1.35322 0.000291971 0.00613139
[2025-07-09 16:58:20.676] [jointLog] [warning] read 7cb7a78e-b5ad-4402-8edc-e106b5656f50 (length 11202 - align length 11124) has no trained error model
[2025-07-09 16:58:20.694] [jointLog] [warning] (in update()) CIGAR string for read [370fc80a-ebf3-4e1f-bf68-1c292c90dacf] seems inconsistent. It implied an error rate greater than 1: 1.35062 0 0.00205822
[2025-07-09 16:58:21.244] [jointLog] [warning] (in update()) CIGAR string for read [dbefa3ad-d5ce-415f-b906-bc33ee790905] seems inconsistent. It implied an error rate greater than 1: 1.05138 0.0102041 0.0629252
[2025-07-09 16:58:21.481] [jointLog] [warning] (in update()) CIGAR string for read [6fc7e85c-74f8-4ae2-a29a-bccbb5400f40] seems inconsistent. It implied an error rate greater than 1: 1.07596 0.106011 0.0170593
[2025-07-09 16:58:21.517] [jointLog] [warning] (in update()) CIGAR string for read [e1700730-c2c6-49dd-95ac-0b7887a13217] seems inconsistent. It implied an error rate greater than 1: 1.36093 0.00175953 0.00293255
[2025-07-09 16:58:21.605] [jointLog] [warning] (in update()) CIGAR string for read [a249155a-a966-4106-a5cc-8ca8baf40e2c] seems inconsistent. It implied an error rate greater than 1: 1.37487 0 0.00664336
[2025-07-09 16:58:21.615] [jointLog] [warning] (in update()) CIGAR string for read [9e0c7306-cf3e-45a4-8d44-83fc2ca1a5c6] seems inconsistent. It implied an error rate greater than 1: 1.36388 0 0.00236686
[2025-07-09 16:58:21.649] [jointLog] [warning] (in update()) CIGAR string for read [0d196e44-b23a-4653-be66-93b87e897e28] seems inconsistent. It implied an error rate greater than 1: 1.38665 0 0.0852674
[2025-07-09 16:58:21.665] [jointLog] [warning] read 3d636e74-0ecf-4ef2-a161-d14be991d0c9 (length 10916 - align length 10602) has no trained error model
[2025-07-09 16:58:21.700] [jointLog] [warning] (in update()) CIGAR string for read [6ae17fb1-9001-4279-934f-2b5a6f454896] seems inconsistent. It implied an error rate greater than 1: 1.09228 0.00306748 0.0828221
[2025-07-09 16:58:21.797] [jointLog] [warning] (in update()) CIGAR string for read [ceb910fe-75de-46c5-b7f3-77a775d910b7] seems inconsistent. It implied an error rate greater than 1: 1.3608 0.0014758 0.00619835
[2025-07-09 16:58:22.087] [jointLog] [warning] (in update()) CIGAR string for read [e3875192-1744-435f-8441-3ae6669f86a3] seems inconsistent. It implied an error rate greater than 1: 1.35213 0.000582242 0.0131004
[2025-07-09 16:58:22.099] [jointLog] [warning] (in update()) CIGAR string for read [37b55141-b9cc-4f8c-8579-cfc6dfe3117f] seems inconsistent. It implied an error rate greater than 1: 1.39116 0 0.0717949
[2025-07-09 16:58:22.159] [jointLog] [warning] (in update()) CIGAR string for read [4e64535e-c5c1-445d-ba38-1e8eaae20247] seems inconsistent. It implied an error rate greater than 1: 1.35237 0 0.000882353
[2025-07-09 16:58:22.256] [jointLog] [warning] (in update()) CIGAR string for read [9b9ee804-5931-449c-b283-dfab6e506526] seems inconsistent. It implied an error rate greater than 1: 1.35822 0 0.00206978
[2025-07-09 16:58:22.327] [jointLog] [warning] (in update()) CIGAR string for read [c1bbb402-f39a-4313-9172-5306618953aa] seems inconsistent. It implied an error rate greater than 1: 1.20278 0.00116959 0.0327485
[2025-07-09 16:58:22.362] [jointLog] [warning] (in update()) CIGAR string for read [78726248-ca28-4b38-9a58-9528f1a5a3ed] seems inconsistent. It implied an error rate greater than 1: 1.59669 0 0.072575
[2025-07-09 16:58:22.461] [jointLog] [warning] (in update()) CIGAR string for read [17f32241-6438-430a-8996-ea311ff9c7e0] seems inconsistent. It implied an error rate greater than 1: 1.08828 0 0.0401753
[2025-07-09 16:58:22.497] [jointLog] [warning] (in update()) CIGAR string for read [7d1d77f4-dbef-4e41-bd58-a0b134ac23a6] seems inconsistent. It implied an error rate greater than 1: 1.7137 0 0.0436767
[2025-07-09 16:58:22.499] [jointLog] [warning] (in update()) CIGAR string for read [82191cef-dd7e-48bb-bd04-6b874fa9d384] seems inconsistent. It implied an error rate greater than 1: 1.19635 0.000606796 0.00121359
[2025-07-09 16:58:22.536] [jointLog] [warning] (in update()) CIGAR string for read [761d21b9-e0df-4802-813c-f8acdd6ec5c7] seems inconsistent. It implied an error rate greater than 1: 1.14776 0 0.00720367
[2025-07-09 16:58:22.576] [jointLog] [warning] read aaaa1019-a5f5-4c30-ad37-71cbba9897f5 (length 11242 - align length 11216) has no trained error model
[2025-07-09 16:58:22.693] [jointLog] [warning] (in update()) CIGAR string for read [8cb1da1f-54ed-45cc-bbff-47b658e352e9] seems inconsistent. It implied an error rate greater than 1: 1.0805 0.0375532 0.00542005
[2025-07-09 16:58:22.805] [jointLog] [warning] (in update()) CIGAR string for read [d96f75b5-eb39-474a-a1ff-c0f51e0fdb25] seems inconsistent. It implied an error rate greater than 1: 1.29823 0 0.0216138
[2025-07-09 16:58:22.890] [jointLog] [warning] read 659adcda-0fc0-4935-b7ad-2b9d63dfc2e4 (length 26322 - align length 366) has no trained error model
[2025-07-09 16:58:22.890] [jointLog] [warning] read 659adcda-0fc0-4935-b7ad-2b9d63dfc2e4 (length 26322) has no trained clipping model
[2025-07-09 16:58:22.890] [jointLog] [warning] read 659adcda-0fc0-4935-b7ad-2b9d63dfc2e4 (length 26322) has no trained clipping model
[2025-07-09 16:58:22.890] [jointLog] [warning] read 70f20d5c-6d8a-4cb4-906d-76cb7822477d (length 36001 - align length 3798) has no trained error model
[2025-07-09 16:58:22.890] [jointLog] [warning] read 70f20d5c-6d8a-4cb4-906d-76cb7822477d (length 36001) has no trained clipping model
[2025-07-09 16:58:22.890] [jointLog] [warning] read 70f20d5c-6d8a-4cb4-906d-76cb7822477d (length 36001) has no trained clipping model
[2025-07-09 16:58:22.890] [jointLog] [warning] read 20ab0108-f5a5-4a9c-a0f1-141c6be9d017 (length 21102 - align length 247) has no trained error model
[2025-07-09 16:58:22.890] [jointLog] [warning] read 20ab0108-f5a5-4a9c-a0f1-141c6be9d017 (length 21102) has no trained clipping model
[2025-07-09 16:58:22.890] [jointLog] [warning] read 20ab0108-f5a5-4a9c-a0f1-141c6be9d017 (length 21102) has no trained clipping model
[2025-07-09 16:58:22.890] [jointLog] [warning] read 4d155def-17b7-470d-bf2a-46a6ac45720c (length 14060 - align length 14053) has no trained error model
[2025-07-09 16:58:22.890] [jointLog] [warning] read 4d155def-17b7-470d-bf2a-46a6ac45720c (length 14060) has no trained clipping model
[2025-07-09 16:58:22.890] [jointLog] [warning] read a37f96ae-abd0-4637-8050-f486e2d6148f (length 20111 - align length 962) has no trained error model
[2025-07-09 16:58:22.890] [jointLog] [warning] read a37f96ae-abd0-4637-8050-f486e2d6148f (length 20111) has no trained clipping model
[2025-07-09 16:58:22.890] [jointLog] [warning] read a37f96ae-abd0-4637-8050-f486e2d6148f (length 20111) has no trained clipping model
[2025-07-09 16:58:22.891] [jointLog] [warning] read c38145c4-bee3-49f7-baac-8dba30148fd3 (length 16128 - align length 16050) has no trained error model
[2025-07-09 16:58:22.891] [jointLog] [warning] read c38145c4-bee3-49f7-baac-8dba30148fd3 (length 16128) has no trained clipping model
[2025-07-09 16:58:22.891] [jointLog] [warning] read c38145c4-bee3-49f7-baac-8dba30148fd3 (length 16128) has no trained clipping model
[2025-07-09 16:58:22.891] [jointLog] [warning] read 9081df76-cbc5-43f6-9ca7-4d7b36d29552 (length 13216 - align length 13154) has no trained error model
[2025-07-09 16:58:22.891] [jointLog] [warning] read 9081df76-cbc5-43f6-9ca7-4d7b36d29552 (length 13216) has no trained clipping model
[2025-07-09 16:58:22.891] [jointLog] [warning] read 7e5ebf85-3dd2-4ba2-90cb-c1974a022ee1 (length 12214 - align length 743) has no trained error model
[2025-07-09 16:58:22.891] [jointLog] [warning] read 7e5ebf85-3dd2-4ba2-90cb-c1974a022ee1 (length 12214) has no trained clipping model
[2025-07-09 16:58:22.891] [jointLog] [warning] read 7e5ebf85-3dd2-4ba2-90cb-c1974a022ee1 (length 12214) has no trained clipping model
[2025-07-09 16:58:22.891] [jointLog] [warning] read 82be879d-82de-4826-9e58-6702adef1b21 (length 16268 - align length 120) has no trained error model
[2025-07-09 16:58:22.891] [jointLog] [warning] read 82be879d-82de-4826-9e58-6702adef1b21 (length 16268) has no trained clipping model
[2025-07-09 16:58:22.891] [jointLog] [warning] read 82be879d-82de-4826-9e58-6702adef1b21 (length 16268) has no trained clipping model
[2025-07-09 16:58:22.891] [jointLog] [warning] read 32856185-d72f-481a-a079-a9f11067e98f (length 14847 - align length 14796) has no trained error model
[2025-07-09 16:58:22.891] [jointLog] [warning] read 32856185-d72f-481a-a079-a9f11067e98f (length 14847) has no trained clipping model
[2025-07-09 16:58:22.891] [jointLog] [warning] read 32856185-d72f-481a-a079-a9f11067e98f (length 14847) has no trained clipping model
[2025-07-09 16:58:22.891] [jointLog] [warning] read 2107fbc5-b2e4-44e8-8252-7b7d65138b7d (length 40237 - align length 1044) has no trained error model
[2025-07-09 16:58:22.891] [jointLog] [warning] read 2107fbc5-b2e4-44e8-8252-7b7d65138b7d (length 40237) has no trained clipping model
[2025-07-09 16:58:22.891] [jointLog] [warning] read 2107fbc5-b2e4-44e8-8252-7b7d65138b7d (length 40237) has no trained clipping model
[2025-07-09 16:58:22.891] [jointLog] [warning] read fe597606-df1c-4d1a-81e5-b93a852fdf91 (length 22184 - align length 278) has no trained error model
[2025-07-09 16:58:22.891] [jointLog] [warning] read fe597606-df1c-4d1a-81e5-b93a852fdf91 (length 22184) has no trained clipping model
[2025-07-09 16:58:22.891] [jointLog] [warning] read fe597606-df1c-4d1a-81e5-b93a852fdf91 (length 22184) has no trained clipping model
[2025-07-09 16:58:22.891] [jointLog] [warning] read 44e56676-6b66-4f5e-8952-e782dd884848 (length 16410 - align length 472) has no trained error model
[2025-07-09 16:58:22.891] [jointLog] [warning] read 44e56676-6b66-4f5e-8952-e782dd884848 (length 16410) has no trained clipping model
[2025-07-09 16:58:22.891] [jointLog] [warning] read 44e56676-6b66-4f5e-8952-e782dd884848 (length 16410) has no trained clipping model
[2025-07-09 16:58:22.891] [jointLog] [warning] read f4be62bc-c392-4e5f-bd8b-206312b1b68e (length 25845 - align length 472) has no trained error model
[2025-07-09 16:58:22.891] [jointLog] [warning] read f4be62bc-c392-4e5f-bd8b-206312b1b68e (length 25845) has no trained clipping model
[2025-07-09 16:58:22.891] [jointLog] [warning] read f4be62bc-c392-4e5f-bd8b-206312b1b68e (length 25845) has no trained clipping model
[2025-07-09 16:58:22.891] [jointLog] [warning] read f3e26bf2-b4ba-44a4-a813-6596391f2d94 (length 10804 - align length 3848) has no trained error model
[2025-07-09 16:58:22.891] [jointLog] [warning] read f3e26bf2-b4ba-44a4-a813-6596391f2d94 (length 10804) has no trained clipping model
[2025-07-09 16:58:22.891] [jointLog] [warning] read f3e26bf2-b4ba-44a4-a813-6596391f2d94 (length 10804) has no trained clipping model
[2025-07-09 16:58:22.891] [jointLog] [warning] read a90c3a0e-cc67-43b7-9882-57cf16d779fb (length 18547) has no trained clipping model
[2025-07-09 16:58:22.891] [jointLog] [warning] read a770c016-caee-4623-86c5-f39267fe472c (length 29482 - align length 2618) has no trained error model
[2025-07-09 16:58:22.891] [jointLog] [warning] read a770c016-caee-4623-86c5-f39267fe472c (length 29482) has no trained clipping model
[2025-07-09 16:58:22.891] [jointLog] [warning] read a770c016-caee-4623-86c5-f39267fe472c (length 29482) has no trained clipping model
[2025-07-09 16:58:22.892] [jointLog] [warning] read f798a54f-a709-4343-a9da-451a49770ecb (length 12868) has no trained clipping model
[2025-07-09 16:58:22.892] [jointLog] [warning] read 7be3c746-df7a-4360-8de2-2168cf59a5ad (length 22477 - align length 529) has no trained error model
[2025-07-09 16:58:22.892] [jointLog] [warning] read 7be3c746-df7a-4360-8de2-2168cf59a5ad (length 22477) has no trained clipping model
[2025-07-09 16:58:22.892] [jointLog] [warning] read 7be3c746-df7a-4360-8de2-2168cf59a5ad (length 22477) has no trained clipping model
[2025-07-09 16:58:22.892] [jointLog] [warning] read 3116d8e1-3fa0-43e9-a48a-d31646811f97 (length 11691 - align length 126) has no trained error model
[2025-07-09 16:58:22.892] [jointLog] [warning] read 3116d8e1-3fa0-43e9-a48a-d31646811f97 (length 11691) has no trained clipping model
[2025-07-09 16:58:22.892] [jointLog] [warning] read 3116d8e1-3fa0-43e9-a48a-d31646811f97 (length 11691) has no trained clipping model
[2025-07-09 16:58:22.892] [jointLog] [warning] read 6669edaf-2f05-48d7-b157-ab7ebe2d89ae (length 16799 - align length 1431) has no trained error model
[2025-07-09 16:58:22.892] [jointLog] [warning] read 6669edaf-2f05-48d7-b157-ab7ebe2d89ae (length 16799) has no trained clipping model
[2025-07-09 16:58:22.892] [jointLog] [warning] read 6669edaf-2f05-48d7-b157-ab7ebe2d89ae (length 16799) has no trained clipping model
[2025-07-09 16:58:22.892] [jointLog] [warning] read e174deec-3f2a-445d-9b98-8af43ee0be5c (length 29346 - align length 569) has no trained error model
[2025-07-09 16:58:22.892] [jointLog] [warning] read e174deec-3f2a-445d-9b98-8af43ee0be5c (length 29346) has no trained clipping model
[2025-07-09 16:58:22.892] [jointLog] [warning] read e174deec-3f2a-445d-9b98-8af43ee0be5c (length 29346) has no trained clipping model
[2025-07-09 16:58:22.892] [jointLog] [warning] read 79fb3da0-eec9-4bd8-ba9c-884fd60cf0bd (length 15788) has no trained clipping model
[2025-07-09 16:58:22.892] [jointLog] [warning] read 26824841-712b-49f5-9db8-d6790c193a77 (length 33090 - align length 126) has no trained error model
[2025-07-09 16:58:22.892] [jointLog] [warning] read 26824841-712b-49f5-9db8-d6790c193a77 (length 33090) has no trained clipping model
[2025-07-09 16:58:22.892] [jointLog] [warning] read 26824841-712b-49f5-9db8-d6790c193a77 (length 33090) has no trained clipping model
[2025-07-09 16:58:22.892] [jointLog] [warning] read 269e010b-3126-4573-b63e-9f7307bc2d48 (length 14519 - align length 105) has no trained error model
[2025-07-09 16:58:22.892] [jointLog] [warning] read 269e010b-3126-4573-b63e-9f7307bc2d48 (length 14519) has no trained clipping model
[2025-07-09 16:58:22.892] [jointLog] [warning] read 269e010b-3126-4573-b63e-9f7307bc2d48 (length 14519) has no trained clipping model
[2025-07-09 16:58:22.892] [jointLog] [warning] read 51024f6d-5708-449b-8f71-f2eae02e15a0 (length 30904 - align length 871) has no trained error model
[2025-07-09 16:58:22.892] [jointLog] [warning] read 51024f6d-5708-449b-8f71-f2eae02e15a0 (length 30904) has no trained clipping model
[2025-07-09 16:58:22.892] [jointLog] [warning] read 51024f6d-5708-449b-8f71-f2eae02e15a0 (length 30904) has no trained clipping model
[2025-07-09 16:58:22.892] [jointLog] [warning] read 7292e4e0-57a9-4ecc-b992-b269c04393b1 (length 16801 - align length 1234) has no trained error model
[2025-07-09 16:58:22.892] [jointLog] [warning] read 7292e4e0-57a9-4ecc-b992-b269c04393b1 (length 16801) has no trained clipping model
[2025-07-09 16:58:22.892] [jointLog] [warning] read 7292e4e0-57a9-4ecc-b992-b269c04393b1 (length 16801) has no trained clipping model
[2025-07-09 16:58:22.892] [jointLog] [warning] read faa3bb5b-d46f-4124-965c-fe5c876222e5 (length 38714 - align length 311) has no trained error model
[2025-07-09 16:58:22.892] [jointLog] [warning] read faa3bb5b-d46f-4124-965c-fe5c876222e5 (length 38714) has no trained clipping model
[2025-07-09 16:58:22.892] [jointLog] [warning] read faa3bb5b-d46f-4124-965c-fe5c876222e5 (length 38714) has no trained clipping model
[2025-07-09 16:58:22.892] [jointLog] [warning] read 8b68e529-9504-4ff5-a0b3-23f9be93bee4 (length 19553 - align length 299) has no trained error model
[2025-07-09 16:58:22.892] [jointLog] [warning] read 8b68e529-9504-4ff5-a0b3-23f9be93bee4 (length 19553) has no trained clipping model
[2025-07-09 16:58:22.892] [jointLog] [warning] read 8b68e529-9504-4ff5-a0b3-23f9be93bee4 (length 19553) has no trained clipping model
[2025-07-09 16:58:22.892] [jointLog] [warning] read 6950ecee-fb3c-48cc-b654-e25fbe0f8397 (length 22986 - align length 346) has no trained error model
[2025-07-09 16:58:22.892] [jointLog] [warning] read 6950ecee-fb3c-48cc-b654-e25fbe0f8397 (length 22986) has no trained clipping model
[2025-07-09 16:58:22.892] [jointLog] [warning] read 6950ecee-fb3c-48cc-b654-e25fbe0f8397 (length 22986) has no trained clipping model
[2025-07-09 16:58:22.892] [jointLog] [warning] read 8e215896-6303-4a81-8935-24c939a63d1e (length 19966 - align length 521) has no trained error model
[2025-07-09 16:58:22.892] [jointLog] [warning] read 8e215896-6303-4a81-8935-24c939a63d1e (length 19966) has no trained clipping model
[2025-07-09 16:58:22.892] [jointLog] [warning] read 8e215896-6303-4a81-8935-24c939a63d1e (length 19966) has no trained clipping model
[2025-07-09 16:58:22.892] [jointLog] [warning] read 63f55b53-0484-4f72-81a5-e3ee6c3cf6dc (length 14432) has no trained clipping model
[2025-07-09 16:58:22.892] [jointLog] [warning] read a609b1c6-ecfd-4543-8d33-c6c08cfb30e5 (length 36951 - align length 956) has no trained error model
[2025-07-09 16:58:22.892] [jointLog] [warning] read a609b1c6-ecfd-4543-8d33-c6c08cfb30e5 (length 36951) has no trained clipping model
[2025-07-09 16:58:22.892] [jointLog] [warning] read a609b1c6-ecfd-4543-8d33-c6c08cfb30e5 (length 36951) has no trained clipping model
[2025-07-09 16:58:22.893] [jointLog] [warning] read bfb38632-51dd-496a-845e-738714a7343f (length 23109 - align length 269) has no trained error model
[2025-07-09 16:58:22.893] [jointLog] [warning] read bfb38632-51dd-496a-845e-738714a7343f (length 23109) has no trained clipping model
[2025-07-09 16:58:22.893] [jointLog] [warning] read bfb38632-51dd-496a-845e-738714a7343f (length 23109) has no trained clipping model
[2025-07-09 16:58:22.895] [jointLog] [warning] read f44a8d2d-c0ef-4bef-8fc0-cc64dbef9de6 (length 47342 - align length 383) has no trained error model
[2025-07-09 16:58:22.895] [jointLog] [warning] read f44a8d2d-c0ef-4bef-8fc0-cc64dbef9de6 (length 47342) has no trained clipping model
[2025-07-09 16:58:22.895] [jointLog] [warning] read f44a8d2d-c0ef-4bef-8fc0-cc64dbef9de6 (length 47342) has no trained clipping model
[2025-07-09 16:58:22.895] [jointLog] [warning] read 3c107056-43fb-4e14-a5f4-9d680b4977c2 (length 21699 - align length 580) has no trained error model
[2025-07-09 16:58:22.895] [jointLog] [warning] read 3c107056-43fb-4e14-a5f4-9d680b4977c2 (length 21699) has no trained clipping model
[2025-07-09 16:58:22.895] [jointLog] [warning] read 3c107056-43fb-4e14-a5f4-9d680b4977c2 (length 21699) has no trained clipping model
[2025-07-09 16:58:22.950] [jointLog] [warning] (in update()) CIGAR string for read [fd07eab4-6953-4dea-85a4-bc4d17226607] seems inconsistent. It implied an error rate greater than 1: 1.4011 0.251969 0.0314961
[2025-07-09 16:58:23.007] [jointLog] [warning] (in update()) CIGAR string for read [892bbf62-8198-48dd-9f91-8e30e9dbe6d2] seems inconsistent. It implied an error rate greater than 1: 1.14124 0.000343407 0.0271291
[2025-07-09 16:58:23.038] [jointLog] [warning] read c8ef69f6-8c99-4990-8c9d-f7e858fe1b36 (length 10802 - align length 10734) has no trained error model
[2025-07-09 16:58:23.200] [jointLog] [warning] (in update()) CIGAR string for read [9de36a61-9ed1-4517-8f4a-ac33368f0aac] seems inconsistent. It implied an error rate greater than 1: 1.35214 0.000588235 0.00382353
[2025-07-09 16:58:23.243] [jointLog] [warning] (in update()) CIGAR string for read [1321ff03-5854-467d-9f29-dd070c504ee7] seems inconsistent. It implied an error rate greater than 1: 2.29835 0.000998502 0
[2025-07-09 16:58:23.325] [jointLog] [warning] (in update()) CIGAR string for read [733f03a3-d2d7-4b07-b22c-b801ab12a0fc] seems inconsistent. It implied an error rate greater than 1: 1.35611 0 0.0134228
[2025-07-09 16:58:23.327] [jointLog] [warning] (in update()) CIGAR string for read [21b808ae-ea78-4d95-82d2-3e70880e978f] seems inconsistent. It implied an error rate greater than 1: 1.36582 0 0.00532072
[2025-07-09 16:58:23.639] [fileLog] [info] quantification processed 2000000 fragments so far

[2025-07-09 16:58:23.549] [jointLog] [warning] read 059d2434-d850-4b60-b6da-d22c3093a1fc (length 13928 - align length 13891) has no trained error model
[2025-07-09 16:58:23.738] [jointLog] [warning] read c64bbab6-c11e-4da6-9f87-173dc441c329 (length 12473 - align length 12403) has no trained error model
[2025-07-09 16:58:23.738] [jointLog] [warning] read c64bbab6-c11e-4da6-9f87-173dc441c329 (length 12473) has no trained clipping model
[2025-07-09 16:58:23.738] [jointLog] [warning] read c64bbab6-c11e-4da6-9f87-173dc441c329 (length 12473) has no trained clipping model
[2025-07-09 16:58:23.789] [jointLog] [warning] (in update()) CIGAR string for read [f0ca12fd-ba97-4f9c-8559-d04f79055773] seems inconsistent. It implied an error rate greater than 1: 1.36106 0 0.00469759
[2025-07-09 16:58:23.955] [jointLog] [warning] (in update()) CIGAR string for read [33cbce06-c918-4a5b-ac74-3c0e67db643a] seems inconsistent. It implied an error rate greater than 1: 1.35925 0 0.00441566
[2025-07-09 16:58:23.956] [jointLog] [warning] (in update()) CIGAR string for read [5e672383-ca73-46a3-875e-364e39252da4] seems inconsistent. It implied an error rate greater than 1: 1.27291 0.104464 0.00184077
[2025-07-09 16:58:23.962] [jointLog] [warning] (in update()) CIGAR string for read [33d332c1-1997-4523-be04-e0bd4a6fe7cd] seems inconsistent. It implied an error rate greater than 1: 1.08528 0.00890208 0.103858
[2025-07-09 16:58:23.987] [jointLog] [warning] read 54dd08fa-ebc9-4b84-aa17-bad16b82696c (length 11153 - align length 11128) has no trained error model
[2025-07-09 16:58:23.987] [jointLog] [warning] read 54dd08fa-ebc9-4b84-aa17-bad16b82696c (length 11153) has no trained clipping model
[2025-07-09 16:58:23.987] [jointLog] [warning] read 54dd08fa-ebc9-4b84-aa17-bad16b82696c (length 11153) has no trained clipping model
[2025-07-09 16:58:23.999] [jointLog] [warning] (in update()) CIGAR string for read [42fc3716-a261-480c-8aa5-892f45ff9493] seems inconsistent. It implied an error rate greater than 1: 1.54447 0 0.00402685
[2025-07-09 16:58:24.143] [jointLog] [warning] (in update()) CIGAR string for read [66491a91-1042-4d95-904a-f7b85b270931] seems inconsistent. It implied an error rate greater than 1: 1.1833 0.0128411 0.102729
[2025-07-09 16:58:24.338] [jointLog] [warning] (in update()) CIGAR string for read [cf39573c-0e4d-4a41-a731-ae52339cdbfa] seems inconsistent. It implied an error rate greater than 1: 1.36614 0 0.0111404
[2025-07-09 16:58:24.417] [jointLog] [warning] (in update()) CIGAR string for read [df514fcc-687c-4a97-a772-57c12536c5bb] seems inconsistent. It implied an error rate greater than 1: 1.19936 0.0143971 0.04979
[2025-07-09 16:58:24.602] [jointLog] [warning] (in update()) CIGAR string for read [58bb61b0-e341-42d1-b44f-9a57fe7d3c2b] seems inconsistent. It implied an error rate greater than 1: 1.17803 0.054992 0.0363054
[2025-07-09 16:58:24.671] [jointLog] [warning] read 4bb8f078-2ca7-4386-a7e1-e238e3c42de9 (length 10126 - align length 10110) has no trained error model
[2025-07-09 16:58:24.952] [jointLog] [warning] (in update()) CIGAR string for read [e65ba1b4-048c-427c-a475-df9a7ad95f17] seems inconsistent. It implied an error rate greater than 1: 1.36189 0 0.00645729
[2025-07-09 16:58:25.092] [jointLog] [warning] (in update()) CIGAR string for read [00f47daa-d8d3-4c42-ac40-c86859c41a4f] seems inconsistent. It implied an error rate greater than 1: 1.82478 0.0725726 0.0305305
[2025-07-09 16:58:25.125] [jointLog] [warning] (in update()) CIGAR string for read [4ba8d7eb-3fd8-45ea-8874-46deca500239] seems inconsistent. It implied an error rate greater than 1: 1.36501 0.000590493 0.00531444
[2025-07-09 16:58:25.230] [jointLog] [warning] (in update()) CIGAR string for read [e898f8b6-7f9f-462e-91ab-eec191c70d52] seems inconsistent. It implied an error rate greater than 1: 1.36585 0.000292056 0.0146028
[2025-07-09 16:58:25.263] [jointLog] [warning] (in update()) CIGAR string for read [817d1e69-564b-4a2a-8a0e-16e78d8f1cac] seems inconsistent. It implied an error rate greater than 1: 1.29965 0 0.00692042
[2025-07-09 16:58:25.369] [jointLog] [warning] (in update()) CIGAR string for read [b4cc49be-0f85-47c1-8734-f2c35d072a11] seems inconsistent. It implied an error rate greater than 1: 1.36765 0.0555556 0
[2025-07-09 16:58:25.398] [jointLog] [warning] read 49a0e42c-4023-4e3b-afe4-a8760bd3d823 (length 11148) has no trained clipping model
[2025-07-09 16:58:25.431] [jointLog] [warning] (in update()) CIGAR string for read [67e49481-d0ee-49b7-85df-6a915b0ed720] seems inconsistent. It implied an error rate greater than 1: 1.35798 0 0.00293772
[2025-07-09 16:58:25.444] [jointLog] [warning] (in update()) CIGAR string for read [d82f1a7a-18ad-4b69-b572-4ab680ea7d9f] seems inconsistent. It implied an error rate greater than 1: 1.15686 0.00347222 0.0225694
[2025-07-09 16:58:25.498] [jointLog] [warning] (in update()) CIGAR string for read [d690feb6-ad26-485d-aac6-e1f98cff11df] seems inconsistent. It implied an error rate greater than 1: 1.103 0.0129176 0.0356347
[2025-07-09 16:58:25.680] [jointLog] [warning] (in update()) CIGAR string for read [70fe86b2-c9b3-42c6-a842-db8b172b4967] seems inconsistent. It implied an error rate greater than 1: 1.34163 0 0.00204678
[2025-07-09 16:58:25.756] [jointLog] [warning] read 286565e4-520f-4399-b868-273ef4112e1d (length 32386 - align length 297) has no trained error model
[2025-07-09 16:58:25.756] [jointLog] [warning] read 286565e4-520f-4399-b868-273ef4112e1d (length 32386) has no trained clipping model
[2025-07-09 16:58:25.756] [jointLog] [warning] read 286565e4-520f-4399-b868-273ef4112e1d (length 32386) has no trained clipping model
[2025-07-09 16:58:25.756] [jointLog] [warning] read a6cfe822-08a1-4cdd-8b4f-b74054e7e1c8 (length 23692) has no trained clipping model
[2025-07-09 16:58:25.756] [jointLog] [warning] read 65a85edb-5688-4a0f-90a4-c47bb396c34f (length 14452 - align length 14395) has no trained error model
[2025-07-09 16:58:25.757] [jointLog] [warning] read 5b837462-09d6-4060-99a9-e653382fc99e (length 18065 - align length 3596) has no trained error model
[2025-07-09 16:58:25.757] [jointLog] [warning] read 5b837462-09d6-4060-99a9-e653382fc99e (length 18065) has no trained clipping model
[2025-07-09 16:58:25.757] [jointLog] [warning] read 5b837462-09d6-4060-99a9-e653382fc99e (length 18065) has no trained clipping model
[2025-07-09 16:58:25.757] [jointLog] [warning] read e7565d47-9b3a-42e2-b7f5-812bbdff903f (length 47877 - align length 2254) has no trained error model
[2025-07-09 16:58:25.757] [jointLog] [warning] read e7565d47-9b3a-42e2-b7f5-812bbdff903f (length 47877) has no trained clipping model
[2025-07-09 16:58:25.757] [jointLog] [warning] read e7565d47-9b3a-42e2-b7f5-812bbdff903f (length 47877) has no trained clipping model
[2025-07-09 16:58:25.757] [jointLog] [warning] read b96fc9da-cb33-4ad5-b87d-4256c3319b4e (length 34510 - align length 87) has no trained error model
[2025-07-09 16:58:25.757] [jointLog] [warning] read b96fc9da-cb33-4ad5-b87d-4256c3319b4e (length 34510) has no trained clipping model
[2025-07-09 16:58:25.757] [jointLog] [warning] read b96fc9da-cb33-4ad5-b87d-4256c3319b4e (length 34510) has no trained clipping model
[2025-07-09 16:58:25.757] [jointLog] [warning] read b1f851aa-6fbb-4a8e-80a6-4acdf01a1463 (length 12489) has no trained clipping model
[2025-07-09 16:58:25.758] [jointLog] [warning] read 9f21cf66-e4d9-4177-bdd7-402add03f91c (length 15894 - align length 995) has no trained error model
[2025-07-09 16:58:25.758] [jointLog] [warning] read 9f21cf66-e4d9-4177-bdd7-402add03f91c (length 15894) has no trained clipping model
[2025-07-09 16:58:25.758] [jointLog] [warning] read 9f21cf66-e4d9-4177-bdd7-402add03f91c (length 15894) has no trained clipping model
[2025-07-09 16:58:25.760] [jointLog] [warning] read 4e9381d6-2492-4806-aa54-66ab11285d69 (length 12755) has no trained clipping model
[2025-07-09 16:58:25.761] [jointLog] [warning] read 5b2a7ba9-b134-4f65-a994-8d8fad6f7c88 (length 11176) has no trained clipping model
[2025-07-09 16:58:25.761] [jointLog] [warning] read 07a0978a-9e5d-4a8c-9afb-10612f775e15 (length 13074 - align length 12364) has no trained error model
[2025-07-09 16:58:25.761] [jointLog] [warning] read b7a0a853-e544-4841-b609-0f3607afdde5 (length 11994 - align length 11793) has no trained error model
[2025-07-09 16:58:25.761] [jointLog] [warning] read b7a0a853-e544-4841-b609-0f3607afdde5 (length 11994) has no trained clipping model
[2025-07-09 16:58:25.762] [jointLog] [warning] read 07a2d415-18b9-49ab-8371-beb4586f324b (length 15612 - align length 297) has no trained error model
[2025-07-09 16:58:25.762] [jointLog] [warning] read 07a2d415-18b9-49ab-8371-beb4586f324b (length 15612) has no trained clipping model
[2025-07-09 16:58:25.762] [jointLog] [warning] read 07a2d415-18b9-49ab-8371-beb4586f324b (length 15612) has no trained clipping model
[2025-07-09 16:58:25.762] [jointLog] [warning] read f12dd210-682c-45a8-8bc0-2e7c2ec269b0 (length 20659 - align length 132) has no trained error model
[2025-07-09 16:58:25.762] [jointLog] [warning] read f12dd210-682c-45a8-8bc0-2e7c2ec269b0 (length 20659) has no trained clipping model
[2025-07-09 16:58:25.762] [jointLog] [warning] read f12dd210-682c-45a8-8bc0-2e7c2ec269b0 (length 20659) has no trained clipping model
[2025-07-09 16:58:25.762] [jointLog] [warning] read de23f8bd-1be6-4743-a51c-6c8df1de27cf (length 19488 - align length 910) has no trained error model
[2025-07-09 16:58:25.762] [jointLog] [warning] read de23f8bd-1be6-4743-a51c-6c8df1de27cf (length 19488) has no trained clipping model
[2025-07-09 16:58:25.762] [jointLog] [warning] read de23f8bd-1be6-4743-a51c-6c8df1de27cf (length 19488) has no trained clipping model
[2025-07-09 16:58:25.762] [jointLog] [warning] read 1f70a3a0-ec3b-4477-b2f8-66c1cb5f4e7c (length 22273 - align length 523) has no trained error model
[2025-07-09 16:58:25.762] [jointLog] [warning] read 1f70a3a0-ec3b-4477-b2f8-66c1cb5f4e7c (length 22273) has no trained clipping model
[2025-07-09 16:58:25.762] [jointLog] [warning] read 1f70a3a0-ec3b-4477-b2f8-66c1cb5f4e7c (length 22273) has no trained clipping model
[2025-07-09 16:58:25.762] [jointLog] [warning] read ae9b689d-53cd-47d8-994e-368704026771 (length 29603 - align length 305) has no trained error model
[2025-07-09 16:58:25.762] [jointLog] [warning] read ae9b689d-53cd-47d8-994e-368704026771 (length 29603) has no trained clipping model
[2025-07-09 16:58:25.762] [jointLog] [warning] read ae9b689d-53cd-47d8-994e-368704026771 (length 29603) has no trained clipping model
[2025-07-09 16:58:25.762] [jointLog] [warning] read cf388694-88fb-4d36-b71a-5201c760012b (length 25989 - align length 373) has no trained error model
[2025-07-09 16:58:25.762] [jointLog] [warning] read cf388694-88fb-4d36-b71a-5201c760012b (length 25989) has no trained clipping model
[2025-07-09 16:58:25.762] [jointLog] [warning] read cf388694-88fb-4d36-b71a-5201c760012b (length 25989) has no trained clipping model
[2025-07-09 16:58:25.762] [jointLog] [warning] read c391c67d-716f-4b1a-aa77-31d1ca908947 (length 18512) has no trained clipping model
[2025-07-09 16:58:25.762] [jointLog] [warning] read 9a866b2f-e666-4f14-9cab-29d79f30e636 (length 29241 - align length 196) has no trained error model
[2025-07-09 16:58:25.762] [jointLog] [warning] read 9a866b2f-e666-4f14-9cab-29d79f30e636 (length 29241) has no trained clipping model
[2025-07-09 16:58:25.762] [jointLog] [warning] read 9a866b2f-e666-4f14-9cab-29d79f30e636 (length 29241) has no trained clipping model
[2025-07-09 16:58:25.762] [jointLog] [warning] read b2e867d4-6b5d-496d-9704-507641cd8ab4 (length 13673 - align length 2347) has no trained error model
[2025-07-09 16:58:25.762] [jointLog] [warning] read b2e867d4-6b5d-496d-9704-507641cd8ab4 (length 13673) has no trained clipping model
[2025-07-09 16:58:25.762] [jointLog] [warning] read b2e867d4-6b5d-496d-9704-507641cd8ab4 (length 13673) has no trained clipping model
[2025-07-09 16:58:25.762] [jointLog] [warning] read f1bcdf79-9c71-4d56-9ddb-33d9063802d6 (length 32553 - align length 1853) has no trained error model
[2025-07-09 16:58:25.762] [jointLog] [warning] read f1bcdf79-9c71-4d56-9ddb-33d9063802d6 (length 32553) has no trained clipping model
[2025-07-09 16:58:25.762] [jointLog] [warning] read f1bcdf79-9c71-4d56-9ddb-33d9063802d6 (length 32553) has no trained clipping model
[2025-07-09 16:58:25.762] [jointLog] [warning] read 94267809-ddce-4489-b690-28d6633f1b0f (length 13365 - align length 2881) has no trained error model
[2025-07-09 16:58:25.762] [jointLog] [warning] read 94267809-ddce-4489-b690-28d6633f1b0f (length 13365) has no trained clipping model
[2025-07-09 16:58:25.762] [jointLog] [warning] read 94267809-ddce-4489-b690-28d6633f1b0f (length 13365) has no trained clipping model
[2025-07-09 16:58:25.762] [jointLog] [warning] read 8e888b3a-1155-450a-9298-11eab304c097 (length 14631 - align length 964) has no trained error model
[2025-07-09 16:58:25.762] [jointLog] [warning] read 8e888b3a-1155-450a-9298-11eab304c097 (length 14631) has no trained clipping model
[2025-07-09 16:58:25.762] [jointLog] [warning] read 8e888b3a-1155-450a-9298-11eab304c097 (length 14631) has no trained clipping model
[2025-07-09 16:58:25.762] [jointLog] [warning] read afbc69bc-c4df-4b90-91ea-f04c78df98c1 (length 40602 - align length 2146) has no trained error model
[2025-07-09 16:58:25.762] [jointLog] [warning] read afbc69bc-c4df-4b90-91ea-f04c78df98c1 (length 40602) has no trained clipping model
[2025-07-09 16:58:25.762] [jointLog] [warning] read afbc69bc-c4df-4b90-91ea-f04c78df98c1 (length 40602) has no trained clipping model
[2025-07-09 16:58:25.762] [jointLog] [warning] read 8c4c0b64-f16c-4784-b4df-63640bdc35d4 (length 17703 - align length 868) has no trained error model
[2025-07-09 16:58:25.762] [jointLog] [warning] read 8c4c0b64-f16c-4784-b4df-63640bdc35d4 (length 17703) has no trained clipping model
[2025-07-09 16:58:25.762] [jointLog] [warning] read 8c4c0b64-f16c-4784-b4df-63640bdc35d4 (length 17703) has no trained clipping model
[2025-07-09 16:58:25.762] [jointLog] [warning] read 5c851f7f-6e63-4f1e-b6ed-c3f3aeec5f94 (length 14678) has no trained clipping model
[2025-07-09 16:58:25.762] [jointLog] [warning] read 9d725aea-cc4a-40d2-85c4-dc0aec6a5b22 (length 29864 - align length 1267) has no trained error model
[2025-07-09 16:58:25.762] [jointLog] [warning] read 9d725aea-cc4a-40d2-85c4-dc0aec6a5b22 (length 29864) has no trained clipping model
[2025-07-09 16:58:25.763] [jointLog] [warning] read 9d725aea-cc4a-40d2-85c4-dc0aec6a5b22 (length 29864) has no trained clipping model
[2025-07-09 16:58:25.763] [jointLog] [warning] read cd7c0aef-f142-4b3f-b5a8-6429af6742f9 (length 15208 - align length 15102) has no trained error model
[2025-07-09 16:58:25.763] [jointLog] [warning] read fe4e7ea8-b3a3-4e4f-a3b8-fd1a4b19cb79 (length 27536 - align length 252) has no trained error model
[2025-07-09 16:58:25.763] [jointLog] [warning] read fe4e7ea8-b3a3-4e4f-a3b8-fd1a4b19cb79 (length 27536) has no trained clipping model
[2025-07-09 16:58:25.763] [jointLog] [warning] read fe4e7ea8-b3a3-4e4f-a3b8-fd1a4b19cb79 (length 27536) has no trained clipping model
[2025-07-09 16:58:25.763] [jointLog] [warning] read 4931b91f-d65d-4dee-9a5c-d3447f1eace4 (length 25540 - align length 114) has no trained error model
[2025-07-09 16:58:25.763] [jointLog] [warning] read 4931b91f-d65d-4dee-9a5c-d3447f1eace4 (length 25540) has no trained clipping model
[2025-07-09 16:58:25.763] [jointLog] [warning] read 4931b91f-d65d-4dee-9a5c-d3447f1eace4 (length 25540) has no trained clipping model
[2025-07-09 16:58:25.763] [jointLog] [warning] read 6649b00f-7bf3-42ef-b7ed-f70577230729 (length 32935 - align length 1317) has no trained error model
[2025-07-09 16:58:25.763] [jointLog] [warning] read 6649b00f-7bf3-42ef-b7ed-f70577230729 (length 32935) has no trained clipping model
[2025-07-09 16:58:25.763] [jointLog] [warning] read 6649b00f-7bf3-42ef-b7ed-f70577230729 (length 32935) has no trained clipping model
[2025-07-09 16:58:25.763] [jointLog] [warning] read 2b3d0cf8-5be6-4f4f-a81a-51510382e10d (length 17473 - align length 2410) has no trained error model
[2025-07-09 16:58:25.763] [jointLog] [warning] read 2b3d0cf8-5be6-4f4f-a81a-51510382e10d (length 17473) has no trained clipping model
[2025-07-09 16:58:25.763] [jointLog] [warning] read 2b3d0cf8-5be6-4f4f-a81a-51510382e10d (length 17473) has no trained clipping model
[2025-07-09 16:58:25.763] [jointLog] [warning] read 4e979bb7-8ccf-440e-8ce1-ac86eefceefe (length 14275 - align length 483) has no trained error model
[2025-07-09 16:58:25.763] [jointLog] [warning] read 4e979bb7-8ccf-440e-8ce1-ac86eefceefe (length 14275) has no trained clipping model
[2025-07-09 16:58:25.763] [jointLog] [warning] read 4e979bb7-8ccf-440e-8ce1-ac86eefceefe (length 14275) has no trained clipping model
[2025-07-09 16:58:25.764] [jointLog] [warning] read dfb02e8d-7d56-4fe3-a857-e05804356385 (length 12510 - align length 12130) has no trained error model
[2025-07-09 16:58:25.764] [jointLog] [warning] read 6f1bbb7b-b9b7-4309-9805-21422f9be09d (length 23862 - align length 1000) has no trained error model
[2025-07-09 16:58:25.764] [jointLog] [warning] read 6f1bbb7b-b9b7-4309-9805-21422f9be09d (length 23862) has no trained clipping model
[2025-07-09 16:58:25.764] [jointLog] [warning] read 6f1bbb7b-b9b7-4309-9805-21422f9be09d (length 23862) has no trained clipping model
[2025-07-09 16:58:25.764] [jointLog] [warning] read 7758762d-d1b6-46d7-bfee-6b244097f7b1 (length 26239 - align length 721) has no trained error model
[2025-07-09 16:58:25.764] [jointLog] [warning] read 7758762d-d1b6-46d7-bfee-6b244097f7b1 (length 26239) has no trained clipping model
[2025-07-09 16:58:25.764] [jointLog] [warning] read 7758762d-d1b6-46d7-bfee-6b244097f7b1 (length 26239) has no trained clipping model
[2025-07-09 16:58:25.764] [jointLog] [warning] read d51d64c6-1fc5-4d35-9f52-46a45d0fafdf (length 24054 - align length 88) has no trained error model
[2025-07-09 16:58:25.764] [jointLog] [warning] read d51d64c6-1fc5-4d35-9f52-46a45d0fafdf (length 24054) has no trained clipping model
[2025-07-09 16:58:25.764] [jointLog] [warning] read d51d64c6-1fc5-4d35-9f52-46a45d0fafdf (length 24054) has no trained clipping model
[2025-07-09 16:58:25.764] [jointLog] [warning] read f325bb54-e17d-490e-a048-6c14bd0c8ca9 (length 20586 - align length 373) has no trained error model
[2025-07-09 16:58:25.764] [jointLog] [warning] read f325bb54-e17d-490e-a048-6c14bd0c8ca9 (length 20586) has no trained clipping model
[2025-07-09 16:58:25.764] [jointLog] [warning] read f325bb54-e17d-490e-a048-6c14bd0c8ca9 (length 20586) has no trained clipping model
[2025-07-09 16:58:25.764] [jointLog] [warning] read c9269e4f-373d-4a23-9041-5e0e0f4bb38b (length 13788 - align length 450) has no trained error model
[2025-07-09 16:58:25.764] [jointLog] [warning] read c9269e4f-373d-4a23-9041-5e0e0f4bb38b (length 13788) has no trained clipping model
[2025-07-09 16:58:25.764] [jointLog] [warning] read c9269e4f-373d-4a23-9041-5e0e0f4bb38b (length 13788) has no trained clipping model
[2025-07-09 16:58:25.764] [jointLog] [warning] read 9eb8d3c3-2ff3-445d-aab4-16b21430f547 (length 16330 - align length 881) has no trained error model
[2025-07-09 16:58:25.764] [jointLog] [warning] read 9eb8d3c3-2ff3-445d-aab4-16b21430f547 (length 16330) has no trained clipping model
[2025-07-09 16:58:25.764] [jointLog] [warning] read 9eb8d3c3-2ff3-445d-aab4-16b21430f547 (length 16330) has no trained clipping model
[2025-07-09 16:58:25.764] [jointLog] [warning] read ea48c495-89d5-471d-8c67-103d7f318353 (length 23549 - align length 775) has no trained error model
[2025-07-09 16:58:25.764] [jointLog] [warning] read ea48c495-89d5-471d-8c67-103d7f318353 (length 23549) has no trained clipping model
[2025-07-09 16:58:25.764] [jointLog] [warning] read ea48c495-89d5-471d-8c67-103d7f318353 (length 23549) has no trained clipping model
[2025-07-09 16:58:25.765] [jointLog] [warning] read 62ea9826-111b-4387-9ddd-14c6a6cff4f4 (length 42010 - align length 1725) has no trained error model
[2025-07-09 16:58:25.765] [jointLog] [warning] read 62ea9826-111b-4387-9ddd-14c6a6cff4f4 (length 42010) has no trained clipping model
[2025-07-09 16:58:25.765] [jointLog] [warning] read 62ea9826-111b-4387-9ddd-14c6a6cff4f4 (length 42010) has no trained clipping model
[2025-07-09 16:58:25.765] [jointLog] [warning] read e114e753-6905-4ec1-8ec1-891dbdef16b8 (length 15500 - align length 15431) has no trained error model
[2025-07-09 16:58:25.766] [jointLog] [warning] read 15abc54f-6474-446f-83e0-c6c54e7d88fc (length 15630 - align length 15552) has no trained error model
[2025-07-09 16:58:25.766] [jointLog] [warning] read f4760a2e-47d9-481a-8c8a-38128c653f1b (length 18813 - align length 2901) has no trained error model
[2025-07-09 16:58:25.766] [jointLog] [warning] read f4760a2e-47d9-481a-8c8a-38128c653f1b (length 18813) has no trained clipping model
[2025-07-09 16:58:25.766] [jointLog] [warning] read f4760a2e-47d9-481a-8c8a-38128c653f1b (length 18813) has no trained clipping model
[2025-07-09 16:58:25.766] [jointLog] [warning] read 8c82f7af-70fc-4e41-8898-85e5a50ded5b (length 48901 - align length 273) has no trained error model
[2025-07-09 16:58:25.766] [jointLog] [warning] read 8c82f7af-70fc-4e41-8898-85e5a50ded5b (length 48901) has no trained clipping model
[2025-07-09 16:58:25.766] [jointLog] [warning] read 8c82f7af-70fc-4e41-8898-85e5a50ded5b (length 48901) has no trained clipping model
[2025-07-09 16:58:25.766] [jointLog] [warning] read 31037a85-bbe2-4ea3-98ad-c4b7033b7aba (length 22723 - align length 1980) has no trained error model
[2025-07-09 16:58:25.766] [jointLog] [warning] read 31037a85-bbe2-4ea3-98ad-c4b7033b7aba (length 22723) has no trained clipping model
[2025-07-09 16:58:25.766] [jointLog] [warning] read 31037a85-bbe2-4ea3-98ad-c4b7033b7aba (length 22723) has no trained clipping model
[2025-07-09 16:58:25.766] [jointLog] [warning] read 4559ec43-0426-4423-a904-338a5cb255ca (length 12362 - align length 149) has no trained error model
[2025-07-09 16:58:25.766] [jointLog] [warning] read 4559ec43-0426-4423-a904-338a5cb255ca (length 12362) has no trained clipping model
[2025-07-09 16:58:25.766] [jointLog] [warning] read 4559ec43-0426-4423-a904-338a5cb255ca (length 12362) has no trained clipping model
[2025-07-09 16:58:25.837] [jointLog] [warning] (in update()) CIGAR string for read [2100eea7-f689-4961-a689-7f333a69cd08] seems inconsistent. It implied an error rate greater than 1: 1.55227 0 0.0659933
[2025-07-09 16:58:25.839] [jointLog] [warning] (in update()) CIGAR string for read [c6023f0f-a8a0-4143-9ef5-758cf82c6758] seems inconsistent. It implied an error rate greater than 1: 1.04426 0 0.0801527
[2025-07-09 16:58:26.070] [jointLog] [warning] (in update()) CIGAR string for read [193c1765-7ce5-41a5-a75a-4992c4dc7cc8] seems inconsistent. It implied an error rate greater than 1: 1.34756 0.000293169 0.00351803
[2025-07-09 16:58:26.204] [jointLog] [warning] (in update()) CIGAR string for read [ba31a1c4-77e9-4128-8bf1-e5ceea89f973] seems inconsistent. It implied an error rate greater than 1: 1.47991 0 0.0105263
[2025-07-09 16:58:26.474] [jointLog] [warning] (in update()) CIGAR string for read [3c8c8a2b-128d-4b73-bb73-cf9f0cb9b4b6] seems inconsistent. It implied an error rate greater than 1: 1.12909 0.0395948 0.129374
[2025-07-09 16:58:26.481] [jointLog] [warning] (in update()) CIGAR string for read [770aa859-4b2e-4ac8-ad56-150482e048f9] seems inconsistent. It implied an error rate greater than 1: 1.36845 0 0.00414938
[2025-07-09 16:58:26.539] [jointLog] [warning] (in update()) CIGAR string for read [ac309b7e-35ee-4e3b-a21d-f680fefd1956] seems inconsistent. It implied an error rate greater than 1: 1.63251 0 0.0910364
[2025-07-09 16:58:26.681] [jointLog] [warning] (in update()) CIGAR string for read [a5d19bfd-3734-4074-ae94-b629e8d50ad8] seems inconsistent. It implied an error rate greater than 1: 1.20295 0.00486224 0.116694
[2025-07-09 16:58:26.804] [jointLog] [warning] (in update()) CIGAR string for read [902d5232-4bc1-4104-b877-87bf40e42fa8] seems inconsistent. It implied an error rate greater than 1: 2.12881 0.0466431 0.0261484
[2025-07-09 16:58:26.872] [jointLog] [warning] (in update()) CIGAR string for read [8c4bac72-eaf0-46c3-8d5c-e04334c88408] seems inconsistent. It implied an error rate greater than 1: 1.07716 0.0186635 0.00210716
[2025-07-09 16:58:26.875] [jointLog] [warning] (in update()) CIGAR string for read [a2929950-9380-4d2d-a060-89b8db783f11] seems inconsistent. It implied an error rate greater than 1: 1.13668 0.0135135 0.0101351
[2025-07-09 16:58:26.894] [jointLog] [warning] (in update()) CIGAR string for read [48d9b85f-e9f4-4642-882d-71277c4ccca0] seems inconsistent. It implied an error rate greater than 1: 1.29276 0.000455996 0.0743274
[2025-07-09 16:58:26.925] [jointLog] [warning] (in update()) CIGAR string for read [5be8b4bd-0904-4879-b688-531033afffb6] seems inconsistent. It implied an error rate greater than 1: 1.35403 0.000981354 0.0426889
[2025-07-09 16:58:27.046] [jointLog] [warning] (in update()) CIGAR string for read [7649beeb-63f4-4de1-9cc9-cdc0edb1bd87] seems inconsistent. It implied an error rate greater than 1: 1.18934 0.0512821 0.0188034
[2025-07-09 16:58:27.180] [jointLog] [warning] (in update()) CIGAR string for read [564d49cd-3049-4ab1-b184-25c60f53bdc1] seems inconsistent. It implied an error rate greater than 1: 1.35958 0.00351288 0
[2025-07-09 16:58:27.336] [jointLog] [warning] (in update()) CIGAR string for read [02c22c86-179d-4a4c-9ad4-cd306bd1f1b0] seems inconsistent. It implied an error rate greater than 1: 1.3616 0 0.019693
[2025-07-09 16:58:27.421] [jointLog] [warning] (in update()) CIGAR string for read [7b883390-3cbb-46b3-9c57-3a97e111f2b5] seems inconsistent. It implied an error rate greater than 1: 1.36692 0 0.00207039
[2025-07-09 16:58:27.519] [jointLog] [warning] (in update()) CIGAR string for read [4b9c9528-6ef4-4b0f-9b69-952aeb7bf5b9] seems inconsistent. It implied an error rate greater than 1: 1.35479 0 0.0104712
[2025-07-09 16:58:27.546] [jointLog] [warning] (in update()) CIGAR string for read [ea583d54-abde-4f80-8952-c8a95a7253a8] seems inconsistent. It implied an error rate greater than 1: 1.34524 0 0.00582242
[2025-07-09 16:58:27.591] [jointLog] [warning] (in update()) CIGAR string for read [7b5e12fd-929a-45da-b636-48177e9c0cd6] seems inconsistent. It implied an error rate greater than 1: 1.61167 0 0.0692857
[2025-07-09 16:58:28.277] [jointLog] [warning] (in update()) CIGAR string for read [ab3ff2d4-6408-442c-83c6-0422e8c4072e] seems inconsistent. It implied an error rate greater than 1: 1.26859 0 0.0156361
[2025-07-09 16:58:28.376] [jointLog] [warning] (in update()) CIGAR string for read [f8e49790-b265-4a20-a0d3-404783f100cf] seems inconsistent. It implied an error rate greater than 1: 1.35108 0.000290444 0.00697067
[2025-07-09 16:58:28.448] [jointLog] [warning] (in update()) CIGAR string for read [4f373723-7177-4a7f-a40b-8beeb24711de] seems inconsistent. It implied an error rate greater than 1: 1.15263 0.0152801 0.0169779
[2025-07-09 16:58:28.329] [fileLog] [info] quantification processed 3000000 fragments so far

[2025-07-09 16:58:28.601] [jointLog] [warning] (in update()) CIGAR string for read [2f24b545-9862-4df7-a5ff-a48b261c60c1] seems inconsistent. It implied an error rate greater than 1: 1.33879 0.000582072 0.00378347
[2025-07-09 16:58:28.611] [jointLog] [warning] (in update()) CIGAR string for read [b93b62d1-26b8-4aa1-8d2b-ef749b7bab42] seems inconsistent. It implied an error rate greater than 1: 1.32423 0.0687793 0.0349298
[2025-07-09 16:58:28.662] [jointLog] [warning] (in update()) CIGAR string for read [103e72e8-52f2-4e12-a885-46f0fc9534f2] seems inconsistent. It implied an error rate greater than 1: 1.34734 0 0.00409716
[2025-07-09 16:58:28.945] [jointLog] [warning] (in update()) CIGAR string for read [18c6a9b2-1436-4a73-b5cb-3640c32efab9] seems inconsistent. It implied an error rate greater than 1: 1.08719 0 0.0409408
[2025-07-09 16:58:29.061] [jointLog] [warning] (in update()) CIGAR string for read [83beaa37-5ae2-4f04-a2d9-e223d14a6d1e] seems inconsistent. It implied an error rate greater than 1: 1.3648 0.000883913 0.00648203
[2025-07-09 16:58:29.106] [jointLog] [warning] (in update()) CIGAR string for read [3fe02145-e952-435d-852d-f7e5d14a240f] seems inconsistent. It implied an error rate greater than 1: 2.55058 0.000447027 0.0317389
[2025-07-09 16:58:29.166] [jointLog] [warning] (in update()) CIGAR string for read [93c33c9f-7b40-4748-8d70-267722103df5] seems inconsistent. It implied an error rate greater than 1: 1.09259 0.00603318 0.0980392
[2025-07-09 16:58:29.312] [jointLog] [warning] (in update()) CIGAR string for read [eb85b0bc-2c75-42d6-a482-529f6d472ebe] seems inconsistent. It implied an error rate greater than 1: 1.35548 0 0.0142608
[2025-07-09 16:58:29.361] [jointLog] [warning] (in update()) CIGAR string for read [ddbcba08-0c59-4e89-a4df-46aef8271215] seems inconsistent. It implied an error rate greater than 1: 1.36497 0.000584795 0.00116959
[2025-07-09 16:58:29.383] [jointLog] [warning] (in update()) CIGAR string for read [2dc177ef-3a53-442e-a00e-e3f4bf8f9d48] seems inconsistent. It implied an error rate greater than 1: 1.35305 0 0.0208454
[2025-07-09 16:58:29.401] [jointLog] [warning] read 6379f7a6-7536-4f0e-980c-e087aea27794 (length 11808) has no trained clipping model
[2025-07-09 16:58:29.465] [jointLog] [warning] (in update()) CIGAR string for read [dad694b7-fa7a-40a3-b471-301cc031afbd] seems inconsistent. It implied an error rate greater than 1: 1.34635 0.000291715 0.00583431
[2025-07-09 16:58:30.023] [jointLog] [warning] (in update()) CIGAR string for read [2a69c0b3-9dc5-4dc3-ae0f-01c5b3187de4] seems inconsistent. It implied an error rate greater than 1: 1.27305 0.000704225 0.021831
[2025-07-09 16:58:30.055] [jointLog] [warning] (in update()) CIGAR string for read [b7385ff9-f7f9-4bca-8f63-82b722597b4b] seems inconsistent. It implied an error rate greater than 1: 1.80892 0.0202312 0.0722543
[2025-07-09 16:58:30.261] [jointLog] [warning] (in update()) CIGAR string for read [a9c1ea51-6db7-437a-a5ec-8051affb929f] seems inconsistent. It implied an error rate greater than 1: 1.3591 0.00345622 0.0204493
[2025-07-09 16:58:30.463] [jointLog] [warning] read 5656522c-20db-4886-ac9c-d31f361bb06c (length 12342 - align length 12247) has no trained error model
[2025-07-09 16:58:30.463] [jointLog] [warning] read 5656522c-20db-4886-ac9c-d31f361bb06c (length 12342) has no trained clipping model
[2025-07-09 16:58:30.472] [jointLog] [warning] (in update()) CIGAR string for read [0136a4ea-7b4d-48d5-8a11-9cf8d18bcace] seems inconsistent. It implied an error rate greater than 1: 1.15003 0.000635728 0.0375079
[2025-07-09 16:58:30.928] [jointLog] [warning] (in update()) CIGAR string for read [f03c29f1-19c1-424a-93c0-d2a101e03004] seems inconsistent. It implied an error rate greater than 1: 1.08286 0 0.0345455
[2025-07-09 16:58:30.960] [jointLog] [warning] (in update()) CIGAR string for read [c12c8430-ed57-4be6-a659-848f78859144] seems inconsistent. It implied an error rate greater than 1: 1.1358 0.0152801 0.0220713
[2025-07-09 16:58:31.017] [jointLog] [warning] (in update()) CIGAR string for read [694724a5-8645-4dda-a173-50dd443e31a7] seems inconsistent. It implied an error rate greater than 1: 1.03721 0 0.0284615
[2025-07-09 16:58:31.240] [jointLog] [warning] (in update()) CIGAR string for read [cf22bb09-e5ac-4934-aa60-18edba1e7f0f] seems inconsistent. It implied an error rate greater than 1: 1.613 0 0.026803
[2025-07-09 16:58:31.395] [jointLog] [warning] (in update()) CIGAR string for read [3d44b35e-9315-47ac-acb0-6e8620ff394b] seems inconsistent. It implied an error rate greater than 1: 1.13511 0.00159872 0.0103917
[2025-07-09 16:58:31.486] [jointLog] [warning] (in update()) CIGAR string for read [43bdc040-7006-498d-85c3-62396a90e803] seems inconsistent. It implied an error rate greater than 1: 1.28738 0.0358423 0.0412186
[2025-07-09 16:58:31.553] [jointLog] [warning] (in update()) CIGAR string for read [e6b2e8fc-cab8-46f6-a5f6-03a161af1d29] seems inconsistent. It implied an error rate greater than 1: 1.11382 0.0142096 0.0377442
[2025-07-09 16:58:31.562] [jointLog] [warning] read 764bb3d4-3b39-4020-bb14-cc3fb2492cf7 (length 10414 - align length 10250) has no trained error model
[2025-07-09 16:58:31.677] [jointLog] [warning] (in update()) CIGAR string for read [3bdffed8-12ff-4c93-8fc2-02c82439ffbb] seems inconsistent. It implied an error rate greater than 1: 1.88426 0 0.166567
[2025-07-09 16:58:31.736] [jointLog] [warning] (in update()) CIGAR string for read [562cf408-45cf-4cc7-90de-aa7feff2e459] seems inconsistent. It implied an error rate greater than 1: 1.21536 0.00865052 0.067474
[2025-07-09 16:58:31.986] [jointLog] [warning] (in update()) CIGAR string for read [2bc1bd4c-bffc-4af0-82de-ee9b784e9dc3] seems inconsistent. It implied an error rate greater than 1: 1.36221 0.000587717 0.00558331
[2025-07-09 16:58:32.040] [jointLog] [warning] (in update()) CIGAR string for read [7c286100-9863-4a82-9b96-8ce8ebdd8b62] seems inconsistent. It implied an error rate greater than 1: 1.37575 0.0010395 0.0514553
[2025-07-09 16:58:32.050] [jointLog] [warning] (in update()) CIGAR string for read [90af0b9f-240c-4dbc-b5d6-e2a4f219efd6] seems inconsistent. It implied an error rate greater than 1: 1.3106 0 0.0412225
[2025-07-09 16:58:32.329] [jointLog] [warning] (in update()) CIGAR string for read [e1df7ff7-d5dd-4c2b-987d-ddb15be74024] seems inconsistent. It implied an error rate greater than 1: 1.15125 0 0.0226087
[2025-07-09 16:58:32.495] [jointLog] [warning] (in update()) CIGAR string for read [c1704a89-92d8-4746-8460-13afc0c9b8b7] seems inconsistent. It implied an error rate greater than 1: 1.13404 0.0151007 0.033557
[2025-07-09 16:58:32.503] [jointLog] [warning] (in update()) CIGAR string for read [608d0b0a-c80e-458d-8cc6-576ad9dd4411] seems inconsistent. It implied an error rate greater than 1: 1.36742 0.00177357 0.00384274
[2025-07-09 16:58:32.547] [jointLog] [warning] (in update()) CIGAR string for read [3b96429e-128c-40e9-a719-890254035665] seems inconsistent. It implied an error rate greater than 1: 1.05341 0.00729927 0.00182482
[2025-07-09 16:58:32.625] [jointLog] [warning] (in update()) CIGAR string for read [a9536684-bfd3-4c25-af24-ed0bad7b50b5] seems inconsistent. It implied an error rate greater than 1: 1.16341 0.0118644 0.0338983
[2025-07-09 16:58:32.834] [jointLog] [warning] (in update()) CIGAR string for read [310454c5-9c0f-4271-97ba-d65bfc7f5aec] seems inconsistent. It implied an error rate greater than 1: 1.10256 0.0016129 0.0548387
[2025-07-09 16:58:32.800] [fileLog] [info] quantification processed 4000000 fragments so far

[2025-07-09 16:58:33.114] [jointLog] [warning] read b5c745b1-229a-48af-a4dd-a7ddbc723038 (length 20765 - align length 1163) has no trained error model
[2025-07-09 16:58:33.114] [jointLog] [warning] read b5c745b1-229a-48af-a4dd-a7ddbc723038 (length 20765) has no trained clipping model
[2025-07-09 16:58:33.114] [jointLog] [warning] read b5c745b1-229a-48af-a4dd-a7ddbc723038 (length 20765) has no trained clipping model
[2025-07-09 16:58:33.114] [jointLog] [warning] read c3b3e2c9-38ef-4a37-a6ae-cdad9d8536f2 (length 45491 - align length 1228) has no trained error model
[2025-07-09 16:58:33.114] [jointLog] [warning] read c3b3e2c9-38ef-4a37-a6ae-cdad9d8536f2 (length 45491) has no trained clipping model
[2025-07-09 16:58:33.114] [jointLog] [warning] read c3b3e2c9-38ef-4a37-a6ae-cdad9d8536f2 (length 45491) has no trained clipping model
[2025-07-09 16:58:33.114] [jointLog] [warning] read dbaef5f7-55f1-415b-a4b3-677993b671c4 (length 47207 - align length 806) has no trained error model
[2025-07-09 16:58:33.114] [jointLog] [warning] read dbaef5f7-55f1-415b-a4b3-677993b671c4 (length 47207) has no trained clipping model
[2025-07-09 16:58:33.114] [jointLog] [warning] read dbaef5f7-55f1-415b-a4b3-677993b671c4 (length 47207) has no trained clipping model
[2025-07-09 16:58:33.115] [jointLog] [warning] read b8bb271f-e4d5-4ded-8635-8d080088cfb9 (length 13402 - align length 13358) has no trained error model
[2025-07-09 16:58:33.115] [jointLog] [warning] read b8bb271f-e4d5-4ded-8635-8d080088cfb9 (length 13402) has no trained clipping model
[2025-07-09 16:58:33.115] [jointLog] [warning] read b8bb271f-e4d5-4ded-8635-8d080088cfb9 (length 13402) has no trained clipping model
[2025-07-09 16:58:33.115] [jointLog] [warning] read 2e40826f-c1ae-4560-8a1d-dcc7ce92c83a (length 30755 - align length 75) has no trained error model
[2025-07-09 16:58:33.115] [jointLog] [warning] read 2e40826f-c1ae-4560-8a1d-dcc7ce92c83a (length 30755) has no trained clipping model
[2025-07-09 16:58:33.115] [jointLog] [warning] read 2e40826f-c1ae-4560-8a1d-dcc7ce92c83a (length 30755) has no trained clipping model
[2025-07-09 16:58:33.115] [jointLog] [warning] read 09886673-7591-4360-a404-ee309394694d (length 27998 - align length 1352) has no trained error model
[2025-07-09 16:58:33.115] [jointLog] [warning] read 09886673-7591-4360-a404-ee309394694d (length 27998) has no trained clipping model
[2025-07-09 16:58:33.115] [jointLog] [warning] read 09886673-7591-4360-a404-ee309394694d (length 27998) has no trained clipping model
[2025-07-09 16:58:33.115] [jointLog] [warning] read 5d62f6fe-de55-4c7e-bbeb-abb5cbf74e31 (length 26074 - align length 1529) has no trained error model
[2025-07-09 16:58:33.115] [jointLog] [warning] read 5d62f6fe-de55-4c7e-bbeb-abb5cbf74e31 (length 26074) has no trained clipping model
[2025-07-09 16:58:33.115] [jointLog] [warning] read 5d62f6fe-de55-4c7e-bbeb-abb5cbf74e31 (length 26074) has no trained clipping model
[2025-07-09 16:58:33.115] [jointLog] [warning] read 19390c1a-df4e-49dc-9ccc-c365dc0325fb (length 28967 - align length 540) has no trained error model
[2025-07-09 16:58:33.115] [jointLog] [warning] read 19390c1a-df4e-49dc-9ccc-c365dc0325fb (length 28967) has no trained clipping model
[2025-07-09 16:58:33.115] [jointLog] [warning] read 19390c1a-df4e-49dc-9ccc-c365dc0325fb (length 28967) has no trained clipping model
[2025-07-09 16:58:33.115] [jointLog] [warning] read 97182ce2-6065-4f1e-8a4a-d3e374a790ed (length 45801 - align length 341) has no trained error model
[2025-07-09 16:58:33.115] [jointLog] [warning] read 97182ce2-6065-4f1e-8a4a-d3e374a790ed (length 45801) has no trained clipping model
[2025-07-09 16:58:33.115] [jointLog] [warning] read 97182ce2-6065-4f1e-8a4a-d3e374a790ed (length 45801) has no trained clipping model
[2025-07-09 16:58:33.117] [jointLog] [warning] read 66a78eba-6fcc-4f45-87bc-fb28492d6805 (length 32495 - align length 381) has no trained error model
[2025-07-09 16:58:33.117] [jointLog] [warning] read 66a78eba-6fcc-4f45-87bc-fb28492d6805 (length 32495) has no trained clipping model
[2025-07-09 16:58:33.117] [jointLog] [warning] read 66a78eba-6fcc-4f45-87bc-fb28492d6805 (length 32495) has no trained clipping model
[2025-07-09 16:58:33.159] [jointLog] [warning] read f3b4ab7e-6a80-40b8-8afb-25663692e9ec (length 12523 - align length 12511) has no trained error model
[2025-07-09 16:58:33.232] [jointLog] [warning] (in update()) CIGAR string for read [d638d694-559d-4cc0-a598-9e32a9467ae1] seems inconsistent. It implied an error rate greater than 1: 1.13551 0 0.0326821
[2025-07-09 16:58:33.352] [jointLog] [warning] (in update()) CIGAR string for read [f9a1b621-3797-4b86-a7fd-87ca15d74a40] seems inconsistent. It implied an error rate greater than 1: 1.81053 0.0848394 0.00903614
[2025-07-09 16:58:33.375] [jointLog] [warning] (in update()) CIGAR string for read [312ab30a-407a-4b82-9963-e1c698bd9a75] seems inconsistent. It implied an error rate greater than 1: 1.34966 0 0.00263312
[2025-07-09 16:58:33.639] [jointLog] [warning] (in update()) CIGAR string for read [cde41915-8f4b-416c-abca-508c075e5e58] seems inconsistent. It implied an error rate greater than 1: 1.36132 0 0.00235988
[2025-07-09 16:58:33.787] [jointLog] [warning] read 81c00145-f16e-4df3-9924-aaa5ae5a1f90 (length 23711 - align length 923) has no trained error model
[2025-07-09 16:58:33.787] [jointLog] [warning] read 81c00145-f16e-4df3-9924-aaa5ae5a1f90 (length 23711) has no trained clipping model
[2025-07-09 16:58:33.787] [jointLog] [warning] read 81c00145-f16e-4df3-9924-aaa5ae5a1f90 (length 23711) has no trained clipping model
[2025-07-09 16:58:33.787] [jointLog] [warning] read afce21c7-3106-4bcc-af9f-7486cb8dd8ab (length 22188) has no trained clipping model
[2025-07-09 16:58:33.787] [jointLog] [warning] read fecf38a9-4767-4115-8fe8-448d7499fd89 (length 16983 - align length 448) has no trained error model
[2025-07-09 16:58:33.787] [jointLog] [warning] read fecf38a9-4767-4115-8fe8-448d7499fd89 (length 16983) has no trained clipping model
[2025-07-09 16:58:33.787] [jointLog] [warning] read fecf38a9-4767-4115-8fe8-448d7499fd89 (length 16983) has no trained clipping model
[2025-07-09 16:58:33.788] [jointLog] [warning] read a9e5db07-a381-4901-92ad-ef685d451028 (length 15695 - align length 15695) has no trained error model
[2025-07-09 16:58:33.788] [jointLog] [warning] read 54c8ea4d-bf2e-41e6-8d4e-099f5b732631 (length 18436 - align length 1027) has no trained error model
[2025-07-09 16:58:33.788] [jointLog] [warning] read 54c8ea4d-bf2e-41e6-8d4e-099f5b732631 (length 18436) has no trained clipping model
[2025-07-09 16:58:33.788] [jointLog] [warning] read 54c8ea4d-bf2e-41e6-8d4e-099f5b732631 (length 18436) has no trained clipping model
[2025-07-09 16:58:33.788] [jointLog] [warning] read 7df930dd-27c0-4fe4-8d72-6e9748617840 (length 44758 - align length 4884) has no trained error model
[2025-07-09 16:58:33.788] [jointLog] [warning] read 7df930dd-27c0-4fe4-8d72-6e9748617840 (length 44758) has no trained clipping model
[2025-07-09 16:58:33.788] [jointLog] [warning] read 7df930dd-27c0-4fe4-8d72-6e9748617840 (length 44758) has no trained clipping model
[2025-07-09 16:58:33.788] [jointLog] [warning] read fa2f0e30-c52c-4090-80a3-7f99dc6696e6 (length 23018 - align length 158) has no trained error model
[2025-07-09 16:58:33.788] [jointLog] [warning] read fa2f0e30-c52c-4090-80a3-7f99dc6696e6 (length 23018) has no trained clipping model
[2025-07-09 16:58:33.788] [jointLog] [warning] read fa2f0e30-c52c-4090-80a3-7f99dc6696e6 (length 23018) has no trained clipping model
[2025-07-09 16:58:33.788] [jointLog] [warning] read c6c830c1-7e97-4cec-a2b1-88e72ede06e7 (length 42799 - align length 982) has no trained error model
[2025-07-09 16:58:33.788] [jointLog] [warning] read c6c830c1-7e97-4cec-a2b1-88e72ede06e7 (length 42799) has no trained clipping model
[2025-07-09 16:58:33.788] [jointLog] [warning] read c6c830c1-7e97-4cec-a2b1-88e72ede06e7 (length 42799) has no trained clipping model
[2025-07-09 16:58:33.788] [jointLog] [warning] read 4556d3a5-6661-42f1-852a-f0972337391b (length 26937 - align length 1758) has no trained error model
[2025-07-09 16:58:33.788] [jointLog] [warning] read 4556d3a5-6661-42f1-852a-f0972337391b (length 26937) has no trained clipping model
[2025-07-09 16:58:33.788] [jointLog] [warning] read 4556d3a5-6661-42f1-852a-f0972337391b (length 26937) has no trained clipping model
[2025-07-09 16:58:33.788] [jointLog] [warning] read 53cbda5a-1f5b-4ae5-b57d-7da0df806a53 (length 15180 - align length 315) has no trained error model
[2025-07-09 16:58:33.788] [jointLog] [warning] read 53cbda5a-1f5b-4ae5-b57d-7da0df806a53 (length 15180) has no trained clipping model
[2025-07-09 16:58:33.788] [jointLog] [warning] read 53cbda5a-1f5b-4ae5-b57d-7da0df806a53 (length 15180) has no trained clipping model
[2025-07-09 16:58:33.788] [jointLog] [warning] read 57d95bb5-8fd4-414d-8c2b-05f081af3591 (length 17929 - align length 182) has no trained error model
[2025-07-09 16:58:33.788] [jointLog] [warning] read 57d95bb5-8fd4-414d-8c2b-05f081af3591 (length 17929) has no trained clipping model
[2025-07-09 16:58:33.788] [jointLog] [warning] read 57d95bb5-8fd4-414d-8c2b-05f081af3591 (length 17929) has no trained clipping model
[2025-07-09 16:58:33.788] [jointLog] [warning] read 0f6238ed-a998-43a3-a911-f1a49163d46c (length 15995 - align length 14402) has no trained error model
[2025-07-09 16:58:33.788] [jointLog] [warning] read 0f6238ed-a998-43a3-a911-f1a49163d46c (length 15995) has no trained clipping model
[2025-07-09 16:58:33.788] [jointLog] [warning] read 0f6238ed-a998-43a3-a911-f1a49163d46c (length 15995) has no trained clipping model
[2025-07-09 16:58:33.788] [jointLog] [warning] read cfc94364-0975-45d2-8036-00b05da6b4a1 (length 48849 - align length 131) has no trained error model
[2025-07-09 16:58:33.788] [jointLog] [warning] read cfc94364-0975-45d2-8036-00b05da6b4a1 (length 48849) has no trained clipping model
[2025-07-09 16:58:33.788] [jointLog] [warning] read cfc94364-0975-45d2-8036-00b05da6b4a1 (length 48849) has no trained clipping model
[2025-07-09 16:58:33.788] [jointLog] [warning] read 4276d2c3-432c-4d1d-839c-2c986741095a (length 27748 - align length 734) has no trained error model
[2025-07-09 16:58:33.788] [jointLog] [warning] read 4276d2c3-432c-4d1d-839c-2c986741095a (length 27748) has no trained clipping model
[2025-07-09 16:58:33.788] [jointLog] [warning] read 4276d2c3-432c-4d1d-839c-2c986741095a (length 27748) has no trained clipping model
[2025-07-09 16:58:33.789] [jointLog] [warning] read 5e0e16dc-6d4c-4155-be90-42dd966e6bee (length 13778 - align length 13760) has no trained error model
[2025-07-09 16:58:33.789] [jointLog] [warning] read f0239955-a4f5-432a-b497-c155ef6632dc (length 28153 - align length 1522) has no trained error model
[2025-07-09 16:58:33.789] [jointLog] [warning] read f0239955-a4f5-432a-b497-c155ef6632dc (length 28153) has no trained clipping model
[2025-07-09 16:58:33.789] [jointLog] [warning] read f0239955-a4f5-432a-b497-c155ef6632dc (length 28153) has no trained clipping model
[2025-07-09 16:58:33.789] [jointLog] [warning] read 5d063e58-bf65-462a-ad16-28b16d437d29 (length 37651 - align length 1451) has no trained error model
[2025-07-09 16:58:33.789] [jointLog] [warning] read 5d063e58-bf65-462a-ad16-28b16d437d29 (length 37651) has no trained clipping model
[2025-07-09 16:58:33.789] [jointLog] [warning] read 5d063e58-bf65-462a-ad16-28b16d437d29 (length 37651) has no trained clipping model
[2025-07-09 16:58:33.789] [jointLog] [warning] read 6ca27bdb-e58c-42be-89cf-c6929939d353 (length 22526 - align length 1158) has no trained error model
[2025-07-09 16:58:33.789] [jointLog] [warning] read 6ca27bdb-e58c-42be-89cf-c6929939d353 (length 22526) has no trained clipping model
[2025-07-09 16:58:33.789] [jointLog] [warning] read 6ca27bdb-e58c-42be-89cf-c6929939d353 (length 22526) has no trained clipping model
[2025-07-09 16:58:33.789] [jointLog] [warning] read dfa9f1c2-7c0f-444d-8ffe-0b4741bc75d0 (length 47214) has no trained clipping model
[2025-07-09 16:58:33.789] [jointLog] [warning] read 12780b63-acd2-4a7c-9a17-fc1ec312b090 (length 23704) has no trained clipping model
[2025-07-09 16:58:33.789] [jointLog] [warning] read 06cf104a-755e-40e9-9928-03ea504daff1 (length 21348 - align length 2710) has no trained error model
[2025-07-09 16:58:33.789] [jointLog] [warning] read 06cf104a-755e-40e9-9928-03ea504daff1 (length 21348) has no trained clipping model
[2025-07-09 16:58:33.789] [jointLog] [warning] read 06cf104a-755e-40e9-9928-03ea504daff1 (length 21348) has no trained clipping model
[2025-07-09 16:58:33.789] [jointLog] [warning] read 295f2634-7669-47ba-b605-deda56ea95fa (length 21135) has no trained clipping model
[2025-07-09 16:58:33.789] [jointLog] [warning] read c5b6f9c7-a482-4de3-8031-3ed9488fc402 (length 15421 - align length 1997) has no trained error model
[2025-07-09 16:58:33.789] [jointLog] [warning] read c5b6f9c7-a482-4de3-8031-3ed9488fc402 (length 15421) has no trained clipping model
[2025-07-09 16:58:33.789] [jointLog] [warning] read c5b6f9c7-a482-4de3-8031-3ed9488fc402 (length 15421) has no trained clipping model
[2025-07-09 16:58:33.789] [jointLog] [warning] read e5693ecd-73cc-48f5-9ef2-523f06fa4976 (length 37362 - align length 102) has no trained error model
[2025-07-09 16:58:33.789] [jointLog] [warning] read e5693ecd-73cc-48f5-9ef2-523f06fa4976 (length 37362) has no trained clipping model
[2025-07-09 16:58:33.789] [jointLog] [warning] read e5693ecd-73cc-48f5-9ef2-523f06fa4976 (length 37362) has no trained clipping model
[2025-07-09 16:58:33.790] [jointLog] [warning] read 81abdfdf-1174-4767-b825-d44fdea71c9c (length 18375 - align length 275) has no trained error model
[2025-07-09 16:58:33.790] [jointLog] [warning] read 81abdfdf-1174-4767-b825-d44fdea71c9c (length 18375) has no trained clipping model
[2025-07-09 16:58:33.790] [jointLog] [warning] read 81abdfdf-1174-4767-b825-d44fdea71c9c (length 18375) has no trained clipping model
[2025-07-09 16:58:33.790] [jointLog] [warning] read f616faeb-52a2-42d9-ab7d-b67ad09d9cd0 (length 20882 - align length 438) has no trained error model
[2025-07-09 16:58:33.790] [jointLog] [warning] read f616faeb-52a2-42d9-ab7d-b67ad09d9cd0 (length 20882) has no trained clipping model
[2025-07-09 16:58:33.790] [jointLog] [warning] read f616faeb-52a2-42d9-ab7d-b67ad09d9cd0 (length 20882) has no trained clipping model
[2025-07-09 16:58:33.790] [jointLog] [warning] read 8d88efd8-2fdf-469a-b53b-2db06c7bda39 (length 33688 - align length 1120) has no trained error model
[2025-07-09 16:58:33.790] [jointLog] [warning] read 8d88efd8-2fdf-469a-b53b-2db06c7bda39 (length 33688) has no trained clipping model
[2025-07-09 16:58:33.790] [jointLog] [warning] read 8d88efd8-2fdf-469a-b53b-2db06c7bda39 (length 33688) has no trained clipping model
[2025-07-09 16:58:33.790] [jointLog] [warning] read 1fa65bc5-0c00-4bf4-8d60-c2d2e2a63f12 (length 44015 - align length 1528) has no trained error model
[2025-07-09 16:58:33.790] [jointLog] [warning] read 1fa65bc5-0c00-4bf4-8d60-c2d2e2a63f12 (length 44015) has no trained clipping model
[2025-07-09 16:58:33.790] [jointLog] [warning] read 1fa65bc5-0c00-4bf4-8d60-c2d2e2a63f12 (length 44015) has no trained clipping model
[2025-07-09 16:58:33.790] [jointLog] [warning] read 4d17ef0f-898e-4a93-8ebc-e2953ae0dd71 (length 15150 - align length 15071) has no trained error model
[2025-07-09 16:58:33.790] [jointLog] [warning] read ad3a82aa-e6df-4f4a-9b3b-b3a751bb53aa (length 31515 - align length 1717) has no trained error model
[2025-07-09 16:58:33.790] [jointLog] [warning] read ad3a82aa-e6df-4f4a-9b3b-b3a751bb53aa (length 31515) has no trained clipping model
[2025-07-09 16:58:33.790] [jointLog] [warning] read ad3a82aa-e6df-4f4a-9b3b-b3a751bb53aa (length 31515) has no trained clipping model
[2025-07-09 16:58:33.790] [jointLog] [warning] read 63db1588-74f4-4a36-88a2-9990f254ed80 (length 42849 - align length 426) has no trained error model
[2025-07-09 16:58:33.790] [jointLog] [warning] read 63db1588-74f4-4a36-88a2-9990f254ed80 (length 42849) has no trained clipping model
[2025-07-09 16:58:33.790] [jointLog] [warning] read 63db1588-74f4-4a36-88a2-9990f254ed80 (length 42849) has no trained clipping model
[2025-07-09 16:58:33.790] [jointLog] [warning] read 99780b36-7625-4e00-8b2d-6fab6f58cc54 (length 18637 - align length 1511) has no trained error model
[2025-07-09 16:58:33.790] [jointLog] [warning] read 99780b36-7625-4e00-8b2d-6fab6f58cc54 (length 18637) has no trained clipping model
[2025-07-09 16:58:33.790] [jointLog] [warning] read 99780b36-7625-4e00-8b2d-6fab6f58cc54 (length 18637) has no trained clipping model
[2025-07-09 16:58:33.790] [jointLog] [warning] read 58bb28a9-54ce-4c2d-af37-7ca9893ea056 (length 20022 - align length 787) has no trained error model
[2025-07-09 16:58:33.790] [jointLog] [warning] read 58bb28a9-54ce-4c2d-af37-7ca9893ea056 (length 20022) has no trained clipping model
[2025-07-09 16:58:33.791] [jointLog] [warning] read 58bb28a9-54ce-4c2d-af37-7ca9893ea056 (length 20022) has no trained clipping model
[2025-07-09 16:58:33.791] [jointLog] [warning] read 8cbe4d77-eaaf-4cd9-9aee-0b0b47b34cb5 (length 43445 - align length 158) has no trained error model
[2025-07-09 16:58:33.791] [jointLog] [warning] read 8cbe4d77-eaaf-4cd9-9aee-0b0b47b34cb5 (length 43445) has no trained clipping model
[2025-07-09 16:58:33.791] [jointLog] [warning] read 8cbe4d77-eaaf-4cd9-9aee-0b0b47b34cb5 (length 43445) has no trained clipping model
[2025-07-09 16:58:33.791] [jointLog] [warning] read 51d25ca7-114e-4c4e-83c5-5835b6ccf11c (length 22691 - align length 128) has no trained error model
[2025-07-09 16:58:33.791] [jointLog] [warning] read 51d25ca7-114e-4c4e-83c5-5835b6ccf11c (length 22691) has no trained clipping model
[2025-07-09 16:58:33.791] [jointLog] [warning] read 51d25ca7-114e-4c4e-83c5-5835b6ccf11c (length 22691) has no trained clipping model
[2025-07-09 16:58:33.791] [jointLog] [warning] read 57fdfdd6-0509-4628-bdee-a8f7566d1e65 (length 14320 - align length 14279) has no trained error model
[2025-07-09 16:58:33.791] [jointLog] [warning] read 57fdfdd6-0509-4628-bdee-a8f7566d1e65 (length 14320) has no trained clipping model
[2025-07-09 16:58:33.791] [jointLog] [warning] read 85bd6b84-9392-4fbe-a5ed-1a0a16db6d37 (length 39130 - align length 1431) has no trained error model
[2025-07-09 16:58:33.791] [jointLog] [warning] read 85bd6b84-9392-4fbe-a5ed-1a0a16db6d37 (length 39130) has no trained clipping model
[2025-07-09 16:58:33.791] [jointLog] [warning] read 85bd6b84-9392-4fbe-a5ed-1a0a16db6d37 (length 39130) has no trained clipping model
[2025-07-09 16:58:33.791] [jointLog] [warning] read f17e2ac0-d917-4b8a-9063-ab848f19501f (length 48484 - align length 115) has no trained error model
[2025-07-09 16:58:33.791] [jointLog] [warning] read f17e2ac0-d917-4b8a-9063-ab848f19501f (length 48484) has no trained clipping model
[2025-07-09 16:58:33.791] [jointLog] [warning] read f17e2ac0-d917-4b8a-9063-ab848f19501f (length 48484) has no trained clipping model
[2025-07-09 16:58:33.791] [jointLog] [warning] read cd144fb4-4520-4712-8283-8428c31d0810 (length 21156) has no trained clipping model
[2025-07-09 16:58:33.791] [jointLog] [warning] read af6720c6-b03e-488d-8112-df493beccb68 (length 17075 - align length 860) has no trained error model
[2025-07-09 16:58:33.791] [jointLog] [warning] read af6720c6-b03e-488d-8112-df493beccb68 (length 17075) has no trained clipping model
[2025-07-09 16:58:33.791] [jointLog] [warning] read af6720c6-b03e-488d-8112-df493beccb68 (length 17075) has no trained clipping model
[2025-07-09 16:58:33.791] [jointLog] [warning] read 332f9ea1-a542-4e2a-ba36-7ee175ddc2c5 (length 28345 - align length 265) has no trained error model
[2025-07-09 16:58:33.791] [jointLog] [warning] read 332f9ea1-a542-4e2a-ba36-7ee175ddc2c5 (length 28345) has no trained clipping model
[2025-07-09 16:58:33.791] [jointLog] [warning] read 332f9ea1-a542-4e2a-ba36-7ee175ddc2c5 (length 28345) has no trained clipping model
[2025-07-09 16:58:33.791] [jointLog] [warning] read 80fdfa66-faad-407f-aa5e-b38b1969034a (length 21571 - align length 3286) has no trained error model
[2025-07-09 16:58:33.791] [jointLog] [warning] read 80fdfa66-faad-407f-aa5e-b38b1969034a (length 21571) has no trained clipping model
[2025-07-09 16:58:33.791] [jointLog] [warning] read 80fdfa66-faad-407f-aa5e-b38b1969034a (length 21571) has no trained clipping model
[2025-07-09 16:58:33.792] [jointLog] [warning] read 2dbbd46b-cf43-403e-9b8b-cddb37721a9a (length 49214 - align length 2476) has no trained error model
[2025-07-09 16:58:33.792] [jointLog] [warning] read 2dbbd46b-cf43-403e-9b8b-cddb37721a9a (length 49214) has no trained clipping model
[2025-07-09 16:58:33.792] [jointLog] [warning] read 2dbbd46b-cf43-403e-9b8b-cddb37721a9a (length 49214) has no trained clipping model
[2025-07-09 16:58:33.859] [jointLog] [warning] (in update()) CIGAR string for read [1188fbae-3d25-42bd-b317-6af9799fd46a] seems inconsistent. It implied an error rate greater than 1: 1.17304 0 0.00996016
[2025-07-09 16:58:33.965] [jointLog] [warning] (in update()) CIGAR string for read [ab4ab7fc-b368-4d6b-9db1-b4045bc68103] seems inconsistent. It implied an error rate greater than 1: 1.35128 0 0.00381008
[2025-07-09 16:58:34.020] [jointLog] [warning] (in update()) CIGAR string for read [e0d6507e-8256-43de-83f5-0c5dc0987457] seems inconsistent. It implied an error rate greater than 1: 1.36861 0 0.0014758
[2025-07-09 16:58:34.030] [jointLog] [warning] (in update()) CIGAR string for read [2064e076-d2f7-4215-91f5-59e17a6c2690] seems inconsistent. It implied an error rate greater than 1: 1.184 0.143722 0.01765
[2025-07-09 16:58:34.134] [jointLog] [warning] (in update()) CIGAR string for read [6d4389dc-a173-443c-aedc-6151423e1dd1] seems inconsistent. It implied an error rate greater than 1: 1.1007 0.0146667 0.0364444
[2025-07-09 16:58:34.258] [jointLog] [warning] (in update()) CIGAR string for read [05284c9c-b6ea-45b4-8ca0-b664e5599753] seems inconsistent. It implied an error rate greater than 1: 1.08266 0.00431655 0.107914
[2025-07-09 16:58:34.282] [jointLog] [warning] (in update()) CIGAR string for read [819a82a5-9279-4ffe-b099-01d372fd4c12] seems inconsistent. It implied an error rate greater than 1: 1.2791 0.000719942 0.00359971
[2025-07-09 16:58:34.569] [jointLog] [warning] (in update()) CIGAR string for read [995ee06a-ce8a-468f-b772-558978e132ca] seems inconsistent. It implied an error rate greater than 1: 2.04525 0 0.00165289
[2025-07-09 16:58:34.751] [jointLog] [warning] (in update()) CIGAR string for read [6f75c742-7dec-4e4b-817c-2cf36c1239fe] seems inconsistent. It implied an error rate greater than 1: 1.27821 0 0
[2025-07-09 16:58:34.888] [jointLog] [warning] (in update()) CIGAR string for read [4530d1fe-e74b-4638-8c16-6d3afbf10a0a] seems inconsistent. It implied an error rate greater than 1: 1.15152 0.0202361 0.0337268
[2025-07-09 16:58:35.093] [jointLog] [warning] (in update()) CIGAR string for read [2cce4a0f-c003-4bf8-b819-c9d8137a2c78] seems inconsistent. It implied an error rate greater than 1: 1.40323 0.318584 0.132743
[2025-07-09 16:58:35.177] [jointLog] [warning] (in update()) CIGAR string for read [ab3ed094-a482-4ba6-a619-240b65d842f3] seems inconsistent. It implied an error rate greater than 1: 1.26239 0 0.033349
[2025-07-09 16:58:35.337] [jointLog] [warning] (in update()) CIGAR string for read [58013598-04c8-49b4-9700-9105ea6bc0eb] seems inconsistent. It implied an error rate greater than 1: 1.53248 0 0.00433478
[2025-07-09 16:58:35.406] [jointLog] [warning] (in update()) CIGAR string for read [2369cb67-fb16-4fd9-b135-0d72780ac8db] seems inconsistent. It implied an error rate greater than 1: 1.35232 0 0.00263543
[2025-07-09 16:58:35.444] [jointLog] [warning] (in update()) CIGAR string for read [468df9b6-3f45-4285-807e-1d0d183d6043] seems inconsistent. It implied an error rate greater than 1: 1.4799 0 0.233141
[2025-07-09 16:58:35.604] [jointLog] [warning] (in update()) CIGAR string for read [f7a7e06a-9028-47ae-ae48-acc84e40330f] seems inconsistent. It implied an error rate greater than 1: 1.35987 0.00147319 0.00294638
[2025-07-09 16:58:35.643] [jointLog] [warning] (in update()) CIGAR string for read [06ce61b6-eeb2-4626-9ef7-90d1e74915d1] seems inconsistent. It implied an error rate greater than 1: 1.97803 0 0.0175703
[2025-07-09 16:58:35.676] [jointLog] [warning] (in update()) CIGAR string for read [be839a3d-41d5-42f3-bbe9-8120bc3096fb] seems inconsistent. It implied an error rate greater than 1: 1.35446 0 0.0126328
[2025-07-09 16:58:35.886] [jointLog] [warning] (in update()) CIGAR string for read [4855a6ca-f25a-4a3a-ace6-7879ca684c4a] seems inconsistent. It implied an error rate greater than 1: 1.35778 0 0.021412
[2025-07-09 16:58:35.987] [jointLog] [warning] read 147fdaa4-3339-4fd7-a1f7-e639ce335a52 (length 12012 - align length 12012) has no trained error model
[2025-07-09 16:58:36.059] [jointLog] [warning] (in update()) CIGAR string for read [033e4aeb-b1b0-43da-95ae-76504fe88bca] seems inconsistent. It implied an error rate greater than 1: 1.19161 0.0138889 0.0347222
[2025-07-09 16:58:36.635] [jointLog] [warning] (in update()) CIGAR string for read [6e05e7f7-ad72-415a-b0b3-882ce1c1669e] seems inconsistent. It implied an error rate greater than 1: 1.09032 0.220028 0.215434
[2025-07-09 16:58:36.700] [jointLog] [warning] (in update()) CIGAR string for read [8955b463-edc8-4afc-909a-4d761c82c6df] seems inconsistent. It implied an error rate greater than 1: 1.59537 0.0208062 0.0247074
[2025-07-09 16:58:36.706] [jointLog] [warning] (in update()) CIGAR string for read [c7264f85-fe5c-4cdc-b53a-4b1f931e5c9b] seems inconsistent. It implied an error rate greater than 1: 1.34683 0.000875401 0.00466881
[2025-07-09 16:58:36.772] [jointLog] [warning] (in update()) CIGAR string for read [4a5fbba4-6927-414c-908a-7a1422cf79d0] seems inconsistent. It implied an error rate greater than 1: 1.36243 0 0.0122735
[2025-07-09 16:58:36.804] [jointLog] [warning] (in update()) CIGAR string for read [6518090d-2a93-4843-a3a5-e625540562d4] seems inconsistent. It implied an error rate greater than 1: 1.24767 0 0.055409
[2025-07-09 16:58:37.025] [jointLog] [warning] (in update()) CIGAR string for read [f8df1c00-7038-4548-890d-fe84b7d44702] seems inconsistent. It implied an error rate greater than 1: 1.15459 0.0350554 0.0161439
[2025-07-09 16:58:37.213] [jointLog] [warning] (in update()) CIGAR string for read [56c96eed-784a-4f91-baa8-48182ae5caec] seems inconsistent. It implied an error rate greater than 1: 1.35034 0.000291121 0.0125182
[2025-07-09 16:58:37.230] [jointLog] [warning] (in update()) CIGAR string for read [a56d64d1-1f85-4219-9506-2d81a797e5e7] seems inconsistent. It implied an error rate greater than 1: 1.34085 0 0.0107184
[2025-07-09 16:58:37.508] [fileLog] [info] quantification processed 5000000 fragments so far

[2025-07-09 16:58:38.193] [jointLog] [warning] read f673442a-4034-4479-bee6-80e4b329f94a (length 19602 - align length 463) has no trained error model
[2025-07-09 16:58:38.193] [jointLog] [warning] read f673442a-4034-4479-bee6-80e4b329f94a (length 19602) has no trained clipping model
[2025-07-09 16:58:38.193] [jointLog] [warning] read f673442a-4034-4479-bee6-80e4b329f94a (length 19602) has no trained clipping model
[2025-07-09 16:58:38.195] [jointLog] [warning] read d93c917e-747f-421b-a915-e559235ca4ba (length 18990 - align length 1132) has no trained error model
[2025-07-09 16:58:38.195] [jointLog] [warning] read d93c917e-747f-421b-a915-e559235ca4ba (length 18990) has no trained clipping model
[2025-07-09 16:58:38.195] [jointLog] [warning] read d93c917e-747f-421b-a915-e559235ca4ba (length 18990) has no trained clipping model
[2025-07-09 16:58:38.195] [jointLog] [warning] read fd464e5e-b4ab-48f9-92b2-0db352b75f0f (length 20931 - align length 2727) has no trained error model
[2025-07-09 16:58:38.195] [jointLog] [warning] read fd464e5e-b4ab-48f9-92b2-0db352b75f0f (length 20931) has no trained clipping model
[2025-07-09 16:58:38.195] [jointLog] [warning] read fd464e5e-b4ab-48f9-92b2-0db352b75f0f (length 20931) has no trained clipping model
[2025-07-09 16:58:38.195] [jointLog] [warning] read 37e4ec5e-663a-4aa5-9399-cfe1973115e2 (length 25186 - align length 122) has no trained error model
[2025-07-09 16:58:38.195] [jointLog] [warning] read 37e4ec5e-663a-4aa5-9399-cfe1973115e2 (length 25186) has no trained clipping model
[2025-07-09 16:58:38.195] [jointLog] [warning] read 37e4ec5e-663a-4aa5-9399-cfe1973115e2 (length 25186) has no trained clipping model
[2025-07-09 16:58:42.069] [fileLog] [info] quantification processed 6000000 fragments so far

[2025-07-09 16:58:43.694] [jointLog] [warning] read 6bb6da8e-2286-4229-b37d-4127e0455ca6 (length 45322 - align length 1313) has no trained error model
[2025-07-09 16:58:43.694] [jointLog] [warning] read 6bb6da8e-2286-4229-b37d-4127e0455ca6 (length 45322) has no trained clipping model
[2025-07-09 16:58:43.694] [jointLog] [warning] read 6bb6da8e-2286-4229-b37d-4127e0455ca6 (length 45322) has no trained clipping model
[2025-07-09 16:58:43.694] [jointLog] [warning] read d2ea188a-bd9c-41f3-82a5-0e7000ce4a3e (length 22227) has no trained clipping model
[2025-07-09 16:58:43.694] [jointLog] [warning] read d3270b63-9505-4194-bf3c-2cf482ee985a (length 22200) has no trained clipping model
[2025-07-09 16:58:43.695] [jointLog] [warning] read 5b2c2ec1-d65b-4dfc-a6fb-e16ba01ac8a4 (length 21423 - align length 486) has no trained error model
[2025-07-09 16:58:43.695] [jointLog] [warning] read 5b2c2ec1-d65b-4dfc-a6fb-e16ba01ac8a4 (length 21423) has no trained clipping model
[2025-07-09 16:58:43.695] [jointLog] [warning] read 5b2c2ec1-d65b-4dfc-a6fb-e16ba01ac8a4 (length 21423) has no trained clipping model
[2025-07-09 16:58:43.695] [jointLog] [warning] read b8c1051d-d9da-49b2-81cf-fc37e097ae67 (length 37709 - align length 369) has no trained error model
[2025-07-09 16:58:43.695] [jointLog] [warning] read b8c1051d-d9da-49b2-81cf-fc37e097ae67 (length 37709) has no trained clipping model
[2025-07-09 16:58:43.695] [jointLog] [warning] read b8c1051d-d9da-49b2-81cf-fc37e097ae67 (length 37709) has no trained clipping model
[2025-07-09 16:58:43.695] [jointLog] [warning] read 912da457-5bc2-404b-a6b1-6acd4ff0d38a (length 20233 - align length 2674) has no trained error model
[2025-07-09 16:58:43.695] [jointLog] [warning] read 912da457-5bc2-404b-a6b1-6acd4ff0d38a (length 20233) has no trained clipping model
[2025-07-09 16:58:43.695] [jointLog] [warning] read 912da457-5bc2-404b-a6b1-6acd4ff0d38a (length 20233) has no trained clipping model
[2025-07-09 16:58:43.695] [jointLog] [warning] read 4fb812e6-1e45-4480-810d-43ae24c05985 (length 22639) has no trained clipping model
[2025-07-09 16:58:43.696] [jointLog] [warning] read 9a3c2014-e08f-42e6-a924-55741ec6010a (length 46491 - align length 231) has no trained error model
[2025-07-09 16:58:43.696] [jointLog] [warning] read 9a3c2014-e08f-42e6-a924-55741ec6010a (length 46491) has no trained clipping model
[2025-07-09 16:58:43.696] [jointLog] [warning] read 9a3c2014-e08f-42e6-a924-55741ec6010a (length 46491) has no trained clipping model
[2025-07-09 16:58:43.696] [jointLog] [warning] read ca9a6aac-8b77-4b11-8887-68bfb536e868 (length 25045 - align length 908) has no trained error model
[2025-07-09 16:58:43.696] [jointLog] [warning] read ca9a6aac-8b77-4b11-8887-68bfb536e868 (length 25045) has no trained clipping model
[2025-07-09 16:58:43.696] [jointLog] [warning] read ca9a6aac-8b77-4b11-8887-68bfb536e868 (length 25045) has no trained clipping model
[2025-07-09 16:58:43.696] [jointLog] [warning] read ad71c0a7-2e31-46eb-85eb-58682475f7ac (length 18902 - align length 898) has no trained error model
[2025-07-09 16:58:43.696] [jointLog] [warning] read ad71c0a7-2e31-46eb-85eb-58682475f7ac (length 18902) has no trained clipping model
[2025-07-09 16:58:43.696] [jointLog] [warning] read ad71c0a7-2e31-46eb-85eb-58682475f7ac (length 18902) has no trained clipping model
[2025-07-09 16:58:43.696] [jointLog] [warning] read d49522bd-64f7-428d-af5d-df810936f83f (length 16645 - align length 74) has no trained error model
[2025-07-09 16:58:43.696] [jointLog] [warning] read d49522bd-64f7-428d-af5d-df810936f83f (length 16645) has no trained clipping model
[2025-07-09 16:58:43.696] [jointLog] [warning] read d49522bd-64f7-428d-af5d-df810936f83f (length 16645) has no trained clipping model
[2025-07-09 16:58:43.696] [jointLog] [warning] read 21bbcddd-c233-4c96-b9c3-095f997987eb (length 36566 - align length 248) has no trained error model
[2025-07-09 16:58:43.696] [jointLog] [warning] read 21bbcddd-c233-4c96-b9c3-095f997987eb (length 36566) has no trained clipping model
[2025-07-09 16:58:43.696] [jointLog] [warning] read 21bbcddd-c233-4c96-b9c3-095f997987eb (length 36566) has no trained clipping model
[2025-07-09 16:58:43.696] [jointLog] [warning] read 5103b442-0303-4286-a33c-1bb259227541 (length 20916 - align length 352) has no trained error model
[2025-07-09 16:58:43.696] [jointLog] [warning] read 5103b442-0303-4286-a33c-1bb259227541 (length 20916) has no trained clipping model
[2025-07-09 16:58:43.696] [jointLog] [warning] read 5103b442-0303-4286-a33c-1bb259227541 (length 20916) has no trained clipping model
[2025-07-09 16:58:43.696] [jointLog] [warning] read 2f2c6ee2-8733-4d47-b269-64b6775fb286 (length 33226 - align length 1508) has no trained error model
[2025-07-09 16:58:43.696] [jointLog] [warning] read 2f2c6ee2-8733-4d47-b269-64b6775fb286 (length 33226) has no trained clipping model
[2025-07-09 16:58:43.696] [jointLog] [warning] read 2f2c6ee2-8733-4d47-b269-64b6775fb286 (length 33226) has no trained clipping model
[2025-07-09 16:58:43.697] [jointLog] [warning] read 10928bf6-6e9f-4746-b1c1-0c8edbd9cdbb (length 22644) has no trained clipping model
[2025-07-09 16:58:43.697] [jointLog] [warning] read 36e6a28c-51c2-44aa-b3fc-ffdfc7398b16 (length 16195 - align length 16141) has no trained error model
[2025-07-09 16:58:43.697] [jointLog] [warning] read 36e6a28c-51c2-44aa-b3fc-ffdfc7398b16 (length 16195) has no trained clipping model
[2025-07-09 16:58:44.493] [jointLog] [warning] read 0abccf10-a015-48f1-b3f9-41dc41dd2f50 (length 22294) has no trained clipping model
[2025-07-09 16:58:44.496] [jointLog] [warning] read d89fcf2c-4fa7-4dde-af6b-66f19fc47e6b (length 30695 - align length 121) has no trained error model
[2025-07-09 16:58:44.496] [jointLog] [warning] read d89fcf2c-4fa7-4dde-af6b-66f19fc47e6b (length 30695) has no trained clipping model
[2025-07-09 16:58:44.496] [jointLog] [warning] read d89fcf2c-4fa7-4dde-af6b-66f19fc47e6b (length 30695) has no trained clipping model
[2025-07-09 16:58:44.496] [jointLog] [warning] read 447bc85e-1a6f-4e03-bad2-f122a26d08a6 (length 15464 - align length 15397) has no trained error model
[2025-07-09 16:58:44.496] [jointLog] [warning] read e18175cc-5a9c-4d7a-a421-01a3cd336381 (length 46460 - align length 1374) has no trained error model
[2025-07-09 16:58:44.496] [jointLog] [warning] read e18175cc-5a9c-4d7a-a421-01a3cd336381 (length 46460) has no trained clipping model
[2025-07-09 16:58:44.496] [jointLog] [warning] read e18175cc-5a9c-4d7a-a421-01a3cd336381 (length 46460) has no trained clipping model
[2025-07-09 16:58:44.496] [jointLog] [warning] read 9c2189d6-5c15-433b-8831-22a68fdf8c49 (length 28247 - align length 357) has no trained error model
[2025-07-09 16:58:44.496] [jointLog] [warning] read 9c2189d6-5c15-433b-8831-22a68fdf8c49 (length 28247) has no trained clipping model
[2025-07-09 16:58:44.496] [jointLog] [warning] read 9c2189d6-5c15-433b-8831-22a68fdf8c49 (length 28247) has no trained clipping model
[2025-07-09 16:58:44.497] [jointLog] [warning] read 3dca937d-8e29-469c-9b7d-0321a93055e2 (length 29594 - align length 998) has no trained error model
[2025-07-09 16:58:44.497] [jointLog] [warning] read 3dca937d-8e29-469c-9b7d-0321a93055e2 (length 29594) has no trained clipping model
[2025-07-09 16:58:44.497] [jointLog] [warning] read 3dca937d-8e29-469c-9b7d-0321a93055e2 (length 29594) has no trained clipping model
[2025-07-09 16:58:44.497] [jointLog] [warning] read 88eed4aa-c272-4b22-bdb7-5fd82053068e (length 36269 - align length 245) has no trained error model
[2025-07-09 16:58:44.497] [jointLog] [warning] read 88eed4aa-c272-4b22-bdb7-5fd82053068e (length 36269) has no trained clipping model
[2025-07-09 16:58:44.497] [jointLog] [warning] read 88eed4aa-c272-4b22-bdb7-5fd82053068e (length 36269) has no trained clipping model
[2025-07-09 16:58:44.497] [jointLog] [warning] read c9341f52-e2ff-4bba-aa34-254f24ff7013 (length 24676 - align length 165) has no trained error model
[2025-07-09 16:58:44.497] [jointLog] [warning] read c9341f52-e2ff-4bba-aa34-254f24ff7013 (length 24676) has no trained clipping model
[2025-07-09 16:58:44.497] [jointLog] [warning] read c9341f52-e2ff-4bba-aa34-254f24ff7013 (length 24676) has no trained clipping model
[2025-07-09 16:58:44.497] [jointLog] [warning] read d16d0fb3-76f9-4c17-a7bd-37a50ce9bf80 (length 18272 - align length 925) has no trained error model
[2025-07-09 16:58:44.497] [jointLog] [warning] read d16d0fb3-76f9-4c17-a7bd-37a50ce9bf80 (length 18272) has no trained clipping model
[2025-07-09 16:58:44.497] [jointLog] [warning] read d16d0fb3-76f9-4c17-a7bd-37a50ce9bf80 (length 18272) has no trained clipping model
[2025-07-09 16:58:44.497] [jointLog] [warning] read 3d98d046-4eee-4dec-865c-64d79595838d (length 20987 - align length 146) has no trained error model
[2025-07-09 16:58:44.497] [jointLog] [warning] read 3d98d046-4eee-4dec-865c-64d79595838d (length 20987) has no trained clipping model
[2025-07-09 16:58:44.497] [jointLog] [warning] read 3d98d046-4eee-4dec-865c-64d79595838d (length 20987) has no trained clipping model
[2025-07-09 16:58:44.497] [jointLog] [warning] read d19d24af-7b9a-4856-8977-85acfbda894a (length 49950 - align length 307) has no trained error model
[2025-07-09 16:58:44.497] [jointLog] [warning] read d19d24af-7b9a-4856-8977-85acfbda894a (length 49950) has no trained clipping model
[2025-07-09 16:58:44.497] [jointLog] [warning] read d19d24af-7b9a-4856-8977-85acfbda894a (length 49950) has no trained clipping model
[2025-07-09 16:58:44.497] [jointLog] [warning] read 7d065f22-398b-434b-a2fd-acbc0c2eb8ef (length 26884 - align length 1408) has no trained error model
[2025-07-09 16:58:44.497] [jointLog] [warning] read 7d065f22-398b-434b-a2fd-acbc0c2eb8ef (length 26884) has no trained clipping model
[2025-07-09 16:58:44.497] [jointLog] [warning] read 7d065f22-398b-434b-a2fd-acbc0c2eb8ef (length 26884) has no trained clipping model
[2025-07-09 16:58:45.471] [jointLog] [warning] read b07a8f36-be21-4166-b07d-52ef71e758ff (length 12950 - align length 12944) has no trained error model
[2025-07-09 16:58:45.471] [jointLog] [warning] read b07a8f36-be21-4166-b07d-52ef71e758ff (length 12950) has no trained clipping model
[2025-07-09 16:58:45.474] [jointLog] [warning] read d737150d-178d-4f9d-a460-da35ccf83363 (length 22074) has no trained clipping model
[2025-07-09 16:58:45.474] [jointLog] [warning] read c4598c90-1036-4392-a3bd-7933a5a48f2a (length 26631) has no trained clipping model
[2025-07-09 16:58:45.474] [jointLog] [warning] read 46e2dadf-b7b6-4169-b8bc-63bbb857be23 (length 14134 - align length 14042) has no trained error model
[2025-07-09 16:58:45.474] [jointLog] [warning] read 46e2dadf-b7b6-4169-b8bc-63bbb857be23 (length 14134) has no trained clipping model
[2025-07-09 16:58:45.474] [jointLog] [warning] read 46e2dadf-b7b6-4169-b8bc-63bbb857be23 (length 14134) has no trained clipping model
[2025-07-09 16:58:45.474] [jointLog] [warning] read 259b0914-660d-428d-9a9f-2f46b72facdd (length 33711 - align length 285) has no trained error model
[2025-07-09 16:58:45.474] [jointLog] [warning] read 259b0914-660d-428d-9a9f-2f46b72facdd (length 33711) has no trained clipping model
[2025-07-09 16:58:45.474] [jointLog] [warning] read 259b0914-660d-428d-9a9f-2f46b72facdd (length 33711) has no trained clipping model
[2025-07-09 16:58:45.474] [jointLog] [warning] read 66973d13-2003-4345-8b9b-01e9a81143e3 (length 31923 - align length 84) has no trained error model
[2025-07-09 16:58:45.475] [jointLog] [warning] read 66973d13-2003-4345-8b9b-01e9a81143e3 (length 31923) has no trained clipping model
[2025-07-09 16:58:45.475] [jointLog] [warning] read 66973d13-2003-4345-8b9b-01e9a81143e3 (length 31923) has no trained clipping model
[2025-07-09 16:58:45.475] [jointLog] [warning] read 098069c4-2ebe-4f83-a09e-cdff314cec06 (length 24891 - align length 942) has no trained error model
[2025-07-09 16:58:45.475] [jointLog] [warning] read 098069c4-2ebe-4f83-a09e-cdff314cec06 (length 24891) has no trained clipping model
[2025-07-09 16:58:45.475] [jointLog] [warning] read 098069c4-2ebe-4f83-a09e-cdff314cec06 (length 24891) has no trained clipping model
[2025-07-09 16:58:45.475] [jointLog] [warning] read 5aca5c3e-b58e-48fa-b1bc-1e2a45e65f64 (length 26871 - align length 1729) has no trained error model
[2025-07-09 16:58:45.475] [jointLog] [warning] read 5aca5c3e-b58e-48fa-b1bc-1e2a45e65f64 (length 26871) has no trained clipping model
[2025-07-09 16:58:45.475] [jointLog] [warning] read 5aca5c3e-b58e-48fa-b1bc-1e2a45e65f64 (length 26871) has no trained clipping model
[2025-07-09 16:58:45.475] [jointLog] [warning] read a56600d4-ce76-4b32-bf3d-7e1a4fa951b6 (length 40364 - align length 3516) has no trained error model
[2025-07-09 16:58:45.475] [jointLog] [warning] read a56600d4-ce76-4b32-bf3d-7e1a4fa951b6 (length 40364) has no trained clipping model
[2025-07-09 16:58:45.475] [jointLog] [warning] read a56600d4-ce76-4b32-bf3d-7e1a4fa951b6 (length 40364) has no trained clipping model
[2025-07-09 16:58:45.475] [jointLog] [warning] read f0c76282-22d6-48d2-95e1-637f893de6fc (length 20244 - align length 19937) has no trained error model
[2025-07-09 16:58:45.475] [jointLog] [warning] read f0c76282-22d6-48d2-95e1-637f893de6fc (length 20244) has no trained clipping model
[2025-07-09 16:58:45.475] [jointLog] [warning] read f0c76282-22d6-48d2-95e1-637f893de6fc (length 20244) has no trained clipping model
[2025-07-09 16:58:45.475] [jointLog] [warning] read e19ac625-70ac-48fa-ac5b-327acc8b1cff (length 42169 - align length 898) has no trained error model
[2025-07-09 16:58:45.475] [jointLog] [warning] read e19ac625-70ac-48fa-ac5b-327acc8b1cff (length 42169) has no trained clipping model
[2025-07-09 16:58:45.475] [jointLog] [warning] read e19ac625-70ac-48fa-ac5b-327acc8b1cff (length 42169) has no trained clipping model
[2025-07-09 16:58:45.475] [jointLog] [warning] read 2133a5f5-e333-489f-8f61-d2477fca4994 (length 27389 - align length 304) has no trained error model
[2025-07-09 16:58:45.475] [jointLog] [warning] read 2133a5f5-e333-489f-8f61-d2477fca4994 (length 27389) has no trained clipping model
[2025-07-09 16:58:45.475] [jointLog] [warning] read 2133a5f5-e333-489f-8f61-d2477fca4994 (length 27389) has no trained clipping model
[2025-07-09 16:58:45.476] [jointLog] [warning] read 88df7651-4f26-48c3-a1b7-a2f7cc01fead (length 18540 - align length 17330) has no trained error model
[2025-07-09 16:58:45.476] [jointLog] [warning] read 8ccf73d9-dcb2-4261-8be5-9626b928256d (length 12936) has no trained clipping model
[2025-07-09 16:58:45.476] [jointLog] [warning] read 0fbe0f4c-8167-49aa-b713-e4ea7ddd8228 (length 24138 - align length 461) has no trained error model
[2025-07-09 16:58:45.476] [jointLog] [warning] read 0fbe0f4c-8167-49aa-b713-e4ea7ddd8228 (length 24138) has no trained clipping model
[2025-07-09 16:58:45.476] [jointLog] [warning] read 0fbe0f4c-8167-49aa-b713-e4ea7ddd8228 (length 24138) has no trained clipping model
[2025-07-09 16:58:45.476] [jointLog] [warning] read 3c560a34-047a-47e0-8554-68eec5cb2392 (length 39078 - align length 787) has no trained error model
[2025-07-09 16:58:45.476] [jointLog] [warning] read 3c560a34-047a-47e0-8554-68eec5cb2392 (length 39078) has no trained clipping model
[2025-07-09 16:58:45.476] [jointLog] [warning] read 3c560a34-047a-47e0-8554-68eec5cb2392 (length 39078) has no trained clipping model
[2025-07-09 16:58:45.477] [jointLog] [warning] read 374d9ae9-f1a3-46db-bafd-9074d27697ae (length 26426 - align length 158) has no trained error model
[2025-07-09 16:58:45.477] [jointLog] [warning] read 374d9ae9-f1a3-46db-bafd-9074d27697ae (length 26426) has no trained clipping model
[2025-07-09 16:58:45.477] [jointLog] [warning] read 374d9ae9-f1a3-46db-bafd-9074d27697ae (length 26426) has no trained clipping model
[2025-07-09 16:58:45.477] [jointLog] [warning] read c5be6ce0-0f32-4c42-8907-e4ab38e92c2a (length 22361 - align length 2070) has no trained error model
[2025-07-09 16:58:45.477] [jointLog] [warning] read c5be6ce0-0f32-4c42-8907-e4ab38e92c2a (length 22361) has no trained clipping model
[2025-07-09 16:58:45.477] [jointLog] [warning] read c5be6ce0-0f32-4c42-8907-e4ab38e92c2a (length 22361) has no trained clipping model
[2025-07-09 16:58:45.477] [jointLog] [warning] read 3ddc33a0-a8cc-42a4-b3b1-5a19707169b5 (length 39654 - align length 415) has no trained error model
[2025-07-09 16:58:45.477] [jointLog] [warning] read 3ddc33a0-a8cc-42a4-b3b1-5a19707169b5 (length 39654) has no trained clipping model
[2025-07-09 16:58:45.477] [jointLog] [warning] read 3ddc33a0-a8cc-42a4-b3b1-5a19707169b5 (length 39654) has no trained clipping model
[2025-07-09 16:58:45.477] [jointLog] [warning] read be175ed4-9dc6-4c7b-9531-bc5b1db60805 (length 20041) has no trained clipping model
[2025-07-09 16:58:45.477] [jointLog] [warning] read 6fc94b06-3774-4df6-b721-39d122967364 (length 19757 - align length 108) has no trained error model
[2025-07-09 16:58:45.477] [jointLog] [warning] read 6fc94b06-3774-4df6-b721-39d122967364 (length 19757) has no trained clipping model
[2025-07-09 16:58:45.477] [jointLog] [warning] read 6fc94b06-3774-4df6-b721-39d122967364 (length 19757) has no trained clipping model
[2025-07-09 16:58:45.477] [jointLog] [warning] read cf248022-cd67-4518-8022-a4e20c9707d3 (length 33474 - align length 131) has no trained error model
[2025-07-09 16:58:45.477] [jointLog] [warning] read cf248022-cd67-4518-8022-a4e20c9707d3 (length 33474) has no trained clipping model
[2025-07-09 16:58:45.477] [jointLog] [warning] read cf248022-cd67-4518-8022-a4e20c9707d3 (length 33474) has no trained clipping model
[2025-07-09 16:58:45.477] [jointLog] [warning] read 27c1df33-d7e8-4791-adb4-205b23560434 (length 45020 - align length 666) has no trained error model
[2025-07-09 16:58:45.477] [jointLog] [warning] read 27c1df33-d7e8-4791-adb4-205b23560434 (length 45020) has no trained clipping model
[2025-07-09 16:58:45.477] [jointLog] [warning] read 27c1df33-d7e8-4791-adb4-205b23560434 (length 45020) has no trained clipping model
[2025-07-09 16:58:46.641] [fileLog] [info] quantification processed 7000000 fragments so far

[2025-07-09 16:58:47.477] [jointLog] [warning] read 1ad94a75-7bfd-49ff-89f2-aef06efc99d4 (length 44023) has no trained clipping model
[2025-07-09 16:58:47.491] [jointLog] [warning] read 68fad096-7e53-407d-bb98-6de3cdeca142 (length 37011 - align length 1592) has no trained error model
[2025-07-09 16:58:47.491] [jointLog] [warning] read 68fad096-7e53-407d-bb98-6de3cdeca142 (length 37011) has no trained clipping model
[2025-07-09 16:58:47.491] [jointLog] [warning] read 68fad096-7e53-407d-bb98-6de3cdeca142 (length 37011) has no trained clipping model
[2025-07-09 16:58:47.492] [jointLog] [warning] read ccd74ba3-d245-4ec0-ac85-18c89543c71f (length 28266 - align length 423) has no trained error model
[2025-07-09 16:58:47.492] [jointLog] [warning] read ccd74ba3-d245-4ec0-ac85-18c89543c71f (length 28266) has no trained clipping model
[2025-07-09 16:58:47.492] [jointLog] [warning] read ccd74ba3-d245-4ec0-ac85-18c89543c71f (length 28266) has no trained clipping model
[2025-07-09 16:58:47.492] [jointLog] [warning] read 1a40c532-b2fa-49fc-b405-b05cf204707d (length 27302 - align length 1242) has no trained error model
[2025-07-09 16:58:47.492] [jointLog] [warning] read 1a40c532-b2fa-49fc-b405-b05cf204707d (length 27302) has no trained clipping model
[2025-07-09 16:58:47.492] [jointLog] [warning] read 1a40c532-b2fa-49fc-b405-b05cf204707d (length 27302) has no trained clipping model
[2025-07-09 16:58:47.492] [jointLog] [warning] read e9ed74cc-e3b3-4055-a820-500cb4d38f5d (length 16548 - align length 360) has no trained error model
[2025-07-09 16:58:47.492] [jointLog] [warning] read e9ed74cc-e3b3-4055-a820-500cb4d38f5d (length 16548) has no trained clipping model
[2025-07-09 16:58:47.492] [jointLog] [warning] read e9ed74cc-e3b3-4055-a820-500cb4d38f5d (length 16548) has no trained clipping model
[2025-07-09 16:58:47.492] [jointLog] [warning] read 004c3b3b-c2b1-4524-9788-55077ed6a853 (length 18231 - align length 375) has no trained error model
[2025-07-09 16:58:47.492] [jointLog] [warning] read 004c3b3b-c2b1-4524-9788-55077ed6a853 (length 18231) has no trained clipping model
[2025-07-09 16:58:47.492] [jointLog] [warning] read 004c3b3b-c2b1-4524-9788-55077ed6a853 (length 18231) has no trained clipping model
[2025-07-09 16:58:47.492] [jointLog] [warning] read 27296e4a-aaab-4bf5-84ab-c4bba5049926 (length 35600 - align length 730) has no trained error model
[2025-07-09 16:58:47.492] [jointLog] [warning] read 27296e4a-aaab-4bf5-84ab-c4bba5049926 (length 35600) has no trained clipping model
[2025-07-09 16:58:47.492] [jointLog] [warning] read 27296e4a-aaab-4bf5-84ab-c4bba5049926 (length 35600) has no trained clipping model
[2025-07-09 16:58:47.492] [jointLog] [warning] read 5d875348-7301-462c-8319-77e9d0e84fd7 (length 24665 - align length 69) has no trained error model
[2025-07-09 16:58:47.492] [jointLog] [warning] read 5d875348-7301-462c-8319-77e9d0e84fd7 (length 24665) has no trained clipping model
[2025-07-09 16:58:47.492] [jointLog] [warning] read 5d875348-7301-462c-8319-77e9d0e84fd7 (length 24665) has no trained clipping model
[2025-07-09 16:58:47.493] [jointLog] [warning] read 024d8049-ede1-4714-a27f-8440dba30adb (length 27245 - align length 530) has no trained error model
[2025-07-09 16:58:47.493] [jointLog] [warning] read 024d8049-ede1-4714-a27f-8440dba30adb (length 27245) has no trained clipping model
[2025-07-09 16:58:47.493] [jointLog] [warning] read 024d8049-ede1-4714-a27f-8440dba30adb (length 27245) has no trained clipping model
[2025-07-09 16:58:47.495] [jointLog] [warning] read ac166b32-b885-4a75-b6e0-8e2a375b7020 (length 12951) has no trained clipping model
[2025-07-09 16:58:50.599] [jointLog] [warning] read da6666df-87b1-45df-9f77-9f1547a30c59 (length 12356 - align length 12314) has no trained error model
[2025-07-09 16:58:51.231] [fileLog] [info] quantification processed 8000000 fragments so far

[2025-07-09 16:58:53.615] [jointLog] [warning] read f9aa4ee3-5728-4b32-8641-e3e47d53f169 (length 28070 - align length 213) has no trained error model
[2025-07-09 16:58:53.615] [jointLog] [warning] read f9aa4ee3-5728-4b32-8641-e3e47d53f169 (length 28070) has no trained clipping model
[2025-07-09 16:58:53.615] [jointLog] [warning] read f9aa4ee3-5728-4b32-8641-e3e47d53f169 (length 28070) has no trained clipping model
[2025-07-09 16:58:53.615] [jointLog] [warning] read 99ed794e-8e9c-4f62-8958-916e2fdc8dac (length 36624 - align length 925) has no trained error model
[2025-07-09 16:58:53.615] [jointLog] [warning] read 99ed794e-8e9c-4f62-8958-916e2fdc8dac (length 36624) has no trained clipping model
[2025-07-09 16:58:53.615] [jointLog] [warning] read 99ed794e-8e9c-4f62-8958-916e2fdc8dac (length 36624) has no trained clipping model
[2025-07-09 16:58:53.615] [jointLog] [warning] read 2e60c349-46ad-4374-a972-59a2664581d9 (length 40433 - align length 504) has no trained error model
[2025-07-09 16:58:53.615] [jointLog] [warning] read 2e60c349-46ad-4374-a972-59a2664581d9 (length 40433) has no trained clipping model
[2025-07-09 16:58:53.615] [jointLog] [warning] read 2e60c349-46ad-4374-a972-59a2664581d9 (length 40433) has no trained clipping model
[2025-07-09 16:58:53.615] [jointLog] [warning] read 6b510981-d66e-46ed-9e90-2c45f4d6859a (length 15833 - align length 15742) has no trained error model
[2025-07-09 16:58:53.615] [jointLog] [warning] read b9b74c15-2f00-4e43-84b0-a37640f4517e (length 24871 - align length 1629) has no trained error model
[2025-07-09 16:58:53.615] [jointLog] [warning] read b9b74c15-2f00-4e43-84b0-a37640f4517e (length 24871) has no trained clipping model
[2025-07-09 16:58:53.615] [jointLog] [warning] read b9b74c15-2f00-4e43-84b0-a37640f4517e (length 24871) has no trained clipping model
[2025-07-09 16:58:53.615] [jointLog] [warning] read ff2e052b-bd13-45ca-a75d-bcd238a2f053 (length 37097 - align length 2472) has no trained error model
[2025-07-09 16:58:53.615] [jointLog] [warning] read ff2e052b-bd13-45ca-a75d-bcd238a2f053 (length 37097) has no trained clipping model
[2025-07-09 16:58:53.615] [jointLog] [warning] read ff2e052b-bd13-45ca-a75d-bcd238a2f053 (length 37097) has no trained clipping model
[2025-07-09 16:58:53.616] [jointLog] [warning] read e2e99d84-bfcd-472d-9ee7-936e4cb753fd (length 30007 - align length 569) has no trained error model
[2025-07-09 16:58:53.616] [jointLog] [warning] read e2e99d84-bfcd-472d-9ee7-936e4cb753fd (length 30007) has no trained clipping model
[2025-07-09 16:58:53.616] [jointLog] [warning] read e2e99d84-bfcd-472d-9ee7-936e4cb753fd (length 30007) has no trained clipping model
[2025-07-09 16:58:53.616] [jointLog] [warning] read c9f22ee9-a6d2-4f37-a632-6f4ae5fdb089 (length 43116 - align length 927) has no trained error model
[2025-07-09 16:58:53.616] [jointLog] [warning] read c9f22ee9-a6d2-4f37-a632-6f4ae5fdb089 (length 43116) has no trained clipping model
[2025-07-09 16:58:53.616] [jointLog] [warning] read c9f22ee9-a6d2-4f37-a632-6f4ae5fdb089 (length 43116) has no trained clipping model
[2025-07-09 16:58:53.616] [jointLog] [warning] read b07dfe06-c740-4671-a7b2-3b5918f432f9 (length 30012 - align length 218) has no trained error model
[2025-07-09 16:58:53.616] [jointLog] [warning] read b07dfe06-c740-4671-a7b2-3b5918f432f9 (length 30012) has no trained clipping model
[2025-07-09 16:58:53.616] [jointLog] [warning] read b07dfe06-c740-4671-a7b2-3b5918f432f9 (length 30012) has no trained clipping model
[2025-07-09 16:58:53.616] [jointLog] [warning] read 08d12d2e-802a-43d5-883e-80a1dc8be6d9 (length 20301 - align length 321) has no trained error model
[2025-07-09 16:58:53.616] [jointLog] [warning] read 08d12d2e-802a-43d5-883e-80a1dc8be6d9 (length 20301) has no trained clipping model
[2025-07-09 16:58:53.616] [jointLog] [warning] read 08d12d2e-802a-43d5-883e-80a1dc8be6d9 (length 20301) has no trained clipping model
[2025-07-09 16:58:53.616] [jointLog] [warning] read 992016a6-7975-448d-bef8-7bff21e68905 (length 19723 - align length 218) has no trained error model
[2025-07-09 16:58:53.616] [jointLog] [warning] read 992016a6-7975-448d-bef8-7bff21e68905 (length 19723) has no trained clipping model
[2025-07-09 16:58:53.616] [jointLog] [warning] read 992016a6-7975-448d-bef8-7bff21e68905 (length 19723) has no trained clipping model
[2025-07-09 16:58:53.616] [jointLog] [warning] read e9024309-4cfd-404c-97ef-bd6909e553ba (length 41799 - align length 83) has no trained error model
[2025-07-09 16:58:53.616] [jointLog] [warning] read e9024309-4cfd-404c-97ef-bd6909e553ba (length 41799) has no trained clipping model
[2025-07-09 16:58:53.616] [jointLog] [warning] read e9024309-4cfd-404c-97ef-bd6909e553ba (length 41799) has no trained clipping model
[2025-07-09 16:58:53.616] [jointLog] [warning] read 36ae7b66-86d9-4718-976e-f88d5377a38e (length 13700 - align length 13604) has no trained error model
[2025-07-09 16:58:53.616] [jointLog] [warning] read 9985922f-35c9-4e14-9853-23f102f2f49e (length 17885 - align length 531) has no trained error model
[2025-07-09 16:58:53.616] [jointLog] [warning] read 9985922f-35c9-4e14-9853-23f102f2f49e (length 17885) has no trained clipping model
[2025-07-09 16:58:53.616] [jointLog] [warning] read 9985922f-35c9-4e14-9853-23f102f2f49e (length 17885) has no trained clipping model
[2025-07-09 16:58:53.617] [jointLog] [warning] read 994343e2-e064-4191-af95-3276b6a7db1a (length 15810 - align length 15798) has no trained error model
[2025-07-09 16:58:53.617] [jointLog] [warning] read fea4d766-1c0b-4606-acf4-60f809af1c64 (length 49374 - align length 270) has no trained error model
[2025-07-09 16:58:53.617] [jointLog] [warning] read fea4d766-1c0b-4606-acf4-60f809af1c64 (length 49374) has no trained clipping model
[2025-07-09 16:58:53.617] [jointLog] [warning] read fea4d766-1c0b-4606-acf4-60f809af1c64 (length 49374) has no trained clipping model
[2025-07-09 16:58:53.617] [jointLog] [warning] read b962e2f8-28ab-4261-945d-b02c98b46d58 (length 37150 - align length 1287) has no trained error model
[2025-07-09 16:58:53.617] [jointLog] [warning] read b962e2f8-28ab-4261-945d-b02c98b46d58 (length 37150) has no trained clipping model
[2025-07-09 16:58:53.617] [jointLog] [warning] read b962e2f8-28ab-4261-945d-b02c98b46d58 (length 37150) has no trained clipping model
[2025-07-09 16:58:55.451] [jointLog] [warning] read 7b3f46e4-7f29-4040-9abe-a21beaf2f6fb (length 13680 - align length 13661) has no trained error model
[2025-07-09 16:58:56.084] [fileLog] [info] quantification processed 9000000 fragments so far

[2025-07-09 16:58:56.027] [jointLog] [warning] read ccc5ba03-8918-4639-b761-8e5cf60c5c2d (length 12971) has no trained clipping model
[2025-07-09 16:58:56.027] [jointLog] [warning] read 523e07ac-a418-4e66-9c78-08f6c735441e (length 38354 - align length 294) has no trained error model
[2025-07-09 16:58:56.027] [jointLog] [warning] read 523e07ac-a418-4e66-9c78-08f6c735441e (length 38354) has no trained clipping model
[2025-07-09 16:58:56.027] [jointLog] [warning] read 523e07ac-a418-4e66-9c78-08f6c735441e (length 38354) has no trained clipping model
[2025-07-09 16:58:56.027] [jointLog] [warning] read a7ad1167-a66a-4d6c-a9cc-c1938bdb008e (length 34215 - align length 255) has no trained error model
[2025-07-09 16:58:56.027] [jointLog] [warning] read a7ad1167-a66a-4d6c-a9cc-c1938bdb008e (length 34215) has no trained clipping model
[2025-07-09 16:58:56.027] [jointLog] [warning] read a7ad1167-a66a-4d6c-a9cc-c1938bdb008e (length 34215) has no trained clipping model
[2025-07-09 16:58:56.027] [jointLog] [warning] read d8887ee7-ddf0-4ffe-924a-222597493218 (length 17835 - align length 978) has no trained error model
[2025-07-09 16:58:56.027] [jointLog] [warning] read d8887ee7-ddf0-4ffe-924a-222597493218 (length 17835) has no trained clipping model
[2025-07-09 16:58:56.027] [jointLog] [warning] read d8887ee7-ddf0-4ffe-924a-222597493218 (length 17835) has no trained clipping model
[2025-07-09 16:58:56.028] [jointLog] [warning] read 0b94ff8c-799a-48a5-af27-9540d87bcb44 (length 46778 - align length 252) has no trained error model
[2025-07-09 16:58:56.028] [jointLog] [warning] read 0b94ff8c-799a-48a5-af27-9540d87bcb44 (length 46778) has no trained clipping model
[2025-07-09 16:58:56.028] [jointLog] [warning] read 0b94ff8c-799a-48a5-af27-9540d87bcb44 (length 46778) has no trained clipping model
[2025-07-09 16:58:56.028] [jointLog] [warning] read 9507813c-cc87-4b99-823f-55f47529d0d3 (length 12407 - align length 12375) has no trained error model
[2025-07-09 16:58:56.028] [jointLog] [warning] read dc38a661-4c86-421b-977e-2f0357aa3a2b (length 27310 - align length 371) has no trained error model
[2025-07-09 16:58:56.028] [jointLog] [warning] read dc38a661-4c86-421b-977e-2f0357aa3a2b (length 27310) has no trained clipping model
[2025-07-09 16:58:56.028] [jointLog] [warning] read dc38a661-4c86-421b-977e-2f0357aa3a2b (length 27310) has no trained clipping model
[2025-07-09 16:58:56.245] [jointLog] [warning] read 86b290df-5534-418d-8345-48122268d9d9 (length 21897 - align length 805) has no trained error model
[2025-07-09 16:58:56.245] [jointLog] [warning] read 86b290df-5534-418d-8345-48122268d9d9 (length 21897) has no trained clipping model
[2025-07-09 16:58:56.245] [jointLog] [warning] read 86b290df-5534-418d-8345-48122268d9d9 (length 21897) has no trained clipping model
[2025-07-09 16:58:56.246] [jointLog] [warning] read 12a006c7-1adb-48c2-a25c-ebbca4c7a16d (length 21851 - align length 146) has no trained error model
[2025-07-09 16:58:56.246] [jointLog] [warning] read 12a006c7-1adb-48c2-a25c-ebbca4c7a16d (length 21851) has no trained clipping model
[2025-07-09 16:58:56.247] [jointLog] [warning] read 12a006c7-1adb-48c2-a25c-ebbca4c7a16d (length 21851) has no trained clipping model
[2025-07-09 16:58:56.247] [jointLog] [warning] read c4969bc8-ed60-45e9-8f44-e090f3e4d30a (length 38621 - align length 386) has no trained error model
[2025-07-09 16:58:56.247] [jointLog] [warning] read c4969bc8-ed60-45e9-8f44-e090f3e4d30a (length 38621) has no trained clipping model
[2025-07-09 16:58:56.247] [jointLog] [warning] read c4969bc8-ed60-45e9-8f44-e090f3e4d30a (length 38621) has no trained clipping model
[2025-07-09 16:58:56.247] [jointLog] [warning] read 54cd9d12-2e41-477b-b5bb-810fb40fb94d (length 15453 - align length 15395) has no trained error model
[2025-07-09 16:58:56.247] [jointLog] [warning] read 7d9f3f11-3d90-4bd7-87b4-7d872affeb9c (length 34870 - align length 277) has no trained error model
[2025-07-09 16:58:56.247] [jointLog] [warning] read 7d9f3f11-3d90-4bd7-87b4-7d872affeb9c (length 34870) has no trained clipping model
[2025-07-09 16:58:56.247] [jointLog] [warning] read 7d9f3f11-3d90-4bd7-87b4-7d872affeb9c (length 34870) has no trained clipping model
[2025-07-09 16:58:56.247] [jointLog] [warning] read fe7edac6-653e-4833-8dfc-8462ba9c18f1 (length 49381 - align length 860) has no trained error model
[2025-07-09 16:58:56.247] [jointLog] [warning] read fe7edac6-653e-4833-8dfc-8462ba9c18f1 (length 49381) has no trained clipping model
[2025-07-09 16:58:56.247] [jointLog] [warning] read fe7edac6-653e-4833-8dfc-8462ba9c18f1 (length 49381) has no trained clipping model
[2025-07-09 16:58:56.247] [jointLog] [warning] read 334c62b6-3d27-4bdc-9577-a350e1ad74c6 (length 37107 - align length 301) has no trained error model
[2025-07-09 16:58:56.247] [jointLog] [warning] read 334c62b6-3d27-4bdc-9577-a350e1ad74c6 (length 37107) has no trained clipping model
[2025-07-09 16:58:56.247] [jointLog] [warning] read 334c62b6-3d27-4bdc-9577-a350e1ad74c6 (length 37107) has no trained clipping model
[2025-07-09 16:58:56.247] [jointLog] [warning] read 0cece958-512d-46cf-856c-6ff7dce5bc0f (length 36425 - align length 395) has no trained error model
[2025-07-09 16:58:56.247] [jointLog] [warning] read 0cece958-512d-46cf-856c-6ff7dce5bc0f (length 36425) has no trained clipping model
[2025-07-09 16:58:56.247] [jointLog] [warning] read 0cece958-512d-46cf-856c-6ff7dce5bc0f (length 36425) has no trained clipping model
[2025-07-09 16:58:56.247] [jointLog] [warning] read 0849e723-e278-44f5-bd62-84fcf35b817f (length 16537 - align length 429) has no trained error model
[2025-07-09 16:58:56.247] [jointLog] [warning] read 0849e723-e278-44f5-bd62-84fcf35b817f (length 16537) has no trained clipping model
[2025-07-09 16:58:56.247] [jointLog] [warning] read 0849e723-e278-44f5-bd62-84fcf35b817f (length 16537) has no trained clipping model
[2025-07-09 16:58:56.247] [jointLog] [warning] read 486c016e-a7e0-4528-bc4d-430fbefbc176 (length 30040 - align length 3397) has no trained error model
[2025-07-09 16:58:56.247] [jointLog] [warning] read 486c016e-a7e0-4528-bc4d-430fbefbc176 (length 30040) has no trained clipping model
[2025-07-09 16:58:56.247] [jointLog] [warning] read 486c016e-a7e0-4528-bc4d-430fbefbc176 (length 30040) has no trained clipping model
[2025-07-09 16:58:56.248] [jointLog] [warning] read 0e19b059-2c10-4bd4-94b5-db61dc62c8f6 (length 27440 - align length 950) has no trained error model
[2025-07-09 16:58:56.248] [jointLog] [warning] read 0e19b059-2c10-4bd4-94b5-db61dc62c8f6 (length 27440) has no trained clipping model
[2025-07-09 16:58:56.248] [jointLog] [warning] read 0e19b059-2c10-4bd4-94b5-db61dc62c8f6 (length 27440) has no trained clipping model
[2025-07-09 16:58:56.248] [jointLog] [warning] read 19f21468-0f4a-4d26-be9d-6d65408ec0d6 (length 46695 - align length 843) has no trained error model
[2025-07-09 16:58:56.248] [jointLog] [warning] read 19f21468-0f4a-4d26-be9d-6d65408ec0d6 (length 46695) has no trained clipping model
[2025-07-09 16:58:56.248] [jointLog] [warning] read 19f21468-0f4a-4d26-be9d-6d65408ec0d6 (length 46695) has no trained clipping model
[2025-07-09 16:58:56.248] [jointLog] [warning] read 87797451-6598-40bc-9b9f-ab7785e2b15b (length 46810 - align length 1368) has no trained error model
[2025-07-09 16:58:56.248] [jointLog] [warning] read 87797451-6598-40bc-9b9f-ab7785e2b15b (length 46810) has no trained clipping model
[2025-07-09 16:58:56.248] [jointLog] [warning] read 87797451-6598-40bc-9b9f-ab7785e2b15b (length 46810) has no trained clipping model
[2025-07-09 16:58:56.248] [jointLog] [warning] read 5f1ef9f7-0522-4f32-9bf3-ff2cc90e0dca (length 23286 - align length 316) has no trained error model
[2025-07-09 16:58:56.248] [jointLog] [warning] read 5f1ef9f7-0522-4f32-9bf3-ff2cc90e0dca (length 23286) has no trained clipping model
[2025-07-09 16:58:56.248] [jointLog] [warning] read 5f1ef9f7-0522-4f32-9bf3-ff2cc90e0dca (length 23286) has no trained clipping model
[2025-07-09 16:58:56.248] [jointLog] [warning] read a53f163d-446d-4e45-84fc-c4a27cf652c0 (length 44506 - align length 1153) has no trained error model
[2025-07-09 16:58:56.248] [jointLog] [warning] read a53f163d-446d-4e45-84fc-c4a27cf652c0 (length 44506) has no trained clipping model
[2025-07-09 16:58:56.248] [jointLog] [warning] read a53f163d-446d-4e45-84fc-c4a27cf652c0 (length 44506) has no trained clipping model
[2025-07-09 16:58:56.248] [jointLog] [warning] read 18d8eb56-db9f-4888-aa13-c3a542265185 (length 23972 - align length 148) has no trained error model
[2025-07-09 16:58:56.248] [jointLog] [warning] read 18d8eb56-db9f-4888-aa13-c3a542265185 (length 23972) has no trained clipping model
[2025-07-09 16:58:56.248] [jointLog] [warning] read 18d8eb56-db9f-4888-aa13-c3a542265185 (length 23972) has no trained clipping model
[2025-07-09 16:58:56.248] [jointLog] [warning] read 4457ca3f-a319-4ace-bef3-69b3939d5773 (length 21817 - align length 86) has no trained error model
[2025-07-09 16:58:56.249] [jointLog] [warning] read 4457ca3f-a319-4ace-bef3-69b3939d5773 (length 21817) has no trained clipping model
[2025-07-09 16:58:56.249] [jointLog] [warning] read 4457ca3f-a319-4ace-bef3-69b3939d5773 (length 21817) has no trained clipping model
[2025-07-09 16:58:56.249] [jointLog] [warning] read be4b0968-00c3-46b5-a437-40e04652a3d1 (length 16519 - align length 403) has no trained error model
[2025-07-09 16:58:56.249] [jointLog] [warning] read be4b0968-00c3-46b5-a437-40e04652a3d1 (length 16519) has no trained clipping model
[2025-07-09 16:58:56.249] [jointLog] [warning] read be4b0968-00c3-46b5-a437-40e04652a3d1 (length 16519) has no trained clipping model
[2025-07-09 16:58:56.249] [jointLog] [warning] read b7e46345-271d-4c70-8492-27ad3701838a (length 18213 - align length 226) has no trained error model
[2025-07-09 16:58:56.249] [jointLog] [warning] read b7e46345-271d-4c70-8492-27ad3701838a (length 18213) has no trained clipping model
[2025-07-09 16:58:56.249] [jointLog] [warning] read b7e46345-271d-4c70-8492-27ad3701838a (length 18213) has no trained clipping model
[2025-07-09 16:58:56.249] [jointLog] [warning] read 2553500b-432d-4889-922a-fd22ef994ca3 (length 38848 - align length 1184) has no trained error model
[2025-07-09 16:58:56.249] [jointLog] [warning] read 2553500b-432d-4889-922a-fd22ef994ca3 (length 38848) has no trained clipping model
[2025-07-09 16:58:56.249] [jointLog] [warning] read 2553500b-432d-4889-922a-fd22ef994ca3 (length 38848) has no trained clipping model
[2025-07-09 16:58:56.249] [jointLog] [warning] read 544d7191-ac92-439a-a614-9f512acaddc0 (length 48096 - align length 784) has no trained error model
[2025-07-09 16:58:56.249] [jointLog] [warning] read 544d7191-ac92-439a-a614-9f512acaddc0 (length 48096) has no trained clipping model
[2025-07-09 16:58:56.249] [jointLog] [warning] read 544d7191-ac92-439a-a614-9f512acaddc0 (length 48096) has no trained clipping model
[2025-07-09 16:59:00.734] [fileLog] [info] quantification processed 10000000 fragments so far

[2025-07-09 16:59:02.142] [jointLog] [warning] read 59496c73-22cd-4c1e-b8f4-d07d3adb1f71 (length 34283 - align length 49) has no trained error model
[2025-07-09 16:59:02.142] [jointLog] [warning] read 59496c73-22cd-4c1e-b8f4-d07d3adb1f71 (length 34283) has no trained clipping model
[2025-07-09 16:59:02.142] [jointLog] [warning] read 59496c73-22cd-4c1e-b8f4-d07d3adb1f71 (length 34283) has no trained clipping model
[2025-07-09 16:59:02.142] [jointLog] [warning] read 60510fa2-dca4-44f6-a63b-5ef25cbd8100 (length 23471 - align length 65) has no trained error model
[2025-07-09 16:59:02.142] [jointLog] [warning] read 60510fa2-dca4-44f6-a63b-5ef25cbd8100 (length 23471) has no trained clipping model
[2025-07-09 16:59:02.142] [jointLog] [warning] read 60510fa2-dca4-44f6-a63b-5ef25cbd8100 (length 23471) has no trained clipping model
[2025-07-09 16:59:02.142] [jointLog] [warning] read a0e4bcb6-a854-49ae-ba9a-de645b8d23da (length 46759 - align length 566) has no trained error model
[2025-07-09 16:59:02.142] [jointLog] [warning] read a0e4bcb6-a854-49ae-ba9a-de645b8d23da (length 46759) has no trained clipping model
[2025-07-09 16:59:02.142] [jointLog] [warning] read a0e4bcb6-a854-49ae-ba9a-de645b8d23da (length 46759) has no trained clipping model
[2025-07-09 16:59:02.142] [jointLog] [warning] read 65754000-cdd4-46ed-a643-f8ce4cb2f260 (length 29189 - align length 65) has no trained error model
[2025-07-09 16:59:02.142] [jointLog] [warning] read 65754000-cdd4-46ed-a643-f8ce4cb2f260 (length 29189) has no trained clipping model
[2025-07-09 16:59:02.142] [jointLog] [warning] read 65754000-cdd4-46ed-a643-f8ce4cb2f260 (length 29189) has no trained clipping model
[2025-07-09 16:59:02.142] [jointLog] [warning] read d9016d1b-6a73-488d-95dd-a3da63848c4e (length 19143 - align length 18660) has no trained error model
[2025-07-09 16:59:02.142] [jointLog] [warning] read d9016d1b-6a73-488d-95dd-a3da63848c4e (length 19143) has no trained clipping model
[2025-07-09 16:59:02.142] [jointLog] [warning] read d9016d1b-6a73-488d-95dd-a3da63848c4e (length 19143) has no trained clipping model
[2025-07-09 16:59:02.142] [jointLog] [warning] read ca584107-cbcf-4c3e-8300-526183b609d2 (length 15798 - align length 15795) has no trained error model
[2025-07-09 16:59:02.587] [jointLog] [warning] read 97cc8774-5d6f-4a97-ba3c-badba531925e (length 43918 - align length 2068) has no trained error model
[2025-07-09 16:59:02.587] [jointLog] [warning] read 97cc8774-5d6f-4a97-ba3c-badba531925e (length 43918) has no trained clipping model
[2025-07-09 16:59:02.588] [jointLog] [warning] read 97cc8774-5d6f-4a97-ba3c-badba531925e (length 43918) has no trained clipping model
[2025-07-09 16:59:02.588] [jointLog] [warning] read dcb10324-d106-4af7-9948-574d8740201b (length 17863 - align length 236) has no trained error model
[2025-07-09 16:59:02.588] [jointLog] [warning] read dcb10324-d106-4af7-9948-574d8740201b (length 17863) has no trained clipping model
[2025-07-09 16:59:02.588] [jointLog] [warning] read dcb10324-d106-4af7-9948-574d8740201b (length 17863) has no trained clipping model
[2025-07-09 16:59:02.588] [jointLog] [warning] read ba9014f8-868e-4e05-91a2-26d63098a9d3 (length 23962 - align length 298) has no trained error model
[2025-07-09 16:59:02.588] [jointLog] [warning] read ba9014f8-868e-4e05-91a2-26d63098a9d3 (length 23962) has no trained clipping model
[2025-07-09 16:59:02.588] [jointLog] [warning] read ba9014f8-868e-4e05-91a2-26d63098a9d3 (length 23962) has no trained clipping model
[2025-07-09 16:59:02.588] [jointLog] [warning] read 22fee37c-a03a-40c5-bb52-d4c77f1d21c4 (length 45197 - align length 3708) has no trained error model
[2025-07-09 16:59:02.588] [jointLog] [warning] read 22fee37c-a03a-40c5-bb52-d4c77f1d21c4 (length 45197) has no trained clipping model
[2025-07-09 16:59:02.588] [jointLog] [warning] read 22fee37c-a03a-40c5-bb52-d4c77f1d21c4 (length 45197) has no trained clipping model
[2025-07-09 16:59:02.589] [jointLog] [warning] read aef8d781-7bbd-47bb-9575-10f260711600 (length 14121 - align length 76) has no trained error model
[2025-07-09 16:59:02.589] [jointLog] [warning] read aef8d781-7bbd-47bb-9575-10f260711600 (length 14121) has no trained clipping model
[2025-07-09 16:59:02.589] [jointLog] [warning] read aef8d781-7bbd-47bb-9575-10f260711600 (length 14121) has no trained clipping model
[2025-07-09 16:59:02.589] [jointLog] [warning] read f5d82005-486f-4232-8d71-6cd30acd57f8 (length 14171 - align length 14116) has no trained error model
[2025-07-09 16:59:02.589] [jointLog] [warning] read f5d82005-486f-4232-8d71-6cd30acd57f8 (length 14171) has no trained clipping model
[2025-07-09 16:59:02.589] [jointLog] [warning] read f5d82005-486f-4232-8d71-6cd30acd57f8 (length 14171) has no trained clipping model
[2025-07-09 16:59:02.589] [jointLog] [warning] read 932e3107-2875-4b2a-b7c4-e8ea11c309e1 (length 12811 - align length 12365) has no trained error model
[2025-07-09 16:59:05.471] [fileLog] [info] quantification processed 11000000 fragments so far

[2025-07-09 16:59:05.934] [jointLog] [warning] read 6df08932-d522-4aab-89d7-baef0bb4ea98 (length 23434 - align length 1215) has no trained error model
[2025-07-09 16:59:05.934] [jointLog] [warning] read 6df08932-d522-4aab-89d7-baef0bb4ea98 (length 23434) has no trained clipping model
[2025-07-09 16:59:05.934] [jointLog] [warning] read 6df08932-d522-4aab-89d7-baef0bb4ea98 (length 23434) has no trained clipping model
[2025-07-09 16:59:05.936] [jointLog] [warning] read ccebc1df-08b6-4f50-9736-c041385683d9 (length 17367 - align length 1929) has no trained error model
[2025-07-09 16:59:05.936] [jointLog] [warning] read ccebc1df-08b6-4f50-9736-c041385683d9 (length 17367) has no trained clipping model
[2025-07-09 16:59:05.936] [jointLog] [warning] read ccebc1df-08b6-4f50-9736-c041385683d9 (length 17367) has no trained clipping model
[2025-07-09 16:59:05.936] [jointLog] [warning] read e09ab9a9-9196-4f02-b945-c8fe70e3ea9d (length 15924 - align length 15853) has no trained error model
[2025-07-09 16:59:06.447] [jointLog] [warning] read e3cd2929-159b-4bdd-9d08-c008aa6ce0ae (length 21468 - align length 383) has no trained error model
[2025-07-09 16:59:06.447] [jointLog] [warning] read e3cd2929-159b-4bdd-9d08-c008aa6ce0ae (length 21468) has no trained clipping model
[2025-07-09 16:59:06.447] [jointLog] [warning] read e3cd2929-159b-4bdd-9d08-c008aa6ce0ae (length 21468) has no trained clipping model
[2025-07-09 16:59:06.448] [jointLog] [warning] read 3e700a54-8156-40d3-a18b-596a69057127 (length 14101 - align length 904) has no trained error model
[2025-07-09 16:59:06.448] [jointLog] [warning] read 3e700a54-8156-40d3-a18b-596a69057127 (length 14101) has no trained clipping model
[2025-07-09 16:59:06.448] [jointLog] [warning] read 3e700a54-8156-40d3-a18b-596a69057127 (length 14101) has no trained clipping model
[2025-07-09 16:59:06.448] [jointLog] [warning] read 4a54543d-9031-49ef-9269-cc8fe1be5d8d (length 17337 - align length 583) has no trained error model
[2025-07-09 16:59:06.448] [jointLog] [warning] read 4a54543d-9031-49ef-9269-cc8fe1be5d8d (length 17337) has no trained clipping model
[2025-07-09 16:59:06.448] [jointLog] [warning] read 4a54543d-9031-49ef-9269-cc8fe1be5d8d (length 17337) has no trained clipping model
[2025-07-09 16:59:06.448] [jointLog] [warning] read 1cff41f2-869e-4e29-b3bf-79bd1128dd6c (length 24821 - align length 257) has no trained error model
[2025-07-09 16:59:06.448] [jointLog] [warning] read 1cff41f2-869e-4e29-b3bf-79bd1128dd6c (length 24821) has no trained clipping model
[2025-07-09 16:59:06.448] [jointLog] [warning] read 1cff41f2-869e-4e29-b3bf-79bd1128dd6c (length 24821) has no trained clipping model
[2025-07-09 16:59:06.448] [jointLog] [warning] read 074bd179-8246-4a3a-bcf4-f7db876233ee (length 36429 - align length 461) has no trained error model
[2025-07-09 16:59:06.448] [jointLog] [warning] read 074bd179-8246-4a3a-bcf4-f7db876233ee (length 36429) has no trained clipping model
[2025-07-09 16:59:06.448] [jointLog] [warning] read 074bd179-8246-4a3a-bcf4-f7db876233ee (length 36429) has no trained clipping model
[2025-07-09 16:59:06.449] [jointLog] [warning] read 3fab3539-06a5-4bdf-9c87-efb83d758dc6 (length 16392 - align length 16294) has no trained error model
[2025-07-09 16:59:06.449] [jointLog] [warning] read 308a0861-94f3-49c5-aa53-b8242be94a20 (length 12380 - align length 12361) has no trained error model
[2025-07-09 16:59:06.449] [jointLog] [warning] read 7caebcf8-9e45-4163-a952-5cebf05e71ed (length 38658 - align length 1305) has no trained error model
[2025-07-09 16:59:06.449] [jointLog] [warning] read 7caebcf8-9e45-4163-a952-5cebf05e71ed (length 38658) has no trained clipping model
[2025-07-09 16:59:06.449] [jointLog] [warning] read 7caebcf8-9e45-4163-a952-5cebf05e71ed (length 38658) has no trained clipping model
[2025-07-09 16:59:06.449] [jointLog] [warning] read d7b62034-d49d-438a-8d11-25ed971a5aa7 (length 48217 - align length 57) has no trained error model
[2025-07-09 16:59:06.449] [jointLog] [warning] read d7b62034-d49d-438a-8d11-25ed971a5aa7 (length 48217) has no trained clipping model
[2025-07-09 16:59:06.449] [jointLog] [warning] read d7b62034-d49d-438a-8d11-25ed971a5aa7 (length 48217) has no trained clipping model
[2025-07-09 16:59:06.449] [jointLog] [warning] read 553fdcf4-52eb-466e-82d7-4a832d20beac (length 15825 - align length 15787) has no trained error model
[2025-07-09 16:59:06.450] [jointLog] [warning] read f7b89806-bcd5-41a0-a844-35ac6376e0a6 (length 16051 - align length 15958) has no trained error model
[2025-07-09 16:59:06.450] [jointLog] [warning] read f14b9bc1-7a63-4d6d-999a-20c3d88b4d8e (length 48990) has no trained clipping model
[2025-07-09 16:59:06.450] [jointLog] [warning] read 3f63e72f-8480-4052-8844-564458901d64 (length 23496 - align length 1863) has no trained error model
[2025-07-09 16:59:06.450] [jointLog] [warning] read 3f63e72f-8480-4052-8844-564458901d64 (length 23496) has no trained clipping model
[2025-07-09 16:59:06.450] [jointLog] [warning] read 3f63e72f-8480-4052-8844-564458901d64 (length 23496) has no trained clipping model
[2025-07-09 16:59:06.450] [jointLog] [warning] read c029edd2-2566-4f11-9328-31d07e12de75 (length 43143 - align length 310) has no trained error model
[2025-07-09 16:59:06.450] [jointLog] [warning] read c029edd2-2566-4f11-9328-31d07e12de75 (length 43143) has no trained clipping model
[2025-07-09 16:59:06.450] [jointLog] [warning] read c029edd2-2566-4f11-9328-31d07e12de75 (length 43143) has no trained clipping model
[2025-07-09 16:59:06.450] [jointLog] [warning] read c2026fc6-6cca-4b45-96bc-6a38521df74f (length 40867 - align length 865) has no trained error model
[2025-07-09 16:59:06.450] [jointLog] [warning] read c2026fc6-6cca-4b45-96bc-6a38521df74f (length 40867) has no trained clipping model
[2025-07-09 16:59:06.450] [jointLog] [warning] read c2026fc6-6cca-4b45-96bc-6a38521df74f (length 40867) has no trained clipping model
[2025-07-09 16:59:06.450] [jointLog] [warning] read b0060482-47ab-478d-81ac-6c63540fc4cb (length 36131 - align length 4264) has no trained error model
[2025-07-09 16:59:06.450] [jointLog] [warning] read b0060482-47ab-478d-81ac-6c63540fc4cb (length 36131) has no trained clipping model
[2025-07-09 16:59:06.450] [jointLog] [warning] read b0060482-47ab-478d-81ac-6c63540fc4cb (length 36131) has no trained clipping model
[2025-07-09 16:59:06.451] [jointLog] [warning] read da25e3d5-cefe-4bfd-8694-4ad5866865e1 (length 46784 - align length 72) has no trained error model
[2025-07-09 16:59:06.451] [jointLog] [warning] read da25e3d5-cefe-4bfd-8694-4ad5866865e1 (length 46784) has no trained clipping model
[2025-07-09 16:59:06.451] [jointLog] [warning] read da25e3d5-cefe-4bfd-8694-4ad5866865e1 (length 46784) has no trained clipping model
[2025-07-09 16:59:06.452] [jointLog] [warning] read 9e303d83-6697-413a-8e42-b6dcab68b809 (length 44333 - align length 3354) has no trained error model
[2025-07-09 16:59:06.452] [jointLog] [warning] read 9e303d83-6697-413a-8e42-b6dcab68b809 (length 44333) has no trained clipping model
[2025-07-09 16:59:06.452] [jointLog] [warning] read 9e303d83-6697-413a-8e42-b6dcab68b809 (length 44333) has no trained clipping model
[2025-07-09 16:59:10.077] [fileLog] [info] quantification processed 12000000 fragments so far

[2025-07-09 16:59:12.643] [jointLog] [warning] read 61447e63-2f2d-4ef7-9504-a004f970bf7c (length 26629) has no trained clipping model
[2025-07-09 16:59:12.643] [jointLog] [warning] read 8d0c4757-5243-4d98-afb0-c550709fc897 (length 38017 - align length 306) has no trained error model
[2025-07-09 16:59:12.643] [jointLog] [warning] read 8d0c4757-5243-4d98-afb0-c550709fc897 (length 38017) has no trained clipping model
[2025-07-09 16:59:12.643] [jointLog] [warning] read 8d0c4757-5243-4d98-afb0-c550709fc897 (length 38017) has no trained clipping model
[2025-07-09 16:59:12.643] [jointLog] [warning] read 56f7e09a-e341-4eea-85af-a0d57fe40aeb (length 34010 - align length 303) has no trained error model
[2025-07-09 16:59:12.643] [jointLog] [warning] read 56f7e09a-e341-4eea-85af-a0d57fe40aeb (length 34010) has no trained clipping model
[2025-07-09 16:59:12.643] [jointLog] [warning] read 56f7e09a-e341-4eea-85af-a0d57fe40aeb (length 34010) has no trained clipping model
[2025-07-09 16:59:12.643] [jointLog] [warning] read 700e171e-5a27-4407-8f4c-58593e5857d0 (length 12941) has no trained clipping model
[2025-07-09 16:59:12.643] [jointLog] [warning] read f24f8619-c355-4be9-8363-fff935f8edee (length 28518 - align length 1189) has no trained error model
[2025-07-09 16:59:12.643] [jointLog] [warning] read f24f8619-c355-4be9-8363-fff935f8edee (length 28518) has no trained clipping model
[2025-07-09 16:59:12.643] [jointLog] [warning] read f24f8619-c355-4be9-8363-fff935f8edee (length 28518) has no trained clipping model
[2025-07-09 16:59:12.643] [jointLog] [warning] read 6b4e3086-a75a-4ae2-b36d-e6c2fbba890c (length 34878 - align length 350) has no trained error model
[2025-07-09 16:59:12.643] [jointLog] [warning] read 6b4e3086-a75a-4ae2-b36d-e6c2fbba890c (length 34878) has no trained clipping model
[2025-07-09 16:59:12.643] [jointLog] [warning] read 6b4e3086-a75a-4ae2-b36d-e6c2fbba890c (length 34878) has no trained clipping model
[2025-07-09 16:59:12.643] [jointLog] [warning] read e5eaf586-ceb7-4af7-b8e9-d6c8288e8aa4 (length 39091 - align length 455) has no trained error model
[2025-07-09 16:59:12.643] [jointLog] [warning] read e5eaf586-ceb7-4af7-b8e9-d6c8288e8aa4 (length 39091) has no trained clipping model
[2025-07-09 16:59:12.643] [jointLog] [warning] read e5eaf586-ceb7-4af7-b8e9-d6c8288e8aa4 (length 39091) has no trained clipping model
[2025-07-09 16:59:12.644] [jointLog] [warning] read 03f2c881-2d18-46cd-8352-a6381c631879 (length 31996 - align length 294) has no trained error model
[2025-07-09 16:59:12.644] [jointLog] [warning] read 03f2c881-2d18-46cd-8352-a6381c631879 (length 31996) has no trained clipping model
[2025-07-09 16:59:12.644] [jointLog] [warning] read 03f2c881-2d18-46cd-8352-a6381c631879 (length 31996) has no trained clipping model
[2025-07-09 16:59:12.644] [jointLog] [warning] read 628fd463-30cf-49e0-89ec-c25ba0f00a24 (length 26677) has no trained clipping model
[2025-07-09 16:59:12.644] [jointLog] [warning] read 3b9e3c36-98df-43ea-a7e4-993c78a6ef20 (length 46876 - align length 962) has no trained error model
[2025-07-09 16:59:12.644] [jointLog] [warning] read 3b9e3c36-98df-43ea-a7e4-993c78a6ef20 (length 46876) has no trained clipping model
[2025-07-09 16:59:12.644] [jointLog] [warning] read 3b9e3c36-98df-43ea-a7e4-993c78a6ef20 (length 46876) has no trained clipping model
[2025-07-09 16:59:12.645] [jointLog] [warning] read 746892b1-3fcc-483b-ae74-98ef691c4bf0 (length 17854 - align length 535) has no trained error model
[2025-07-09 16:59:12.645] [jointLog] [warning] read 746892b1-3fcc-483b-ae74-98ef691c4bf0 (length 17854) has no trained clipping model
[2025-07-09 16:59:12.645] [jointLog] [warning] read 746892b1-3fcc-483b-ae74-98ef691c4bf0 (length 17854) has no trained clipping model
[2025-07-09 16:59:12.645] [jointLog] [warning] read 26c35e65-2bdf-43c8-919d-4315103d2bfd (length 25785 - align length 1509) has no trained error model
[2025-07-09 16:59:12.645] [jointLog] [warning] read 26c35e65-2bdf-43c8-919d-4315103d2bfd (length 25785) has no trained clipping model
[2025-07-09 16:59:12.645] [jointLog] [warning] read 26c35e65-2bdf-43c8-919d-4315103d2bfd (length 25785) has no trained clipping model
[2025-07-09 16:59:14.829] [fileLog] [info] quantification processed 13000000 fragments so far

[2025-07-09 16:59:17.754] [jointLog] [warning] read 2a18cea0-6262-4237-8b95-203a1904733e (length 38620 - align length 112) has no trained error model
[2025-07-09 16:59:17.754] [jointLog] [warning] read 2a18cea0-6262-4237-8b95-203a1904733e (length 38620) has no trained clipping model
[2025-07-09 16:59:17.754] [jointLog] [warning] read 2a18cea0-6262-4237-8b95-203a1904733e (length 38620) has no trained clipping model
[2025-07-09 16:59:17.758] [jointLog] [warning] read 9af42825-9b5d-496b-a398-27991410d463 (length 26591 - align length 1554) has no trained error model
[2025-07-09 16:59:17.758] [jointLog] [warning] read 9af42825-9b5d-496b-a398-27991410d463 (length 26591) has no trained clipping model
[2025-07-09 16:59:17.758] [jointLog] [warning] read 9af42825-9b5d-496b-a398-27991410d463 (length 26591) has no trained clipping model
[2025-07-09 16:59:17.759] [jointLog] [warning] read 72261eff-75c4-49c9-a3c9-4d08d2682b86 (length 37215 - align length 490) has no trained error model
[2025-07-09 16:59:17.759] [jointLog] [warning] read 72261eff-75c4-49c9-a3c9-4d08d2682b86 (length 37215) has no trained clipping model
[2025-07-09 16:59:17.759] [jointLog] [warning] read 72261eff-75c4-49c9-a3c9-4d08d2682b86 (length 37215) has no trained clipping model
[2025-07-09 16:59:17.759] [jointLog] [warning] read f037da10-1cb5-453b-8a81-381ea0d413ea (length 14930 - align length 14928) has no trained error model
[2025-07-09 16:59:17.759] [jointLog] [warning] read 553ec243-a2fa-43c0-b95a-b2a024e99f92 (length 27631 - align length 989) has no trained error model
[2025-07-09 16:59:17.759] [jointLog] [warning] read 553ec243-a2fa-43c0-b95a-b2a024e99f92 (length 27631) has no trained clipping model
[2025-07-09 16:59:17.759] [jointLog] [warning] read 553ec243-a2fa-43c0-b95a-b2a024e99f92 (length 27631) has no trained clipping model
[2025-07-09 16:59:17.759] [jointLog] [warning] read cf4dac45-5172-4d14-b2c2-a383785caa4d (length 24619 - align length 61) has no trained error model
[2025-07-09 16:59:17.759] [jointLog] [warning] read cf4dac45-5172-4d14-b2c2-a383785caa4d (length 24619) has no trained clipping model
[2025-07-09 16:59:17.759] [jointLog] [warning] read cf4dac45-5172-4d14-b2c2-a383785caa4d (length 24619) has no trained clipping model
[2025-07-09 16:59:17.759] [jointLog] [warning] read 5a11376b-b5ef-4a4a-9e04-e02d47c8401d (length 20279 - align length 4373) has no trained error model
[2025-07-09 16:59:17.759] [jointLog] [warning] read 5a11376b-b5ef-4a4a-9e04-e02d47c8401d (length 20279) has no trained clipping model
[2025-07-09 16:59:17.759] [jointLog] [warning] read 5a11376b-b5ef-4a4a-9e04-e02d47c8401d (length 20279) has no trained clipping model
[2025-07-09 16:59:17.759] [jointLog] [warning] read 4142ab94-033d-4db7-af99-57107aa77767 (length 19061 - align length 144) has no trained error model
[2025-07-09 16:59:17.759] [jointLog] [warning] read 4142ab94-033d-4db7-af99-57107aa77767 (length 19061) has no trained clipping model
[2025-07-09 16:59:17.759] [jointLog] [warning] read 4142ab94-033d-4db7-af99-57107aa77767 (length 19061) has no trained clipping model
[2025-07-09 16:59:17.759] [jointLog] [warning] read c8203246-9c1c-4d5b-91a8-5a9643675e3d (length 19119 - align length 299) has no trained error model
[2025-07-09 16:59:17.759] [jointLog] [warning] read c8203246-9c1c-4d5b-91a8-5a9643675e3d (length 19119) has no trained clipping model
[2025-07-09 16:59:17.759] [jointLog] [warning] read c8203246-9c1c-4d5b-91a8-5a9643675e3d (length 19119) has no trained clipping model
[2025-07-09 16:59:17.759] [jointLog] [warning] read f0dc0ae0-a6e8-4575-9245-19bce86421a3 (length 45759 - align length 926) has no trained error model
[2025-07-09 16:59:17.759] [jointLog] [warning] read f0dc0ae0-a6e8-4575-9245-19bce86421a3 (length 45759) has no trained clipping model
[2025-07-09 16:59:17.759] [jointLog] [warning] read f0dc0ae0-a6e8-4575-9245-19bce86421a3 (length 45759) has no trained clipping model
[2025-07-09 16:59:17.759] [jointLog] [warning] read 81619843-a0e1-4fe2-af41-58c4d82c9909 (length 40856 - align length 307) has no trained error model
[2025-07-09 16:59:17.759] [jointLog] [warning] read 81619843-a0e1-4fe2-af41-58c4d82c9909 (length 40856) has no trained clipping model
[2025-07-09 16:59:17.759] [jointLog] [warning] read 81619843-a0e1-4fe2-af41-58c4d82c9909 (length 40856) has no trained clipping model
[2025-07-09 16:59:17.759] [jointLog] [warning] read 64f4251b-2974-436b-8d55-af33ed0cc732 (length 18215 - align length 384) has no trained error model
[2025-07-09 16:59:17.759] [jointLog] [warning] read 64f4251b-2974-436b-8d55-af33ed0cc732 (length 18215) has no trained clipping model
[2025-07-09 16:59:17.759] [jointLog] [warning] read 64f4251b-2974-436b-8d55-af33ed0cc732 (length 18215) has no trained clipping model
[2025-07-09 16:59:17.759] [jointLog] [warning] read 66141e0a-cd15-468e-b130-bf6709dfc9e7 (length 19678 - align length 630) has no trained error model
[2025-07-09 16:59:17.759] [jointLog] [warning] read 66141e0a-cd15-468e-b130-bf6709dfc9e7 (length 19678) has no trained clipping model
[2025-07-09 16:59:17.759] [jointLog] [warning] read 66141e0a-cd15-468e-b130-bf6709dfc9e7 (length 19678) has no trained clipping model
[2025-07-09 16:59:17.760] [jointLog] [warning] read eaad4e49-f056-4a6a-b99a-201ef8647cb3 (length 25323 - align length 1415) has no trained error model
[2025-07-09 16:59:17.760] [jointLog] [warning] read eaad4e49-f056-4a6a-b99a-201ef8647cb3 (length 25323) has no trained clipping model
[2025-07-09 16:59:17.760] [jointLog] [warning] read eaad4e49-f056-4a6a-b99a-201ef8647cb3 (length 25323) has no trained clipping model
[2025-07-09 16:59:17.760] [jointLog] [warning] read ee5b8d9e-63d8-4131-a89e-3fe06ae7812c (length 14191 - align length 1245) has no trained error model
[2025-07-09 16:59:17.760] [jointLog] [warning] read ee5b8d9e-63d8-4131-a89e-3fe06ae7812c (length 14191) has no trained clipping model
[2025-07-09 16:59:17.760] [jointLog] [warning] read ee5b8d9e-63d8-4131-a89e-3fe06ae7812c (length 14191) has no trained clipping model
[2025-07-09 16:59:17.760] [jointLog] [warning] read 45a6e396-fef7-4b67-afaa-aded08aa81fd (length 30002 - align length 125) has no trained error model
[2025-07-09 16:59:17.760] [jointLog] [warning] read 45a6e396-fef7-4b67-afaa-aded08aa81fd (length 30002) has no trained clipping model
[2025-07-09 16:59:17.760] [jointLog] [warning] read 45a6e396-fef7-4b67-afaa-aded08aa81fd (length 30002) has no trained clipping model
[2025-07-09 16:59:17.760] [jointLog] [warning] read 66679b5c-9880-4275-8795-8574280dc898 (length 12564 - align length 12392) has no trained error model
[2025-07-09 16:59:17.761] [jointLog] [warning] read a48dcf05-06d5-458a-9cec-6559703f316e (length 31215 - align length 118) has no trained error model
[2025-07-09 16:59:17.761] [jointLog] [warning] read a48dcf05-06d5-458a-9cec-6559703f316e (length 31215) has no trained clipping model
[2025-07-09 16:59:17.761] [jointLog] [warning] read a48dcf05-06d5-458a-9cec-6559703f316e (length 31215) has no trained clipping model
[2025-07-09 16:59:17.761] [jointLog] [warning] read 3b009deb-30d7-4cfb-95cb-3ead44673075 (length 28254 - align length 118) has no trained error model
[2025-07-09 16:59:17.761] [jointLog] [warning] read 3b009deb-30d7-4cfb-95cb-3ead44673075 (length 28254) has no trained clipping model
[2025-07-09 16:59:17.761] [jointLog] [warning] read 3b009deb-30d7-4cfb-95cb-3ead44673075 (length 28254) has no trained clipping model
[2025-07-09 16:59:17.761] [jointLog] [warning] read 2cab7d3a-212d-498e-b272-2f8df7343987 (length 39575 - align length 1140) has no trained error model
[2025-07-09 16:59:17.761] [jointLog] [warning] read 2cab7d3a-212d-498e-b272-2f8df7343987 (length 39575) has no trained clipping model
[2025-07-09 16:59:17.761] [jointLog] [warning] read 2cab7d3a-212d-498e-b272-2f8df7343987 (length 39575) has no trained clipping model
[2025-07-09 16:59:17.762] [jointLog] [warning] read f0c4594b-620d-43f7-a377-791cb7bbaa04 (length 22665) has no trained clipping model
[2025-07-09 16:59:17.762] [jointLog] [warning] read 00fc6970-623d-4f28-8bed-b3b4a2685a9b (length 34206 - align length 1375) has no trained error model
[2025-07-09 16:59:17.762] [jointLog] [warning] read 00fc6970-623d-4f28-8bed-b3b4a2685a9b (length 34206) has no trained clipping model
[2025-07-09 16:59:17.762] [jointLog] [warning] read 00fc6970-623d-4f28-8bed-b3b4a2685a9b (length 34206) has no trained clipping model
[2025-07-09 16:59:17.762] [jointLog] [warning] read 6b7bc246-8487-4d32-8064-dcc4a1378955 (length 27287 - align length 1401) has no trained error model
[2025-07-09 16:59:17.762] [jointLog] [warning] read 6b7bc246-8487-4d32-8064-dcc4a1378955 (length 27287) has no trained clipping model
[2025-07-09 16:59:17.762] [jointLog] [warning] read 6b7bc246-8487-4d32-8064-dcc4a1378955 (length 27287) has no trained clipping model
[2025-07-09 16:59:17.762] [jointLog] [warning] read 82e94223-dfc4-4f6f-9b06-90b4243ce5af (length 15390 - align length 3619) has no trained error model
[2025-07-09 16:59:17.762] [jointLog] [warning] read 82e94223-dfc4-4f6f-9b06-90b4243ce5af (length 15390) has no trained clipping model
[2025-07-09 16:59:17.762] [jointLog] [warning] read 82e94223-dfc4-4f6f-9b06-90b4243ce5af (length 15390) has no trained clipping model
[2025-07-09 16:59:17.762] [jointLog] [warning] read f1db1d87-3850-4aa0-b331-e1cc154bd9f8 (length 36199 - align length 842) has no trained error model
[2025-07-09 16:59:17.762] [jointLog] [warning] read f1db1d87-3850-4aa0-b331-e1cc154bd9f8 (length 36199) has no trained clipping model
[2025-07-09 16:59:17.762] [jointLog] [warning] read f1db1d87-3850-4aa0-b331-e1cc154bd9f8 (length 36199) has no trained clipping model
[2025-07-09 16:59:17.762] [jointLog] [warning] read e958ee2b-2463-4a82-8c05-98b07fd9d4f4 (length 32149 - align length 266) has no trained error model
[2025-07-09 16:59:17.762] [jointLog] [warning] read e958ee2b-2463-4a82-8c05-98b07fd9d4f4 (length 32149) has no trained clipping model
[2025-07-09 16:59:17.762] [jointLog] [warning] read e958ee2b-2463-4a82-8c05-98b07fd9d4f4 (length 32149) has no trained clipping model
[2025-07-09 16:59:19.630] [fileLog] [info] quantification processed 14000000 fragments so far

[2025-07-09 16:59:20.162] [jointLog] [warning] read de58dda8-247d-4db7-905f-05b0058ce1f2 (length 28818 - align length 2993) has no trained error model
[2025-07-09 16:59:20.162] [jointLog] [warning] read de58dda8-247d-4db7-905f-05b0058ce1f2 (length 28818) has no trained clipping model
[2025-07-09 16:59:20.162] [jointLog] [warning] read de58dda8-247d-4db7-905f-05b0058ce1f2 (length 28818) has no trained clipping model
[2025-07-09 16:59:20.162] [jointLog] [warning] read 88eb3bea-b90e-47b7-80ca-bfa9934e4fe1 (length 40498 - align length 455) has no trained error model
[2025-07-09 16:59:20.162] [jointLog] [warning] read 88eb3bea-b90e-47b7-80ca-bfa9934e4fe1 (length 40498) has no trained clipping model
[2025-07-09 16:59:20.162] [jointLog] [warning] read 88eb3bea-b90e-47b7-80ca-bfa9934e4fe1 (length 40498) has no trained clipping model
[2025-07-09 16:59:20.162] [jointLog] [warning] read 7d8087da-e75b-4cbd-aed0-720bd2558f81 (length 40138 - align length 300) has no trained error model
[2025-07-09 16:59:20.162] [jointLog] [warning] read 7d8087da-e75b-4cbd-aed0-720bd2558f81 (length 40138) has no trained clipping model
[2025-07-09 16:59:20.162] [jointLog] [warning] read 7d8087da-e75b-4cbd-aed0-720bd2558f81 (length 40138) has no trained clipping model
[2025-07-09 16:59:20.162] [jointLog] [warning] read 32db305f-71c8-4d05-a691-20d30a890ede (length 34946 - align length 281) has no trained error model
[2025-07-09 16:59:20.162] [jointLog] [warning] read 32db305f-71c8-4d05-a691-20d30a890ede (length 34946) has no trained clipping model
[2025-07-09 16:59:20.162] [jointLog] [warning] read 32db305f-71c8-4d05-a691-20d30a890ede (length 34946) has no trained clipping model
[2025-07-09 16:59:20.163] [jointLog] [warning] read 48cc40b1-c0c1-4593-a926-7b1d7f1570fe (length 12413 - align length 12360) has no trained error model
[2025-07-09 16:59:20.163] [jointLog] [warning] read db9ac22f-b757-4aef-84bc-ba4ea847ec0e (length 18160 - align length 80) has no trained error model
[2025-07-09 16:59:20.163] [jointLog] [warning] read db9ac22f-b757-4aef-84bc-ba4ea847ec0e (length 18160) has no trained clipping model
[2025-07-09 16:59:20.163] [jointLog] [warning] read db9ac22f-b757-4aef-84bc-ba4ea847ec0e (length 18160) has no trained clipping model
[2025-07-09 16:59:20.163] [jointLog] [warning] read fc73c304-7f5d-4c4a-9244-41d57944f013 (length 23267 - align length 564) has no trained error model
[2025-07-09 16:59:20.163] [jointLog] [warning] read fc73c304-7f5d-4c4a-9244-41d57944f013 (length 23267) has no trained clipping model
[2025-07-09 16:59:20.163] [jointLog] [warning] read fc73c304-7f5d-4c4a-9244-41d57944f013 (length 23267) has no trained clipping model
[2025-07-09 16:59:20.163] [jointLog] [warning] read 62cfa78a-0be2-445b-8872-57bc89e805bf (length 48354 - align length 3043) has no trained error model
[2025-07-09 16:59:20.163] [jointLog] [warning] read 62cfa78a-0be2-445b-8872-57bc89e805bf (length 48354) has no trained clipping model
[2025-07-09 16:59:20.163] [jointLog] [warning] read 62cfa78a-0be2-445b-8872-57bc89e805bf (length 48354) has no trained clipping model
[2025-07-09 16:59:20.163] [jointLog] [warning] read 51394eb9-3701-4c41-b741-5e1de5f960a1 (length 38600 - align length 881) has no trained error model
[2025-07-09 16:59:20.163] [jointLog] [warning] read 51394eb9-3701-4c41-b741-5e1de5f960a1 (length 38600) has no trained clipping model
[2025-07-09 16:59:20.163] [jointLog] [warning] read 51394eb9-3701-4c41-b741-5e1de5f960a1 (length 38600) has no trained clipping model
[2025-07-09 16:59:20.163] [jointLog] [warning] read 2101715d-cff9-4430-9234-d57c70225fdd (length 19324 - align length 1879) has no trained error model
[2025-07-09 16:59:20.163] [jointLog] [warning] read 2101715d-cff9-4430-9234-d57c70225fdd (length 19324) has no trained clipping model
[2025-07-09 16:59:20.163] [jointLog] [warning] read 2101715d-cff9-4430-9234-d57c70225fdd (length 19324) has no trained clipping model
[2025-07-09 16:59:20.163] [jointLog] [warning] read d7343c0c-4288-4295-8149-ff75794501a6 (length 34273 - align length 297) has no trained error model
[2025-07-09 16:59:20.163] [jointLog] [warning] read d7343c0c-4288-4295-8149-ff75794501a6 (length 34273) has no trained clipping model
[2025-07-09 16:59:20.163] [jointLog] [warning] read d7343c0c-4288-4295-8149-ff75794501a6 (length 34273) has no trained clipping model
[2025-07-09 16:59:20.163] [jointLog] [warning] read 813124b6-6ddf-4622-b194-62a05d69f750 (length 46256 - align length 792) has no trained error model
[2025-07-09 16:59:20.163] [jointLog] [warning] read 813124b6-6ddf-4622-b194-62a05d69f750 (length 46256) has no trained clipping model
[2025-07-09 16:59:20.163] [jointLog] [warning] read 813124b6-6ddf-4622-b194-62a05d69f750 (length 46256) has no trained clipping model
[2025-07-09 16:59:20.163] [jointLog] [warning] read 1a8c8d88-5fca-46a1-aebd-eba3e853727b (length 37434 - align length 926) has no trained error model
[2025-07-09 16:59:20.164] [jointLog] [warning] read 1a8c8d88-5fca-46a1-aebd-eba3e853727b (length 37434) has no trained clipping model
[2025-07-09 16:59:20.164] [jointLog] [warning] read 1a8c8d88-5fca-46a1-aebd-eba3e853727b (length 37434) has no trained clipping model
[2025-07-09 16:59:22.657] [jointLog] [warning] read 5b390e32-7567-4317-a264-5be41d51eaf9 (length 14104 - align length 14099) has no trained error model
[2025-07-09 16:59:22.657] [jointLog] [warning] read 5b390e32-7567-4317-a264-5be41d51eaf9 (length 14104) has no trained clipping model
[2025-07-09 16:59:22.657] [jointLog] [warning] read 5b390e32-7567-4317-a264-5be41d51eaf9 (length 14104) has no trained clipping model
[2025-07-09 16:59:22.835] [jointLog] [warning] read 065da539-70ff-45ca-83c9-cfd6d7238043 (length 12343 - align length 12343) has no trained error model
[2025-07-09 16:59:23.795] [jointLog] [warning] read 4cc35f1a-453a-4e07-985b-ab16350ac5c2 (length 12900) has no trained clipping model
[2025-07-09 16:59:24.166] [fileLog] [info] quantification processed 15000000 fragments so far

[2025-07-09 16:59:24.721] [jointLog] [warning] read c1c2d713-d6e1-4dbd-9c3e-dd30c3fdfeee (length 24182 - align length 978) has no trained error model
[2025-07-09 16:59:24.721] [jointLog] [warning] read c1c2d713-d6e1-4dbd-9c3e-dd30c3fdfeee (length 24182) has no trained clipping model
[2025-07-09 16:59:24.721] [jointLog] [warning] read c1c2d713-d6e1-4dbd-9c3e-dd30c3fdfeee (length 24182) has no trained clipping model
[2025-07-09 16:59:24.723] [jointLog] [warning] read f6676d63-b74d-4812-a661-c019a552251d (length 14952 - align length 14912) has no trained error model
[2025-07-09 16:59:24.723] [jointLog] [warning] read a173a56b-3b6e-4d91-a98d-bb09126aabaf (length 27088 - align length 306) has no trained error model
[2025-07-09 16:59:24.723] [jointLog] [warning] read a173a56b-3b6e-4d91-a98d-bb09126aabaf (length 27088) has no trained clipping model
[2025-07-09 16:59:24.723] [jointLog] [warning] read a173a56b-3b6e-4d91-a98d-bb09126aabaf (length 27088) has no trained clipping model
[2025-07-09 16:59:24.723] [jointLog] [warning] read 49d7bee5-b80b-42ee-974a-d81f699a929a (length 16668 - align length 845) has no trained error model
[2025-07-09 16:59:24.723] [jointLog] [warning] read 49d7bee5-b80b-42ee-974a-d81f699a929a (length 16668) has no trained clipping model
[2025-07-09 16:59:24.723] [jointLog] [warning] read 49d7bee5-b80b-42ee-974a-d81f699a929a (length 16668) has no trained clipping model
[2025-07-09 16:59:24.723] [jointLog] [warning] read bcf92201-ffe1-4c7b-ab7a-4ceed6331eb7 (length 31467 - align length 123) has no trained error model
[2025-07-09 16:59:24.724] [jointLog] [warning] read bcf92201-ffe1-4c7b-ab7a-4ceed6331eb7 (length 31467) has no trained clipping model
[2025-07-09 16:59:24.724] [jointLog] [warning] read bcf92201-ffe1-4c7b-ab7a-4ceed6331eb7 (length 31467) has no trained clipping model
[2025-07-09 16:59:24.743] [jointLog] [warning] read 46fc8610-4c6f-448f-aa8f-02dc87b3bae6 (length 28506 - align length 1161) has no trained error model
[2025-07-09 16:59:24.743] [jointLog] [warning] read 46fc8610-4c6f-448f-aa8f-02dc87b3bae6 (length 28506) has no trained clipping model
[2025-07-09 16:59:24.743] [jointLog] [warning] read 46fc8610-4c6f-448f-aa8f-02dc87b3bae6 (length 28506) has no trained clipping model
[2025-07-09 16:59:24.743] [jointLog] [warning] read 09749257-baf5-4810-a120-46d3b0727e42 (length 22064) has no trained clipping model
[2025-07-09 16:59:24.743] [jointLog] [warning] read 11b278a9-4417-479e-8abc-7a914b242439 (length 37449 - align length 132) has no trained error model
[2025-07-09 16:59:24.743] [jointLog] [warning] read 11b278a9-4417-479e-8abc-7a914b242439 (length 37449) has no trained clipping model
[2025-07-09 16:59:24.743] [jointLog] [warning] read 11b278a9-4417-479e-8abc-7a914b242439 (length 37449) has no trained clipping model
[2025-07-09 16:59:24.743] [jointLog] [warning] read 3d2a2e5f-b06e-4054-a3e6-66c7a0362b74 (length 21495 - align length 468) has no trained error model
[2025-07-09 16:59:24.743] [jointLog] [warning] read 3d2a2e5f-b06e-4054-a3e6-66c7a0362b74 (length 21495) has no trained clipping model
[2025-07-09 16:59:24.743] [jointLog] [warning] read 3d2a2e5f-b06e-4054-a3e6-66c7a0362b74 (length 21495) has no trained clipping model
[2025-07-09 16:59:24.744] [jointLog] [warning] read ae14be73-5224-499f-aa84-4fc337482fb7 (length 39567 - align length 121) has no trained error model
[2025-07-09 16:59:24.744] [jointLog] [warning] read ae14be73-5224-499f-aa84-4fc337482fb7 (length 39567) has no trained clipping model
[2025-07-09 16:59:24.744] [jointLog] [warning] read ae14be73-5224-499f-aa84-4fc337482fb7 (length 39567) has no trained clipping model
[2025-07-09 16:59:24.744] [jointLog] [warning] read a7c14d7c-6719-40d5-9345-407b6c6055ba (length 25090 - align length 2173) has no trained error model
[2025-07-09 16:59:24.744] [jointLog] [warning] read a7c14d7c-6719-40d5-9345-407b6c6055ba (length 25090) has no trained clipping model
[2025-07-09 16:59:24.744] [jointLog] [warning] read a7c14d7c-6719-40d5-9345-407b6c6055ba (length 25090) has no trained clipping model
[2025-07-09 16:59:24.744] [jointLog] [warning] read 22494c7f-5717-4894-8ef0-dec58fd8164b (length 12996) has no trained clipping model
[2025-07-09 16:59:24.744] [jointLog] [warning] read 1386c18d-b159-43db-ad6f-9f235f81f41f (length 28860 - align length 835) has no trained error model
[2025-07-09 16:59:24.744] [jointLog] [warning] read 1386c18d-b159-43db-ad6f-9f235f81f41f (length 28860) has no trained clipping model
[2025-07-09 16:59:24.744] [jointLog] [warning] read 1386c18d-b159-43db-ad6f-9f235f81f41f (length 28860) has no trained clipping model
[2025-07-09 16:59:24.744] [jointLog] [warning] read 0d6b8a67-ce60-45f5-a585-fc13e2fd94c6 (length 49243) has no trained clipping model
[2025-07-09 16:59:24.744] [jointLog] [warning] read da4be666-26b7-440b-96e7-dccdcdca6f34 (length 29113 - align length 2649) has no trained error model
[2025-07-09 16:59:24.744] [jointLog] [warning] read da4be666-26b7-440b-96e7-dccdcdca6f34 (length 29113) has no trained clipping model
[2025-07-09 16:59:24.744] [jointLog] [warning] read da4be666-26b7-440b-96e7-dccdcdca6f34 (length 29113) has no trained clipping model
[2025-07-09 16:59:24.745] [jointLog] [warning] read 0704a775-6025-48cf-998d-5632c0aacd8e (length 39403 - align length 1658) has no trained error model
[2025-07-09 16:59:24.745] [jointLog] [warning] read 0704a775-6025-48cf-998d-5632c0aacd8e (length 39403) has no trained clipping model
[2025-07-09 16:59:24.745] [jointLog] [warning] read 0704a775-6025-48cf-998d-5632c0aacd8e (length 39403) has no trained clipping model
[2025-07-09 16:59:24.745] [jointLog] [warning] read 4f9f4921-7e46-4006-bf5f-cbbeffec75f2 (length 44236 - align length 641) has no trained error model
[2025-07-09 16:59:24.745] [jointLog] [warning] read 4f9f4921-7e46-4006-bf5f-cbbeffec75f2 (length 44236) has no trained clipping model
[2025-07-09 16:59:24.745] [jointLog] [warning] read 4f9f4921-7e46-4006-bf5f-cbbeffec75f2 (length 44236) has no trained clipping model
[2025-07-09 16:59:24.745] [jointLog] [warning] read cbb50c7f-6006-4b87-8c28-b7b706c08437 (length 49380 - align length 1874) has no trained error model
[2025-07-09 16:59:24.745] [jointLog] [warning] read cbb50c7f-6006-4b87-8c28-b7b706c08437 (length 49380) has no trained clipping model
[2025-07-09 16:59:24.745] [jointLog] [warning] read cbb50c7f-6006-4b87-8c28-b7b706c08437 (length 49380) has no trained clipping model
[2025-07-09 16:59:24.745] [jointLog] [warning] read 179cda94-af93-4ee8-bd51-a88475835497 (length 37006 - align length 729) has no trained error model
[2025-07-09 16:59:24.745] [jointLog] [warning] read 179cda94-af93-4ee8-bd51-a88475835497 (length 37006) has no trained clipping model
[2025-07-09 16:59:24.745] [jointLog] [warning] read 179cda94-af93-4ee8-bd51-a88475835497 (length 37006) has no trained clipping model
[2025-07-09 16:59:24.745] [jointLog] [warning] read ebc995e9-d5e6-48e5-8954-639bf99a4509 (length 17359 - align length 525) has no trained error model
[2025-07-09 16:59:24.745] [jointLog] [warning] read ebc995e9-d5e6-48e5-8954-639bf99a4509 (length 17359) has no trained clipping model
[2025-07-09 16:59:24.745] [jointLog] [warning] read ebc995e9-d5e6-48e5-8954-639bf99a4509 (length 17359) has no trained clipping model
[2025-07-09 16:59:24.745] [jointLog] [warning] read 1d89bd7f-ef4a-4982-b9b0-a35f7841e84d (length 13688 - align length 13686) has no trained error model
[2025-07-09 16:59:24.746] [jointLog] [warning] read 57da2c8a-529b-4062-8f88-2c4898a13862 (length 21783 - align length 297) has no trained error model
[2025-07-09 16:59:24.746] [jointLog] [warning] read 57da2c8a-529b-4062-8f88-2c4898a13862 (length 21783) has no trained clipping model
[2025-07-09 16:59:24.746] [jointLog] [warning] read 57da2c8a-529b-4062-8f88-2c4898a13862 (length 21783) has no trained clipping model
[2025-07-09 16:59:24.751] [jointLog] [warning] read bd470631-4a0a-49f2-8979-ebb8474434af (length 18211 - align length 7691) has no trained error model
[2025-07-09 16:59:24.751] [jointLog] [warning] read bd470631-4a0a-49f2-8979-ebb8474434af (length 18211) has no trained clipping model
[2025-07-09 16:59:24.751] [jointLog] [warning] read bd470631-4a0a-49f2-8979-ebb8474434af (length 18211) has no trained clipping model
[2025-07-09 16:59:24.751] [jointLog] [warning] read 9998c4e9-7216-4e1a-beef-144e6201166f (length 18155 - align length 1922) has no trained error model
[2025-07-09 16:59:24.751] [jointLog] [warning] read 9998c4e9-7216-4e1a-beef-144e6201166f (length 18155) has no trained clipping model
[2025-07-09 16:59:24.751] [jointLog] [warning] read 9998c4e9-7216-4e1a-beef-144e6201166f (length 18155) has no trained clipping model
[2025-07-09 16:59:24.751] [jointLog] [warning] read bcaa0dec-6428-4249-912e-49e04230ede0 (length 27295 - align length 454) has no trained error model
[2025-07-09 16:59:24.751] [jointLog] [warning] read bcaa0dec-6428-4249-912e-49e04230ede0 (length 27295) has no trained clipping model
[2025-07-09 16:59:24.751] [jointLog] [warning] read bcaa0dec-6428-4249-912e-49e04230ede0 (length 27295) has no trained clipping model
[2025-07-09 16:59:24.752] [jointLog] [warning] read 3d74a522-f675-46ab-a5e3-bf74f44e4ba4 (length 18132 - align length 169) has no trained error model
[2025-07-09 16:59:24.752] [jointLog] [warning] read 3d74a522-f675-46ab-a5e3-bf74f44e4ba4 (length 18132) has no trained clipping model
[2025-07-09 16:59:24.752] [jointLog] [warning] read 3d74a522-f675-46ab-a5e3-bf74f44e4ba4 (length 18132) has no trained clipping model
[2025-07-09 16:59:24.851] [jointLog] [warning] read 32698a02-5a42-4bb3-acd1-6d2837e80868 (length 12911) has no trained clipping model
[2025-07-09 16:59:26.571] [jointLog] [warning] read 7371e5b9-9e38-4e99-8a5e-af063c791684 (length 21805 - align length 58) has no trained error model
[2025-07-09 16:59:26.571] [jointLog] [warning] read 7371e5b9-9e38-4e99-8a5e-af063c791684 (length 21805) has no trained clipping model
[2025-07-09 16:59:26.571] [jointLog] [warning] read 7371e5b9-9e38-4e99-8a5e-af063c791684 (length 21805) has no trained clipping model
[2025-07-09 16:59:26.571] [jointLog] [warning] read cd6220fe-cafb-45c3-9eab-455979405cb2 (length 16502 - align length 1893) has no trained error model
[2025-07-09 16:59:26.571] [jointLog] [warning] read cd6220fe-cafb-45c3-9eab-455979405cb2 (length 16502) has no trained clipping model
[2025-07-09 16:59:26.571] [jointLog] [warning] read cd6220fe-cafb-45c3-9eab-455979405cb2 (length 16502) has no trained clipping model
[2025-07-09 16:59:26.571] [jointLog] [warning] read 1d995aeb-f34c-488f-b414-1dac5a08eb6c (length 28402 - align length 3963) has no trained error model
[2025-07-09 16:59:26.571] [jointLog] [warning] read 1d995aeb-f34c-488f-b414-1dac5a08eb6c (length 28402) has no trained clipping model
[2025-07-09 16:59:26.571] [jointLog] [warning] read 1d995aeb-f34c-488f-b414-1dac5a08eb6c (length 28402) has no trained clipping model
[2025-07-09 16:59:26.571] [jointLog] [warning] read df7792c1-8db9-4a0c-81b7-2668269b5da3 (length 30542 - align length 512) has no trained error model
[2025-07-09 16:59:26.571] [jointLog] [warning] read df7792c1-8db9-4a0c-81b7-2668269b5da3 (length 30542) has no trained clipping model
[2025-07-09 16:59:26.571] [jointLog] [warning] read df7792c1-8db9-4a0c-81b7-2668269b5da3 (length 30542) has no trained clipping model
[2025-07-09 16:59:26.571] [jointLog] [warning] read f55cf37c-9a7e-4c87-b673-d84503e1611b (length 26875 - align length 151) has no trained error model
[2025-07-09 16:59:26.571] [jointLog] [warning] read f55cf37c-9a7e-4c87-b673-d84503e1611b (length 26875) has no trained clipping model
[2025-07-09 16:59:26.571] [jointLog] [warning] read f55cf37c-9a7e-4c87-b673-d84503e1611b (length 26875) has no trained clipping model
[2025-07-09 16:59:26.571] [jointLog] [warning] read 87a0e27e-5527-4e1f-9fec-d99058c883d8 (length 16506 - align length 192) has no trained error model
[2025-07-09 16:59:26.571] [jointLog] [warning] read 87a0e27e-5527-4e1f-9fec-d99058c883d8 (length 16506) has no trained clipping model
[2025-07-09 16:59:26.571] [jointLog] [warning] read 87a0e27e-5527-4e1f-9fec-d99058c883d8 (length 16506) has no trained clipping model
[2025-07-09 16:59:26.571] [jointLog] [warning] read c0c0129d-cabc-4d4c-9512-1a9cc58a75c9 (length 39900 - align length 283) has no trained error model
[2025-07-09 16:59:26.571] [jointLog] [warning] read c0c0129d-cabc-4d4c-9512-1a9cc58a75c9 (length 39900) has no trained clipping model
[2025-07-09 16:59:26.571] [jointLog] [warning] read c0c0129d-cabc-4d4c-9512-1a9cc58a75c9 (length 39900) has no trained clipping model
[2025-07-09 16:59:26.571] [jointLog] [warning] read e387b68a-765e-4749-8541-4b89343da195 (length 17855 - align length 475) has no trained error model
[2025-07-09 16:59:26.571] [jointLog] [warning] read e387b68a-765e-4749-8541-4b89343da195 (length 17855) has no trained clipping model
[2025-07-09 16:59:26.571] [jointLog] [warning] read e387b68a-765e-4749-8541-4b89343da195 (length 17855) has no trained clipping model
[2025-07-09 16:59:26.571] [jointLog] [warning] read 865fdb95-11d3-4e8a-bfe5-f162fc3e0e85 (length 37404 - align length 82) has no trained error model
[2025-07-09 16:59:26.571] [jointLog] [warning] read 865fdb95-11d3-4e8a-bfe5-f162fc3e0e85 (length 37404) has no trained clipping model
[2025-07-09 16:59:26.571] [jointLog] [warning] read 865fdb95-11d3-4e8a-bfe5-f162fc3e0e85 (length 37404) has no trained clipping model
[2025-07-09 16:59:26.572] [jointLog] [warning] read a0c8ab7d-5948-4615-b81b-edae324df7b4 (length 20095) has no trained clipping model
[2025-07-09 16:59:26.572] [jointLog] [warning] read 5e1997d3-091c-4e80-a7e1-e8d0b47bbdd5 (length 22273) has no trained clipping model
[2025-07-09 16:59:26.572] [jointLog] [warning] read 585703eb-89f8-4e58-8bde-b0f4c857d11a (length 16185) has no trained clipping model
[2025-07-09 16:59:26.572] [jointLog] [warning] read 2a739f43-5e49-4cb2-a722-8871259a9b68 (length 34277 - align length 365) has no trained error model
[2025-07-09 16:59:26.572] [jointLog] [warning] read 2a739f43-5e49-4cb2-a722-8871259a9b68 (length 34277) has no trained clipping model
[2025-07-09 16:59:26.572] [jointLog] [warning] read 2a739f43-5e49-4cb2-a722-8871259a9b68 (length 34277) has no trained clipping model
[2025-07-09 16:59:26.572] [jointLog] [warning] read 6202f94b-835f-444e-8fc7-9d6053358cf6 (length 12981) has no trained clipping model
[2025-07-09 16:59:26.572] [jointLog] [warning] read 3eb5462c-468f-4bd8-b966-ceac01394afe (length 18975 - align length 303) has no trained error model
[2025-07-09 16:59:26.572] [jointLog] [warning] read 3eb5462c-468f-4bd8-b966-ceac01394afe (length 18975) has no trained clipping model
[2025-07-09 16:59:26.572] [jointLog] [warning] read 3eb5462c-468f-4bd8-b966-ceac01394afe (length 18975) has no trained clipping model
[2025-07-09 16:59:26.573] [jointLog] [warning] read 7e88ec07-cc9e-4640-8420-986bfb2d69c0 (length 25373 - align length 1759) has no trained error model
[2025-07-09 16:59:26.573] [jointLog] [warning] read 7e88ec07-cc9e-4640-8420-986bfb2d69c0 (length 25373) has no trained clipping model
[2025-07-09 16:59:26.573] [jointLog] [warning] read 7e88ec07-cc9e-4640-8420-986bfb2d69c0 (length 25373) has no trained clipping model
[2025-07-09 16:59:26.573] [jointLog] [warning] read eee39ab8-178d-4ae2-9034-1b7619d60d39 (length 31656 - align length 1877) has no trained error model
[2025-07-09 16:59:26.573] [jointLog] [warning] read eee39ab8-178d-4ae2-9034-1b7619d60d39 (length 31656) has no trained clipping model
[2025-07-09 16:59:26.573] [jointLog] [warning] read eee39ab8-178d-4ae2-9034-1b7619d60d39 (length 31656) has no trained clipping model
[2025-07-09 16:59:26.573] [jointLog] [warning] read b0a26ada-d0d3-4225-b4ce-1ff16c7fefc3 (length 43058 - align length 1217) has no trained error model
[2025-07-09 16:59:26.573] [jointLog] [warning] read b0a26ada-d0d3-4225-b4ce-1ff16c7fefc3 (length 43058) has no trained clipping model
[2025-07-09 16:59:26.573] [jointLog] [warning] read b0a26ada-d0d3-4225-b4ce-1ff16c7fefc3 (length 43058) has no trained clipping model
[2025-07-09 16:59:26.573] [jointLog] [warning] read 6c76d2e1-952a-4897-8b58-01085fb54a5e (length 18160 - align length 1277) has no trained error model
[2025-07-09 16:59:26.573] [jointLog] [warning] read 6c76d2e1-952a-4897-8b58-01085fb54a5e (length 18160) has no trained clipping model
[2025-07-09 16:59:26.573] [jointLog] [warning] read 6c76d2e1-952a-4897-8b58-01085fb54a5e (length 18160) has no trained clipping model
[2025-07-09 16:59:26.573] [jointLog] [warning] read cb1b34b4-a458-44bf-8a86-0470b583dc59 (length 25489 - align length 752) has no trained error model
[2025-07-09 16:59:26.573] [jointLog] [warning] read cb1b34b4-a458-44bf-8a86-0470b583dc59 (length 25489) has no trained clipping model
[2025-07-09 16:59:26.573] [jointLog] [warning] read cb1b34b4-a458-44bf-8a86-0470b583dc59 (length 25489) has no trained clipping model
[2025-07-09 16:59:26.573] [jointLog] [warning] read e58c8cfe-33aa-4d48-a738-e98209c066b2 (length 42110 - align length 1873) has no trained error model
[2025-07-09 16:59:26.573] [jointLog] [warning] read e58c8cfe-33aa-4d48-a738-e98209c066b2 (length 42110) has no trained clipping model
[2025-07-09 16:59:26.573] [jointLog] [warning] read e58c8cfe-33aa-4d48-a738-e98209c066b2 (length 42110) has no trained clipping model
[2025-07-09 16:59:26.573] [jointLog] [warning] read 5c1865f5-7c2a-4310-9785-f41370089856 (length 22008) has no trained clipping model
[2025-07-09 16:59:26.573] [jointLog] [warning] read c2f9abef-9d67-4f6f-8206-21604208cbf7 (length 36284 - align length 570) has no trained error model
[2025-07-09 16:59:26.573] [jointLog] [warning] read c2f9abef-9d67-4f6f-8206-21604208cbf7 (length 36284) has no trained clipping model
[2025-07-09 16:59:26.573] [jointLog] [warning] read c2f9abef-9d67-4f6f-8206-21604208cbf7 (length 36284) has no trained clipping model
[2025-07-09 16:59:26.573] [jointLog] [warning] read ad4c5b6d-0361-4cb5-b5b2-ac91f8c95526 (length 43143 - align length 303) has no trained error model
[2025-07-09 16:59:26.573] [jointLog] [warning] read ad4c5b6d-0361-4cb5-b5b2-ac91f8c95526 (length 43143) has no trained clipping model
[2025-07-09 16:59:26.573] [jointLog] [warning] read ad4c5b6d-0361-4cb5-b5b2-ac91f8c95526 (length 43143) has no trained clipping model
[2025-07-09 16:59:26.573] [jointLog] [warning] read 94429b52-b9b5-4f5a-af13-cf2b85ab2351 (length 33712 - align length 835) has no trained error model
[2025-07-09 16:59:26.573] [jointLog] [warning] read 94429b52-b9b5-4f5a-af13-cf2b85ab2351 (length 33712) has no trained clipping model
[2025-07-09 16:59:26.573] [jointLog] [warning] read 94429b52-b9b5-4f5a-af13-cf2b85ab2351 (length 33712) has no trained clipping model
[2025-07-09 16:59:26.573] [jointLog] [warning] read 60eb0539-138e-4f66-9f3d-d8ff622d9e4f (length 40923 - align length 463) has no trained error model
[2025-07-09 16:59:26.574] [jointLog] [warning] read 60eb0539-138e-4f66-9f3d-d8ff622d9e4f (length 40923) has no trained clipping model
[2025-07-09 16:59:26.574] [jointLog] [warning] read 60eb0539-138e-4f66-9f3d-d8ff622d9e4f (length 40923) has no trained clipping model
[2025-07-09 16:59:26.574] [jointLog] [warning] read 8c16f460-3858-4a5b-aa59-82cd0f3fe35b (length 30083 - align length 2125) has no trained error model
[2025-07-09 16:59:26.574] [jointLog] [warning] read 8c16f460-3858-4a5b-aa59-82cd0f3fe35b (length 30083) has no trained clipping model
[2025-07-09 16:59:26.574] [jointLog] [warning] read 8c16f460-3858-4a5b-aa59-82cd0f3fe35b (length 30083) has no trained clipping model
[2025-07-09 16:59:26.574] [jointLog] [warning] read c723ee7b-7f3b-4946-8aac-b4b7e7230b7e (length 14117 - align length 467) has no trained error model
[2025-07-09 16:59:26.574] [jointLog] [warning] read c723ee7b-7f3b-4946-8aac-b4b7e7230b7e (length 14117) has no trained clipping model
[2025-07-09 16:59:26.574] [jointLog] [warning] read c723ee7b-7f3b-4946-8aac-b4b7e7230b7e (length 14117) has no trained clipping model
[2025-07-09 16:59:26.574] [jointLog] [warning] read 40186745-a1c0-4c6c-baa3-aa0a2b12bb7d (length 18936 - align length 734) has no trained error model
[2025-07-09 16:59:26.574] [jointLog] [warning] read 40186745-a1c0-4c6c-baa3-aa0a2b12bb7d (length 18936) has no trained clipping model
[2025-07-09 16:59:26.574] [jointLog] [warning] read 40186745-a1c0-4c6c-baa3-aa0a2b12bb7d (length 18936) has no trained clipping model
[2025-07-09 16:59:26.574] [jointLog] [warning] read 3faa6da8-2793-4cc9-84c3-98063d8ee46d (length 42971 - align length 240) has no trained error model
[2025-07-09 16:59:26.574] [jointLog] [warning] read 3faa6da8-2793-4cc9-84c3-98063d8ee46d (length 42971) has no trained clipping model
[2025-07-09 16:59:26.574] [jointLog] [warning] read 3faa6da8-2793-4cc9-84c3-98063d8ee46d (length 42971) has no trained clipping model
[2025-07-09 16:59:26.574] [jointLog] [warning] read 885f99c2-fc4b-41e7-a594-ef2e5501fcbf (length 46487 - align length 394) has no trained error model
[2025-07-09 16:59:26.574] [jointLog] [warning] read 885f99c2-fc4b-41e7-a594-ef2e5501fcbf (length 46487) has no trained clipping model
[2025-07-09 16:59:26.574] [jointLog] [warning] read 885f99c2-fc4b-41e7-a594-ef2e5501fcbf (length 46487) has no trained clipping model
[2025-07-09 16:59:26.574] [jointLog] [warning] read 5bb89956-070d-4a57-98c3-11bb61137bc3 (length 16168) has no trained clipping model
[2025-07-09 16:59:26.574] [jointLog] [warning] read 41dd01fe-4aba-43e1-ac48-bef9ead64617 (length 21068 - align length 2215) has no trained error model
[2025-07-09 16:59:26.574] [jointLog] [warning] read 41dd01fe-4aba-43e1-ac48-bef9ead64617 (length 21068) has no trained clipping model
[2025-07-09 16:59:26.574] [jointLog] [warning] read 41dd01fe-4aba-43e1-ac48-bef9ead64617 (length 21068) has no trained clipping model
[2025-07-09 16:59:26.574] [jointLog] [warning] read c4fd3aa2-0c7d-479e-b4fd-2aabff45af94 (length 30053 - align length 1461) has no trained error model
[2025-07-09 16:59:26.574] [jointLog] [warning] read c4fd3aa2-0c7d-479e-b4fd-2aabff45af94 (length 30053) has no trained clipping model
[2025-07-09 16:59:26.574] [jointLog] [warning] read c4fd3aa2-0c7d-479e-b4fd-2aabff45af94 (length 30053) has no trained clipping model
[2025-07-09 16:59:26.575] [jointLog] [warning] read b5f6585c-8eb4-40aa-b9c6-6749deefe055 (length 44535 - align length 147) has no trained error model
[2025-07-09 16:59:26.575] [jointLog] [warning] read b5f6585c-8eb4-40aa-b9c6-6749deefe055 (length 44535) has no trained clipping model
[2025-07-09 16:59:26.575] [jointLog] [warning] read b5f6585c-8eb4-40aa-b9c6-6749deefe055 (length 44535) has no trained clipping model
[2025-07-09 16:59:26.575] [jointLog] [warning] read b9bcb037-2b65-4627-8644-84093033bc49 (length 28062 - align length 1319) has no trained error model
[2025-07-09 16:59:26.575] [jointLog] [warning] read b9bcb037-2b65-4627-8644-84093033bc49 (length 28062) has no trained clipping model
[2025-07-09 16:59:26.575] [jointLog] [warning] read b9bcb037-2b65-4627-8644-84093033bc49 (length 28062) has no trained clipping model
[2025-07-09 16:59:26.575] [jointLog] [warning] read 3ce10d0e-6dbb-49ba-8ed2-f1ef98c1ce16 (length 29242) has no trained clipping model
[2025-07-09 16:59:26.575] [jointLog] [warning] read b6775807-31b6-4dfd-b832-0233ac6ee612 (length 22655) has no trained clipping model
[2025-07-09 16:59:26.575] [jointLog] [warning] read dd19af4f-48de-4ae4-97f6-e7095a5dda61 (length 28425 - align length 605) has no trained error model
[2025-07-09 16:59:26.575] [jointLog] [warning] read dd19af4f-48de-4ae4-97f6-e7095a5dda61 (length 28425) has no trained clipping model
[2025-07-09 16:59:26.575] [jointLog] [warning] read dd19af4f-48de-4ae4-97f6-e7095a5dda61 (length 28425) has no trained clipping model
[2025-07-09 16:59:26.575] [jointLog] [warning] read 42f00760-31f0-4505-bc44-273da2e6ed9d (length 24118 - align length 1170) has no trained error model
[2025-07-09 16:59:26.575] [jointLog] [warning] read 42f00760-31f0-4505-bc44-273da2e6ed9d (length 24118) has no trained clipping model
[2025-07-09 16:59:26.575] [jointLog] [warning] read 42f00760-31f0-4505-bc44-273da2e6ed9d (length 24118) has no trained clipping model
[2025-07-09 16:59:26.575] [jointLog] [warning] read d90ef837-ccda-4f6f-8fb3-7b6d7f919a9b (length 30667 - align length 1200) has no trained error model
[2025-07-09 16:59:26.575] [jointLog] [warning] read d90ef837-ccda-4f6f-8fb3-7b6d7f919a9b (length 30667) has no trained clipping model
[2025-07-09 16:59:26.575] [jointLog] [warning] read d90ef837-ccda-4f6f-8fb3-7b6d7f919a9b (length 30667) has no trained clipping model
[2025-07-09 16:59:26.575] [jointLog] [warning] read e86a7e44-98fd-4d36-917a-bfa1bb3be628 (length 45228 - align length 186) has no trained error model
[2025-07-09 16:59:26.575] [jointLog] [warning] read e86a7e44-98fd-4d36-917a-bfa1bb3be628 (length 45228) has no trained clipping model
[2025-07-09 16:59:26.575] [jointLog] [warning] read e86a7e44-98fd-4d36-917a-bfa1bb3be628 (length 45228) has no trained clipping model
[2025-07-09 16:59:26.575] [jointLog] [warning] read 0aab0979-1a4d-4015-b29b-2545f0f1d3c0 (length 34608 - align length 1285) has no trained error model
[2025-07-09 16:59:26.575] [jointLog] [warning] read 0aab0979-1a4d-4015-b29b-2545f0f1d3c0 (length 34608) has no trained clipping model
[2025-07-09 16:59:26.575] [jointLog] [warning] read 0aab0979-1a4d-4015-b29b-2545f0f1d3c0 (length 34608) has no trained clipping model
[2025-07-09 16:59:26.576] [jointLog] [warning] read 0520bb6e-e2d6-4d18-aa63-d03d3d2ab9a8 (length 33776 - align length 298) has no trained error model
[2025-07-09 16:59:26.576] [jointLog] [warning] read 0520bb6e-e2d6-4d18-aa63-d03d3d2ab9a8 (length 33776) has no trained clipping model
[2025-07-09 16:59:26.576] [jointLog] [warning] read 0520bb6e-e2d6-4d18-aa63-d03d3d2ab9a8 (length 33776) has no trained clipping model
[2025-07-09 16:59:26.576] [jointLog] [warning] read e26303c6-2440-4ab1-9052-afa1663144ba (length 26569 - align length 316) has no trained error model
[2025-07-09 16:59:26.576] [jointLog] [warning] read e26303c6-2440-4ab1-9052-afa1663144ba (length 26569) has no trained clipping model
[2025-07-09 16:59:26.576] [jointLog] [warning] read e26303c6-2440-4ab1-9052-afa1663144ba (length 26569) has no trained clipping model
[2025-07-09 16:59:26.576] [jointLog] [warning] read 84557533-ed35-4b04-820e-cd8162d6ced8 (length 22353 - align length 381) has no trained error model
[2025-07-09 16:59:26.576] [jointLog] [warning] read 84557533-ed35-4b04-820e-cd8162d6ced8 (length 22353) has no trained clipping model
[2025-07-09 16:59:26.576] [jointLog] [warning] read 84557533-ed35-4b04-820e-cd8162d6ced8 (length 22353) has no trained clipping model
[2025-07-09 16:59:26.576] [jointLog] [warning] read 4292f3f4-9a44-451a-84a8-34b51f906408 (length 39837 - align length 579) has no trained error model
[2025-07-09 16:59:26.576] [jointLog] [warning] read 4292f3f4-9a44-451a-84a8-34b51f906408 (length 39837) has no trained clipping model
[2025-07-09 16:59:26.576] [jointLog] [warning] read 4292f3f4-9a44-451a-84a8-34b51f906408 (length 39837) has no trained clipping model
[2025-07-09 16:59:26.576] [jointLog] [warning] read a34e6eb6-d333-4252-a261-c4792a56f220 (length 35794 - align length 1149) has no trained error model
[2025-07-09 16:59:26.576] [jointLog] [warning] read a34e6eb6-d333-4252-a261-c4792a56f220 (length 35794) has no trained clipping model
[2025-07-09 16:59:26.576] [jointLog] [warning] read a34e6eb6-d333-4252-a261-c4792a56f220 (length 35794) has no trained clipping model
[2025-07-09 16:59:26.576] [jointLog] [warning] read 80e597d5-c152-4c7c-984d-faa5e9c02b71 (length 22035) has no trained clipping model
[2025-07-09 16:59:26.576] [jointLog] [warning] read 83055aa1-9b30-4320-beff-b35f7b9f2536 (length 16571 - align length 1280) has no trained error model
[2025-07-09 16:59:26.576] [jointLog] [warning] read 83055aa1-9b30-4320-beff-b35f7b9f2536 (length 16571) has no trained clipping model
[2025-07-09 16:59:26.576] [jointLog] [warning] read 83055aa1-9b30-4320-beff-b35f7b9f2536 (length 16571) has no trained clipping model
[2025-07-09 16:59:26.576] [jointLog] [warning] read 567c6724-59cf-4f3a-8018-e81f6b59677b (length 29279) has no trained clipping model
[2025-07-09 16:59:26.577] [jointLog] [warning] read 26310d09-8f05-4261-93de-3e75b180ca61 (length 40350 - align length 1373) has no trained error model
[2025-07-09 16:59:26.577] [jointLog] [warning] read 26310d09-8f05-4261-93de-3e75b180ca61 (length 40350) has no trained clipping model
[2025-07-09 16:59:26.577] [jointLog] [warning] read 26310d09-8f05-4261-93de-3e75b180ca61 (length 40350) has no trained clipping model
[2025-07-09 16:59:26.577] [jointLog] [warning] read 18cadcfb-ee22-4e1f-8cf7-9b8114aeec67 (length 49714 - align length 294) has no trained error model
[2025-07-09 16:59:26.577] [jointLog] [warning] read 18cadcfb-ee22-4e1f-8cf7-9b8114aeec67 (length 49714) has no trained clipping model
[2025-07-09 16:59:26.577] [jointLog] [warning] read 18cadcfb-ee22-4e1f-8cf7-9b8114aeec67 (length 49714) has no trained clipping model
[2025-07-09 16:59:26.577] [jointLog] [warning] read 25e60cbd-ad26-43e7-87a7-c11fa6192633 (length 40967 - align length 66) has no trained error model
[2025-07-09 16:59:26.577] [jointLog] [warning] read 25e60cbd-ad26-43e7-87a7-c11fa6192633 (length 40967) has no trained clipping model
[2025-07-09 16:59:26.577] [jointLog] [warning] read 25e60cbd-ad26-43e7-87a7-c11fa6192633 (length 40967) has no trained clipping model
[2025-07-09 16:59:26.577] [jointLog] [warning] read 04f02422-0bc5-4965-977d-599c4d5bef46 (length 14142 - align length 2300) has no trained error model
[2025-07-09 16:59:26.577] [jointLog] [warning] read 04f02422-0bc5-4965-977d-599c4d5bef46 (length 14142) has no trained clipping model
[2025-07-09 16:59:26.577] [jointLog] [warning] read 04f02422-0bc5-4965-977d-599c4d5bef46 (length 14142) has no trained clipping model
[2025-07-09 16:59:26.577] [jointLog] [warning] read b06b3ed2-4c0b-46e3-be59-1b90bf40bd36 (length 19673 - align length 1965) has no trained error model
[2025-07-09 16:59:26.577] [jointLog] [warning] read b06b3ed2-4c0b-46e3-be59-1b90bf40bd36 (length 19673) has no trained clipping model
[2025-07-09 16:59:26.577] [jointLog] [warning] read b06b3ed2-4c0b-46e3-be59-1b90bf40bd36 (length 19673) has no trained clipping model
[2025-07-09 16:59:26.577] [jointLog] [warning] read b1919a92-f990-4499-b7e3-6b4c91397d33 (length 26156 - align length 404) has no trained error model
[2025-07-09 16:59:26.577] [jointLog] [warning] read b1919a92-f990-4499-b7e3-6b4c91397d33 (length 26156) has no trained clipping model
[2025-07-09 16:59:26.577] [jointLog] [warning] read b1919a92-f990-4499-b7e3-6b4c91397d33 (length 26156) has no trained clipping model
[2025-07-09 16:59:26.577] [jointLog] [warning] read 5883633d-eaff-4ac8-9bbf-f155d9344d75 (length 28412 - align length 307) has no trained error model
[2025-07-09 16:59:26.577] [jointLog] [warning] read 5883633d-eaff-4ac8-9bbf-f155d9344d75 (length 28412) has no trained clipping model
[2025-07-09 16:59:26.577] [jointLog] [warning] read 5883633d-eaff-4ac8-9bbf-f155d9344d75 (length 28412) has no trained clipping model
[2025-07-09 16:59:26.577] [jointLog] [warning] read 0b0f4d30-103b-47ee-8882-4963593a6138 (length 20096) has no trained clipping model
[2025-07-09 16:59:26.577] [jointLog] [warning] read 49192581-f178-41fd-a66d-9457db87b8b8 (length 19669 - align length 1357) has no trained error model
[2025-07-09 16:59:26.577] [jointLog] [warning] read 49192581-f178-41fd-a66d-9457db87b8b8 (length 19669) has no trained clipping model
[2025-07-09 16:59:26.577] [jointLog] [warning] read 49192581-f178-41fd-a66d-9457db87b8b8 (length 19669) has no trained clipping model
[2025-07-09 16:59:26.577] [jointLog] [warning] read 77fa5bca-9d35-46a4-94ac-93f4ab2522be (length 24564 - align length 97) has no trained error model
[2025-07-09 16:59:26.577] [jointLog] [warning] read 77fa5bca-9d35-46a4-94ac-93f4ab2522be (length 24564) has no trained clipping model
[2025-07-09 16:59:26.577] [jointLog] [warning] read 77fa5bca-9d35-46a4-94ac-93f4ab2522be (length 24564) has no trained clipping model
[2025-07-09 16:59:26.578] [jointLog] [warning] read 69e8d356-d9fe-44b8-8614-f24e5a3422d1 (length 29564 - align length 96) has no trained error model
[2025-07-09 16:59:26.578] [jointLog] [warning] read 69e8d356-d9fe-44b8-8614-f24e5a3422d1 (length 29564) has no trained clipping model
[2025-07-09 16:59:26.578] [jointLog] [warning] read 69e8d356-d9fe-44b8-8614-f24e5a3422d1 (length 29564) has no trained clipping model
[2025-07-09 16:59:26.578] [jointLog] [warning] read 06606769-1c6e-4418-a21c-2ee3ebed3c4f (length 31641 - align length 78) has no trained error model
[2025-07-09 16:59:26.578] [jointLog] [warning] read 06606769-1c6e-4418-a21c-2ee3ebed3c4f (length 31641) has no trained clipping model
[2025-07-09 16:59:26.578] [jointLog] [warning] read 06606769-1c6e-4418-a21c-2ee3ebed3c4f (length 31641) has no trained clipping model
[2025-07-09 16:59:26.578] [jointLog] [warning] read 3b1965b4-db53-47c1-a4f2-17814170c2c3 (length 49198 - align length 252) has no trained error model
[2025-07-09 16:59:26.578] [jointLog] [warning] read 3b1965b4-db53-47c1-a4f2-17814170c2c3 (length 49198) has no trained clipping model
[2025-07-09 16:59:26.578] [jointLog] [warning] read 3b1965b4-db53-47c1-a4f2-17814170c2c3 (length 49198) has no trained clipping model
[2025-07-09 16:59:26.578] [jointLog] [warning] read af7ce281-d101-46a9-934a-0c08086d2bc7 (length 17583 - align length 328) has no trained error model
[2025-07-09 16:59:26.578] [jointLog] [warning] read af7ce281-d101-46a9-934a-0c08086d2bc7 (length 17583) has no trained clipping model
[2025-07-09 16:59:26.578] [jointLog] [warning] read af7ce281-d101-46a9-934a-0c08086d2bc7 (length 17583) has no trained clipping model
[2025-07-09 16:59:26.578] [jointLog] [warning] read 88ee97cd-f4e3-46a6-b94e-ebbe9f6d3dd3 (length 35195 - align length 2371) has no trained error model
[2025-07-09 16:59:26.578] [jointLog] [warning] read 88ee97cd-f4e3-46a6-b94e-ebbe9f6d3dd3 (length 35195) has no trained clipping model
[2025-07-09 16:59:26.578] [jointLog] [warning] read 88ee97cd-f4e3-46a6-b94e-ebbe9f6d3dd3 (length 35195) has no trained clipping model
[2025-07-09 16:59:26.578] [jointLog] [warning] read 1ab3d911-e0e1-4ee9-9047-844ff4a01fac (length 36466 - align length 101) has no trained error model
[2025-07-09 16:59:26.578] [jointLog] [warning] read 1ab3d911-e0e1-4ee9-9047-844ff4a01fac (length 36466) has no trained clipping model
[2025-07-09 16:59:26.578] [jointLog] [warning] read 1ab3d911-e0e1-4ee9-9047-844ff4a01fac (length 36466) has no trained clipping model
[2025-07-09 16:59:26.578] [jointLog] [warning] read d81ac5c4-0343-417f-99f7-75d9a5118048 (length 48991) has no trained clipping model
[2025-07-09 16:59:26.578] [jointLog] [warning] read 6f67c66e-1597-4a00-844d-25daabca99fd (length 20347 - align length 517) has no trained error model
[2025-07-09 16:59:26.578] [jointLog] [warning] read 6f67c66e-1597-4a00-844d-25daabca99fd (length 20347) has no trained clipping model
[2025-07-09 16:59:26.578] [jointLog] [warning] read 6f67c66e-1597-4a00-844d-25daabca99fd (length 20347) has no trained clipping model
[2025-07-09 16:59:26.578] [jointLog] [warning] read a2ed375f-5667-4edd-8a7b-b0ab0cabbc6e (length 34336 - align length 252) has no trained error model
[2025-07-09 16:59:26.578] [jointLog] [warning] read a2ed375f-5667-4edd-8a7b-b0ab0cabbc6e (length 34336) has no trained clipping model
[2025-07-09 16:59:26.578] [jointLog] [warning] read a2ed375f-5667-4edd-8a7b-b0ab0cabbc6e (length 34336) has no trained clipping model
[2025-07-09 16:59:26.579] [jointLog] [warning] read 98d22bd0-3a0b-401d-b9e6-a36ad4ded154 (length 34997 - align length 237) has no trained error model
[2025-07-09 16:59:26.579] [jointLog] [warning] read 98d22bd0-3a0b-401d-b9e6-a36ad4ded154 (length 34997) has no trained clipping model
[2025-07-09 16:59:26.579] [jointLog] [warning] read 98d22bd0-3a0b-401d-b9e6-a36ad4ded154 (length 34997) has no trained clipping model
[2025-07-09 16:59:26.579] [jointLog] [warning] read b09a9883-40df-44f5-982d-f064eb62add9 (length 42977 - align length 207) has no trained error model
[2025-07-09 16:59:26.579] [jointLog] [warning] read b09a9883-40df-44f5-982d-f064eb62add9 (length 42977) has no trained clipping model
[2025-07-09 16:59:26.579] [jointLog] [warning] read b09a9883-40df-44f5-982d-f064eb62add9 (length 42977) has no trained clipping model
[2025-07-09 16:59:26.580] [jointLog] [warning] read cd2487bd-c98f-4dfd-9486-8a1f8fc1dd67 (length 33764 - align length 367) has no trained error model
[2025-07-09 16:59:26.580] [jointLog] [warning] read cd2487bd-c98f-4dfd-9486-8a1f8fc1dd67 (length 33764) has no trained clipping model
[2025-07-09 16:59:26.580] [jointLog] [warning] read cd2487bd-c98f-4dfd-9486-8a1f8fc1dd67 (length 33764) has no trained clipping model
[2025-07-09 16:59:26.580] [jointLog] [warning] read 1522e2f3-4ceb-44d2-9c8c-37162e9029ec (length 38353 - align length 471) has no trained error model
[2025-07-09 16:59:26.580] [jointLog] [warning] read 1522e2f3-4ceb-44d2-9c8c-37162e9029ec (length 38353) has no trained clipping model
[2025-07-09 16:59:26.580] [jointLog] [warning] read 1522e2f3-4ceb-44d2-9c8c-37162e9029ec (length 38353) has no trained clipping model
[2025-07-09 16:59:26.580] [jointLog] [warning] read 51869a07-9af8-4b12-95ca-3b7ba5e0ca29 (length 35049 - align length 255) has no trained error model
[2025-07-09 16:59:26.580] [jointLog] [warning] read 51869a07-9af8-4b12-95ca-3b7ba5e0ca29 (length 35049) has no trained clipping model
[2025-07-09 16:59:26.580] [jointLog] [warning] read 51869a07-9af8-4b12-95ca-3b7ba5e0ca29 (length 35049) has no trained clipping model
[2025-07-09 16:59:26.580] [jointLog] [warning] read d5fbfaec-3ccb-427a-9b6d-5f22f4996d5a (length 15396 - align length 15386) has no trained error model
[2025-07-09 16:59:26.580] [jointLog] [warning] read d5fbfaec-3ccb-427a-9b6d-5f22f4996d5a (length 15396) has no trained clipping model
[2025-07-09 16:59:26.580] [jointLog] [warning] read d5fbfaec-3ccb-427a-9b6d-5f22f4996d5a (length 15396) has no trained clipping model
[2025-07-09 16:59:26.580] [jointLog] [warning] read 8b5a966d-b331-4a87-947c-8a6cbc799ad5 (length 29238) has no trained clipping model
[2025-07-09 16:59:26.580] [jointLog] [warning] read abd52736-ca4f-4946-b273-069a388fb53d (length 31298 - align length 2073) has no trained error model
[2025-07-09 16:59:26.580] [jointLog] [warning] read abd52736-ca4f-4946-b273-069a388fb53d (length 31298) has no trained clipping model
[2025-07-09 16:59:26.580] [jointLog] [warning] read abd52736-ca4f-4946-b273-069a388fb53d (length 31298) has no trained clipping model
[2025-07-09 16:59:26.580] [jointLog] [warning] read c0ce6e3a-c609-4344-a72b-deaffaae2721 (length 12960) has no trained clipping model
[2025-07-09 16:59:26.580] [jointLog] [warning] read 4432eada-1fac-4b7b-949c-a0a20bfb35f5 (length 37185 - align length 370) has no trained error model
[2025-07-09 16:59:26.580] [jointLog] [warning] read 4432eada-1fac-4b7b-949c-a0a20bfb35f5 (length 37185) has no trained clipping model
[2025-07-09 16:59:26.580] [jointLog] [warning] read 4432eada-1fac-4b7b-949c-a0a20bfb35f5 (length 37185) has no trained clipping model
[2025-07-09 16:59:26.580] [jointLog] [warning] read 1007d6d3-a475-4569-8698-f7dcb5686886 (length 33477 - align length 82) has no trained error model
[2025-07-09 16:59:26.580] [jointLog] [warning] read 1007d6d3-a475-4569-8698-f7dcb5686886 (length 33477) has no trained clipping model
[2025-07-09 16:59:26.580] [jointLog] [warning] read 1007d6d3-a475-4569-8698-f7dcb5686886 (length 33477) has no trained clipping model
[2025-07-09 16:59:26.580] [jointLog] [warning] read a7a94a29-eb78-4a53-83b5-525724945df1 (length 23247 - align length 208) has no trained error model
[2025-07-09 16:59:26.580] [jointLog] [warning] read a7a94a29-eb78-4a53-83b5-525724945df1 (length 23247) has no trained clipping model
[2025-07-09 16:59:26.580] [jointLog] [warning] read a7a94a29-eb78-4a53-83b5-525724945df1 (length 23247) has no trained clipping model
[2025-07-09 16:59:26.580] [jointLog] [warning] read b44f7c01-0be3-4317-b09b-a04cee0853fa (length 15945 - align length 15861) has no trained error model
[2025-07-09 16:59:26.581] [jointLog] [warning] read ba91ef46-37fd-4a4c-b3a8-cedd47afb4a1 (length 32885 - align length 57) has no trained error model
[2025-07-09 16:59:26.581] [jointLog] [warning] read ba91ef46-37fd-4a4c-b3a8-cedd47afb4a1 (length 32885) has no trained clipping model
[2025-07-09 16:59:26.581] [jointLog] [warning] read ba91ef46-37fd-4a4c-b3a8-cedd47afb4a1 (length 32885) has no trained clipping model
[2025-07-09 16:59:26.581] [jointLog] [warning] read 7c0fe941-35df-4b2c-88df-03bf12357244 (length 17524 - align length 340) has no trained error model
[2025-07-09 16:59:26.581] [jointLog] [warning] read 7c0fe941-35df-4b2c-88df-03bf12357244 (length 17524) has no trained clipping model
[2025-07-09 16:59:26.581] [jointLog] [warning] read 7c0fe941-35df-4b2c-88df-03bf12357244 (length 17524) has no trained clipping model
[2025-07-09 16:59:26.581] [jointLog] [warning] read 81db86d7-262a-47f2-b0da-f194c6fd4a02 (length 29971 - align length 1278) has no trained error model
[2025-07-09 16:59:26.581] [jointLog] [warning] read 81db86d7-262a-47f2-b0da-f194c6fd4a02 (length 29971) has no trained clipping model
[2025-07-09 16:59:26.581] [jointLog] [warning] read 81db86d7-262a-47f2-b0da-f194c6fd4a02 (length 29971) has no trained clipping model
[2025-07-09 16:59:26.581] [jointLog] [warning] read 9c9dec76-1b77-4449-a240-9a85c3ca9ec4 (length 31666 - align length 316) has no trained error model
[2025-07-09 16:59:26.581] [jointLog] [warning] read 9c9dec76-1b77-4449-a240-9a85c3ca9ec4 (length 31666) has no trained clipping model
[2025-07-09 16:59:26.581] [jointLog] [warning] read 9c9dec76-1b77-4449-a240-9a85c3ca9ec4 (length 31666) has no trained clipping model
[2025-07-09 16:59:26.581] [jointLog] [warning] read 5bf70ded-ab21-4d3b-a89e-300c26b4806f (length 14115 - align length 150) has no trained error model
[2025-07-09 16:59:26.581] [jointLog] [warning] read 5bf70ded-ab21-4d3b-a89e-300c26b4806f (length 14115) has no trained clipping model
[2025-07-09 16:59:26.581] [jointLog] [warning] read 5bf70ded-ab21-4d3b-a89e-300c26b4806f (length 14115) has no trained clipping model
[2025-07-09 16:59:26.581] [jointLog] [warning] read 9316c8fb-fcab-4795-827e-3636b1015185 (length 25097 - align length 459) has no trained error model
[2025-07-09 16:59:26.581] [jointLog] [warning] read 9316c8fb-fcab-4795-827e-3636b1015185 (length 25097) has no trained clipping model
[2025-07-09 16:59:26.581] [jointLog] [warning] read 9316c8fb-fcab-4795-827e-3636b1015185 (length 25097) has no trained clipping model
[2025-07-09 16:59:26.581] [jointLog] [warning] read c28d32d8-2a0f-4092-aca2-3dfd249a294e (length 16673 - align length 1151) has no trained error model
[2025-07-09 16:59:26.581] [jointLog] [warning] read c28d32d8-2a0f-4092-aca2-3dfd249a294e (length 16673) has no trained clipping model
[2025-07-09 16:59:26.581] [jointLog] [warning] read c28d32d8-2a0f-4092-aca2-3dfd249a294e (length 16673) has no trained clipping model
[2025-07-09 16:59:26.581] [jointLog] [warning] read 3da76835-3f9c-48a1-a08b-2296f5ef01f0 (length 21407 - align length 299) has no trained error model
[2025-07-09 16:59:26.581] [jointLog] [warning] read 3da76835-3f9c-48a1-a08b-2296f5ef01f0 (length 21407) has no trained clipping model
[2025-07-09 16:59:26.581] [jointLog] [warning] read 3da76835-3f9c-48a1-a08b-2296f5ef01f0 (length 21407) has no trained clipping model
[2025-07-09 16:59:26.581] [jointLog] [warning] read e234ed3e-9c91-436b-9ec5-295383a9868c (length 38886 - align length 276) has no trained error model
[2025-07-09 16:59:26.581] [jointLog] [warning] read e234ed3e-9c91-436b-9ec5-295383a9868c (length 38886) has no trained clipping model
[2025-07-09 16:59:26.581] [jointLog] [warning] read e234ed3e-9c91-436b-9ec5-295383a9868c (length 38886) has no trained clipping model
[2025-07-09 16:59:26.581] [jointLog] [warning] read 47580fa6-fc03-4f1e-b942-47e5361e1ead (length 41781 - align length 79) has no trained error model
[2025-07-09 16:59:26.581] [jointLog] [warning] read 47580fa6-fc03-4f1e-b942-47e5361e1ead (length 41781) has no trained clipping model
[2025-07-09 16:59:26.581] [jointLog] [warning] read 47580fa6-fc03-4f1e-b942-47e5361e1ead (length 41781) has no trained clipping model
[2025-07-09 16:59:26.581] [jointLog] [warning] read 33046a1c-4668-49d8-a3aa-a6d8ee280c7a (length 44855 - align length 1818) has no trained error model
[2025-07-09 16:59:26.581] [jointLog] [warning] read 33046a1c-4668-49d8-a3aa-a6d8ee280c7a (length 44855) has no trained clipping model
[2025-07-09 16:59:26.581] [jointLog] [warning] read 33046a1c-4668-49d8-a3aa-a6d8ee280c7a (length 44855) has no trained clipping model
[2025-07-09 16:59:26.582] [jointLog] [warning] read 02d81294-8502-4ed5-b699-ca8fd40c5ce5 (length 22329 - align length 934) has no trained error model
[2025-07-09 16:59:26.582] [jointLog] [warning] read 02d81294-8502-4ed5-b699-ca8fd40c5ce5 (length 22329) has no trained clipping model
[2025-07-09 16:59:26.582] [jointLog] [warning] read 02d81294-8502-4ed5-b699-ca8fd40c5ce5 (length 22329) has no trained clipping model
[2025-07-09 16:59:26.582] [jointLog] [warning] read f314aa53-cbc4-436d-91ee-07ee10590721 (length 19600 - align length 1831) has no trained error model
[2025-07-09 16:59:26.582] [jointLog] [warning] read f314aa53-cbc4-436d-91ee-07ee10590721 (length 19600) has no trained clipping model
[2025-07-09 16:59:26.582] [jointLog] [warning] read f314aa53-cbc4-436d-91ee-07ee10590721 (length 19600) has no trained clipping model
[2025-07-09 16:59:26.582] [jointLog] [warning] read 8edf427a-2b5a-404b-af90-c808469b81e3 (length 37812 - align length 511) has no trained error model
[2025-07-09 16:59:26.582] [jointLog] [warning] read 8edf427a-2b5a-404b-af90-c808469b81e3 (length 37812) has no trained clipping model
[2025-07-09 16:59:26.582] [jointLog] [warning] read 8edf427a-2b5a-404b-af90-c808469b81e3 (length 37812) has no trained clipping model
[2025-07-09 16:59:26.582] [jointLog] [warning] read 4d4b8675-971f-451e-86ec-1b6862267878 (length 29017 - align length 1802) has no trained error model
[2025-07-09 16:59:26.582] [jointLog] [warning] read 4d4b8675-971f-451e-86ec-1b6862267878 (length 29017) has no trained clipping model
[2025-07-09 16:59:26.582] [jointLog] [warning] read 4d4b8675-971f-451e-86ec-1b6862267878 (length 29017) has no trained clipping model
[2025-07-09 16:59:26.582] [jointLog] [warning] read 5b7290d4-f95a-426c-b607-eba43a75333c (length 19026 - align length 471) has no trained error model
[2025-07-09 16:59:26.582] [jointLog] [warning] read 5b7290d4-f95a-426c-b607-eba43a75333c (length 19026) has no trained clipping model
[2025-07-09 16:59:26.582] [jointLog] [warning] read 5b7290d4-f95a-426c-b607-eba43a75333c (length 19026) has no trained clipping model
[2025-07-09 16:59:26.582] [jointLog] [warning] read d44f3131-841b-42f2-8723-e6b5fbd4424b (length 21748 - align length 280) has no trained error model
[2025-07-09 16:59:26.582] [jointLog] [warning] read d44f3131-841b-42f2-8723-e6b5fbd4424b (length 21748) has no trained clipping model
[2025-07-09 16:59:26.582] [jointLog] [warning] read d44f3131-841b-42f2-8723-e6b5fbd4424b (length 21748) has no trained clipping model
[2025-07-09 16:59:26.582] [jointLog] [warning] read 9a5818ba-9544-486c-95ed-c87076527679 (length 25113 - align length 588) has no trained error model
[2025-07-09 16:59:26.582] [jointLog] [warning] read 9a5818ba-9544-486c-95ed-c87076527679 (length 25113) has no trained clipping model
[2025-07-09 16:59:26.582] [jointLog] [warning] read 9a5818ba-9544-486c-95ed-c87076527679 (length 25113) has no trained clipping model
[2025-07-09 16:59:26.582] [jointLog] [warning] read d5fea5bf-98d1-4e7f-a0b8-cabb32fa1cbb (length 28201 - align length 211) has no trained error model
[2025-07-09 16:59:26.582] [jointLog] [warning] read d5fea5bf-98d1-4e7f-a0b8-cabb32fa1cbb (length 28201) has no trained clipping model
[2025-07-09 16:59:26.582] [jointLog] [warning] read d5fea5bf-98d1-4e7f-a0b8-cabb32fa1cbb (length 28201) has no trained clipping model
[2025-07-09 16:59:26.582] [jointLog] [warning] read 84c71bf0-9bb5-4aa6-b48a-5450b971c85d (length 46175 - align length 731) has no trained error model
[2025-07-09 16:59:26.582] [jointLog] [warning] read 84c71bf0-9bb5-4aa6-b48a-5450b971c85d (length 46175) has no trained clipping model
[2025-07-09 16:59:26.582] [jointLog] [warning] read 84c71bf0-9bb5-4aa6-b48a-5450b971c85d (length 46175) has no trained clipping model
[2025-07-09 16:59:26.583] [jointLog] [warning] read a494ea2e-86cf-461a-ba31-2aff2b0877dc (length 47992 - align length 104) has no trained error model
[2025-07-09 16:59:26.583] [jointLog] [warning] read a494ea2e-86cf-461a-ba31-2aff2b0877dc (length 47992) has no trained clipping model
[2025-07-09 16:59:26.583] [jointLog] [warning] read a494ea2e-86cf-461a-ba31-2aff2b0877dc (length 47992) has no trained clipping model
[2025-07-09 16:59:26.583] [jointLog] [warning] read 0b99522a-7922-4173-98a7-5346bac9dcd6 (length 28026 - align length 182) has no trained error model
[2025-07-09 16:59:26.583] [jointLog] [warning] read 0b99522a-7922-4173-98a7-5346bac9dcd6 (length 28026) has no trained clipping model
[2025-07-09 16:59:26.583] [jointLog] [warning] read 0b99522a-7922-4173-98a7-5346bac9dcd6 (length 28026) has no trained clipping model
[2025-07-09 16:59:26.583] [jointLog] [warning] read 8419b0a8-c16e-4bc7-87ec-6c9aed484008 (length 39545 - align length 435) has no trained error model
[2025-07-09 16:59:26.583] [jointLog] [warning] read 8419b0a8-c16e-4bc7-87ec-6c9aed484008 (length 39545) has no trained clipping model
[2025-07-09 16:59:26.583] [jointLog] [warning] read 8419b0a8-c16e-4bc7-87ec-6c9aed484008 (length 39545) has no trained clipping model
[2025-07-09 16:59:26.583] [jointLog] [warning] read ec075e32-b13d-4c7a-a4a4-40194e9db557 (length 30266 - align length 1689) has no trained error model
[2025-07-09 16:59:26.583] [jointLog] [warning] read ec075e32-b13d-4c7a-a4a4-40194e9db557 (length 30266) has no trained clipping model
[2025-07-09 16:59:26.583] [jointLog] [warning] read ec075e32-b13d-4c7a-a4a4-40194e9db557 (length 30266) has no trained clipping model
[2025-07-09 16:59:26.583] [jointLog] [warning] read 0d13dc09-b893-4d81-b60b-54639d0853ba (length 14164 - align length 502) has no trained error model
[2025-07-09 16:59:26.583] [jointLog] [warning] read 0d13dc09-b893-4d81-b60b-54639d0853ba (length 14164) has no trained clipping model
[2025-07-09 16:59:26.583] [jointLog] [warning] read 0d13dc09-b893-4d81-b60b-54639d0853ba (length 14164) has no trained clipping model
[2025-07-09 16:59:26.583] [jointLog] [warning] read 206f0e63-fb96-4175-8c4e-ffbe72e12053 (length 37725 - align length 689) has no trained error model
[2025-07-09 16:59:26.583] [jointLog] [warning] read 206f0e63-fb96-4175-8c4e-ffbe72e12053 (length 37725) has no trained clipping model
[2025-07-09 16:59:26.583] [jointLog] [warning] read 206f0e63-fb96-4175-8c4e-ffbe72e12053 (length 37725) has no trained clipping model
[2025-07-09 16:59:26.583] [jointLog] [warning] read 277b0bec-0b66-41af-a926-b2ea88582e16 (length 24281 - align length 1213) has no trained error model
[2025-07-09 16:59:26.583] [jointLog] [warning] read 277b0bec-0b66-41af-a926-b2ea88582e16 (length 24281) has no trained clipping model
[2025-07-09 16:59:26.583] [jointLog] [warning] read 277b0bec-0b66-41af-a926-b2ea88582e16 (length 24281) has no trained clipping model
[2025-07-09 16:59:26.583] [jointLog] [warning] read 813817ba-26b9-44c5-91e9-de989580661c (length 19603 - align length 670) has no trained error model
[2025-07-09 16:59:26.583] [jointLog] [warning] read 813817ba-26b9-44c5-91e9-de989580661c (length 19603) has no trained clipping model
[2025-07-09 16:59:26.583] [jointLog] [warning] read 813817ba-26b9-44c5-91e9-de989580661c (length 19603) has no trained clipping model
[2025-07-09 16:59:26.583] [jointLog] [warning] read 69d46308-2d6f-4b8f-801a-f1d650808b04 (length 20369 - align length 82) has no trained error model
[2025-07-09 16:59:26.583] [jointLog] [warning] read 69d46308-2d6f-4b8f-801a-f1d650808b04 (length 20369) has no trained clipping model
[2025-07-09 16:59:26.583] [jointLog] [warning] read 69d46308-2d6f-4b8f-801a-f1d650808b04 (length 20369) has no trained clipping model
[2025-07-09 16:59:26.584] [jointLog] [warning] read 803ac695-497f-4bce-82c6-3f64745f2dfd (length 17264 - align length 16865) has no trained error model
[2025-07-09 16:59:26.584] [jointLog] [warning] read 460b0e27-a952-4252-9431-1a88ace18b85 (length 45917 - align length 82) has no trained error model
[2025-07-09 16:59:26.584] [jointLog] [warning] read 460b0e27-a952-4252-9431-1a88ace18b85 (length 45917) has no trained clipping model
[2025-07-09 16:59:26.584] [jointLog] [warning] read 460b0e27-a952-4252-9431-1a88ace18b85 (length 45917) has no trained clipping model
[2025-07-09 16:59:26.584] [jointLog] [warning] read 5311adf1-9a38-4047-97a3-08be77b889d2 (length 46484 - align length 378) has no trained error model
[2025-07-09 16:59:26.584] [jointLog] [warning] read 5311adf1-9a38-4047-97a3-08be77b889d2 (length 46484) has no trained clipping model
[2025-07-09 16:59:26.584] [jointLog] [warning] read 5311adf1-9a38-4047-97a3-08be77b889d2 (length 46484) has no trained clipping model
[2025-07-09 16:59:26.584] [jointLog] [warning] read 1d96de8d-be65-4518-b375-4755faf507ed (length 33975 - align length 289) has no trained error model
[2025-07-09 16:59:26.584] [jointLog] [warning] read 1d96de8d-be65-4518-b375-4755faf507ed (length 33975) has no trained clipping model
[2025-07-09 16:59:26.584] [jointLog] [warning] read 1d96de8d-be65-4518-b375-4755faf507ed (length 33975) has no trained clipping model
[2025-07-09 16:59:26.584] [jointLog] [warning] read c94ef9fb-aa6a-46e5-9f0c-c8688f3c10f0 (length 38607 - align length 1652) has no trained error model
[2025-07-09 16:59:26.584] [jointLog] [warning] read c94ef9fb-aa6a-46e5-9f0c-c8688f3c10f0 (length 38607) has no trained clipping model
[2025-07-09 16:59:26.584] [jointLog] [warning] read c94ef9fb-aa6a-46e5-9f0c-c8688f3c10f0 (length 38607) has no trained clipping model
[2025-07-09 16:59:26.585] [jointLog] [warning] read dc024fc4-5af0-4cf4-8090-b242f86d8744 (length 39702 - align length 1577) has no trained error model
[2025-07-09 16:59:26.585] [jointLog] [warning] read dc024fc4-5af0-4cf4-8090-b242f86d8744 (length 39702) has no trained clipping model
[2025-07-09 16:59:26.585] [jointLog] [warning] read dc024fc4-5af0-4cf4-8090-b242f86d8744 (length 39702) has no trained clipping model
[2025-07-09 16:59:26.585] [jointLog] [warning] read a9f44f78-909b-4ca5-b6f7-6662e9402706 (length 17399 - align length 1530) has no trained error model
[2025-07-09 16:59:26.585] [jointLog] [warning] read a9f44f78-909b-4ca5-b6f7-6662e9402706 (length 17399) has no trained clipping model
[2025-07-09 16:59:26.585] [jointLog] [warning] read a9f44f78-909b-4ca5-b6f7-6662e9402706 (length 17399) has no trained clipping model
[2025-07-09 16:59:26.585] [jointLog] [warning] read 0f46ce06-92b4-4c59-b46a-9473c4acbb84 (length 22610) has no trained clipping model
[2025-07-09 16:59:26.585] [jointLog] [warning] read 7d312f86-c8a4-4745-9a38-cc4ede2e7f19 (length 15340 - align length 1736) has no trained error model
[2025-07-09 16:59:26.585] [jointLog] [warning] read 7d312f86-c8a4-4745-9a38-cc4ede2e7f19 (length 15340) has no trained clipping model
[2025-07-09 16:59:26.585] [jointLog] [warning] read 7d312f86-c8a4-4745-9a38-cc4ede2e7f19 (length 15340) has no trained clipping model
[2025-07-09 16:59:26.585] [jointLog] [warning] read 7db11ad8-7764-4380-8a6d-26504b8b7021 (length 23308 - align length 258) has no trained error model
[2025-07-09 16:59:26.585] [jointLog] [warning] read 7db11ad8-7764-4380-8a6d-26504b8b7021 (length 23308) has no trained clipping model
[2025-07-09 16:59:26.585] [jointLog] [warning] read 7db11ad8-7764-4380-8a6d-26504b8b7021 (length 23308) has no trained clipping model
[2025-07-09 16:59:26.585] [jointLog] [warning] read a12a260a-307d-48de-8317-6b88857437e9 (length 18188 - align length 1513) has no trained error model
[2025-07-09 16:59:26.585] [jointLog] [warning] read a12a260a-307d-48de-8317-6b88857437e9 (length 18188) has no trained clipping model
[2025-07-09 16:59:26.585] [jointLog] [warning] read a12a260a-307d-48de-8317-6b88857437e9 (length 18188) has no trained clipping model
[2025-07-09 16:59:26.585] [jointLog] [warning] read a7194b23-d38d-40dd-b3ad-f7e9251a95a5 (length 21789 - align length 115) has no trained error model
[2025-07-09 16:59:26.585] [jointLog] [warning] read a7194b23-d38d-40dd-b3ad-f7e9251a95a5 (length 21789) has no trained clipping model
[2025-07-09 16:59:26.585] [jointLog] [warning] read a7194b23-d38d-40dd-b3ad-f7e9251a95a5 (length 21789) has no trained clipping model
[2025-07-09 16:59:26.585] [jointLog] [warning] read 49f8afe7-cbbc-4895-ba47-82cb2fb66f6d (length 29565 - align length 251) has no trained error model
[2025-07-09 16:59:26.585] [jointLog] [warning] read 49f8afe7-cbbc-4895-ba47-82cb2fb66f6d (length 29565) has no trained clipping model
[2025-07-09 16:59:26.585] [jointLog] [warning] read 49f8afe7-cbbc-4895-ba47-82cb2fb66f6d (length 29565) has no trained clipping model
[2025-07-09 16:59:26.585] [jointLog] [warning] read 2adb1f07-92cb-4d59-ac9a-ade77db3082a (length 38637 - align length 93) has no trained error model
[2025-07-09 16:59:26.585] [jointLog] [warning] read 2adb1f07-92cb-4d59-ac9a-ade77db3082a (length 38637) has no trained clipping model
[2025-07-09 16:59:26.585] [jointLog] [warning] read 2adb1f07-92cb-4d59-ac9a-ade77db3082a (length 38637) has no trained clipping model
[2025-07-09 16:59:26.585] [jointLog] [warning] read 55bc1785-c8d8-4ebc-90ec-ae52529509a0 (length 28254 - align length 308) has no trained error model
[2025-07-09 16:59:26.585] [jointLog] [warning] read 55bc1785-c8d8-4ebc-90ec-ae52529509a0 (length 28254) has no trained clipping model
[2025-07-09 16:59:26.585] [jointLog] [warning] read 55bc1785-c8d8-4ebc-90ec-ae52529509a0 (length 28254) has no trained clipping model
[2025-07-09 16:59:26.585] [jointLog] [warning] read 79fa282b-2474-463c-a4ef-62af90fe708b (length 12982) has no trained clipping model
[2025-07-09 16:59:26.585] [jointLog] [warning] read aa2bf1dd-4cbe-4c35-9af8-8853c9ad0e57 (length 29942 - align length 803) has no trained error model
[2025-07-09 16:59:26.585] [jointLog] [warning] read aa2bf1dd-4cbe-4c35-9af8-8853c9ad0e57 (length 29942) has no trained clipping model
[2025-07-09 16:59:26.585] [jointLog] [warning] read aa2bf1dd-4cbe-4c35-9af8-8853c9ad0e57 (length 29942) has no trained clipping model
[2025-07-09 16:59:26.586] [jointLog] [warning] read 5a79155c-62ba-4f45-a0db-85495ae3ca4f (length 31289 - align length 543) has no trained error model
[2025-07-09 16:59:26.586] [jointLog] [warning] read 5a79155c-62ba-4f45-a0db-85495ae3ca4f (length 31289) has no trained clipping model
[2025-07-09 16:59:26.586] [jointLog] [warning] read 5a79155c-62ba-4f45-a0db-85495ae3ca4f (length 31289) has no trained clipping model
[2025-07-09 16:59:26.586] [jointLog] [warning] read 5e832159-ea2a-45f6-9a75-4fb817af4224 (length 43839 - align length 365) has no trained error model
[2025-07-09 16:59:26.586] [jointLog] [warning] read 5e832159-ea2a-45f6-9a75-4fb817af4224 (length 43839) has no trained clipping model
[2025-07-09 16:59:26.586] [jointLog] [warning] read 5e832159-ea2a-45f6-9a75-4fb817af4224 (length 43839) has no trained clipping model
[2025-07-09 16:59:26.586] [jointLog] [warning] read 58f3032e-8235-4dbb-b13c-a0fc28cdf971 (length 40150 - align length 880) has no trained error model
[2025-07-09 16:59:26.586] [jointLog] [warning] read 58f3032e-8235-4dbb-b13c-a0fc28cdf971 (length 40150) has no trained clipping model
[2025-07-09 16:59:26.586] [jointLog] [warning] read 58f3032e-8235-4dbb-b13c-a0fc28cdf971 (length 40150) has no trained clipping model
[2025-07-09 16:59:26.586] [jointLog] [warning] read 7cda4eed-f801-41a1-a30c-c134beae84ab (length 20908 - align length 704) has no trained error model
[2025-07-09 16:59:26.586] [jointLog] [warning] read 7cda4eed-f801-41a1-a30c-c134beae84ab (length 20908) has no trained clipping model
[2025-07-09 16:59:26.586] [jointLog] [warning] read 7cda4eed-f801-41a1-a30c-c134beae84ab (length 20908) has no trained clipping model
[2025-07-09 16:59:26.586] [jointLog] [warning] read a1017f30-fbbf-4f3e-a2e0-b5ffa9970b9a (length 16549 - align length 163) has no trained error model
[2025-07-09 16:59:26.586] [jointLog] [warning] read a1017f30-fbbf-4f3e-a2e0-b5ffa9970b9a (length 16549) has no trained clipping model
[2025-07-09 16:59:26.586] [jointLog] [warning] read a1017f30-fbbf-4f3e-a2e0-b5ffa9970b9a (length 16549) has no trained clipping model
[2025-07-09 16:59:26.586] [jointLog] [warning] read 98e91725-5700-4394-bcca-5f5a6b0b806c (length 47096 - align length 478) has no trained error model
[2025-07-09 16:59:26.586] [jointLog] [warning] read 98e91725-5700-4394-bcca-5f5a6b0b806c (length 47096) has no trained clipping model
[2025-07-09 16:59:26.586] [jointLog] [warning] read 98e91725-5700-4394-bcca-5f5a6b0b806c (length 47096) has no trained clipping model
[2025-07-09 16:59:26.586] [jointLog] [warning] read 8c66e23c-e911-4a1b-8ddb-1c1ffc6983d3 (length 24744 - align length 452) has no trained error model
[2025-07-09 16:59:26.586] [jointLog] [warning] read 8c66e23c-e911-4a1b-8ddb-1c1ffc6983d3 (length 24744) has no trained clipping model
[2025-07-09 16:59:26.586] [jointLog] [warning] read 8c66e23c-e911-4a1b-8ddb-1c1ffc6983d3 (length 24744) has no trained clipping model
[2025-07-09 16:59:26.586] [jointLog] [warning] read d05c5b4a-bfda-427e-a7f4-d30931317f1e (length 34793 - align length 626) has no trained error model
[2025-07-09 16:59:26.586] [jointLog] [warning] read d05c5b4a-bfda-427e-a7f4-d30931317f1e (length 34793) has no trained clipping model
[2025-07-09 16:59:26.586] [jointLog] [warning] read d05c5b4a-bfda-427e-a7f4-d30931317f1e (length 34793) has no trained clipping model
[2025-07-09 16:59:26.587] [jointLog] [warning] read f2e9b8f0-a44a-4aba-8aa3-b926453d6574 (length 19127 - align length 2727) has no trained error model
[2025-07-09 16:59:26.587] [jointLog] [warning] read f2e9b8f0-a44a-4aba-8aa3-b926453d6574 (length 19127) has no trained clipping model
[2025-07-09 16:59:26.587] [jointLog] [warning] read f2e9b8f0-a44a-4aba-8aa3-b926453d6574 (length 19127) has no trained clipping model
[2025-07-09 16:59:26.587] [jointLog] [warning] read 64621d1a-8ff8-4e29-ac20-797ada433871 (length 33960 - align length 345) has no trained error model
[2025-07-09 16:59:26.587] [jointLog] [warning] read 64621d1a-8ff8-4e29-ac20-797ada433871 (length 33960) has no trained clipping model
[2025-07-09 16:59:26.587] [jointLog] [warning] read 64621d1a-8ff8-4e29-ac20-797ada433871 (length 33960) has no trained clipping model
[2025-07-09 16:59:26.587] [jointLog] [warning] read 9bae8b5d-7463-4fc3-9354-ea5609acca5e (length 27326 - align length 392) has no trained error model
[2025-07-09 16:59:26.587] [jointLog] [warning] read 9bae8b5d-7463-4fc3-9354-ea5609acca5e (length 27326) has no trained clipping model
[2025-07-09 16:59:26.587] [jointLog] [warning] read 9bae8b5d-7463-4fc3-9354-ea5609acca5e (length 27326) has no trained clipping model
[2025-07-09 16:59:26.587] [jointLog] [warning] read aba4b9d7-993a-4663-af5f-265636dd49f8 (length 21819 - align length 395) has no trained error model
[2025-07-09 16:59:26.587] [jointLog] [warning] read aba4b9d7-993a-4663-af5f-265636dd49f8 (length 21819) has no trained clipping model
[2025-07-09 16:59:26.587] [jointLog] [warning] read aba4b9d7-993a-4663-af5f-265636dd49f8 (length 21819) has no trained clipping model
[2025-07-09 16:59:26.587] [jointLog] [warning] read ff83da9b-01b5-4e0e-96ad-a974965e2797 (length 12960) has no trained clipping model
[2025-07-09 16:59:26.587] [jointLog] [warning] read 0441fed7-eeef-4754-82a8-703cbd264e05 (length 40119 - align length 1176) has no trained error model
[2025-07-09 16:59:26.587] [jointLog] [warning] read 0441fed7-eeef-4754-82a8-703cbd264e05 (length 40119) has no trained clipping model
[2025-07-09 16:59:26.587] [jointLog] [warning] read 0441fed7-eeef-4754-82a8-703cbd264e05 (length 40119) has no trained clipping model
[2025-07-09 16:59:26.588] [jointLog] [warning] read 242a0aac-27b4-4ca5-a47d-946462adf412 (length 14977 - align length 14967) has no trained error model
[2025-07-09 16:59:26.588] [jointLog] [warning] read 17c40015-fbb3-46f1-8fda-af14fdf1b4f7 (length 17848 - align length 1322) has no trained error model
[2025-07-09 16:59:26.588] [jointLog] [warning] read 17c40015-fbb3-46f1-8fda-af14fdf1b4f7 (length 17848) has no trained clipping model
[2025-07-09 16:59:26.588] [jointLog] [warning] read 17c40015-fbb3-46f1-8fda-af14fdf1b4f7 (length 17848) has no trained clipping model
[2025-07-09 16:59:26.588] [jointLog] [warning] read bc463ffc-bb88-493b-9603-0e52365860c4 (length 15370 - align length 4140) has no trained error model
[2025-07-09 16:59:26.588] [jointLog] [warning] read bc463ffc-bb88-493b-9603-0e52365860c4 (length 15370) has no trained clipping model
[2025-07-09 16:59:26.588] [jointLog] [warning] read bc463ffc-bb88-493b-9603-0e52365860c4 (length 15370) has no trained clipping model
[2025-07-09 16:59:26.588] [jointLog] [warning] read 43de61db-36d7-478a-bf6e-a0ac2bd300f3 (length 47724 - align length 529) has no trained error model
[2025-07-09 16:59:26.588] [jointLog] [warning] read 43de61db-36d7-478a-bf6e-a0ac2bd300f3 (length 47724) has no trained clipping model
[2025-07-09 16:59:26.588] [jointLog] [warning] read 43de61db-36d7-478a-bf6e-a0ac2bd300f3 (length 47724) has no trained clipping model
[2025-07-09 16:59:26.588] [jointLog] [warning] read 07aa0ace-b587-4b2f-8a20-0ec3a4f2f951 (length 15794 - align length 15744) has no trained error model
[2025-07-09 16:59:26.588] [jointLog] [warning] read 47dd5065-868b-43b6-afe4-2556249c6aae (length 40842 - align length 4292) has no trained error model
[2025-07-09 16:59:26.588] [jointLog] [warning] read 47dd5065-868b-43b6-afe4-2556249c6aae (length 40842) has no trained clipping model
[2025-07-09 16:59:26.588] [jointLog] [warning] read 47dd5065-868b-43b6-afe4-2556249c6aae (length 40842) has no trained clipping model
[2025-07-09 16:59:26.588] [jointLog] [warning] read 529e6fe9-bbc6-45eb-9cf6-c2db8331c388 (length 42344 - align length 1393) has no trained error model
[2025-07-09 16:59:26.588] [jointLog] [warning] read 529e6fe9-bbc6-45eb-9cf6-c2db8331c388 (length 42344) has no trained clipping model
[2025-07-09 16:59:26.588] [jointLog] [warning] read 529e6fe9-bbc6-45eb-9cf6-c2db8331c388 (length 42344) has no trained clipping model
[2025-07-09 16:59:26.588] [jointLog] [warning] read 304b91b1-6841-4bd3-8299-53b8474be30f (length 29142 - align length 91) has no trained error model
[2025-07-09 16:59:26.588] [jointLog] [warning] read 304b91b1-6841-4bd3-8299-53b8474be30f (length 29142) has no trained clipping model
[2025-07-09 16:59:26.588] [jointLog] [warning] read 304b91b1-6841-4bd3-8299-53b8474be30f (length 29142) has no trained clipping model
[2025-07-09 16:59:26.588] [jointLog] [warning] read e5fad1cf-2c0f-4964-9af3-588a0cca8d8c (length 44236 - align length 697) has no trained error model
[2025-07-09 16:59:26.588] [jointLog] [warning] read e5fad1cf-2c0f-4964-9af3-588a0cca8d8c (length 44236) has no trained clipping model
[2025-07-09 16:59:26.588] [jointLog] [warning] read e5fad1cf-2c0f-4964-9af3-588a0cca8d8c (length 44236) has no trained clipping model
[2025-07-09 16:59:26.589] [jointLog] [warning] read a962eb7c-bc94-4f94-a5a9-efff9f97058f (length 25615 - align length 672) has no trained error model
[2025-07-09 16:59:26.589] [jointLog] [warning] read a962eb7c-bc94-4f94-a5a9-efff9f97058f (length 25615) has no trained clipping model
[2025-07-09 16:59:26.589] [jointLog] [warning] read a962eb7c-bc94-4f94-a5a9-efff9f97058f (length 25615) has no trained clipping model
[2025-07-09 16:59:26.589] [jointLog] [warning] read 14fd1b6c-e731-43c7-8445-c57f02ac511c (length 15919 - align length 15820) has no trained error model
[2025-07-09 16:59:26.589] [jointLog] [warning] read db23f463-a755-448e-9a3b-fc330516a452 (length 39061 - align length 306) has no trained error model
[2025-07-09 16:59:26.589] [jointLog] [warning] read db23f463-a755-448e-9a3b-fc330516a452 (length 39061) has no trained clipping model
[2025-07-09 16:59:26.589] [jointLog] [warning] read db23f463-a755-448e-9a3b-fc330516a452 (length 39061) has no trained clipping model
[2025-07-09 16:59:26.589] [jointLog] [warning] read 8397e69b-e955-4003-ba12-c16189c92e51 (length 41297 - align length 666) has no trained error model
[2025-07-09 16:59:26.589] [jointLog] [warning] read 8397e69b-e955-4003-ba12-c16189c92e51 (length 41297) has no trained clipping model
[2025-07-09 16:59:26.589] [jointLog] [warning] read 8397e69b-e955-4003-ba12-c16189c92e51 (length 41297) has no trained clipping model
[2025-07-09 16:59:26.589] [jointLog] [warning] read bb4a6f90-2264-4d42-90e8-7acda9c72461 (length 15384 - align length 15313) has no trained error model
[2025-07-09 16:59:26.589] [jointLog] [warning] read bb4a6f90-2264-4d42-90e8-7acda9c72461 (length 15384) has no trained clipping model
[2025-07-09 16:59:26.589] [jointLog] [warning] read bb4a6f90-2264-4d42-90e8-7acda9c72461 (length 15384) has no trained clipping model
[2025-07-09 16:59:26.589] [jointLog] [warning] read 082f98b0-f8ce-41bd-9bf5-164d4fd31aa9 (length 21810 - align length 963) has no trained error model
[2025-07-09 16:59:26.589] [jointLog] [warning] read 082f98b0-f8ce-41bd-9bf5-164d4fd31aa9 (length 21810) has no trained clipping model
[2025-07-09 16:59:26.589] [jointLog] [warning] read 082f98b0-f8ce-41bd-9bf5-164d4fd31aa9 (length 21810) has no trained clipping model
[2025-07-09 16:59:26.590] [jointLog] [warning] read 648ab7a4-2502-44c9-94eb-9fc482b0689e (length 31482 - align length 643) has no trained error model
[2025-07-09 16:59:26.590] [jointLog] [warning] read 648ab7a4-2502-44c9-94eb-9fc482b0689e (length 31482) has no trained clipping model
[2025-07-09 16:59:26.590] [jointLog] [warning] read 648ab7a4-2502-44c9-94eb-9fc482b0689e (length 31482) has no trained clipping model
[2025-07-09 16:59:26.590] [jointLog] [warning] read f6dbf790-d6c8-44e1-b1c6-1972b1d3673f (length 18916 - align length 188) has no trained error model
[2025-07-09 16:59:26.590] [jointLog] [warning] read f6dbf790-d6c8-44e1-b1c6-1972b1d3673f (length 18916) has no trained clipping model
[2025-07-09 16:59:26.590] [jointLog] [warning] read f6dbf790-d6c8-44e1-b1c6-1972b1d3673f (length 18916) has no trained clipping model
[2025-07-09 16:59:28.247] [jointLog] [warning] read 061c0e5e-0e19-45b9-975f-d3dc0aaa8032 (length 12427 - align length 12378) has no trained error model
[2025-07-09 16:59:28.284] [jointLog] [warning] read 748a67a0-0a54-4178-a80c-e528b865e82c (length 39773 - align length 948) has no trained error model
[2025-07-09 16:59:28.284] [jointLog] [warning] read 748a67a0-0a54-4178-a80c-e528b865e82c (length 39773) has no trained clipping model
[2025-07-09 16:59:28.284] [jointLog] [warning] read 748a67a0-0a54-4178-a80c-e528b865e82c (length 39773) has no trained clipping model
[2025-07-09 16:59:28.286] [jointLog] [warning] read 667b968a-76a0-4550-8f1a-62da9c7de0f8 (length 17581 - align length 821) has no trained error model
[2025-07-09 16:59:28.286] [jointLog] [warning] read 667b968a-76a0-4550-8f1a-62da9c7de0f8 (length 17581) has no trained clipping model
[2025-07-09 16:59:28.286] [jointLog] [warning] read 667b968a-76a0-4550-8f1a-62da9c7de0f8 (length 17581) has no trained clipping model
[2025-07-09 16:59:28.286] [jointLog] [warning] read a8279dd2-8f8a-4231-b32e-174344c5f103 (length 22619) has no trained clipping model
[2025-07-09 16:59:28.287] [jointLog] [warning] read 9f995347-d1f9-4514-abc7-e3acd7ecfe84 (length 25050 - align length 335) has no trained error model
[2025-07-09 16:59:28.287] [jointLog] [warning] read 9f995347-d1f9-4514-abc7-e3acd7ecfe84 (length 25050) has no trained clipping model
[2025-07-09 16:59:28.287] [jointLog] [warning] read 9f995347-d1f9-4514-abc7-e3acd7ecfe84 (length 25050) has no trained clipping model
[2025-07-09 16:59:28.291] [jointLog] [warning] read a2c3ab14-70df-49c0-b060-cdccd4162007 (length 37075 - align length 1698) has no trained error model
[2025-07-09 16:59:28.291] [jointLog] [warning] read a2c3ab14-70df-49c0-b060-cdccd4162007 (length 37075) has no trained clipping model
[2025-07-09 16:59:28.291] [jointLog] [warning] read a2c3ab14-70df-49c0-b060-cdccd4162007 (length 37075) has no trained clipping model
[2025-07-09 16:59:28.941] [fileLog] [info] quantification processed 16000000 fragments so far

[2025-07-09 16:59:30.372] [jointLog] [warning] read cd016972-0c1d-4068-93a2-e6035c4f7da6 (length 25732 - align length 837) has no trained error model
[2025-07-09 16:59:30.372] [jointLog] [warning] read cd016972-0c1d-4068-93a2-e6035c4f7da6 (length 25732) has no trained clipping model
[2025-07-09 16:59:30.372] [jointLog] [warning] read cd016972-0c1d-4068-93a2-e6035c4f7da6 (length 25732) has no trained clipping model
[2025-07-09 16:59:30.374] [jointLog] [warning] read affadcb5-5a86-4092-80a3-d10cef7a01bf (length 20989 - align length 309) has no trained error model
[2025-07-09 16:59:30.374] [jointLog] [warning] read affadcb5-5a86-4092-80a3-d10cef7a01bf (length 20989) has no trained clipping model
[2025-07-09 16:59:30.374] [jointLog] [warning] read affadcb5-5a86-4092-80a3-d10cef7a01bf (length 20989) has no trained clipping model
[2025-07-09 16:59:30.375] [jointLog] [warning] read a6538e3f-9769-4598-b4f0-6451a4822615 (length 16508 - align length 3131) has no trained error model
[2025-07-09 16:59:30.375] [jointLog] [warning] read a6538e3f-9769-4598-b4f0-6451a4822615 (length 16508) has no trained clipping model
[2025-07-09 16:59:30.375] [jointLog] [warning] read a6538e3f-9769-4598-b4f0-6451a4822615 (length 16508) has no trained clipping model
[2025-07-09 16:59:30.375] [jointLog] [warning] read 95760197-d947-45de-ab44-8a402862642d (length 36719 - align length 1240) has no trained error model
[2025-07-09 16:59:30.375] [jointLog] [warning] read 95760197-d947-45de-ab44-8a402862642d (length 36719) has no trained clipping model
[2025-07-09 16:59:30.375] [jointLog] [warning] read 95760197-d947-45de-ab44-8a402862642d (length 36719) has no trained clipping model
[2025-07-09 16:59:30.375] [jointLog] [warning] read b12b5e43-f4d9-46ab-9eee-34bf49a4685f (length 26833 - align length 521) has no trained error model
[2025-07-09 16:59:30.375] [jointLog] [warning] read b12b5e43-f4d9-46ab-9eee-34bf49a4685f (length 26833) has no trained clipping model
[2025-07-09 16:59:30.375] [jointLog] [warning] read b12b5e43-f4d9-46ab-9eee-34bf49a4685f (length 26833) has no trained clipping model
[2025-07-09 16:59:30.375] [jointLog] [warning] read 92e20f1a-df4c-4a66-ba58-79e95e79f0dd (length 31221 - align length 1588) has no trained error model
[2025-07-09 16:59:30.375] [jointLog] [warning] read 92e20f1a-df4c-4a66-ba58-79e95e79f0dd (length 31221) has no trained clipping model
[2025-07-09 16:59:30.375] [jointLog] [warning] read 92e20f1a-df4c-4a66-ba58-79e95e79f0dd (length 31221) has no trained clipping model
[2025-07-09 16:59:30.375] [jointLog] [warning] read b8967370-01ae-4e32-8184-249491587612 (length 38153 - align length 1823) has no trained error model
[2025-07-09 16:59:30.375] [jointLog] [warning] read b8967370-01ae-4e32-8184-249491587612 (length 38153) has no trained clipping model
[2025-07-09 16:59:30.375] [jointLog] [warning] read b8967370-01ae-4e32-8184-249491587612 (length 38153) has no trained clipping model
[2025-07-09 16:59:30.375] [jointLog] [warning] read 443253e7-3f9d-4a1f-bd7a-5fb2ae4edb37 (length 34222 - align length 292) has no trained error model
[2025-07-09 16:59:30.375] [jointLog] [warning] read 443253e7-3f9d-4a1f-bd7a-5fb2ae4edb37 (length 34222) has no trained clipping model
[2025-07-09 16:59:30.375] [jointLog] [warning] read 443253e7-3f9d-4a1f-bd7a-5fb2ae4edb37 (length 34222) has no trained clipping model
[2025-07-09 16:59:30.375] [jointLog] [warning] read 56b7d314-1a20-4b60-9c0a-e8c64733a4fa (length 19143 - align length 121) has no trained error model
[2025-07-09 16:59:30.375] [jointLog] [warning] read 56b7d314-1a20-4b60-9c0a-e8c64733a4fa (length 19143) has no trained clipping model
[2025-07-09 16:59:30.375] [jointLog] [warning] read 56b7d314-1a20-4b60-9c0a-e8c64733a4fa (length 19143) has no trained clipping model
[2025-07-09 16:59:30.376] [jointLog] [warning] read 763a7ba6-bf5e-46c2-baa5-a27562c6ada7 (length 15800 - align length 15797) has no trained error model
[2025-07-09 16:59:30.376] [jointLog] [warning] read 1009736e-4c17-4ae7-81ce-cc766e3719c0 (length 46026 - align length 3928) has no trained error model
[2025-07-09 16:59:30.376] [jointLog] [warning] read 1009736e-4c17-4ae7-81ce-cc766e3719c0 (length 46026) has no trained clipping model
[2025-07-09 16:59:30.376] [jointLog] [warning] read 1009736e-4c17-4ae7-81ce-cc766e3719c0 (length 46026) has no trained clipping model
[2025-07-09 16:59:30.376] [jointLog] [warning] read a467cf21-d451-4642-99e2-d31e4439933b (length 23394 - align length 301) has no trained error model
[2025-07-09 16:59:30.376] [jointLog] [warning] read a467cf21-d451-4642-99e2-d31e4439933b (length 23394) has no trained clipping model
[2025-07-09 16:59:30.376] [jointLog] [warning] read a467cf21-d451-4642-99e2-d31e4439933b (length 23394) has no trained clipping model
[2025-07-09 16:59:30.376] [jointLog] [warning] read 9aeef376-092c-4043-a82d-c64b7a873aa0 (length 37286 - align length 982) has no trained error model
[2025-07-09 16:59:30.376] [jointLog] [warning] read 9aeef376-092c-4043-a82d-c64b7a873aa0 (length 37286) has no trained clipping model
[2025-07-09 16:59:30.376] [jointLog] [warning] read 9aeef376-092c-4043-a82d-c64b7a873aa0 (length 37286) has no trained clipping model
[2025-07-09 16:59:30.376] [jointLog] [warning] read e5855dd0-2eea-4524-8abc-c7c72bca244a (length 32781 - align length 544) has no trained error model
[2025-07-09 16:59:30.376] [jointLog] [warning] read e5855dd0-2eea-4524-8abc-c7c72bca244a (length 32781) has no trained clipping model
[2025-07-09 16:59:30.376] [jointLog] [warning] read e5855dd0-2eea-4524-8abc-c7c72bca244a (length 32781) has no trained clipping model
[2025-07-09 16:59:30.376] [jointLog] [warning] read 594e8f3d-c9f6-4176-922e-149cfd7e5963 (length 31495 - align length 416) has no trained error model
[2025-07-09 16:59:30.376] [jointLog] [warning] read 594e8f3d-c9f6-4176-922e-149cfd7e5963 (length 31495) has no trained clipping model
[2025-07-09 16:59:30.376] [jointLog] [warning] read 594e8f3d-c9f6-4176-922e-149cfd7e5963 (length 31495) has no trained clipping model
[2025-07-09 16:59:30.376] [jointLog] [warning] read 6182151f-a92a-4ede-89cd-dfd0460f57e4 (length 16104) has no trained clipping model
[2025-07-09 16:59:30.376] [jointLog] [warning] read 05d2d066-e9b7-42fa-a25a-6ed847f046ef (length 44832 - align length 487) has no trained error model
[2025-07-09 16:59:30.376] [jointLog] [warning] read 05d2d066-e9b7-42fa-a25a-6ed847f046ef (length 44832) has no trained clipping model
[2025-07-09 16:59:30.376] [jointLog] [warning] read 05d2d066-e9b7-42fa-a25a-6ed847f046ef (length 44832) has no trained clipping model
[2025-07-09 16:59:30.376] [jointLog] [warning] read 41e790f4-4e2d-429b-bb29-108aff931e13 (length 38050 - align length 88) has no trained error model
[2025-07-09 16:59:30.376] [jointLog] [warning] read 41e790f4-4e2d-429b-bb29-108aff931e13 (length 38050) has no trained clipping model
[2025-07-09 16:59:30.376] [jointLog] [warning] read 41e790f4-4e2d-429b-bb29-108aff931e13 (length 38050) has no trained clipping model
[2025-07-09 16:59:30.376] [jointLog] [warning] read 42a2af24-b682-4144-8d9d-f60011d0a711 (length 34335 - align length 1667) has no trained error model
[2025-07-09 16:59:30.376] [jointLog] [warning] read 42a2af24-b682-4144-8d9d-f60011d0a711 (length 34335) has no trained clipping model
[2025-07-09 16:59:30.376] [jointLog] [warning] read 42a2af24-b682-4144-8d9d-f60011d0a711 (length 34335) has no trained clipping model
[2025-07-09 16:59:30.377] [jointLog] [warning] read f17d8e30-98d1-4058-8970-1798a858aed0 (length 45576 - align length 74) has no trained error model
[2025-07-09 16:59:30.377] [jointLog] [warning] read f17d8e30-98d1-4058-8970-1798a858aed0 (length 45576) has no trained clipping model
[2025-07-09 16:59:30.377] [jointLog] [warning] read f17d8e30-98d1-4058-8970-1798a858aed0 (length 45576) has no trained clipping model
[2025-07-09 16:59:30.377] [jointLog] [warning] read 17776126-055a-4b9e-8f95-7a63358340df (length 24343 - align length 256) has no trained error model
[2025-07-09 16:59:30.377] [jointLog] [warning] read 17776126-055a-4b9e-8f95-7a63358340df (length 24343) has no trained clipping model
[2025-07-09 16:59:30.377] [jointLog] [warning] read 17776126-055a-4b9e-8f95-7a63358340df (length 24343) has no trained clipping model
[2025-07-09 16:59:30.377] [jointLog] [warning] read fce20ba3-cb7c-408a-b038-dde41a2f24fa (length 49877 - align length 616) has no trained error model
[2025-07-09 16:59:30.377] [jointLog] [warning] read fce20ba3-cb7c-408a-b038-dde41a2f24fa (length 49877) has no trained clipping model
[2025-07-09 16:59:30.377] [jointLog] [warning] read fce20ba3-cb7c-408a-b038-dde41a2f24fa (length 49877) has no trained clipping model
[2025-07-09 16:59:30.396] [jointLog] [warning] read 3db6b760-7268-4ec6-9e90-e872c84a2dcf (length 33460 - align length 418) has no trained error model
[2025-07-09 16:59:30.396] [jointLog] [warning] read 3db6b760-7268-4ec6-9e90-e872c84a2dcf (length 33460) has no trained clipping model
[2025-07-09 16:59:30.396] [jointLog] [warning] read 3db6b760-7268-4ec6-9e90-e872c84a2dcf (length 33460) has no trained clipping model
[2025-07-09 16:59:30.396] [jointLog] [warning] read 86183d60-e8b4-4007-b7ea-e5022c0e45eb (length 35463 - align length 121) has no trained error model
[2025-07-09 16:59:30.396] [jointLog] [warning] read 86183d60-e8b4-4007-b7ea-e5022c0e45eb (length 35463) has no trained clipping model
[2025-07-09 16:59:30.396] [jointLog] [warning] read 86183d60-e8b4-4007-b7ea-e5022c0e45eb (length 35463) has no trained clipping model
[2025-07-09 16:59:30.396] [jointLog] [warning] read 35496d05-75a2-4a6d-a314-d038e5da59c2 (length 37767 - align length 1492) has no trained error model
[2025-07-09 16:59:30.396] [jointLog] [warning] read 35496d05-75a2-4a6d-a314-d038e5da59c2 (length 37767) has no trained clipping model
[2025-07-09 16:59:30.396] [jointLog] [warning] read 35496d05-75a2-4a6d-a314-d038e5da59c2 (length 37767) has no trained clipping model
[2025-07-09 16:59:30.396] [jointLog] [warning] read 4a3f447f-2f6a-4b3f-bf4f-6d73783ce84c (length 42552 - align length 464) has no trained error model
[2025-07-09 16:59:30.396] [jointLog] [warning] read 4a3f447f-2f6a-4b3f-bf4f-6d73783ce84c (length 42552) has no trained clipping model
[2025-07-09 16:59:30.396] [jointLog] [warning] read 4a3f447f-2f6a-4b3f-bf4f-6d73783ce84c (length 42552) has no trained clipping model
[2025-07-09 16:59:30.396] [jointLog] [warning] read 8ed2bc2c-f139-4716-b128-5ca2028b36ed (length 47141 - align length 631) has no trained error model
[2025-07-09 16:59:30.396] [jointLog] [warning] read 8ed2bc2c-f139-4716-b128-5ca2028b36ed (length 47141) has no trained clipping model
[2025-07-09 16:59:30.396] [jointLog] [warning] read 8ed2bc2c-f139-4716-b128-5ca2028b36ed (length 47141) has no trained clipping model
[2025-07-09 16:59:30.397] [jointLog] [warning] read 7f50e24d-cba5-402b-92fe-43278a2ebea3 (length 46579 - align length 795) has no trained error model
[2025-07-09 16:59:30.397] [jointLog] [warning] read 7f50e24d-cba5-402b-92fe-43278a2ebea3 (length 46579) has no trained clipping model
[2025-07-09 16:59:30.397] [jointLog] [warning] read 7f50e24d-cba5-402b-92fe-43278a2ebea3 (length 46579) has no trained clipping model
[2025-07-09 16:59:30.397] [jointLog] [warning] read f530c481-b686-4297-b433-ab39cd3c56d4 (length 14116 - align length 14077) has no trained error model
[2025-07-09 16:59:30.397] [jointLog] [warning] read f530c481-b686-4297-b433-ab39cd3c56d4 (length 14116) has no trained clipping model
[2025-07-09 16:59:30.397] [jointLog] [warning] read f530c481-b686-4297-b433-ab39cd3c56d4 (length 14116) has no trained clipping model
[2025-07-09 16:59:30.397] [jointLog] [warning] read 7afb4199-a198-41d8-ab7d-7f240f6d6fd7 (length 38348 - align length 820) has no trained error model
[2025-07-09 16:59:30.397] [jointLog] [warning] read 7afb4199-a198-41d8-ab7d-7f240f6d6fd7 (length 38348) has no trained clipping model
[2025-07-09 16:59:30.397] [jointLog] [warning] read 7afb4199-a198-41d8-ab7d-7f240f6d6fd7 (length 38348) has no trained clipping model
[2025-07-09 16:59:30.397] [jointLog] [warning] read 2f505389-8c66-451b-a012-e410c44eb62e (length 41164 - align length 1075) has no trained error model
[2025-07-09 16:59:30.397] [jointLog] [warning] read 2f505389-8c66-451b-a012-e410c44eb62e (length 41164) has no trained clipping model
[2025-07-09 16:59:30.397] [jointLog] [warning] read 2f505389-8c66-451b-a012-e410c44eb62e (length 41164) has no trained clipping model
[2025-07-09 16:59:30.400] [jointLog] [warning] read 31e9a5ea-14ca-4fd4-b149-9553c966d035 (length 24630 - align length 314) has no trained error model
[2025-07-09 16:59:30.400] [jointLog] [warning] read 31e9a5ea-14ca-4fd4-b149-9553c966d035 (length 24630) has no trained clipping model
[2025-07-09 16:59:30.400] [jointLog] [warning] read 31e9a5ea-14ca-4fd4-b149-9553c966d035 (length 24630) has no trained clipping model
[2025-07-09 16:59:30.403] [jointLog] [warning] read 69b71779-3f3d-48d9-ba44-1422951313ee (length 32840 - align length 311) has no trained error model
[2025-07-09 16:59:30.403] [jointLog] [warning] read 69b71779-3f3d-48d9-ba44-1422951313ee (length 32840) has no trained clipping model
[2025-07-09 16:59:30.403] [jointLog] [warning] read 69b71779-3f3d-48d9-ba44-1422951313ee (length 32840) has no trained clipping model
[2025-07-09 16:59:30.403] [jointLog] [warning] read 90ad363c-09bb-4961-bd60-487819567bae (length 34859 - align length 3599) has no trained error model
[2025-07-09 16:59:30.403] [jointLog] [warning] read 90ad363c-09bb-4961-bd60-487819567bae (length 34859) has no trained clipping model
[2025-07-09 16:59:30.403] [jointLog] [warning] read 90ad363c-09bb-4961-bd60-487819567bae (length 34859) has no trained clipping model
[2025-07-09 16:59:33.210] [jointLog] [info] Thread saw mini-batch with a maximum of 9.20% zero probability fragments
[2025-07-09 16:59:33.210] [jointLog] [info] Thread saw mini-batch with a maximum of 10.30% zero probability fragments
[2025-07-09 16:59:33.222] [jointLog] [info] Thread saw mini-batch with a maximum of 9.10% zero probability fragments
[2025-07-09 16:59:33.227] [jointLog] [info] Thread saw mini-batch with a maximum of 22.80% zero probability fragments
[2025-07-09 16:59:33.229] [jointLog] [info] Thread saw mini-batch with a maximum of 9.00% zero probability fragments
[2025-07-09 16:59:33.229] [jointLog] [info] 


Completed first pass through the alignment file.
Total # of mapped reads : 16899658
# of uniquely mapped reads : 16652313
# ambiguously mapped reads : 247345



[2025-07-09 16:59:33.271] [jointLog] [info] Computed 47,833 rich equivalence classes for further processing
[2025-07-09 16:59:33.271] [jointLog] [info] Counted 16,068,248 total reads in the equivalence classes 
[2025-07-09 16:59:33.273] [jointLog] [info] starting optimizer
[2025-07-09 16:59:33.209] [fileLog] [info] quantification processed 16899658 fragments so far

[2025-07-09 16:59:33.330] [jointLog] [info] Marked 0 weighted equivalence classes as degenerate
[2025-07-09 16:59:33.333] [jointLog] [info] iteration = 0 | max rel diff. = 412.923
[2025-07-09 16:59:33.643] [jointLog] [info] iteration = 100 | max rel diff. = 1.66955e-16
[2025-07-09 16:59:33.658] [jointLog] [info] finished optimizer
[2025-07-09 16:59:33.658] [jointLog] [info] writing output
