[2025-07-09 17:03:22.838] [jointLog] [info] setting maxHashResizeThreads to 10
[2025-07-09 17:03:22.838] [jointLog] [info] Fragment incompatibility prior below threshold.  Incompatible fragments will be ignored.
[2025-07-09 17:03:22.984] [jointLog] [info] numQuantThreads = 5
[2025-07-09 17:03:25.110] [jointLog] [info] replaced 0 non-ACGT nucleotides with random nucleotides
[2025-07-09 17:03:25.261] [jointLog] [warning] read bb812968-0152-4a86-b006-39ae08bcbd58 (length 2087) has no trained clipping model
[2025-07-09 17:03:25.261] [jointLog] [warning] read 8ab13f55-0780-423a-9290-9d4091a766d5 (length 2205 - align length 2205) has no trained error model
[2025-07-09 17:03:25.261] [jointLog] [warning] read 8ab13f55-0780-423a-9290-9d4091a766d5 (length 2205) has no trained clipping model
[2025-07-09 17:03:25.261] [jointLog] [warning] read 8ab13f55-0780-423a-9290-9d4091a766d5 (length 2205) has no trained clipping model
[2025-07-09 17:03:25.262] [jointLog] [warning] read 3242eace-efe5-4174-a253-2149011c218f (length 2104) has no trained clipping model
[2025-07-09 17:03:25.262] [jointLog] [warning] read a030c931-b3ae-4a55-a4b5-b533539c52cb (length 2511 - align length 2462) has no trained error model
[2025-07-09 17:03:25.262] [jointLog] [warning] read a030c931-b3ae-4a55-a4b5-b533539c52cb (length 2511) has no trained clipping model
[2025-07-09 17:03:25.262] [jointLog] [warning] read a030c931-b3ae-4a55-a4b5-b533539c52cb (length 2511) has no trained clipping model
[2025-07-09 17:03:25.262] [jointLog] [warning] read 3aa1e06f-a7a0-48c8-aeb2-81031b24c855 (length 2241) has no trained clipping model
[2025-07-09 17:03:25.262] [jointLog] [warning] read 3aa1e06f-a7a0-48c8-aeb2-81031b24c855 (length 2241) has no trained clipping model
[2025-07-09 17:03:25.262] [jointLog] [warning] read 0b4e8cd1-68d5-4ec3-b58d-7fcf3f57df39 (length 2347 - align length 2300) has no trained error model
[2025-07-09 17:03:25.262] [jointLog] [warning] read 71763cb2-c42e-4ae9-aa05-693ce6428588 (length 1945) has no trained clipping model
[2025-07-09 17:03:25.262] [jointLog] [warning] read 0bd460c6-8058-41f5-96cd-cff4290326b2 (length 2281) has no trained clipping model
[2025-07-09 17:03:25.262] [jointLog] [warning] read 2a5e9b29-06e6-4589-a0e9-e75089647100 (length 2154) has no trained clipping model
[2025-07-09 17:03:25.263] [jointLog] [warning] read 59c06c59-13d0-45c1-b5ef-f8071212b25f (length 2456 - align length 2455) has no trained error model
[2025-07-09 17:03:25.263] [jointLog] [warning] read 59c06c59-13d0-45c1-b5ef-f8071212b25f (length 2456) has no trained clipping model
[2025-07-09 17:03:25.263] [jointLog] [warning] read 59c06c59-13d0-45c1-b5ef-f8071212b25f (length 2456) has no trained clipping model
[2025-07-09 17:03:25.263] [jointLog] [warning] read 42ee743b-be7e-4707-add3-0bf6d070d99e (length 1956) has no trained clipping model
[2025-07-09 17:03:25.263] [jointLog] [warning] read 06e78af8-336a-4e7c-96e5-83ddd251ed3d (length 2140) has no trained clipping model
[2025-07-09 17:03:25.263] [jointLog] [warning] read 05d9495a-691d-40e7-bced-445ac1bf564f (length 1908) has no trained clipping model
[2025-07-09 17:03:25.264] [jointLog] [warning] read aabfadca-ca54-4e85-9da7-950ee317dbed (length 3964 - align length 3947) has no trained error model
[2025-07-09 17:03:25.264] [jointLog] [warning] read aabfadca-ca54-4e85-9da7-950ee317dbed (length 3964) has no trained clipping model
[2025-07-09 17:03:25.264] [jointLog] [warning] read aabfadca-ca54-4e85-9da7-950ee317dbed (length 3964) has no trained clipping model
[2025-07-09 17:03:25.264] [jointLog] [warning] read 83eba2c1-ccd5-4b5d-a961-21bbf2497e74 (length 2189) has no trained clipping model
[2025-07-09 17:03:25.264] [jointLog] [warning] read 9786af6c-df90-4870-b58f-f9fa44d84a65 (length 4168 - align length 4115) has no trained error model
[2025-07-09 17:03:25.264] [jointLog] [warning] read 9786af6c-df90-4870-b58f-f9fa44d84a65 (length 4168) has no trained clipping model
[2025-07-09 17:03:25.264] [jointLog] [warning] read 9786af6c-df90-4870-b58f-f9fa44d84a65 (length 4168) has no trained clipping model
[2025-07-09 17:03:25.265] [jointLog] [warning] read a7a9188d-0a0b-434f-ac82-e379e51dd228 (length 5447 - align length 5447) has no trained error model
[2025-07-09 17:03:25.265] [jointLog] [warning] read a7a9188d-0a0b-434f-ac82-e379e51dd228 (length 5447) has no trained clipping model
[2025-07-09 17:03:25.265] [jointLog] [warning] read a7a9188d-0a0b-434f-ac82-e379e51dd228 (length 5447) has no trained clipping model
[2025-07-09 17:03:25.266] [jointLog] [warning] read 0c3d1d0b-d832-4fa5-b1e9-ee9a8dfd8437 (length 3112 - align length 1947) has no trained error model
[2025-07-09 17:03:25.266] [jointLog] [warning] read 0c3d1d0b-d832-4fa5-b1e9-ee9a8dfd8437 (length 3112) has no trained clipping model
[2025-07-09 17:03:25.266] [jointLog] [warning] read 0c3d1d0b-d832-4fa5-b1e9-ee9a8dfd8437 (length 3112) has no trained clipping model
[2025-07-09 17:03:25.266] [jointLog] [warning] read 734a872b-3abe-41d8-a46f-53f56b5c27f1 (length 3201 - align length 3197) has no trained error model
[2025-07-09 17:03:25.266] [jointLog] [warning] read 734a872b-3abe-41d8-a46f-53f56b5c27f1 (length 3201) has no trained clipping model
[2025-07-09 17:03:25.266] [jointLog] [warning] read 734a872b-3abe-41d8-a46f-53f56b5c27f1 (length 3201) has no trained clipping model
[2025-07-09 17:03:25.266] [jointLog] [warning] read dfbed8fc-7042-4dd9-8aa1-ea57e62a7fff (length 4071 - align length 3987) has no trained error model
[2025-07-09 17:03:25.266] [jointLog] [warning] read dfbed8fc-7042-4dd9-8aa1-ea57e62a7fff (length 4071) has no trained clipping model
[2025-07-09 17:03:25.266] [jointLog] [warning] read dfbed8fc-7042-4dd9-8aa1-ea57e62a7fff (length 4071) has no trained clipping model
[2025-07-09 17:03:25.266] [jointLog] [warning] read 87ac3b56-09c5-4e3d-98c7-0526a5be4c35 (length 3209 - align length 3201) has no trained error model
[2025-07-09 17:03:25.266] [jointLog] [warning] read 87ac3b56-09c5-4e3d-98c7-0526a5be4c35 (length 3209) has no trained clipping model
[2025-07-09 17:03:25.266] [jointLog] [warning] read 654cf09e-250c-4b5d-947f-5c0ba0cf0edc (length 3003 - align length 3003) has no trained error model
[2025-07-09 17:03:25.266] [jointLog] [warning] read 654cf09e-250c-4b5d-947f-5c0ba0cf0edc (length 3003) has no trained clipping model
[2025-07-09 17:03:25.266] [jointLog] [warning] read 654cf09e-250c-4b5d-947f-5c0ba0cf0edc (length 3003) has no trained clipping model
[2025-07-09 17:03:25.266] [jointLog] [warning] read b918b8b8-8c90-415f-b9a4-e2183418b4ad (length 4029) has no trained clipping model
[2025-07-09 17:03:25.267] [jointLog] [warning] read e2879d0d-002c-4a1e-9bed-ff9ab5c5ed5a (length 2908 - align length 2846) has no trained error model
[2025-07-09 17:03:25.267] [jointLog] [warning] read e2879d0d-002c-4a1e-9bed-ff9ab5c5ed5a (length 2908) has no trained clipping model
[2025-07-09 17:03:25.267] [jointLog] [warning] read e2879d0d-002c-4a1e-9bed-ff9ab5c5ed5a (length 2908) has no trained clipping model
[2025-07-09 17:03:25.267] [jointLog] [warning] read 0223b279-eae1-4c41-8838-a7989f75c787 (length 3891 - align length 3889) has no trained error model
[2025-07-09 17:03:25.267] [jointLog] [warning] read 0223b279-eae1-4c41-8838-a7989f75c787 (length 3891) has no trained clipping model
[2025-07-09 17:03:25.267] [jointLog] [warning] read 0223b279-eae1-4c41-8838-a7989f75c787 (length 3891) has no trained clipping model
[2025-07-09 17:03:25.267] [jointLog] [warning] read d83ad1ad-dd43-4ad8-a308-595f829067cc (length 3204) has no trained clipping model
[2025-07-09 17:03:25.267] [jointLog] [warning] read f31d0906-feab-4984-b807-aeee7d15d756 (length 2705 - align length 2693) has no trained error model
[2025-07-09 17:03:25.267] [jointLog] [warning] read f31d0906-feab-4984-b807-aeee7d15d756 (length 2705) has no trained clipping model
[2025-07-09 17:03:25.267] [jointLog] [warning] read f31d0906-feab-4984-b807-aeee7d15d756 (length 2705) has no trained clipping model
[2025-07-09 17:03:25.267] [jointLog] [warning] read b5af4101-e721-4a3a-bc92-100869cda4ea (length 5878 - align length 5862) has no trained error model
[2025-07-09 17:03:25.267] [jointLog] [warning] read b5af4101-e721-4a3a-bc92-100869cda4ea (length 5878) has no trained clipping model
[2025-07-09 17:03:25.267] [jointLog] [warning] read b5af4101-e721-4a3a-bc92-100869cda4ea (length 5878) has no trained clipping model
[2025-07-09 17:03:25.267] [jointLog] [warning] read 1e80bc84-684e-4b8c-89d6-6c43678953f6 (length 3063) has no trained clipping model
[2025-07-09 17:03:25.267] [jointLog] [warning] read 1e80bc84-684e-4b8c-89d6-6c43678953f6 (length 3063) has no trained clipping model
[2025-07-09 17:03:25.269] [jointLog] [warning] read 29defbe4-027c-42b0-b6fd-145a70c6a422 (length 3932) has no trained clipping model
[2025-07-09 17:03:25.269] [jointLog] [warning] read 65b4c8f9-e80f-4b19-9d0e-efcb403ebe22 (length 2993 - align length 2969) has no trained error model
[2025-07-09 17:03:25.269] [jointLog] [warning] read 65b4c8f9-e80f-4b19-9d0e-efcb403ebe22 (length 2993) has no trained clipping model
[2025-07-09 17:03:25.269] [jointLog] [warning] read 98b36c06-3fe1-4046-b285-bfd127554cdf (length 3753 - align length 3753) has no trained error model
[2025-07-09 17:03:25.269] [jointLog] [warning] read 98b36c06-3fe1-4046-b285-bfd127554cdf (length 3753) has no trained clipping model
[2025-07-09 17:03:25.269] [jointLog] [warning] read 98b36c06-3fe1-4046-b285-bfd127554cdf (length 3753) has no trained clipping model
[2025-07-09 17:03:25.270] [jointLog] [warning] read bca54155-7bfe-4925-874d-2261b742b3fd (length 2948) has no trained clipping model
[2025-07-09 17:03:25.271] [jointLog] [warning] read c5f88982-0dd5-4c37-ad64-c9476fdc781d (length 2809 - align length 2798) has no trained error model
[2025-07-09 17:03:25.272] [jointLog] [warning] read c972dc18-6684-4c4b-9626-fe00e5fa22c2 (length 3511 - align length 3472) has no trained error model
[2025-07-09 17:03:25.272] [jointLog] [warning] read c972dc18-6684-4c4b-9626-fe00e5fa22c2 (length 3511) has no trained clipping model
[2025-07-09 17:03:25.272] [jointLog] [warning] read c972dc18-6684-4c4b-9626-fe00e5fa22c2 (length 3511) has no trained clipping model
[2025-07-09 17:03:25.272] [jointLog] [warning] read 87f58df3-c3ba-4965-9fba-9cc6cb97fd1b (length 6199 - align length 752) has no trained error model
[2025-07-09 17:03:25.272] [jointLog] [warning] read 87f58df3-c3ba-4965-9fba-9cc6cb97fd1b (length 6199) has no trained clipping model
[2025-07-09 17:03:25.272] [jointLog] [warning] read 87f58df3-c3ba-4965-9fba-9cc6cb97fd1b (length 6199) has no trained clipping model
[2025-07-09 17:03:25.272] [jointLog] [warning] read 1ba3d904-c219-4697-b940-6eed1eccfb41 (length 4568 - align length 4534) has no trained error model
[2025-07-09 17:03:25.272] [jointLog] [warning] read 1ba3d904-c219-4697-b940-6eed1eccfb41 (length 4568) has no trained clipping model
[2025-07-09 17:03:25.272] [jointLog] [warning] read 1ba3d904-c219-4697-b940-6eed1eccfb41 (length 4568) has no trained clipping model
[2025-07-09 17:03:25.273] [jointLog] [warning] read 90b6ea1a-ccb8-41ab-8423-2d6942f72b16 (length 5067 - align length 5067) has no trained error model
[2025-07-09 17:03:25.273] [jointLog] [warning] read 90b6ea1a-ccb8-41ab-8423-2d6942f72b16 (length 5067) has no trained clipping model
[2025-07-09 17:03:25.273] [jointLog] [warning] read 90b6ea1a-ccb8-41ab-8423-2d6942f72b16 (length 5067) has no trained clipping model
[2025-07-09 17:03:25.273] [jointLog] [warning] read 4c55a245-33e8-44cc-8875-58dee36e3716 (length 5069) has no trained clipping model
[2025-07-09 17:03:25.273] [jointLog] [warning] read 4c55a245-33e8-44cc-8875-58dee36e3716 (length 5069) has no trained clipping model
[2025-07-09 17:03:25.273] [jointLog] [warning] read fc81f5dd-0d7f-4327-b9df-ec3de8c9e194 (length 3611 - align length 3605) has no trained error model
[2025-07-09 17:03:25.273] [jointLog] [warning] read fc81f5dd-0d7f-4327-b9df-ec3de8c9e194 (length 3611) has no trained clipping model
[2025-07-09 17:03:25.273] [jointLog] [warning] read fc81f5dd-0d7f-4327-b9df-ec3de8c9e194 (length 3611) has no trained clipping model
[2025-07-09 17:03:25.273] [jointLog] [warning] read 217c0ac3-a946-4a83-89e3-73c214d71c6e (length 5387 - align length 5329) has no trained error model
[2025-07-09 17:03:25.273] [jointLog] [warning] read 217c0ac3-a946-4a83-89e3-73c214d71c6e (length 5387) has no trained clipping model
[2025-07-09 17:03:25.273] [jointLog] [warning] read 217c0ac3-a946-4a83-89e3-73c214d71c6e (length 5387) has no trained clipping model
[2025-07-09 17:03:25.273] [jointLog] [warning] read a30d124b-e8f7-4582-ac86-878e92eda132 (length 3311 - align length 3223) has no trained error model
[2025-07-09 17:03:25.273] [jointLog] [warning] read a30d124b-e8f7-4582-ac86-878e92eda132 (length 3311) has no trained clipping model
[2025-07-09 17:03:25.273] [jointLog] [warning] read a30d124b-e8f7-4582-ac86-878e92eda132 (length 3311) has no trained clipping model
[2025-07-09 17:03:25.273] [jointLog] [warning] read b53af559-a830-45df-a60d-eb79eec2fc11 (length 3450 - align length 3440) has no trained error model
[2025-07-09 17:03:25.273] [jointLog] [warning] read b53af559-a830-45df-a60d-eb79eec2fc11 (length 3450) has no trained clipping model
[2025-07-09 17:03:25.273] [jointLog] [warning] read b53af559-a830-45df-a60d-eb79eec2fc11 (length 3450) has no trained clipping model
[2025-07-09 17:03:25.274] [jointLog] [warning] read 1326c0b2-5496-4844-a0ff-5c9b61c3fa0b (length 4252 - align length 4247) has no trained error model
[2025-07-09 17:03:25.274] [jointLog] [warning] read 1326c0b2-5496-4844-a0ff-5c9b61c3fa0b (length 4252) has no trained clipping model
[2025-07-09 17:03:25.274] [jointLog] [warning] read 1326c0b2-5496-4844-a0ff-5c9b61c3fa0b (length 4252) has no trained clipping model
[2025-07-09 17:03:25.274] [jointLog] [warning] read 9423dbe7-3d60-4446-ab9f-3e0c23f2c1ec (length 3895) has no trained clipping model
[2025-07-09 17:03:25.275] [jointLog] [warning] read bc670a6b-d980-475e-a5eb-2cfd336f87d4 (length 3758) has no trained clipping model
[2025-07-09 17:03:25.275] [jointLog] [warning] read bc670a6b-d980-475e-a5eb-2cfd336f87d4 (length 3758) has no trained clipping model
[2025-07-09 17:03:25.275] [jointLog] [warning] read 7f6a324f-efa9-45db-bbf0-0b7410bb3d22 (length 3397 - align length 3351) has no trained error model
[2025-07-09 17:03:25.275] [jointLog] [warning] read 6d972f50-472a-4534-94e2-57bda26ae75a (length 5080) has no trained clipping model
[2025-07-09 17:03:25.275] [jointLog] [warning] read 6d972f50-472a-4534-94e2-57bda26ae75a (length 5080) has no trained clipping model
[2025-07-09 17:03:25.275] [jointLog] [warning] read 466c746f-b691-4528-943b-48cae0595496 (length 6145 - align length 6046) has no trained error model
[2025-07-09 17:03:25.275] [jointLog] [warning] read 466c746f-b691-4528-943b-48cae0595496 (length 6145) has no trained clipping model
[2025-07-09 17:03:25.275] [jointLog] [warning] read b0d77120-5fb4-4bb8-9ad6-c0fd67517b6f (length 4657 - align length 4657) has no trained error model
[2025-07-09 17:03:25.275] [jointLog] [warning] read b0d77120-5fb4-4bb8-9ad6-c0fd67517b6f (length 4657) has no trained clipping model
[2025-07-09 17:03:25.275] [jointLog] [warning] read b0d77120-5fb4-4bb8-9ad6-c0fd67517b6f (length 4657) has no trained clipping model
[2025-07-09 17:03:25.276] [jointLog] [warning] read 2591f64a-f2ca-43db-99dd-6b13b2e70d1d (length 5070) has no trained clipping model
[2025-07-09 17:03:25.278] [jointLog] [warning] read 11efedfc-389b-45b1-acc3-426b4a31219f (length 5900 - align length 5880) has no trained error model
[2025-07-09 17:03:25.278] [jointLog] [warning] read 11efedfc-389b-45b1-acc3-426b4a31219f (length 5900) has no trained clipping model
[2025-07-09 17:03:25.278] [jointLog] [warning] read 11efedfc-389b-45b1-acc3-426b4a31219f (length 5900) has no trained clipping model
[2025-07-09 17:03:25.279] [jointLog] [warning] read e612de23-75d0-4f6e-b4c4-1f7de24a72e3 (length 3497) has no trained clipping model
[2025-07-09 17:03:25.279] [jointLog] [warning] read b062799f-66e2-4eea-9a34-c4a018bcfe28 (length 3426) has no trained clipping model
[2025-07-09 17:03:25.279] [jointLog] [warning] read 60563914-1068-4387-9cbf-db81d328518f (length 4885 - align length 4812) has no trained error model
[2025-07-09 17:03:25.279] [jointLog] [warning] read 60563914-1068-4387-9cbf-db81d328518f (length 4885) has no trained clipping model
[2025-07-09 17:03:25.279] [jointLog] [warning] read 60563914-1068-4387-9cbf-db81d328518f (length 4885) has no trained clipping model
[2025-07-09 17:03:25.280] [jointLog] [warning] read c5b14098-f3b4-41b3-8a2b-e0f0859a3c18 (length 5123 - align length 5072) has no trained error model
[2025-07-09 17:03:25.280] [jointLog] [warning] read c5b14098-f3b4-41b3-8a2b-e0f0859a3c18 (length 5123) has no trained clipping model
[2025-07-09 17:03:25.280] [jointLog] [warning] read c5b14098-f3b4-41b3-8a2b-e0f0859a3c18 (length 5123) has no trained clipping model
[2025-07-09 17:03:25.280] [jointLog] [warning] read 5c121bc9-11f9-4e80-9ada-394ef22659a2 (length 4218) has no trained clipping model
[2025-07-09 17:03:25.281] [jointLog] [warning] read 8f67b186-703b-4da2-9b88-13e3277f9740 (length 9554 - align length 9500) has no trained error model
[2025-07-09 17:03:25.281] [jointLog] [warning] read 8f67b186-703b-4da2-9b88-13e3277f9740 (length 9554) has no trained clipping model
[2025-07-09 17:03:25.281] [jointLog] [warning] read 8f67b186-703b-4da2-9b88-13e3277f9740 (length 9554) has no trained clipping model
[2025-07-09 17:03:25.281] [jointLog] [warning] read 2442f34f-0992-4181-8108-88beccd5205c (length 4978 - align length 4901) has no trained error model
[2025-07-09 17:03:25.281] [jointLog] [warning] read 2442f34f-0992-4181-8108-88beccd5205c (length 4978) has no trained clipping model
[2025-07-09 17:03:25.281] [jointLog] [warning] read 2442f34f-0992-4181-8108-88beccd5205c (length 4978) has no trained clipping model
[2025-07-09 17:03:25.282] [jointLog] [warning] read 956c0ca9-56dc-4bb3-9c74-5132cbbc8ca7 (length 4317 - align length 4299) has no trained error model
[2025-07-09 17:03:25.282] [jointLog] [warning] read 956c0ca9-56dc-4bb3-9c74-5132cbbc8ca7 (length 4317) has no trained clipping model
[2025-07-09 17:03:25.282] [jointLog] [warning] read 956c0ca9-56dc-4bb3-9c74-5132cbbc8ca7 (length 4317) has no trained clipping model
[2025-07-09 17:03:25.283] [jointLog] [warning] read 012164ec-d0f0-4fcc-aa64-3c28cfb507bd (length 5431) has no trained clipping model
[2025-07-09 17:03:25.283] [jointLog] [warning] read 012164ec-d0f0-4fcc-aa64-3c28cfb507bd (length 5431) has no trained clipping model
[2025-07-09 17:03:25.284] [jointLog] [warning] read ba2d20be-21c7-407f-8671-17e6c9bacf71 (length 3739) has no trained clipping model
[2025-07-09 17:03:25.284] [jointLog] [warning] read 53a09beb-a6a6-4063-ab37-ae3344580e33 (length 3518 - align length 3518) has no trained error model
[2025-07-09 17:03:25.284] [jointLog] [warning] read 64a3e58e-906a-447e-b085-4d357107a8c3 (length 4476 - align length 4476) has no trained error model
[2025-07-09 17:03:25.284] [jointLog] [warning] read 64a3e58e-906a-447e-b085-4d357107a8c3 (length 4476) has no trained clipping model
[2025-07-09 17:03:25.284] [jointLog] [warning] read 64a3e58e-906a-447e-b085-4d357107a8c3 (length 4476) has no trained clipping model
[2025-07-09 17:03:25.285] [jointLog] [warning] read 1b2be3db-fa37-4d4c-b69f-baf3054bcf66 (length 5084) has no trained clipping model
[2025-07-09 17:03:25.285] [jointLog] [warning] read 2ffda4ec-a875-4ee6-b364-623326180352 (length 5130) has no trained clipping model
[2025-07-09 17:03:25.286] [jointLog] [warning] read 41be494d-c94b-4553-90d4-dedbd641a5ca (length 4340) has no trained clipping model
[2025-07-09 17:03:25.287] [jointLog] [warning] read b4337610-f179-4f4e-98d3-ec7520d48847 (length 5934 - align length 5763) has no trained error model
[2025-07-09 17:03:25.287] [jointLog] [warning] read b4337610-f179-4f4e-98d3-ec7520d48847 (length 5934) has no trained clipping model
[2025-07-09 17:03:25.288] [jointLog] [warning] read 8269a206-4005-42f3-89d4-e28d490396e4 (length 4694) has no trained clipping model
[2025-07-09 17:03:25.288] [jointLog] [warning] read 8269a206-4005-42f3-89d4-e28d490396e4 (length 4694) has no trained clipping model
[2025-07-09 17:03:25.289] [jointLog] [warning] read 13d1be4c-d5a5-4130-a605-4a4d787a59dd (length 5569 - align length 5545) has no trained error model
[2025-07-09 17:03:25.289] [jointLog] [warning] read 13d1be4c-d5a5-4130-a605-4a4d787a59dd (length 5569) has no trained clipping model
[2025-07-09 17:03:25.289] [jointLog] [warning] read 13d1be4c-d5a5-4130-a605-4a4d787a59dd (length 5569) has no trained clipping model
[2025-07-09 17:03:25.290] [jointLog] [warning] (in update()) CIGAR string for read [3e76ddf9-e51d-42d5-bc99-d19306e3e2eb] seems inconsistent. It implied an error rate greater than 1: 1.05706 0 0.0349319
[2025-07-09 17:03:25.292] [jointLog] [warning] read 38dc7f9f-9720-497a-acaa-f7b99e94f939 (length 4085 - align length 4085) has no trained error model
[2025-07-09 17:03:25.292] [jointLog] [warning] read 38dc7f9f-9720-497a-acaa-f7b99e94f939 (length 4085) has no trained clipping model
[2025-07-09 17:03:25.293] [jointLog] [warning] read 05b35e0b-e496-4f9b-86bd-57a873bbf417 (length 3720) has no trained clipping model
[2025-07-09 17:03:25.293] [jointLog] [warning] read b9da69aa-db4e-47c5-805d-7035dc762e9b (length 6430 - align length 6393) has no trained error model
[2025-07-09 17:03:25.293] [jointLog] [warning] read b9da69aa-db4e-47c5-805d-7035dc762e9b (length 6430) has no trained clipping model
[2025-07-09 17:03:25.293] [jointLog] [warning] read b9da69aa-db4e-47c5-805d-7035dc762e9b (length 6430) has no trained clipping model
[2025-07-09 17:03:25.293] [jointLog] [warning] read 23b7c40c-e105-4572-937c-b400e31c93b2 (length 4264) has no trained clipping model
[2025-07-09 17:03:25.298] [jointLog] [warning] read 20c71747-2975-4cd2-bd94-8e6a9f0b47e5 (length 4306) has no trained clipping model
[2025-07-09 17:03:25.299] [jointLog] [warning] read 9015155b-3666-4a7b-bf41-108188b21d55 (length 4752 - align length 4735) has no trained error model
[2025-07-09 17:03:25.299] [jointLog] [warning] read 9015155b-3666-4a7b-bf41-108188b21d55 (length 4752) has no trained clipping model
[2025-07-09 17:03:25.299] [jointLog] [warning] read 9015155b-3666-4a7b-bf41-108188b21d55 (length 4752) has no trained clipping model
[2025-07-09 17:03:25.301] [jointLog] [warning] read d828d7b7-fa4f-47a9-a103-368846083a35 (length 4077) has no trained clipping model
[2025-07-09 17:03:25.301] [jointLog] [warning] read 149e19c2-b0e5-4797-8fc3-d69f32ad4722 (length 4422) has no trained clipping model
[2025-07-09 17:03:25.301] [jointLog] [warning] read 149e19c2-b0e5-4797-8fc3-d69f32ad4722 (length 4422) has no trained clipping model
[2025-07-09 17:03:25.304] [jointLog] [warning] read 6a7b4af2-a23a-454f-a6e2-776ecf57dadc (length 4815) has no trained clipping model
[2025-07-09 17:03:25.305] [jointLog] [warning] read dd2733b4-c3e9-4eb8-8b58-f65277365678 (length 6204 - align length 6201) has no trained error model
[2025-07-09 17:03:25.305] [jointLog] [warning] read dd2733b4-c3e9-4eb8-8b58-f65277365678 (length 6204) has no trained clipping model
[2025-07-09 17:03:25.305] [jointLog] [warning] read dd2733b4-c3e9-4eb8-8b58-f65277365678 (length 6204) has no trained clipping model
[2025-07-09 17:03:25.306] [jointLog] [warning] read 90ee021d-1388-4e07-96d0-a6256d73f8c2 (length 4723) has no trained clipping model
[2025-07-09 17:03:25.306] [jointLog] [warning] read 973c1788-d5ff-4b40-b9bf-94292ae3c7da (length 7017 - align length 6888) has no trained error model
[2025-07-09 17:03:25.306] [jointLog] [warning] read 973c1788-d5ff-4b40-b9bf-94292ae3c7da (length 7017) has no trained clipping model
[2025-07-09 17:03:25.306] [jointLog] [warning] read 973c1788-d5ff-4b40-b9bf-94292ae3c7da (length 7017) has no trained clipping model
[2025-07-09 17:03:25.307] [jointLog] [warning] read 2bd5ebc9-a990-46bd-956c-7258c1e38a9c (length 8197 - align length 8156) has no trained error model
[2025-07-09 17:03:25.307] [jointLog] [warning] read 2bd5ebc9-a990-46bd-956c-7258c1e38a9c (length 8197) has no trained clipping model
[2025-07-09 17:03:25.307] [jointLog] [warning] read 2bd5ebc9-a990-46bd-956c-7258c1e38a9c (length 8197) has no trained clipping model
[2025-07-09 17:03:25.307] [jointLog] [warning] read fc531e73-a0ca-4646-8768-4fa61c7865c9 (length 5145) has no trained clipping model
[2025-07-09 17:03:25.309] [jointLog] [warning] read 651688b7-ce2c-487f-8032-20d69550f61b (length 5340) has no trained clipping model
[2025-07-09 17:03:25.312] [jointLog] [warning] read ff827cfe-de4e-4522-a266-45786f131408 (length 4524) has no trained clipping model
[2025-07-09 17:03:25.313] [jointLog] [warning] read c665db0a-654c-44aa-ba9d-e9c384d4ff82 (length 4351 - align length 4325) has no trained error model
[2025-07-09 17:03:25.314] [jointLog] [warning] (in update()) CIGAR string for read [4afd8b60-5ad4-424c-9639-c226d069afe6] seems inconsistent. It implied an error rate greater than 1: 1.31224 0 0.129663
[2025-07-09 17:03:25.316] [jointLog] [warning] read ab346a72-3621-45a7-9e31-9e7df43abf94 (length 5100) has no trained clipping model
[2025-07-09 17:03:25.319] [jointLog] [warning] read 0a9fb690-8243-4304-896f-516b58edb68b (length 4820) has no trained clipping model
[2025-07-09 17:03:25.322] [jointLog] [warning] read 6066ca1c-4ac4-48b0-a582-ab7a272525ad (length 4654) has no trained clipping model
[2025-07-09 17:03:25.327] [jointLog] [warning] read 7fac1b5b-c0c0-4077-ae09-447d0f5af66e (length 5112) has no trained clipping model
[2025-07-09 17:03:25.335] [jointLog] [warning] read c470ebf6-a68e-4928-a0b1-00211eb9996e (length 5700 - align length 4623) has no trained error model
[2025-07-09 17:03:25.335] [jointLog] [warning] read c470ebf6-a68e-4928-a0b1-00211eb9996e (length 5700) has no trained clipping model
[2025-07-09 17:03:25.335] [jointLog] [warning] read c470ebf6-a68e-4928-a0b1-00211eb9996e (length 5700) has no trained clipping model
[2025-07-09 17:03:25.336] [jointLog] [warning] read 5164ea6a-c33f-4baf-a285-56979f95c4c4 (length 4846) has no trained clipping model
[2025-07-09 17:03:25.338] [jointLog] [info] Automatically detected most likely library type as SF

[2025-07-09 17:03:25.339] [jointLog] [warning] read 0e3b910f-612c-4446-ab6b-a74f0d64182b (length 6884 - align length 194) has no trained error model
[2025-07-09 17:03:25.339] [jointLog] [warning] read 0e3b910f-612c-4446-ab6b-a74f0d64182b (length 6884) has no trained clipping model
[2025-07-09 17:03:25.339] [jointLog] [warning] read 0e3b910f-612c-4446-ab6b-a74f0d64182b (length 6884) has no trained clipping model
[2025-07-09 17:03:25.342] [jointLog] [warning] read 4a14ae72-3129-4c25-8d70-9d000b03e94c (length 6588 - align length 6538) has no trained error model
[2025-07-09 17:03:25.342] [jointLog] [warning] read 4a14ae72-3129-4c25-8d70-9d000b03e94c (length 6588) has no trained clipping model
[2025-07-09 17:03:25.342] [jointLog] [warning] read 4a14ae72-3129-4c25-8d70-9d000b03e94c (length 6588) has no trained clipping model
[2025-07-09 17:03:25.344] [jointLog] [warning] read 73a49c3e-8a4f-4cc2-ab35-f7b02ddf1e31 (length 5620 - align length 5032) has no trained error model
[2025-07-09 17:03:25.344] [jointLog] [warning] read 73a49c3e-8a4f-4cc2-ab35-f7b02ddf1e31 (length 5620) has no trained clipping model
[2025-07-09 17:03:25.344] [jointLog] [warning] read 73a49c3e-8a4f-4cc2-ab35-f7b02ddf1e31 (length 5620) has no trained clipping model
[2025-07-09 17:03:25.344] [jointLog] [warning] read 2ace7298-9be2-45d2-8bce-7d46b86c1db6 (length 8744 - align length 7241) has no trained error model
[2025-07-09 17:03:25.344] [jointLog] [warning] read 2ace7298-9be2-45d2-8bce-7d46b86c1db6 (length 8744) has no trained clipping model
[2025-07-09 17:03:25.344] [jointLog] [warning] read 2ace7298-9be2-45d2-8bce-7d46b86c1db6 (length 8744) has no trained clipping model
[2025-07-09 17:03:25.358] [jointLog] [warning] read 275ad33d-95d3-47ff-ab51-d6bfec020189 (length 6888 - align length 6668) has no trained error model
[2025-07-09 17:03:25.366] [jointLog] [warning] read 712c544b-bb57-4e06-91c1-869dd18acd7c (length 5119) has no trained clipping model
[2025-07-09 17:03:25.372] [jointLog] [warning] read b38c2a42-103f-4480-aa1e-190d268ad0f2 (length 7377 - align length 7300) has no trained error model
[2025-07-09 17:03:25.372] [jointLog] [warning] read b38c2a42-103f-4480-aa1e-190d268ad0f2 (length 7377) has no trained clipping model
[2025-07-09 17:03:25.372] [jointLog] [warning] read b38c2a42-103f-4480-aa1e-190d268ad0f2 (length 7377) has no trained clipping model
[2025-07-09 17:03:25.372] [jointLog] [warning] read 3deb8ec3-f4c5-4791-aa80-37964b254343 (length 5152) has no trained clipping model
[2025-07-09 17:03:25.385] [jointLog] [warning] read e20e8d89-cb88-47ac-9ad7-bb20628f68e0 (length 7422 - align length 6877) has no trained error model
[2025-07-09 17:03:25.385] [jointLog] [warning] read e20e8d89-cb88-47ac-9ad7-bb20628f68e0 (length 7422) has no trained clipping model
[2025-07-09 17:03:25.385] [jointLog] [warning] read e20e8d89-cb88-47ac-9ad7-bb20628f68e0 (length 7422) has no trained clipping model
[2025-07-09 17:03:25.387] [jointLog] [warning] read a637bc67-f404-4cb2-8260-be4ac32ec67d (length 5947 - align length 5945) has no trained error model
[2025-07-09 17:03:25.393] [jointLog] [warning] read 68d57fa0-ed20-47cd-86b9-5b5383257785 (length 6058 - align length 4688) has no trained error model
[2025-07-09 17:03:25.393] [jointLog] [warning] read 68d57fa0-ed20-47cd-86b9-5b5383257785 (length 6058) has no trained clipping model
[2025-07-09 17:03:25.393] [jointLog] [warning] read 68d57fa0-ed20-47cd-86b9-5b5383257785 (length 6058) has no trained clipping model
[2025-07-09 17:03:25.408] [jointLog] [warning] read a5b12615-440c-41cb-be56-d4347ba441a3 (length 5109) has no trained clipping model
[2025-07-09 17:03:25.421] [jointLog] [warning] read 01b251d8-4f0b-4566-846c-2c0586a4a355 (length 6365 - align length 6335) has no trained error model
[2025-07-09 17:03:25.421] [jointLog] [warning] read 01b251d8-4f0b-4566-846c-2c0586a4a355 (length 6365) has no trained clipping model
[2025-07-09 17:03:25.421] [jointLog] [warning] read 01b251d8-4f0b-4566-846c-2c0586a4a355 (length 6365) has no trained clipping model
[2025-07-09 17:03:25.431] [jointLog] [warning] read 88807083-aefe-4762-ba3b-341a4dc81643 (length 5270 - align length 5257) has no trained error model
[2025-07-09 17:03:25.431] [jointLog] [warning] read 88807083-aefe-4762-ba3b-341a4dc81643 (length 5270) has no trained clipping model
[2025-07-09 17:03:25.431] [jointLog] [warning] read 88807083-aefe-4762-ba3b-341a4dc81643 (length 5270) has no trained clipping model
[2025-07-09 17:03:25.439] [jointLog] [warning] (in update()) CIGAR string for read [f447c226-3199-438e-bd66-6c0cdbec9adc] seems inconsistent. It implied an error rate greater than 1: 1.35565 0 0.0145307
[2025-07-09 17:03:25.447] [jointLog] [warning] read 73341eb0-1bf0-4f04-993b-a1cab5563db7 (length 5177 - align length 5105) has no trained error model
[2025-07-09 17:03:25.447] [jointLog] [warning] read 73341eb0-1bf0-4f04-993b-a1cab5563db7 (length 5177) has no trained clipping model
[2025-07-09 17:03:25.458] [jointLog] [warning] read 699503e3-6429-43b4-ac29-a1e011344501 (length 6652 - align length 2833) has no trained error model
[2025-07-09 17:03:25.458] [jointLog] [warning] read 699503e3-6429-43b4-ac29-a1e011344501 (length 6652) has no trained clipping model
[2025-07-09 17:03:25.458] [jointLog] [warning] read 699503e3-6429-43b4-ac29-a1e011344501 (length 6652) has no trained clipping model
[2025-07-09 17:03:25.466] [jointLog] [warning] read 7bef4400-27f8-4ef1-bb1e-83a4d43b2d83 (length 5115) has no trained clipping model
[2025-07-09 17:03:25.467] [jointLog] [warning] read e93766ec-6bb6-417f-b1fc-d3b398b4427c (length 6496 - align length 6445) has no trained error model
[2025-07-09 17:03:25.467] [jointLog] [warning] read e93766ec-6bb6-417f-b1fc-d3b398b4427c (length 6496) has no trained clipping model
[2025-07-09 17:03:25.480] [jointLog] [warning] read 32eb1c45-82b2-4630-a3f2-8dacf876eeac (length 8350 - align length 8310) has no trained error model
[2025-07-09 17:03:25.480] [jointLog] [warning] read 32eb1c45-82b2-4630-a3f2-8dacf876eeac (length 8350) has no trained clipping model
[2025-07-09 17:03:25.480] [jointLog] [warning] read 32eb1c45-82b2-4630-a3f2-8dacf876eeac (length 8350) has no trained clipping model
[2025-07-09 17:03:25.499] [jointLog] [warning] read 396ecf4b-549f-4cd0-ba80-286322c7dbc9 (length 6307) has no trained clipping model
[2025-07-09 17:03:25.500] [jointLog] [warning] (in update()) CIGAR string for read [4ed274cc-83f2-4f2b-8677-2c0d89174871] seems inconsistent. It implied an error rate greater than 1: 1.35441 0 0.00205459
[2025-07-09 17:03:25.510] [jointLog] [warning] read 0ab0fc49-ac79-48a3-9eff-6882f2fd52f3 (length 5653) has no trained clipping model
[2025-07-09 17:03:25.519] [jointLog] [warning] (in update()) CIGAR string for read [fd8571b0-79b2-418b-a67f-02499d33ed3e] seems inconsistent. It implied an error rate greater than 1: 1.11624 0.00334448 0.0183946
[2025-07-09 17:03:25.253] [fileLog] [info] quantification processed 0 fragments so far

[2025-07-09 17:03:25.533] [jointLog] [warning] (in update()) CIGAR string for read [04ee7b55-6fa8-4543-82e5-83666a2aed1a] seems inconsistent. It implied an error rate greater than 1: 1.55624 0.00129744 0.0441129
[2025-07-09 17:03:25.565] [jointLog] [warning] read 4659c227-128b-416d-a9eb-68a89435ff27 (length 8936 - align length 544) has no trained error model
[2025-07-09 17:03:25.565] [jointLog] [warning] read 4659c227-128b-416d-a9eb-68a89435ff27 (length 8936) has no trained clipping model
[2025-07-09 17:03:25.565] [jointLog] [warning] read 4659c227-128b-416d-a9eb-68a89435ff27 (length 8936) has no trained clipping model
[2025-07-09 17:03:25.595] [jointLog] [warning] read e6446ad9-aace-49d1-a1e2-b85dbdaf1d3a (length 7083 - align length 7018) has no trained error model
[2025-07-09 17:03:25.596] [jointLog] [warning] (in update()) CIGAR string for read [e4c182a6-fca0-4dab-be7a-1a779399b792] seems inconsistent. It implied an error rate greater than 1: 1.35472 0 0
[2025-07-09 17:03:25.613] [jointLog] [warning] read 311c3cfa-5166-40a2-81bc-ca4a0eba5b92 (length 5659 - align length 5659) has no trained error model
[2025-07-09 17:03:25.670] [jointLog] [warning] read 5724c5fa-29d6-4c46-bcb6-eb70fec43889 (length 6294) has no trained clipping model
[2025-07-09 17:03:25.686] [jointLog] [warning] read 641f06ea-b4fb-485b-8710-68f03faeee63 (length 7536 - align length 2041) has no trained error model
[2025-07-09 17:03:25.686] [jointLog] [warning] read 641f06ea-b4fb-485b-8710-68f03faeee63 (length 7536) has no trained clipping model
[2025-07-09 17:03:25.686] [jointLog] [warning] read 641f06ea-b4fb-485b-8710-68f03faeee63 (length 7536) has no trained clipping model
[2025-07-09 17:03:25.691] [jointLog] [warning] read 92592357-da49-4ed5-aad9-e0bef3488343 (length 5213) has no trained clipping model
[2025-07-09 17:03:25.712] [jointLog] [warning] read c7b941f3-c521-4fea-add0-9d6de1015595 (length 6153 - align length 6148) has no trained error model
[2025-07-09 17:03:25.717] [jointLog] [warning] read 5f8ddbb1-0478-4f8e-a27b-5f4faa765e93 (length 9353 - align length 9334) has no trained error model
[2025-07-09 17:03:25.717] [jointLog] [warning] read 5f8ddbb1-0478-4f8e-a27b-5f4faa765e93 (length 9353) has no trained clipping model
[2025-07-09 17:03:25.717] [jointLog] [warning] read 5f8ddbb1-0478-4f8e-a27b-5f4faa765e93 (length 9353) has no trained clipping model
[2025-07-09 17:03:25.721] [jointLog] [warning] read f7fe5b3f-0ab9-4eab-9ef9-738879ade9b1 (length 8626 - align length 7556) has no trained error model
[2025-07-09 17:03:25.721] [jointLog] [warning] read f7fe5b3f-0ab9-4eab-9ef9-738879ade9b1 (length 8626) has no trained clipping model
[2025-07-09 17:03:25.721] [jointLog] [warning] read f7fe5b3f-0ab9-4eab-9ef9-738879ade9b1 (length 8626) has no trained clipping model
[2025-07-09 17:03:25.752] [jointLog] [warning] read 7aba5c46-f9b8-4369-b9aa-5b0414a86d6e (length 8254 - align length 1785) has no trained error model
[2025-07-09 17:03:25.752] [jointLog] [warning] read 7aba5c46-f9b8-4369-b9aa-5b0414a86d6e (length 8254) has no trained clipping model
[2025-07-09 17:03:25.752] [jointLog] [warning] read 7aba5c46-f9b8-4369-b9aa-5b0414a86d6e (length 8254) has no trained clipping model
[2025-07-09 17:03:25.755] [jointLog] [warning] read dd70bf77-5713-4384-b1c0-90eb82d05a62 (length 8582 - align length 8543) has no trained error model
[2025-07-09 17:03:25.755] [jointLog] [warning] read dd70bf77-5713-4384-b1c0-90eb82d05a62 (length 8582) has no trained clipping model
[2025-07-09 17:03:25.755] [jointLog] [warning] read dd70bf77-5713-4384-b1c0-90eb82d05a62 (length 8582) has no trained clipping model
[2025-07-09 17:03:25.771] [jointLog] [warning] (in update()) CIGAR string for read [9280b8c8-3fba-4b03-b99c-cba97b9c3def] seems inconsistent. It implied an error rate greater than 1: 1.37339 0 0.00298063
[2025-07-09 17:03:25.798] [jointLog] [warning] read a0c26b81-9c83-443a-90a8-a8c4af5d792d (length 6943 - align length 6932) has no trained error model
[2025-07-09 17:03:25.798] [jointLog] [warning] read a0c26b81-9c83-443a-90a8-a8c4af5d792d (length 6943) has no trained clipping model
[2025-07-09 17:03:25.798] [jointLog] [warning] read a0c26b81-9c83-443a-90a8-a8c4af5d792d (length 6943) has no trained clipping model
[2025-07-09 17:03:25.806] [jointLog] [warning] read 0aada137-6768-4200-b0dd-622695cf6bb5 (length 7837 - align length 7805) has no trained error model
[2025-07-09 17:03:25.806] [jointLog] [warning] read 0aada137-6768-4200-b0dd-622695cf6bb5 (length 7837) has no trained clipping model
[2025-07-09 17:03:25.806] [jointLog] [warning] read 0aada137-6768-4200-b0dd-622695cf6bb5 (length 7837) has no trained clipping model
[2025-07-09 17:03:25.821] [jointLog] [warning] read 42a60c4a-efc7-4897-a362-ccd2eda5788f (length 8696 - align length 8244) has no trained error model
[2025-07-09 17:03:25.821] [jointLog] [warning] read 42a60c4a-efc7-4897-a362-ccd2eda5788f (length 8696) has no trained clipping model
[2025-07-09 17:03:25.872] [jointLog] [warning] read 038033bc-bcc0-4c64-b65e-ef9ab386df85 (length 5261) has no trained clipping model
[2025-07-09 17:03:25.883] [jointLog] [warning] read d6fe4291-de78-429e-adf5-b58fc7a0408b (length 6265) has no trained clipping model
[2025-07-09 17:03:25.897] [jointLog] [warning] read ec5acc42-3de7-4ff6-a06b-4af8eae9ced4 (length 8321) has no trained clipping model
[2025-07-09 17:03:25.947] [jointLog] [warning] read 1e60721b-4283-4447-88bc-5f00842ce0b1 (length 8529) has no trained clipping model
[2025-07-09 17:03:25.994] [jointLog] [warning] (in update()) CIGAR string for read [5f398abc-1ccc-4d80-8602-063f6a8dc1c7] seems inconsistent. It implied an error rate greater than 1: 1.74586 0.00113982 0.0121581
[2025-07-09 17:03:26.132] [jointLog] [warning] read d8a10a99-60e0-46ed-9b07-dd9799cdefa1 (length 7933 - align length 60) has no trained error model
[2025-07-09 17:03:26.132] [jointLog] [warning] read d8a10a99-60e0-46ed-9b07-dd9799cdefa1 (length 7933) has no trained clipping model
[2025-07-09 17:03:26.132] [jointLog] [warning] read d8a10a99-60e0-46ed-9b07-dd9799cdefa1 (length 7933) has no trained clipping model
[2025-07-09 17:03:26.286] [jointLog] [warning] read 26e3442a-bbc8-44ba-b91b-baa5eb2184c3 (length 6752 - align length 6748) has no trained error model
[2025-07-09 17:03:26.286] [jointLog] [warning] read 26e3442a-bbc8-44ba-b91b-baa5eb2184c3 (length 6752) has no trained clipping model
[2025-07-09 17:03:26.286] [jointLog] [warning] read 26e3442a-bbc8-44ba-b91b-baa5eb2184c3 (length 6752) has no trained clipping model
[2025-07-09 17:03:26.287] [jointLog] [warning] read c5e8f293-f56e-438b-b9ab-6372bf091f81 (length 7578) has no trained clipping model
[2025-07-09 17:03:26.291] [jointLog] [warning] read 9b16ce76-9b15-43da-9213-68b7897211e5 (length 9853 - align length 59) has no trained error model
[2025-07-09 17:03:26.291] [jointLog] [warning] read 9b16ce76-9b15-43da-9213-68b7897211e5 (length 9853) has no trained clipping model
[2025-07-09 17:03:26.291] [jointLog] [warning] read 9b16ce76-9b15-43da-9213-68b7897211e5 (length 9853) has no trained clipping model
[2025-07-09 17:03:26.386] [jointLog] [warning] read 47cedb2a-d308-474b-948b-384472b5de95 (length 12845 - align length 12765) has no trained error model
[2025-07-09 17:03:26.386] [jointLog] [warning] read 47cedb2a-d308-474b-948b-384472b5de95 (length 12845) has no trained clipping model
[2025-07-09 17:03:26.386] [jointLog] [warning] read 47cedb2a-d308-474b-948b-384472b5de95 (length 12845) has no trained clipping model
[2025-07-09 17:03:26.436] [jointLog] [warning] read 72b24a1e-0ab3-414a-a5e1-ff9f2f51a039 (length 7753 - align length 7507) has no trained error model
[2025-07-09 17:03:26.436] [jointLog] [warning] read 72b24a1e-0ab3-414a-a5e1-ff9f2f51a039 (length 7753) has no trained clipping model
[2025-07-09 17:03:26.436] [jointLog] [warning] read 72b24a1e-0ab3-414a-a5e1-ff9f2f51a039 (length 7753) has no trained clipping model
[2025-07-09 17:03:26.440] [jointLog] [warning] read ad3b60dc-232f-4023-a36f-5577f62086f2 (length 6385) has no trained clipping model
[2025-07-09 17:03:26.469] [jointLog] [warning] (in update()) CIGAR string for read [ef9c179d-c4dd-4698-ba23-6607bc04aaac] seems inconsistent. It implied an error rate greater than 1: 1.17851 0.00846024 0.0626058
[2025-07-09 17:03:26.509] [jointLog] [warning] read ce798130-0707-46be-a769-5a145cbccb32 (length 7213 - align length 7140) has no trained error model
[2025-07-09 17:03:26.509] [jointLog] [warning] read ce798130-0707-46be-a769-5a145cbccb32 (length 7213) has no trained clipping model
[2025-07-09 17:03:26.509] [jointLog] [warning] read ce798130-0707-46be-a769-5a145cbccb32 (length 7213) has no trained clipping model
[2025-07-09 17:03:26.527] [jointLog] [warning] read e292a140-0c45-4401-91f0-5b7f385eed86 (length 7526 - align length 7488) has no trained error model
[2025-07-09 17:03:26.550] [jointLog] [warning] (in update()) CIGAR string for read [d79e559f-0c1b-41e0-a58f-db3045f4e196] seems inconsistent. It implied an error rate greater than 1: 1.37015 0 0
[2025-07-09 17:03:26.551] [jointLog] [warning] read 728571bd-0199-4986-aa80-a35400e6a536 (length 6762) has no trained clipping model
[2025-07-09 17:03:26.595] [jointLog] [warning] read c08348ed-34c1-419e-b7f4-2b52084a0065 (length 7878) has no trained clipping model
[2025-07-09 17:03:26.685] [jointLog] [warning] read 9d2e3927-32b9-45c2-b197-4af409c26272 (length 7171 - align length 7099) has no trained error model
[2025-07-09 17:03:26.685] [jointLog] [warning] read 9d2e3927-32b9-45c2-b197-4af409c26272 (length 7171) has no trained clipping model
[2025-07-09 17:03:26.685] [jointLog] [warning] read 9d2e3927-32b9-45c2-b197-4af409c26272 (length 7171) has no trained clipping model
[2025-07-09 17:03:26.745] [jointLog] [warning] read f3b5b4ee-3958-4cb7-b486-762a5d7241c4 (length 9251 - align length 594) has no trained error model
[2025-07-09 17:03:26.745] [jointLog] [warning] read f3b5b4ee-3958-4cb7-b486-762a5d7241c4 (length 9251) has no trained clipping model
[2025-07-09 17:03:26.745] [jointLog] [warning] read f3b5b4ee-3958-4cb7-b486-762a5d7241c4 (length 9251) has no trained clipping model
[2025-07-09 17:03:26.802] [jointLog] [warning] read 5bb75487-c647-470d-bdcc-f0875b82b596 (length 6328) has no trained clipping model
[2025-07-09 17:03:26.966] [jointLog] [warning] (in update()) CIGAR string for read [47654e30-4cb2-42cc-aff7-e68c6dbce2bf] seems inconsistent. It implied an error rate greater than 1: 1.422 0 0.0185841
[2025-07-09 17:03:27.000] [jointLog] [warning] read 5a65918c-2f6f-478b-9a9a-3f1e5d3ccb78 (length 10066 - align length 54) has no trained error model
[2025-07-09 17:03:27.000] [jointLog] [warning] read 5a65918c-2f6f-478b-9a9a-3f1e5d3ccb78 (length 10066) has no trained clipping model
[2025-07-09 17:03:27.000] [jointLog] [warning] read 5a65918c-2f6f-478b-9a9a-3f1e5d3ccb78 (length 10066) has no trained clipping model
[2025-07-09 17:03:27.104] [jointLog] [warning] read ec5ad235-0761-4893-83ee-6fb1e17a67f6 (length 8415 - align length 459) has no trained error model
[2025-07-09 17:03:27.104] [jointLog] [warning] read ec5ad235-0761-4893-83ee-6fb1e17a67f6 (length 8415) has no trained clipping model
[2025-07-09 17:03:27.104] [jointLog] [warning] read ec5ad235-0761-4893-83ee-6fb1e17a67f6 (length 8415) has no trained clipping model
[2025-07-09 17:03:27.131] [jointLog] [warning] read 74e7fd1c-f3d5-48ff-9cb7-79670749086a (length 7752 - align length 7699) has no trained error model
[2025-07-09 17:03:27.136] [jointLog] [warning] read 9e562346-0f6b-4422-a733-d570d66a9b73 (length 10081 - align length 9957) has no trained error model
[2025-07-09 17:03:27.139] [jointLog] [warning] (in update()) CIGAR string for read [fb514dff-f392-4dc4-a8f0-a3ddfe8d24b6] seems inconsistent. It implied an error rate greater than 1: 1.0937 0.0011554 0
[2025-07-09 17:03:27.158] [jointLog] [warning] read 86b212c1-1b4b-4332-823a-e3c32ceb09ed (length 9740 - align length 310) has no trained error model
[2025-07-09 17:03:27.158] [jointLog] [warning] read 86b212c1-1b4b-4332-823a-e3c32ceb09ed (length 9740) has no trained clipping model
[2025-07-09 17:03:27.158] [jointLog] [warning] read 86b212c1-1b4b-4332-823a-e3c32ceb09ed (length 9740) has no trained clipping model
[2025-07-09 17:03:27.265] [jointLog] [warning] read c200c6e5-ad17-40c2-8de9-71bf910e9a4d (length 7864) has no trained clipping model
[2025-07-09 17:03:27.681] [jointLog] [warning] (in update()) CIGAR string for read [f0bcae2b-cae6-4458-9221-b03d833bfb6e] seems inconsistent. It implied an error rate greater than 1: 1.14711 0.0131363 0.0492611
[2025-07-09 17:03:27.790] [jointLog] [warning] read 7e3961cb-acf0-48c5-b805-35134d0eb7d1 (length 7634 - align length 2477) has no trained error model
[2025-07-09 17:03:27.790] [jointLog] [warning] read 7e3961cb-acf0-48c5-b805-35134d0eb7d1 (length 7634) has no trained clipping model
[2025-07-09 17:03:27.790] [jointLog] [warning] read 7e3961cb-acf0-48c5-b805-35134d0eb7d1 (length 7634) has no trained clipping model
[2025-07-09 17:03:27.855] [jointLog] [warning] read 2e125d62-ac62-494a-8c96-a94b69dc8d2e (length 9958 - align length 9907) has no trained error model
[2025-07-09 17:03:27.855] [jointLog] [warning] read 2e125d62-ac62-494a-8c96-a94b69dc8d2e (length 9958) has no trained clipping model
[2025-07-09 17:03:27.855] [jointLog] [warning] read 2e125d62-ac62-494a-8c96-a94b69dc8d2e (length 9958) has no trained clipping model
[2025-07-09 17:03:28.028] [jointLog] [warning] (in update()) CIGAR string for read [1ca4eb87-a7ab-4f54-a011-aabff46f5a6c] seems inconsistent. It implied an error rate greater than 1: 1.0527 0 0.0182421
[2025-07-09 17:03:28.090] [jointLog] [warning] read 0236a4f0-c31a-4e73-9c4b-6c10c385e856 (length 8621 - align length 8621) has no trained error model
[2025-07-09 17:03:28.090] [jointLog] [warning] read 0236a4f0-c31a-4e73-9c4b-6c10c385e856 (length 8621) has no trained clipping model
[2025-07-09 17:03:28.122] [jointLog] [warning] read 7169b68c-6784-49f7-b4f5-1893d5cdf178 (length 9074 - align length 8995) has no trained error model
[2025-07-09 17:03:28.122] [jointLog] [warning] read 7169b68c-6784-49f7-b4f5-1893d5cdf178 (length 9074) has no trained clipping model
[2025-07-09 17:03:28.122] [jointLog] [warning] read 7169b68c-6784-49f7-b4f5-1893d5cdf178 (length 9074) has no trained clipping model
[2025-07-09 17:03:28.136] [jointLog] [warning] read 9947aad7-2147-4bf9-8e26-6bd882553e4e (length 9427 - align length 9367) has no trained error model
[2025-07-09 17:03:28.136] [jointLog] [warning] read 9947aad7-2147-4bf9-8e26-6bd882553e4e (length 9427) has no trained clipping model
[2025-07-09 17:03:28.136] [jointLog] [warning] read 9947aad7-2147-4bf9-8e26-6bd882553e4e (length 9427) has no trained clipping model
[2025-07-09 17:03:28.264] [jointLog] [warning] read 4ece7905-8f9a-435e-b106-2e4ca2c28218 (length 9693 - align length 59) has no trained error model
[2025-07-09 17:03:28.264] [jointLog] [warning] read 4ece7905-8f9a-435e-b106-2e4ca2c28218 (length 9693) has no trained clipping model
[2025-07-09 17:03:28.264] [jointLog] [warning] read 4ece7905-8f9a-435e-b106-2e4ca2c28218 (length 9693) has no trained clipping model
[2025-07-09 17:03:28.624] [fileLog] [info] quantification processed 1000000 fragments so far

[2025-07-09 17:03:28.665] [jointLog] [warning] read 907e8940-47a1-4066-9db5-f59c457c37ac (length 9124 - align length 9067) has no trained error model
[2025-07-09 17:03:28.665] [jointLog] [warning] read 907e8940-47a1-4066-9db5-f59c457c37ac (length 9124) has no trained clipping model
[2025-07-09 17:03:28.665] [jointLog] [warning] read 907e8940-47a1-4066-9db5-f59c457c37ac (length 9124) has no trained clipping model
[2025-07-09 17:03:28.698] [jointLog] [warning] (in update()) CIGAR string for read [873e21ff-6c6d-42cb-8e85-37adf5aeaed9] seems inconsistent. It implied an error rate greater than 1: 2.68939 0 0
[2025-07-09 17:03:28.724] [jointLog] [warning] read f4304de4-942a-4bc7-8f2d-c1581a9b9ae4 (length 10568 - align length 55) has no trained error model
[2025-07-09 17:03:28.724] [jointLog] [warning] read f4304de4-942a-4bc7-8f2d-c1581a9b9ae4 (length 10568) has no trained clipping model
[2025-07-09 17:03:28.724] [jointLog] [warning] read f4304de4-942a-4bc7-8f2d-c1581a9b9ae4 (length 10568) has no trained clipping model
[2025-07-09 17:03:28.750] [jointLog] [warning] (in update()) CIGAR string for read [b09db64b-6cbd-4a48-810a-c22c7be68df1] seems inconsistent. It implied an error rate greater than 1: 1.36725 0 0
[2025-07-09 17:03:28.791] [jointLog] [warning] read 2a5c40e0-cfe9-4bd0-b1fb-fe2ca89474ef (length 7988 - align length 7924) has no trained error model
[2025-07-09 17:03:28.862] [jointLog] [warning] read 424165f6-5f64-4965-9819-50eafd54084a (length 7737 - align length 7737) has no trained error model
[2025-07-09 17:03:28.897] [jointLog] [warning] read d51f0dd3-47f6-4856-b4db-9304137c4e79 (length 9580) has no trained clipping model
[2025-07-09 17:03:28.904] [jointLog] [warning] (in update()) CIGAR string for read [b36e604f-179d-44d2-82a3-3f81849b8ac3] seems inconsistent. It implied an error rate greater than 1: 1.22683 0.00189994 0.0208993
[2025-07-09 17:03:29.049] [jointLog] [warning] read aca3ccfb-71b9-4d3f-b669-aed7d67a3b94 (length 10475 - align length 10432) has no trained error model
[2025-07-09 17:03:29.049] [jointLog] [warning] read aca3ccfb-71b9-4d3f-b669-aed7d67a3b94 (length 10475) has no trained clipping model
[2025-07-09 17:03:29.049] [jointLog] [warning] read aca3ccfb-71b9-4d3f-b669-aed7d67a3b94 (length 10475) has no trained clipping model
[2025-07-09 17:03:29.051] [jointLog] [warning] read 3c44d78d-e02f-49d0-9d9e-aa8fecbaebbb (length 10624 - align length 10525) has no trained error model
[2025-07-09 17:03:29.051] [jointLog] [warning] read 3c44d78d-e02f-49d0-9d9e-aa8fecbaebbb (length 10624) has no trained clipping model
[2025-07-09 17:03:29.051] [jointLog] [warning] read 3c44d78d-e02f-49d0-9d9e-aa8fecbaebbb (length 10624) has no trained clipping model
[2025-07-09 17:03:29.065] [jointLog] [warning] read cbbf6667-be92-495e-bedb-56b46e149d2c (length 8042 - align length 7960) has no trained error model
[2025-07-09 17:03:29.065] [jointLog] [warning] read cbbf6667-be92-495e-bedb-56b46e149d2c (length 8042) has no trained clipping model
[2025-07-09 17:03:29.065] [jointLog] [warning] read cbbf6667-be92-495e-bedb-56b46e149d2c (length 8042) has no trained clipping model
[2025-07-09 17:03:29.087] [jointLog] [warning] read 6f31b553-c0da-454d-9239-ee582314d19a (length 9097) has no trained clipping model
[2025-07-09 17:03:29.100] [jointLog] [warning] (in update()) CIGAR string for read [d388f569-8665-4683-ab3b-46c43893edef] seems inconsistent. It implied an error rate greater than 1: 1.15093 0 0.0246433
[2025-07-09 17:03:29.377] [jointLog] [warning] read 92d87703-c365-4fbe-9489-6b75f1f3f982 (length 8682) has no trained clipping model
[2025-07-09 17:03:29.406] [jointLog] [warning] (in update()) CIGAR string for read [ced1eeed-01a7-4ae9-aab7-36733c3bb586] seems inconsistent. It implied an error rate greater than 1: 1.35291 0 0.0032192
[2025-07-09 17:03:29.423] [jointLog] [warning] read fe129ade-8d6d-44ce-a8e0-a7fff4effad1 (length 9419) has no trained clipping model
[2025-07-09 17:03:29.461] [jointLog] [warning] read 9ada9db3-5f85-4583-bf1c-df6fd7281a47 (length 8839 - align length 1161) has no trained error model
[2025-07-09 17:03:29.461] [jointLog] [warning] read 9ada9db3-5f85-4583-bf1c-df6fd7281a47 (length 8839) has no trained clipping model
[2025-07-09 17:03:29.461] [jointLog] [warning] read 9ada9db3-5f85-4583-bf1c-df6fd7281a47 (length 8839) has no trained clipping model
[2025-07-09 17:03:29.591] [jointLog] [warning] (in update()) CIGAR string for read [d0526283-1f67-47da-8cbe-ea9d51a795d5] seems inconsistent. It implied an error rate greater than 1: 1.34925 0 0
[2025-07-09 17:03:29.623] [jointLog] [warning] (in update()) CIGAR string for read [edce4dc1-59dc-4863-870f-7eed36cac9e4] seems inconsistent. It implied an error rate greater than 1: 1.00104 0 0.0010352
[2025-07-09 17:03:29.657] [jointLog] [warning] (in update()) CIGAR string for read [bbfbbbf8-e725-42ab-92e7-ee538f2e8b12] seems inconsistent. It implied an error rate greater than 1: 1.32447 0 0.0315484
[2025-07-09 17:03:29.692] [jointLog] [warning] (in update()) CIGAR string for read [ee1f1bab-73d1-4931-a79d-cd7fe9f88332] seems inconsistent. It implied an error rate greater than 1: 1.03889 0.000784621 0.0105924
[2025-07-09 17:03:29.730] [jointLog] [warning] (in update()) CIGAR string for read [3ea7dc98-bbc0-4f23-b42b-91e505baa0a5] seems inconsistent. It implied an error rate greater than 1: 1.33966 0 0.0191922
[2025-07-09 17:03:29.805] [jointLog] [warning] read 87f9fc20-f886-4d7b-973b-bd6f034c93f1 (length 8608) has no trained clipping model
[2025-07-09 17:03:29.895] [jointLog] [warning] read cadf071a-e118-4e3c-b707-f2c68ccdfc4e (length 9915 - align length 9887) has no trained error model
[2025-07-09 17:03:29.895] [jointLog] [warning] read cadf071a-e118-4e3c-b707-f2c68ccdfc4e (length 9915) has no trained clipping model
[2025-07-09 17:03:29.963] [jointLog] [warning] read 08315315-2e2a-4370-87c4-8c8e8ab486ff (length 9197 - align length 9175) has no trained error model
[2025-07-09 17:03:30.078] [jointLog] [warning] (in update()) CIGAR string for read [1965e245-8b6b-4b6d-9e88-f59fef9cb8be] seems inconsistent. It implied an error rate greater than 1: 1.10107 0.00121951 0.00335366
[2025-07-09 17:03:30.143] [jointLog] [warning] read cd5fc1bd-bb76-4624-95f2-f115b9cc0851 (length 8965 - align length 8896) has no trained error model
[2025-07-09 17:03:30.242] [jointLog] [warning] (in update()) CIGAR string for read [f493f0aa-dc0e-41fb-8af0-0b06849a3de6] seems inconsistent. It implied an error rate greater than 1: 1.35902 0.0002918 0.0113802
[2025-07-09 17:03:30.609] [jointLog] [warning] (in update()) CIGAR string for read [07dea8d5-854c-4667-97f4-296331850687] seems inconsistent. It implied an error rate greater than 1: 1.18315 0.0122164 0.034904
[2025-07-09 17:03:30.615] [jointLog] [warning] (in update()) CIGAR string for read [da4f15c6-8499-4156-8acc-091014e82ef7] seems inconsistent. It implied an error rate greater than 1: 1.35565 0 0.0241727
[2025-07-09 17:03:30.800] [jointLog] [warning] (in update()) CIGAR string for read [56475326-4770-4506-a65d-60a6028d5b15] seems inconsistent. It implied an error rate greater than 1: 2.30038 0.198324 0.0670391
[2025-07-09 17:03:30.811] [jointLog] [warning] (in update()) CIGAR string for read [3f3b85e9-9f25-4c55-bfd1-9353520c355c] seems inconsistent. It implied an error rate greater than 1: 1.34982 0 0.000588582
[2025-07-09 17:03:30.978] [jointLog] [warning] (in update()) CIGAR string for read [95a9403a-1c5e-40e7-a3a6-9ca8fb9aaead] seems inconsistent. It implied an error rate greater than 1: 1.1421 0.014377 0.086262
[2025-07-09 17:03:31.003] [jointLog] [warning] (in update()) CIGAR string for read [8b26e7d4-faf0-4613-92b2-776a7547cef3] seems inconsistent. It implied an error rate greater than 1: 1.53916 0 0.004
[2025-07-09 17:03:31.018] [jointLog] [warning] read 888e58e0-b6fa-4f9e-a04e-2b9ad8cf8411 (length 8498 - align length 8459) has no trained error model
[2025-07-09 17:03:31.257] [jointLog] [warning] (in update()) CIGAR string for read [983f0a55-066d-430c-83c6-4d49e6a28431] seems inconsistent. It implied an error rate greater than 1: 1.095 0.0286533 0.111748
[2025-07-09 17:03:31.275] [jointLog] [warning] read cd5f0776-8db1-437c-a502-f86a8557ca91 (length 9528 - align length 9445) has no trained error model
[2025-07-09 17:03:31.658] [jointLog] [warning] (in update()) CIGAR string for read [0e651e4e-14c9-4157-bdcd-0c5db369a5c5] seems inconsistent. It implied an error rate greater than 1: 1.35225 0.000289855 0.013913
[2025-07-09 17:03:31.708] [jointLog] [warning] read 25c840c6-91ae-4c5f-9189-eb2761f73088 (length 9708 - align length 9703) has no trained error model
[2025-07-09 17:03:31.880] [jointLog] [warning] read df9f7f2c-c524-4fea-a1ad-5e80de7be09d (length 9037 - align length 8737) has no trained error model
[2025-07-09 17:03:32.027] [jointLog] [warning] (in update()) CIGAR string for read [749c5c0b-03f2-45d0-9ea7-63e1297c1e5e] seems inconsistent. It implied an error rate greater than 1: 1.36079 0 0.0165505
[2025-07-09 17:03:32.140] [jointLog] [warning] (in update()) CIGAR string for read [41f823b5-cbe6-4b7b-b17d-1301d48285da] seems inconsistent. It implied an error rate greater than 1: 1.34507 0 0.0189983
[2025-07-09 17:03:32.167] [jointLog] [warning] read 03d1b74f-3732-4b3e-a362-84e2cf65732b (length 13183 - align length 13131) has no trained error model
[2025-07-09 17:03:32.167] [jointLog] [warning] read 03d1b74f-3732-4b3e-a362-84e2cf65732b (length 13183) has no trained clipping model
[2025-07-09 17:03:32.167] [jointLog] [warning] read 03d1b74f-3732-4b3e-a362-84e2cf65732b (length 13183) has no trained clipping model
[2025-07-09 17:03:32.173] [jointLog] [warning] (in update()) CIGAR string for read [78573009-21c8-4345-8999-8dab9f44f0c8] seems inconsistent. It implied an error rate greater than 1: 1.08848 0.00447094 0.102832
[2025-07-09 17:03:32.380] [jointLog] [warning] (in update()) CIGAR string for read [fdc388be-e312-4e68-8dab-f87e42930110] seems inconsistent. It implied an error rate greater than 1: 1.59924 0 0
[2025-07-09 17:03:32.397] [jointLog] [warning] read 430ce319-931a-4303-bbee-49d68f0af689 (length 8114 - align length 8059) has no trained error model
[2025-07-09 17:03:32.409] [jointLog] [warning] read 1f544ea2-adb1-43f8-ad36-4e4c49d8fbae (length 10396 - align length 10358) has no trained error model
[2025-07-09 17:03:32.409] [jointLog] [warning] read 1f544ea2-adb1-43f8-ad36-4e4c49d8fbae (length 10396) has no trained clipping model
[2025-07-09 17:03:32.409] [jointLog] [warning] read 1f544ea2-adb1-43f8-ad36-4e4c49d8fbae (length 10396) has no trained clipping model
[2025-07-09 17:03:32.193] [fileLog] [info] quantification processed 2000000 fragments so far

[2025-07-09 17:03:32.451] [jointLog] [warning] (in update()) CIGAR string for read [67e669d1-3cd6-464d-ae01-c4db659bbd45] seems inconsistent. It implied an error rate greater than 1: 1.35579 0 0.00294638
[2025-07-09 17:03:32.528] [jointLog] [warning] (in update()) CIGAR string for read [1d3d4c9c-24b2-4c81-8c52-f2937950c759] seems inconsistent. It implied an error rate greater than 1: 1.3518 0 0.00556695
[2025-07-09 17:03:32.534] [jointLog] [warning] read 56c730e6-0f28-4aff-bf69-beb407b3be24 (length 9632 - align length 9610) has no trained error model
[2025-07-09 17:03:32.585] [jointLog] [warning] (in update()) CIGAR string for read [62e6996c-afa6-460d-9e12-6511db959cba] seems inconsistent. It implied an error rate greater than 1: 1.23391 0.0208438 0
[2025-07-09 17:03:32.608] [jointLog] [warning] (in update()) CIGAR string for read [6575b7d3-a2ca-4747-abab-dd4224f4322d] seems inconsistent. It implied an error rate greater than 1: 1.34489 0 0.00526008
[2025-07-09 17:03:32.637] [jointLog] [warning] (in update()) CIGAR string for read [39287741-8f7f-4210-ad2f-842e00185466] seems inconsistent. It implied an error rate greater than 1: 1.16846 0.0152542 0.0389831
[2025-07-09 17:03:32.729] [jointLog] [warning] (in update()) CIGAR string for read [b971c63c-78a6-428f-a100-f0cb685d3eab] seems inconsistent. It implied an error rate greater than 1: 1.34822 0.000585823 0.0026362
[2025-07-09 17:03:32.880] [jointLog] [warning] read 660f832a-ffa2-4288-9954-9939f12f9257 (length 11958 - align length 11895) has no trained error model
[2025-07-09 17:03:32.880] [jointLog] [warning] read 660f832a-ffa2-4288-9954-9939f12f9257 (length 11958) has no trained clipping model
[2025-07-09 17:03:32.880] [jointLog] [warning] read 660f832a-ffa2-4288-9954-9939f12f9257 (length 11958) has no trained clipping model
[2025-07-09 17:03:32.962] [jointLog] [warning] (in update()) CIGAR string for read [6caadbed-cc05-4e39-8144-fabb78286192] seems inconsistent. It implied an error rate greater than 1: 1.36601 0 0.0117062
[2025-07-09 17:03:32.986] [jointLog] [warning] (in update()) CIGAR string for read [5cd8f40f-c45f-4079-b4a9-8b757c154f49] seems inconsistent. It implied an error rate greater than 1: 1.53743 0 0
[2025-07-09 17:03:33.306] [jointLog] [warning] (in update()) CIGAR string for read [58c1bbcd-f333-4caa-b3c4-129012d49304] seems inconsistent. It implied an error rate greater than 1: 1.55807 0.000715308 0.0200286
[2025-07-09 17:03:33.315] [jointLog] [warning] (in update()) CIGAR string for read [76e84320-3ff3-4935-b4b4-71d1a0e49a69] seems inconsistent. It implied an error rate greater than 1: 1.11826 0.0152801 0.00848896
[2025-07-09 17:03:33.327] [jointLog] [warning] read cffc08a6-c3ee-49fd-b2a0-bb3d97d32179 (length 11825 - align length 11811) has no trained error model
[2025-07-09 17:03:33.327] [jointLog] [warning] read cffc08a6-c3ee-49fd-b2a0-bb3d97d32179 (length 11825) has no trained clipping model
[2025-07-09 17:03:33.327] [jointLog] [warning] read cffc08a6-c3ee-49fd-b2a0-bb3d97d32179 (length 11825) has no trained clipping model
[2025-07-09 17:03:33.330] [jointLog] [warning] (in update()) CIGAR string for read [c5878360-efe6-40c8-99ee-0721df5e832c] seems inconsistent. It implied an error rate greater than 1: 1.34497 0.00087925 0
[2025-07-09 17:03:33.518] [jointLog] [warning] (in update()) CIGAR string for read [840351d5-9a62-44a5-bd04-442183f040ab] seems inconsistent. It implied an error rate greater than 1: 1.34448 0.00291971 0.0020438
[2025-07-09 17:03:33.587] [jointLog] [warning] (in update()) CIGAR string for read [6bca079c-5bec-440e-a430-008fde5ef4ad] seems inconsistent. It implied an error rate greater than 1: 1.12326 0.00505902 0.0236088
[2025-07-09 17:03:33.851] [jointLog] [warning] read d1b6b910-2808-4fe5-a080-0d510def71a5 (length 11356 - align length 4311) has no trained error model
[2025-07-09 17:03:33.851] [jointLog] [warning] read d1b6b910-2808-4fe5-a080-0d510def71a5 (length 11356) has no trained clipping model
[2025-07-09 17:03:33.851] [jointLog] [warning] read d1b6b910-2808-4fe5-a080-0d510def71a5 (length 11356) has no trained clipping model
[2025-07-09 17:03:34.034] [jointLog] [warning] read 42d24817-6f0a-44aa-81c9-7c0d536e8640 (length 10040 - align length 10040) has no trained error model
[2025-07-09 17:03:34.153] [jointLog] [warning] (in update()) CIGAR string for read [b61ea5f6-9ea8-4100-92d5-91b69450e0cf] seems inconsistent. It implied an error rate greater than 1: 1.40934 0 0.0581456
[2025-07-09 17:03:34.195] [jointLog] [warning] (in update()) CIGAR string for read [687972da-821f-4800-b37b-e0b8abb7bc75] seems inconsistent. It implied an error rate greater than 1: 1.36383 0.00266588 0
[2025-07-09 17:03:34.209] [jointLog] [warning] (in update()) CIGAR string for read [9f73556d-ef6f-4ef6-acac-864051c72d67] seems inconsistent. It implied an error rate greater than 1: 1.34191 0.00378788 0
[2025-07-09 17:03:34.245] [jointLog] [warning] read a0b2f8da-5c45-4f9a-90ed-4cf033699259 (length 9307 - align length 9268) has no trained error model
[2025-07-09 17:03:34.318] [jointLog] [warning] (in update()) CIGAR string for read [78c05a65-8d59-4c4c-a30b-7921ec62875b] seems inconsistent. It implied an error rate greater than 1: 1.36388 0.000592593 0.00355556
[2025-07-09 17:03:34.992] [jointLog] [warning] read b2152177-0758-4253-accf-237529e49437 (length 11036 - align length 10988) has no trained error model
[2025-07-09 17:03:34.992] [jointLog] [warning] read b2152177-0758-4253-accf-237529e49437 (length 11036) has no trained clipping model
[2025-07-09 17:03:34.992] [jointLog] [warning] read b2152177-0758-4253-accf-237529e49437 (length 11036) has no trained clipping model
[2025-07-09 17:03:35.005] [jointLog] [warning] (in update()) CIGAR string for read [a7fb434e-5c72-42bb-9cf1-0055d04f31f7] seems inconsistent. It implied an error rate greater than 1: 2.85962 0.00314465 0
[2025-07-09 17:03:35.031] [jointLog] [warning] read be15e798-97dc-4314-80ab-1cf83a8fd45a (length 10333 - align length 10247) has no trained error model
[2025-07-09 17:03:35.031] [jointLog] [warning] read be15e798-97dc-4314-80ab-1cf83a8fd45a (length 10333) has no trained clipping model
[2025-07-09 17:03:35.528] [jointLog] [warning] (in update()) CIGAR string for read [db708a71-c263-4743-8a08-f22eb37afc52] seems inconsistent. It implied an error rate greater than 1: 1.3693 0 0.0146843
[2025-07-09 17:03:35.529] [jointLog] [warning] read dc890e0d-2b5b-44eb-8f04-477b55efce22 (length 9419) has no trained clipping model
[2025-07-09 17:03:35.690] [jointLog] [warning] (in update()) CIGAR string for read [ea2d1848-fb46-43e9-9ec5-0bd00c7eaa10] seems inconsistent. It implied an error rate greater than 1: 1.81547 0.0113712 0.00267559
[2025-07-09 17:03:35.742] [jointLog] [warning] (in update()) CIGAR string for read [d7b9757a-1047-452b-8e03-4d692b93c3f2] seems inconsistent. It implied an error rate greater than 1: 1.1038 0.0149796 0.018611
[2025-07-09 17:03:35.841] [jointLog] [warning] (in update()) CIGAR string for read [5ae8a5eb-4962-49ae-a0ce-4c01f7d6e331] seems inconsistent. It implied an error rate greater than 1: 1.10085 0.0140187 0.0747664
[2025-07-09 17:03:35.851] [jointLog] [warning] read c1f39830-c79c-4eee-971a-b33ab9444cd4 (length 11043) has no trained clipping model
[2025-07-09 17:03:35.855] [jointLog] [warning] (in update()) CIGAR string for read [ef0ecd0b-640b-4e0a-a384-5ac5c38ecd33] seems inconsistent. It implied an error rate greater than 1: 1.34596 0.000292912 0.00234329
[2025-07-09 17:03:35.891] [jointLog] [warning] read 7dab88ca-37be-4281-b2ec-a86a6d9e2b54 (length 10762 - align length 10762) has no trained error model
[2025-07-09 17:03:35.891] [jointLog] [warning] read 7dab88ca-37be-4281-b2ec-a86a6d9e2b54 (length 10762) has no trained clipping model
[2025-07-09 17:03:35.891] [jointLog] [warning] read 7dab88ca-37be-4281-b2ec-a86a6d9e2b54 (length 10762) has no trained clipping model
[2025-07-09 17:03:35.904] [jointLog] [warning] read 528a980c-fa93-466d-80dd-55b17c40cf45 (length 10276 - align length 10244) has no trained error model
[2025-07-09 17:03:35.904] [jointLog] [warning] read 528a980c-fa93-466d-80dd-55b17c40cf45 (length 10276) has no trained clipping model
[2025-07-09 17:03:35.904] [jointLog] [warning] read 528a980c-fa93-466d-80dd-55b17c40cf45 (length 10276) has no trained clipping model
[2025-07-09 17:03:35.906] [jointLog] [warning] (in update()) CIGAR string for read [a6bcf9c1-4063-4d20-982d-c23cf1e96561] seems inconsistent. It implied an error rate greater than 1: 1.54245 0.0230415 0
[2025-07-09 17:03:35.908] [jointLog] [warning] read 0c650cf2-f8f6-4106-aa5e-0ee142c48ff6 (length 9220) has no trained clipping model
[2025-07-09 17:03:35.912] [jointLog] [warning] (in update()) CIGAR string for read [290221a9-6ea0-4723-9742-b52293491fe4] seems inconsistent. It implied an error rate greater than 1: 1.43289 0 0.0393295
[2025-07-09 17:03:35.982] [jointLog] [warning] (in update()) CIGAR string for read [bc81471c-faae-4187-8515-c487a19f0927] seems inconsistent. It implied an error rate greater than 1: 1.48492 0 0.0188341
[2025-07-09 17:03:35.894] [fileLog] [info] quantification processed 3000000 fragments so far

[2025-07-09 17:03:36.232] [jointLog] [warning] (in update()) CIGAR string for read [f613e77d-4143-495b-95af-882680302411] seems inconsistent. It implied an error rate greater than 1: 1.35415 0.000293513 0.00352216
[2025-07-09 17:03:36.326] [jointLog] [warning] read b8353e2f-2223-483a-a333-ae5b71f8ea6b (length 11162 - align length 11094) has no trained error model
[2025-07-09 17:03:36.326] [jointLog] [warning] read b8353e2f-2223-483a-a333-ae5b71f8ea6b (length 11162) has no trained clipping model
[2025-07-09 17:03:36.326] [jointLog] [warning] read b8353e2f-2223-483a-a333-ae5b71f8ea6b (length 11162) has no trained clipping model
[2025-07-09 17:03:36.448] [jointLog] [warning] (in update()) CIGAR string for read [b9c2b6ac-5813-4c5f-a266-0535ae9e0e30] seems inconsistent. It implied an error rate greater than 1: 1.36025 0 0.00588062
[2025-07-09 17:03:36.562] [jointLog] [warning] (in update()) CIGAR string for read [b3392a2c-cc62-436a-a665-1668b6a48527] seems inconsistent. It implied an error rate greater than 1: 1.3504 0 0.0196135
[2025-07-09 17:03:36.742] [jointLog] [warning] (in update()) CIGAR string for read [2fc6fe56-3c08-49ee-8e02-380d418c3c78] seems inconsistent. It implied an error rate greater than 1: 1.35916 0.000589449 0.00648394
[2025-07-09 17:03:36.948] [jointLog] [warning] (in update()) CIGAR string for read [1f03f929-4123-4f2e-bbf3-eab2f694ca2a] seems inconsistent. It implied an error rate greater than 1: 1.02022 0 0.00489396
[2025-07-09 17:03:37.087] [jointLog] [warning] (in update()) CIGAR string for read [edc309c5-75c8-4276-9634-eb520ee30e66] seems inconsistent. It implied an error rate greater than 1: 1.35856 0 0.00118099
[2025-07-09 17:03:37.449] [jointLog] [warning] (in update()) CIGAR string for read [ed42105d-9d96-4009-910a-95482f754ecb] seems inconsistent. It implied an error rate greater than 1: 1.35835 0 0.00704019
[2025-07-09 17:03:37.450] [jointLog] [warning] (in update()) CIGAR string for read [2f0ef50b-494f-4d77-9b2f-942ae356c1bd] seems inconsistent. It implied an error rate greater than 1: 1.28229 0 0.04039
[2025-07-09 17:03:37.528] [jointLog] [warning] read 0f4a746f-8d07-429d-8188-86275650ce85 (length 10746) has no trained clipping model
[2025-07-09 17:03:37.528] [jointLog] [warning] read 0f4a746f-8d07-429d-8188-86275650ce85 (length 10746) has no trained clipping model
[2025-07-09 17:03:37.842] [jointLog] [warning] (in update()) CIGAR string for read [b8c0043c-962e-4fb0-ac04-9e75e72872f3] seems inconsistent. It implied an error rate greater than 1: 1.36299 0.000293772 0.00264395
[2025-07-09 17:03:37.933] [jointLog] [warning] (in update()) CIGAR string for read [d572150f-71c6-4978-bc70-8050ead013e3] seems inconsistent. It implied an error rate greater than 1: 2.92721 0 0.0642903
[2025-07-09 17:03:38.108] [jointLog] [warning] (in update()) CIGAR string for read [67db0d8d-778c-4fdb-9ffd-af0464ada4cb] seems inconsistent. It implied an error rate greater than 1: 1.354 0 0.0105171
[2025-07-09 17:03:38.157] [jointLog] [warning] (in update()) CIGAR string for read [79353f7a-4990-4edd-89e4-dfbc4a7334d4] seems inconsistent. It implied an error rate greater than 1: 1.99054 0 0.00385439
[2025-07-09 17:03:38.236] [jointLog] [warning] read bf8cf004-8242-4c2b-a520-8490b752d92a (length 10199 - align length 10138) has no trained error model
[2025-07-09 17:03:38.236] [jointLog] [warning] read bf8cf004-8242-4c2b-a520-8490b752d92a (length 10199) has no trained clipping model
[2025-07-09 17:03:38.236] [jointLog] [warning] read bf8cf004-8242-4c2b-a520-8490b752d92a (length 10199) has no trained clipping model
[2025-07-09 17:03:38.336] [jointLog] [warning] (in update()) CIGAR string for read [e454bb60-8be7-46db-aee0-81e0facd46fe] seems inconsistent. It implied an error rate greater than 1: 1.27993 0 0
[2025-07-09 17:03:38.489] [jointLog] [warning] read f82aabe8-f1a0-4665-bd7e-f8d12511fa41 (length 12922 - align length 12870) has no trained error model
[2025-07-09 17:03:38.489] [jointLog] [warning] read f82aabe8-f1a0-4665-bd7e-f8d12511fa41 (length 12922) has no trained clipping model
[2025-07-09 17:03:38.489] [jointLog] [warning] read f82aabe8-f1a0-4665-bd7e-f8d12511fa41 (length 12922) has no trained clipping model
[2025-07-09 17:03:38.501] [jointLog] [warning] (in update()) CIGAR string for read [fb4105ef-27a0-4089-9a5d-291d6987118e] seems inconsistent. It implied an error rate greater than 1: 1.11194 0.0138648 0.0610919
[2025-07-09 17:03:38.681] [jointLog] [warning] (in update()) CIGAR string for read [1a8eebc1-1261-4194-b273-2d86ac5c6991] seems inconsistent. It implied an error rate greater than 1: 1.34398 0 0.0200976
[2025-07-09 17:03:38.732] [jointLog] [warning] (in update()) CIGAR string for read [6af70b1f-3bd8-4987-ade1-035db2bbc356] seems inconsistent. It implied an error rate greater than 1: 1.34595 0.00058548 0.00175644
[2025-07-09 17:03:38.754] [jointLog] [warning] read ac736341-d1cb-4ab7-a56b-f2c6038c57af (length 11297 - align length 11252) has no trained error model
[2025-07-09 17:03:38.754] [jointLog] [warning] read ac736341-d1cb-4ab7-a56b-f2c6038c57af (length 11297) has no trained clipping model
[2025-07-09 17:03:38.754] [jointLog] [warning] read ac736341-d1cb-4ab7-a56b-f2c6038c57af (length 11297) has no trained clipping model
[2025-07-09 17:03:38.905] [jointLog] [warning] (in update()) CIGAR string for read [082e4577-5373-4152-a7b6-427e73104b1b] seems inconsistent. It implied an error rate greater than 1: 1.35119 0.00176108 0.00117405
[2025-07-09 17:03:39.310] [jointLog] [warning] read f9c378c6-afdc-4bea-ac8d-bb6557e922a3 (length 13951 - align length 13933) has no trained error model
[2025-07-09 17:03:39.310] [jointLog] [warning] read f9c378c6-afdc-4bea-ac8d-bb6557e922a3 (length 13951) has no trained clipping model
[2025-07-09 17:03:39.310] [jointLog] [warning] read f9c378c6-afdc-4bea-ac8d-bb6557e922a3 (length 13951) has no trained clipping model
[2025-07-09 17:03:39.630] [fileLog] [info] quantification processed 4000000 fragments so far

[2025-07-09 17:03:39.913] [jointLog] [warning] (in update()) CIGAR string for read [060e8f43-95ea-4b12-b90c-26669642097b] seems inconsistent. It implied an error rate greater than 1: 1.12603 0.000585138 0.0754827
[2025-07-09 17:03:39.946] [jointLog] [warning] (in update()) CIGAR string for read [d63775e0-6fc9-4c48-973e-83749fd61a47] seems inconsistent. It implied an error rate greater than 1: 1.09814 0.00750751 0.105105
[2025-07-09 17:03:39.970] [jointLog] [warning] (in update()) CIGAR string for read [3f5f6914-6b9a-455a-b110-f3c959208fec] seems inconsistent. It implied an error rate greater than 1: 1.06756 0 0.000284981
[2025-07-09 17:03:40.028] [jointLog] [warning] (in update()) CIGAR string for read [f0985d43-cde8-4350-b06d-bf7d00b1b9a4] seems inconsistent. It implied an error rate greater than 1: 1.35521 0.00292826 0.00204978
[2025-07-09 17:03:40.091] [jointLog] [warning] (in update()) CIGAR string for read [8f0f038f-e855-43d7-a236-5bee5d209ac6] seems inconsistent. It implied an error rate greater than 1: 1.38538 0.00120084 0.00480336
[2025-07-09 17:03:40.166] [jointLog] [warning] (in update()) CIGAR string for read [b6d5befe-11d5-42e4-9f48-357b41f7ba60] seems inconsistent. It implied an error rate greater than 1: 1.34359 0 0
[2025-07-09 17:03:40.295] [jointLog] [warning] read f7bc9c9d-e289-4bca-899e-620f27d551cb (length 10993 - align length 10983) has no trained error model
[2025-07-09 17:03:40.295] [jointLog] [warning] read f7bc9c9d-e289-4bca-899e-620f27d551cb (length 10993) has no trained clipping model
[2025-07-09 17:03:40.295] [jointLog] [warning] read f7bc9c9d-e289-4bca-899e-620f27d551cb (length 10993) has no trained clipping model
[2025-07-09 17:03:40.426] [jointLog] [warning] (in update()) CIGAR string for read [665c50b5-500f-41ac-bccd-d7991d91c5a8] seems inconsistent. It implied an error rate greater than 1: 1.35445 0 0.00818235
[2025-07-09 17:03:40.490] [jointLog] [warning] (in update()) CIGAR string for read [5696ca31-8ea2-4825-9637-7a6d10ef8238] seems inconsistent. It implied an error rate greater than 1: 2.22979 0.00111483 0.0334448
[2025-07-09 17:03:40.679] [jointLog] [warning] (in update()) CIGAR string for read [9ba65619-ba26-4f18-848d-ddd10cfc4295] seems inconsistent. It implied an error rate greater than 1: 1.1308 0 0.0308989
[2025-07-09 17:03:40.805] [jointLog] [warning] (in update()) CIGAR string for read [1c28172f-1033-4e52-bd7e-7756de015845] seems inconsistent. It implied an error rate greater than 1: 1.11375 0.00944882 0.0629921
[2025-07-09 17:03:40.928] [jointLog] [warning] read 1ceb9d15-9072-455d-948a-751494dbaa49 (length 13646 - align length 13626) has no trained error model
[2025-07-09 17:03:40.928] [jointLog] [warning] read 1ceb9d15-9072-455d-948a-751494dbaa49 (length 13646) has no trained clipping model
[2025-07-09 17:03:40.928] [jointLog] [warning] read 1ceb9d15-9072-455d-948a-751494dbaa49 (length 13646) has no trained clipping model
[2025-07-09 17:03:41.621] [jointLog] [warning] read dc22612d-ed27-450d-8071-718a3fa77861 (length 13483 - align length 397) has no trained error model
[2025-07-09 17:03:41.621] [jointLog] [warning] read dc22612d-ed27-450d-8071-718a3fa77861 (length 13483) has no trained clipping model
[2025-07-09 17:03:41.621] [jointLog] [warning] read dc22612d-ed27-450d-8071-718a3fa77861 (length 13483) has no trained clipping model
[2025-07-09 17:03:41.624] [jointLog] [warning] (in update()) CIGAR string for read [a5e4eda2-8cc7-4805-a290-5d5f9a3629fc] seems inconsistent. It implied an error rate greater than 1: 1.35919 0 0.00324675
[2025-07-09 17:03:41.626] [jointLog] [warning] read 99fdc91a-2776-4a6a-8017-6891266dc996 (length 33392 - align length 58) has no trained error model
[2025-07-09 17:03:41.626] [jointLog] [warning] read 99fdc91a-2776-4a6a-8017-6891266dc996 (length 33392) has no trained clipping model
[2025-07-09 17:03:41.626] [jointLog] [warning] read 99fdc91a-2776-4a6a-8017-6891266dc996 (length 33392) has no trained clipping model
[2025-07-09 17:03:41.628] [jointLog] [warning] read cf0be463-1c7b-46bd-a37d-0fa3f01e0a6c (length 36424 - align length 112) has no trained error model
[2025-07-09 17:03:41.628] [jointLog] [warning] read cf0be463-1c7b-46bd-a37d-0fa3f01e0a6c (length 36424) has no trained clipping model
[2025-07-09 17:03:41.628] [jointLog] [warning] read cf0be463-1c7b-46bd-a37d-0fa3f01e0a6c (length 36424) has no trained clipping model
[2025-07-09 17:03:41.628] [jointLog] [warning] read 1cad03e4-d38d-46d0-a8e6-bd2de1b9bd73 (length 16877 - align length 118) has no trained error model
[2025-07-09 17:03:41.628] [jointLog] [warning] read 1cad03e4-d38d-46d0-a8e6-bd2de1b9bd73 (length 16877) has no trained clipping model
[2025-07-09 17:03:41.628] [jointLog] [warning] read 1cad03e4-d38d-46d0-a8e6-bd2de1b9bd73 (length 16877) has no trained clipping model
[2025-07-09 17:03:41.628] [jointLog] [warning] read b30898ca-cc9f-4162-b753-4204357eeee8 (length 17724 - align length 57) has no trained error model
[2025-07-09 17:03:41.628] [jointLog] [warning] read b30898ca-cc9f-4162-b753-4204357eeee8 (length 17724) has no trained clipping model
[2025-07-09 17:03:41.628] [jointLog] [warning] read b30898ca-cc9f-4162-b753-4204357eeee8 (length 17724) has no trained clipping model
[2025-07-09 17:03:41.628] [jointLog] [warning] read b5084e56-6a6b-4259-afd2-b07fdbee4ae2 (length 15286 - align length 482) has no trained error model
[2025-07-09 17:03:41.628] [jointLog] [warning] read b5084e56-6a6b-4259-afd2-b07fdbee4ae2 (length 15286) has no trained clipping model
[2025-07-09 17:03:41.628] [jointLog] [warning] read b5084e56-6a6b-4259-afd2-b07fdbee4ae2 (length 15286) has no trained clipping model
[2025-07-09 17:03:41.628] [jointLog] [warning] read 964ad096-663b-446c-8865-b4a77ad5f500 (length 40048 - align length 448) has no trained error model
[2025-07-09 17:03:41.628] [jointLog] [warning] read 964ad096-663b-446c-8865-b4a77ad5f500 (length 40048) has no trained clipping model
[2025-07-09 17:03:41.628] [jointLog] [warning] read 964ad096-663b-446c-8865-b4a77ad5f500 (length 40048) has no trained clipping model
[2025-07-09 17:03:41.628] [jointLog] [warning] read 7a9778a1-bbe6-4915-85d0-fe333ec968dd (length 13217 - align length 13135) has no trained error model
[2025-07-09 17:03:41.628] [jointLog] [warning] read 7a9778a1-bbe6-4915-85d0-fe333ec968dd (length 13217) has no trained clipping model
[2025-07-09 17:03:41.628] [jointLog] [warning] read 7a9778a1-bbe6-4915-85d0-fe333ec968dd (length 13217) has no trained clipping model
[2025-07-09 17:03:41.628] [jointLog] [warning] read 8681a30e-6f52-4267-964a-5245e9225095 (length 35057 - align length 241) has no trained error model
[2025-07-09 17:03:41.628] [jointLog] [warning] read 8681a30e-6f52-4267-964a-5245e9225095 (length 35057) has no trained clipping model
[2025-07-09 17:03:41.628] [jointLog] [warning] read 8681a30e-6f52-4267-964a-5245e9225095 (length 35057) has no trained clipping model
[2025-07-09 17:03:41.628] [jointLog] [warning] read 2cbb325f-4a1d-496e-b502-9eb3891eac4c (length 26994 - align length 427) has no trained error model
[2025-07-09 17:03:41.628] [jointLog] [warning] read 2cbb325f-4a1d-496e-b502-9eb3891eac4c (length 26994) has no trained clipping model
[2025-07-09 17:03:41.628] [jointLog] [warning] read 2cbb325f-4a1d-496e-b502-9eb3891eac4c (length 26994) has no trained clipping model
[2025-07-09 17:03:41.628] [jointLog] [warning] read fce7bad5-dfe7-4ef8-86a5-6e2e3b45b45a (length 16297 - align length 467) has no trained error model
[2025-07-09 17:03:41.628] [jointLog] [warning] read fce7bad5-dfe7-4ef8-86a5-6e2e3b45b45a (length 16297) has no trained clipping model
[2025-07-09 17:03:41.628] [jointLog] [warning] read fce7bad5-dfe7-4ef8-86a5-6e2e3b45b45a (length 16297) has no trained clipping model
[2025-07-09 17:03:41.628] [jointLog] [warning] read 496afc3e-a469-4de2-a646-60de42deb25d (length 11703 - align length 353) has no trained error model
[2025-07-09 17:03:41.628] [jointLog] [warning] read 496afc3e-a469-4de2-a646-60de42deb25d (length 11703) has no trained clipping model
[2025-07-09 17:03:41.628] [jointLog] [warning] read 496afc3e-a469-4de2-a646-60de42deb25d (length 11703) has no trained clipping model
[2025-07-09 17:03:41.628] [jointLog] [warning] read e6f6077d-9a13-4891-bf69-064bde3480f4 (length 37978 - align length 391) has no trained error model
[2025-07-09 17:03:41.628] [jointLog] [warning] read e6f6077d-9a13-4891-bf69-064bde3480f4 (length 37978) has no trained clipping model
[2025-07-09 17:03:41.628] [jointLog] [warning] read e6f6077d-9a13-4891-bf69-064bde3480f4 (length 37978) has no trained clipping model
[2025-07-09 17:03:41.628] [jointLog] [warning] read b152db85-8deb-4b61-94ac-31313b21a6fe (length 35435 - align length 1175) has no trained error model
[2025-07-09 17:03:41.628] [jointLog] [warning] read b152db85-8deb-4b61-94ac-31313b21a6fe (length 35435) has no trained clipping model
[2025-07-09 17:03:41.628] [jointLog] [warning] read b152db85-8deb-4b61-94ac-31313b21a6fe (length 35435) has no trained clipping model
[2025-07-09 17:03:41.628] [jointLog] [warning] read de3abfd6-408a-4c6e-8d83-f40a96310661 (length 18907 - align length 121) has no trained error model
[2025-07-09 17:03:41.628] [jointLog] [warning] read de3abfd6-408a-4c6e-8d83-f40a96310661 (length 18907) has no trained clipping model
[2025-07-09 17:03:41.628] [jointLog] [warning] read de3abfd6-408a-4c6e-8d83-f40a96310661 (length 18907) has no trained clipping model
[2025-07-09 17:03:41.628] [jointLog] [warning] read 0cda44ad-0376-4d7d-ae10-d52eb91af3f9 (length 16628 - align length 397) has no trained error model
[2025-07-09 17:03:41.628] [jointLog] [warning] read 0cda44ad-0376-4d7d-ae10-d52eb91af3f9 (length 16628) has no trained clipping model
[2025-07-09 17:03:41.628] [jointLog] [warning] read 0cda44ad-0376-4d7d-ae10-d52eb91af3f9 (length 16628) has no trained clipping model
[2025-07-09 17:03:41.628] [jointLog] [warning] read bf170df9-68ca-4663-9046-6619b8ada7a0 (length 14379 - align length 409) has no trained error model
[2025-07-09 17:03:41.628] [jointLog] [warning] read bf170df9-68ca-4663-9046-6619b8ada7a0 (length 14379) has no trained clipping model
[2025-07-09 17:03:41.628] [jointLog] [warning] read bf170df9-68ca-4663-9046-6619b8ada7a0 (length 14379) has no trained clipping model
[2025-07-09 17:03:41.628] [jointLog] [warning] read 56c0eb5b-912c-47bd-b80e-270f03c4b15c (length 19513 - align length 728) has no trained error model
[2025-07-09 17:03:41.628] [jointLog] [warning] read 56c0eb5b-912c-47bd-b80e-270f03c4b15c (length 19513) has no trained clipping model
[2025-07-09 17:03:41.628] [jointLog] [warning] read 56c0eb5b-912c-47bd-b80e-270f03c4b15c (length 19513) has no trained clipping model
[2025-07-09 17:03:41.628] [jointLog] [warning] read b5bec8a4-2fdd-4726-8248-b065a10f47c6 (length 18242 - align length 473) has no trained error model
[2025-07-09 17:03:41.628] [jointLog] [warning] read b5bec8a4-2fdd-4726-8248-b065a10f47c6 (length 18242) has no trained clipping model
[2025-07-09 17:03:41.628] [jointLog] [warning] read b5bec8a4-2fdd-4726-8248-b065a10f47c6 (length 18242) has no trained clipping model
[2025-07-09 17:03:41.628] [jointLog] [warning] read 7c9a7630-7f11-418d-8b47-869217dbcd0f (length 25070 - align length 407) has no trained error model
[2025-07-09 17:03:41.628] [jointLog] [warning] read 7c9a7630-7f11-418d-8b47-869217dbcd0f (length 25070) has no trained clipping model
[2025-07-09 17:03:41.628] [jointLog] [warning] read 7c9a7630-7f11-418d-8b47-869217dbcd0f (length 25070) has no trained clipping model
[2025-07-09 17:03:41.628] [jointLog] [warning] read c7c84183-1a90-4b82-847b-eb9ed8abee3f (length 14217 - align length 2629) has no trained error model
[2025-07-09 17:03:41.628] [jointLog] [warning] read c7c84183-1a90-4b82-847b-eb9ed8abee3f (length 14217) has no trained clipping model
[2025-07-09 17:03:41.628] [jointLog] [warning] read c7c84183-1a90-4b82-847b-eb9ed8abee3f (length 14217) has no trained clipping model
[2025-07-09 17:03:41.628] [jointLog] [warning] read dfcc0876-7dce-4a9f-b1f7-993ef53f8e16 (length 21806 - align length 332) has no trained error model
[2025-07-09 17:03:41.628] [jointLog] [warning] read dfcc0876-7dce-4a9f-b1f7-993ef53f8e16 (length 21806) has no trained clipping model
[2025-07-09 17:03:41.628] [jointLog] [warning] read dfcc0876-7dce-4a9f-b1f7-993ef53f8e16 (length 21806) has no trained clipping model
[2025-07-09 17:03:41.628] [jointLog] [warning] read b4dc5e7d-0bdb-4200-898a-6a7ab4bb98ba (length 187450 - align length 997) has no trained error model
[2025-07-09 17:03:41.628] [jointLog] [warning] read b4dc5e7d-0bdb-4200-898a-6a7ab4bb98ba (length 187450) has no trained clipping model
[2025-07-09 17:03:41.628] [jointLog] [warning] read b4dc5e7d-0bdb-4200-898a-6a7ab4bb98ba (length 187450) has no trained clipping model
[2025-07-09 17:03:41.629] [jointLog] [warning] read bf043e8b-fdb8-41f7-bfd8-b67c65c67cf8 (length 12711 - align length 757) has no trained error model
[2025-07-09 17:03:41.629] [jointLog] [warning] read bf043e8b-fdb8-41f7-bfd8-b67c65c67cf8 (length 12711) has no trained clipping model
[2025-07-09 17:03:41.629] [jointLog] [warning] read bf043e8b-fdb8-41f7-bfd8-b67c65c67cf8 (length 12711) has no trained clipping model
[2025-07-09 17:03:41.629] [jointLog] [warning] read be1cd517-abd1-4cf9-8638-adcc310c35d0 (length 15595 - align length 1929) has no trained error model
[2025-07-09 17:03:41.629] [jointLog] [warning] read be1cd517-abd1-4cf9-8638-adcc310c35d0 (length 15595) has no trained clipping model
[2025-07-09 17:03:41.629] [jointLog] [warning] read be1cd517-abd1-4cf9-8638-adcc310c35d0 (length 15595) has no trained clipping model
[2025-07-09 17:03:41.629] [jointLog] [warning] read aa430efb-94d2-494c-a98a-f5623fd7985c (length 12228 - align length 196) has no trained error model
[2025-07-09 17:03:41.629] [jointLog] [warning] read aa430efb-94d2-494c-a98a-f5623fd7985c (length 12228) has no trained clipping model
[2025-07-09 17:03:41.629] [jointLog] [warning] read aa430efb-94d2-494c-a98a-f5623fd7985c (length 12228) has no trained clipping model
[2025-07-09 17:03:41.629] [jointLog] [warning] read 4d558c24-2344-451b-8461-35454a1b65f7 (length 24794 - align length 301) has no trained error model
[2025-07-09 17:03:41.629] [jointLog] [warning] read 4d558c24-2344-451b-8461-35454a1b65f7 (length 24794) has no trained clipping model
[2025-07-09 17:03:41.629] [jointLog] [warning] read 4d558c24-2344-451b-8461-35454a1b65f7 (length 24794) has no trained clipping model
[2025-07-09 17:03:41.629] [jointLog] [warning] read 7a2e95d5-52ca-40d8-8cd2-335d57a99523 (length 16779 - align length 152) has no trained error model
[2025-07-09 17:03:41.629] [jointLog] [warning] read 7a2e95d5-52ca-40d8-8cd2-335d57a99523 (length 16779) has no trained clipping model
[2025-07-09 17:03:41.629] [jointLog] [warning] read 7a2e95d5-52ca-40d8-8cd2-335d57a99523 (length 16779) has no trained clipping model
[2025-07-09 17:03:41.629] [jointLog] [warning] read cdfe51d2-cf61-46bf-ac5e-a47a6e61332a (length 19905 - align length 1344) has no trained error model
[2025-07-09 17:03:41.629] [jointLog] [warning] read cdfe51d2-cf61-46bf-ac5e-a47a6e61332a (length 19905) has no trained clipping model
[2025-07-09 17:03:41.629] [jointLog] [warning] read cdfe51d2-cf61-46bf-ac5e-a47a6e61332a (length 19905) has no trained clipping model
[2025-07-09 17:03:41.629] [jointLog] [warning] read b7e1c4ff-21c9-4c0e-9a6c-ca3dfcddb799 (length 28572 - align length 306) has no trained error model
[2025-07-09 17:03:41.629] [jointLog] [warning] read b7e1c4ff-21c9-4c0e-9a6c-ca3dfcddb799 (length 28572) has no trained clipping model
[2025-07-09 17:03:41.629] [jointLog] [warning] read b7e1c4ff-21c9-4c0e-9a6c-ca3dfcddb799 (length 28572) has no trained clipping model
[2025-07-09 17:03:41.629] [jointLog] [warning] read 3fa6e674-1648-454c-ab8a-7a7d0622c780 (length 36538 - align length 600) has no trained error model
[2025-07-09 17:03:41.629] [jointLog] [warning] read 3fa6e674-1648-454c-ab8a-7a7d0622c780 (length 36538) has no trained clipping model
[2025-07-09 17:03:41.629] [jointLog] [warning] read 3fa6e674-1648-454c-ab8a-7a7d0622c780 (length 36538) has no trained clipping model
[2025-07-09 17:03:41.629] [jointLog] [warning] read 87267e65-9828-41d4-9412-c57e7e643b87 (length 13891 - align length 5587) has no trained error model
[2025-07-09 17:03:41.629] [jointLog] [warning] read 87267e65-9828-41d4-9412-c57e7e643b87 (length 13891) has no trained clipping model
[2025-07-09 17:03:41.629] [jointLog] [warning] read 87267e65-9828-41d4-9412-c57e7e643b87 (length 13891) has no trained clipping model
[2025-07-09 17:03:41.629] [jointLog] [warning] read aab162e0-5e41-4b12-a7ac-e5f9bdb75e8a (length 13015 - align length 462) has no trained error model
[2025-07-09 17:03:41.629] [jointLog] [warning] read aab162e0-5e41-4b12-a7ac-e5f9bdb75e8a (length 13015) has no trained clipping model
[2025-07-09 17:03:41.629] [jointLog] [warning] read aab162e0-5e41-4b12-a7ac-e5f9bdb75e8a (length 13015) has no trained clipping model
[2025-07-09 17:03:41.629] [jointLog] [warning] read 72701519-0d13-4188-a797-f90887a9f648 (length 11482 - align length 11256) has no trained error model
[2025-07-09 17:03:41.629] [jointLog] [warning] read 72701519-0d13-4188-a797-f90887a9f648 (length 11482) has no trained clipping model
[2025-07-09 17:03:41.629] [jointLog] [warning] read 72701519-0d13-4188-a797-f90887a9f648 (length 11482) has no trained clipping model
[2025-07-09 17:03:41.629] [jointLog] [warning] read 6836ad19-87c2-485d-a4d3-f60f7e80ce11 (length 21974 - align length 367) has no trained error model
[2025-07-09 17:03:41.629] [jointLog] [warning] read 6836ad19-87c2-485d-a4d3-f60f7e80ce11 (length 21974) has no trained clipping model
[2025-07-09 17:03:41.629] [jointLog] [warning] read 6836ad19-87c2-485d-a4d3-f60f7e80ce11 (length 21974) has no trained clipping model
[2025-07-09 17:03:41.629] [jointLog] [warning] read faa693e0-f0a0-4841-9100-55cce89380d8 (length 23052 - align length 1510) has no trained error model
[2025-07-09 17:03:41.629] [jointLog] [warning] read faa693e0-f0a0-4841-9100-55cce89380d8 (length 23052) has no trained clipping model
[2025-07-09 17:03:41.629] [jointLog] [warning] read faa693e0-f0a0-4841-9100-55cce89380d8 (length 23052) has no trained clipping model
[2025-07-09 17:03:41.629] [jointLog] [warning] read a37fdb65-a2e4-4a0d-956c-037365ddcade (length 16517 - align length 401) has no trained error model
[2025-07-09 17:03:41.629] [jointLog] [warning] read a37fdb65-a2e4-4a0d-956c-037365ddcade (length 16517) has no trained clipping model
[2025-07-09 17:03:41.629] [jointLog] [warning] read a37fdb65-a2e4-4a0d-956c-037365ddcade (length 16517) has no trained clipping model
[2025-07-09 17:03:41.629] [jointLog] [warning] read 2cd8be19-88b3-4213-999f-fcb36fca9273 (length 41553 - align length 462) has no trained error model
[2025-07-09 17:03:41.629] [jointLog] [warning] read 2cd8be19-88b3-4213-999f-fcb36fca9273 (length 41553) has no trained clipping model
[2025-07-09 17:03:41.629] [jointLog] [warning] read 2cd8be19-88b3-4213-999f-fcb36fca9273 (length 41553) has no trained clipping model
[2025-07-09 17:03:41.629] [jointLog] [warning] read 7f2f3391-8ef6-4e34-a834-d8b71bd47a52 (length 21087 - align length 115) has no trained error model
[2025-07-09 17:03:41.629] [jointLog] [warning] read 7f2f3391-8ef6-4e34-a834-d8b71bd47a52 (length 21087) has no trained clipping model
[2025-07-09 17:03:41.629] [jointLog] [warning] read 7f2f3391-8ef6-4e34-a834-d8b71bd47a52 (length 21087) has no trained clipping model
[2025-07-09 17:03:41.629] [jointLog] [warning] read b792ac6b-f5ae-426b-a836-2cafaec298e2 (length 35511 - align length 208) has no trained error model
[2025-07-09 17:03:41.629] [jointLog] [warning] read b792ac6b-f5ae-426b-a836-2cafaec298e2 (length 35511) has no trained clipping model
[2025-07-09 17:03:41.629] [jointLog] [warning] read b792ac6b-f5ae-426b-a836-2cafaec298e2 (length 35511) has no trained clipping model
[2025-07-09 17:03:41.629] [jointLog] [warning] read 1551a4a0-34f8-4a04-b867-a443160e3679 (length 12512 - align length 305) has no trained error model
[2025-07-09 17:03:41.629] [jointLog] [warning] read 1551a4a0-34f8-4a04-b867-a443160e3679 (length 12512) has no trained clipping model
[2025-07-09 17:03:41.629] [jointLog] [warning] read 1551a4a0-34f8-4a04-b867-a443160e3679 (length 12512) has no trained clipping model
[2025-07-09 17:03:41.629] [jointLog] [warning] read 41a11b02-41b8-49c8-ab40-aaf66e6ffc86 (length 29093 - align length 391) has no trained error model
[2025-07-09 17:03:41.629] [jointLog] [warning] read 41a11b02-41b8-49c8-ab40-aaf66e6ffc86 (length 29093) has no trained clipping model
[2025-07-09 17:03:41.629] [jointLog] [warning] read 41a11b02-41b8-49c8-ab40-aaf66e6ffc86 (length 29093) has no trained clipping model
[2025-07-09 17:03:41.629] [jointLog] [warning] read 652c42e1-658a-4aa5-8e14-d78bbb3b51b9 (length 29927 - align length 1922) has no trained error model
[2025-07-09 17:03:41.629] [jointLog] [warning] read 652c42e1-658a-4aa5-8e14-d78bbb3b51b9 (length 29927) has no trained clipping model
[2025-07-09 17:03:41.629] [jointLog] [warning] read 652c42e1-658a-4aa5-8e14-d78bbb3b51b9 (length 29927) has no trained clipping model
[2025-07-09 17:03:41.629] [jointLog] [warning] read 18a48faf-17d3-4507-a48e-9d396c9ec82d (length 20973 - align length 1361) has no trained error model
[2025-07-09 17:03:41.629] [jointLog] [warning] read 18a48faf-17d3-4507-a48e-9d396c9ec82d (length 20973) has no trained clipping model
[2025-07-09 17:03:41.629] [jointLog] [warning] read 18a48faf-17d3-4507-a48e-9d396c9ec82d (length 20973) has no trained clipping model
[2025-07-09 17:03:41.630] [jointLog] [warning] read 3689cf29-d232-4439-801a-5586c802b569 (length 44065 - align length 2999) has no trained error model
[2025-07-09 17:03:41.630] [jointLog] [warning] read 3689cf29-d232-4439-801a-5586c802b569 (length 44065) has no trained clipping model
[2025-07-09 17:03:41.630] [jointLog] [warning] read 3689cf29-d232-4439-801a-5586c802b569 (length 44065) has no trained clipping model
[2025-07-09 17:03:41.630] [jointLog] [warning] read 73de650f-00cf-4405-ace1-30423e0989e7 (length 19193 - align length 497) has no trained error model
[2025-07-09 17:03:41.630] [jointLog] [warning] read 73de650f-00cf-4405-ace1-30423e0989e7 (length 19193) has no trained clipping model
[2025-07-09 17:03:41.630] [jointLog] [warning] read 73de650f-00cf-4405-ace1-30423e0989e7 (length 19193) has no trained clipping model
[2025-07-09 17:03:41.630] [jointLog] [warning] read 181b6872-518e-463a-bcee-8f53d13ad26d (length 31384 - align length 889) has no trained error model
[2025-07-09 17:03:41.630] [jointLog] [warning] read 181b6872-518e-463a-bcee-8f53d13ad26d (length 31384) has no trained clipping model
[2025-07-09 17:03:41.630] [jointLog] [warning] read 181b6872-518e-463a-bcee-8f53d13ad26d (length 31384) has no trained clipping model
[2025-07-09 17:03:41.630] [jointLog] [warning] read deaf7466-c207-4282-ac6f-2a277da491b4 (length 17322 - align length 394) has no trained error model
[2025-07-09 17:03:41.630] [jointLog] [warning] read deaf7466-c207-4282-ac6f-2a277da491b4 (length 17322) has no trained clipping model
[2025-07-09 17:03:41.630] [jointLog] [warning] read deaf7466-c207-4282-ac6f-2a277da491b4 (length 17322) has no trained clipping model
[2025-07-09 17:03:41.630] [jointLog] [warning] read 7e35cc32-4908-4c71-9fc2-4d9a811ebf5e (length 20770 - align length 367) has no trained error model
[2025-07-09 17:03:41.630] [jointLog] [warning] read 7e35cc32-4908-4c71-9fc2-4d9a811ebf5e (length 20770) has no trained clipping model
[2025-07-09 17:03:41.630] [jointLog] [warning] read 7e35cc32-4908-4c71-9fc2-4d9a811ebf5e (length 20770) has no trained clipping model
[2025-07-09 17:03:41.630] [jointLog] [warning] read 668aeef6-79ea-4b3c-874f-029292d70e1b (length 26157 - align length 65) has no trained error model
[2025-07-09 17:03:41.630] [jointLog] [warning] read 668aeef6-79ea-4b3c-874f-029292d70e1b (length 26157) has no trained clipping model
[2025-07-09 17:03:41.630] [jointLog] [warning] read 668aeef6-79ea-4b3c-874f-029292d70e1b (length 26157) has no trained clipping model
[2025-07-09 17:03:41.630] [jointLog] [warning] read 51fd9a2e-0c32-44f6-bff7-c8c1c61b69d2 (length 12414 - align length 77) has no trained error model
[2025-07-09 17:03:41.630] [jointLog] [warning] read 51fd9a2e-0c32-44f6-bff7-c8c1c61b69d2 (length 12414) has no trained clipping model
[2025-07-09 17:03:41.630] [jointLog] [warning] read 51fd9a2e-0c32-44f6-bff7-c8c1c61b69d2 (length 12414) has no trained clipping model
[2025-07-09 17:03:41.630] [jointLog] [warning] read b8ecac5f-3b76-4a6c-a7cf-4cc1ccbb6158 (length 14184 - align length 127) has no trained error model
[2025-07-09 17:03:41.630] [jointLog] [warning] read b8ecac5f-3b76-4a6c-a7cf-4cc1ccbb6158 (length 14184) has no trained clipping model
[2025-07-09 17:03:41.630] [jointLog] [warning] read b8ecac5f-3b76-4a6c-a7cf-4cc1ccbb6158 (length 14184) has no trained clipping model
[2025-07-09 17:03:41.630] [jointLog] [warning] read 89c593bb-a82f-43b3-8efe-32031e865c4f (length 27206 - align length 389) has no trained error model
[2025-07-09 17:03:41.630] [jointLog] [warning] read 89c593bb-a82f-43b3-8efe-32031e865c4f (length 27206) has no trained clipping model
[2025-07-09 17:03:41.630] [jointLog] [warning] read 89c593bb-a82f-43b3-8efe-32031e865c4f (length 27206) has no trained clipping model
[2025-07-09 17:03:41.630] [jointLog] [warning] read 148b6668-0d77-407c-82c6-fa06d10f2850 (length 43743 - align length 130) has no trained error model
[2025-07-09 17:03:41.630] [jointLog] [warning] read 148b6668-0d77-407c-82c6-fa06d10f2850 (length 43743) has no trained clipping model
[2025-07-09 17:03:41.630] [jointLog] [warning] read 148b6668-0d77-407c-82c6-fa06d10f2850 (length 43743) has no trained clipping model
[2025-07-09 17:03:41.630] [jointLog] [warning] read 9e4e2cc7-6058-4945-a08c-80ff2bb96899 (length 13532 - align length 55) has no trained error model
[2025-07-09 17:03:41.630] [jointLog] [warning] read 9e4e2cc7-6058-4945-a08c-80ff2bb96899 (length 13532) has no trained clipping model
[2025-07-09 17:03:41.630] [jointLog] [warning] read 9e4e2cc7-6058-4945-a08c-80ff2bb96899 (length 13532) has no trained clipping model
[2025-07-09 17:03:41.630] [jointLog] [warning] read f7e59bc2-8ae2-4fdd-a847-093093c14585 (length 31504 - align length 886) has no trained error model
[2025-07-09 17:03:41.630] [jointLog] [warning] read f7e59bc2-8ae2-4fdd-a847-093093c14585 (length 31504) has no trained clipping model
[2025-07-09 17:03:41.630] [jointLog] [warning] read f7e59bc2-8ae2-4fdd-a847-093093c14585 (length 31504) has no trained clipping model
[2025-07-09 17:03:41.630] [jointLog] [warning] read 6f037713-e645-4f10-82bd-4f4bd33e9720 (length 11680 - align length 129) has no trained error model
[2025-07-09 17:03:41.630] [jointLog] [warning] read 6f037713-e645-4f10-82bd-4f4bd33e9720 (length 11680) has no trained clipping model
[2025-07-09 17:03:41.630] [jointLog] [warning] read 6f037713-e645-4f10-82bd-4f4bd33e9720 (length 11680) has no trained clipping model
[2025-07-09 17:03:41.630] [jointLog] [warning] read 7193aef1-bc9f-4d11-8400-ebbe8e371b11 (length 24452 - align length 1313) has no trained error model
[2025-07-09 17:03:41.630] [jointLog] [warning] read 7193aef1-bc9f-4d11-8400-ebbe8e371b11 (length 24452) has no trained clipping model
[2025-07-09 17:03:41.630] [jointLog] [warning] read 7193aef1-bc9f-4d11-8400-ebbe8e371b11 (length 24452) has no trained clipping model
[2025-07-09 17:03:41.630] [jointLog] [warning] read 5dfd961e-9a18-430a-a076-eb9319b4cd88 (length 48457 - align length 400) has no trained error model
[2025-07-09 17:03:41.630] [jointLog] [warning] read 5dfd961e-9a18-430a-a076-eb9319b4cd88 (length 48457) has no trained clipping model
[2025-07-09 17:03:41.630] [jointLog] [warning] read 5dfd961e-9a18-430a-a076-eb9319b4cd88 (length 48457) has no trained clipping model
[2025-07-09 17:03:41.630] [jointLog] [warning] read d6dca166-f5ab-4e87-9484-c41c9d4d9810 (length 35588) has no trained clipping model
[2025-07-09 17:03:41.631] [jointLog] [warning] read 0545facf-7a27-4c21-b91e-6b1a023e884f (length 14059 - align length 14024) has no trained error model
[2025-07-09 17:03:41.631] [jointLog] [warning] read 0545facf-7a27-4c21-b91e-6b1a023e884f (length 14059) has no trained clipping model
[2025-07-09 17:03:41.631] [jointLog] [warning] read 0545facf-7a27-4c21-b91e-6b1a023e884f (length 14059) has no trained clipping model
[2025-07-09 17:03:41.631] [jointLog] [warning] read 7634814b-def5-4096-9a40-6d2b18d213d0 (length 16960 - align length 685) has no trained error model
[2025-07-09 17:03:41.631] [jointLog] [warning] read 7634814b-def5-4096-9a40-6d2b18d213d0 (length 16960) has no trained clipping model
[2025-07-09 17:03:41.631] [jointLog] [warning] read 7634814b-def5-4096-9a40-6d2b18d213d0 (length 16960) has no trained clipping model
[2025-07-09 17:03:41.631] [jointLog] [warning] read 3888ff26-36ac-4261-9f30-7ae7d5b8b3e0 (length 14670 - align length 14655) has no trained error model
[2025-07-09 17:03:41.631] [jointLog] [warning] read 3888ff26-36ac-4261-9f30-7ae7d5b8b3e0 (length 14670) has no trained clipping model
[2025-07-09 17:03:41.631] [jointLog] [warning] read 3888ff26-36ac-4261-9f30-7ae7d5b8b3e0 (length 14670) has no trained clipping model
[2025-07-09 17:03:41.631] [jointLog] [warning] read c7407009-0a83-459c-b244-25719f696f5e (length 9236) has no trained clipping model
[2025-07-09 17:03:41.631] [jointLog] [warning] read 4c6a2264-ca12-4827-aa6f-39370c8762e2 (length 20537 - align length 328) has no trained error model
[2025-07-09 17:03:41.631] [jointLog] [warning] read 4c6a2264-ca12-4827-aa6f-39370c8762e2 (length 20537) has no trained clipping model
[2025-07-09 17:03:41.631] [jointLog] [warning] read 4c6a2264-ca12-4827-aa6f-39370c8762e2 (length 20537) has no trained clipping model
[2025-07-09 17:03:41.631] [jointLog] [warning] read 20ad3d0a-93b6-4109-b237-bc26a09cf9c4 (length 11530 - align length 562) has no trained error model
[2025-07-09 17:03:41.631] [jointLog] [warning] read 20ad3d0a-93b6-4109-b237-bc26a09cf9c4 (length 11530) has no trained clipping model
[2025-07-09 17:03:41.631] [jointLog] [warning] read 20ad3d0a-93b6-4109-b237-bc26a09cf9c4 (length 11530) has no trained clipping model
[2025-07-09 17:03:41.631] [jointLog] [warning] read a2ffd6d9-1a5c-41fc-8b1e-c7772ec4bf62 (length 26592 - align length 122) has no trained error model
[2025-07-09 17:03:41.631] [jointLog] [warning] read a2ffd6d9-1a5c-41fc-8b1e-c7772ec4bf62 (length 26592) has no trained clipping model
[2025-07-09 17:03:41.631] [jointLog] [warning] read a2ffd6d9-1a5c-41fc-8b1e-c7772ec4bf62 (length 26592) has no trained clipping model
[2025-07-09 17:03:41.631] [jointLog] [warning] read b242a531-f79a-4865-9b85-ac2330129226 (length 13783 - align length 796) has no trained error model
[2025-07-09 17:03:41.631] [jointLog] [warning] read b242a531-f79a-4865-9b85-ac2330129226 (length 13783) has no trained clipping model
[2025-07-09 17:03:41.631] [jointLog] [warning] read b242a531-f79a-4865-9b85-ac2330129226 (length 13783) has no trained clipping model
[2025-07-09 17:03:41.631] [jointLog] [warning] read 6e23f45a-ac95-457f-a246-a18d9e35e19f (length 43454 - align length 304) has no trained error model
[2025-07-09 17:03:41.631] [jointLog] [warning] read 6e23f45a-ac95-457f-a246-a18d9e35e19f (length 43454) has no trained clipping model
[2025-07-09 17:03:41.631] [jointLog] [warning] read 6e23f45a-ac95-457f-a246-a18d9e35e19f (length 43454) has no trained clipping model
[2025-07-09 17:03:41.631] [jointLog] [warning] read 7ba6ee8e-3085-428e-b590-b879fdf5d438 (length 33838 - align length 1280) has no trained error model
[2025-07-09 17:03:41.631] [jointLog] [warning] read 7ba6ee8e-3085-428e-b590-b879fdf5d438 (length 33838) has no trained clipping model
[2025-07-09 17:03:41.631] [jointLog] [warning] read 7ba6ee8e-3085-428e-b590-b879fdf5d438 (length 33838) has no trained clipping model
[2025-07-09 17:03:41.631] [jointLog] [warning] read 3372cdd9-ac50-4d2a-96de-8b1ab226d64e (length 26298 - align length 469) has no trained error model
[2025-07-09 17:03:41.631] [jointLog] [warning] read 3372cdd9-ac50-4d2a-96de-8b1ab226d64e (length 26298) has no trained clipping model
[2025-07-09 17:03:41.631] [jointLog] [warning] read 3372cdd9-ac50-4d2a-96de-8b1ab226d64e (length 26298) has no trained clipping model
[2025-07-09 17:03:41.631] [jointLog] [warning] read 7f8d9fdf-7002-42af-b74d-7d170dc9127e (length 30217 - align length 394) has no trained error model
[2025-07-09 17:03:41.631] [jointLog] [warning] read 7f8d9fdf-7002-42af-b74d-7d170dc9127e (length 30217) has no trained clipping model
[2025-07-09 17:03:41.631] [jointLog] [warning] read 7f8d9fdf-7002-42af-b74d-7d170dc9127e (length 30217) has no trained clipping model
[2025-07-09 17:03:41.631] [jointLog] [warning] read bbae5ccf-a3f3-4aa4-a128-7bd29b2c939b (length 14062) has no trained clipping model
[2025-07-09 17:03:41.631] [jointLog] [warning] read 9f03e32d-b09f-4a54-8597-0118ece62285 (length 17477 - align length 115) has no trained error model
[2025-07-09 17:03:41.631] [jointLog] [warning] read 9f03e32d-b09f-4a54-8597-0118ece62285 (length 17477) has no trained clipping model
[2025-07-09 17:03:41.631] [jointLog] [warning] read 9f03e32d-b09f-4a54-8597-0118ece62285 (length 17477) has no trained clipping model
[2025-07-09 17:03:41.632] [jointLog] [warning] read 1f6b4b48-963e-46bb-a0df-29b5a3275418 (length 16402 - align length 300) has no trained error model
[2025-07-09 17:03:41.632] [jointLog] [warning] read 1f6b4b48-963e-46bb-a0df-29b5a3275418 (length 16402) has no trained clipping model
[2025-07-09 17:03:41.632] [jointLog] [warning] read 1f6b4b48-963e-46bb-a0df-29b5a3275418 (length 16402) has no trained clipping model
[2025-07-09 17:03:41.632] [jointLog] [warning] read c0954725-e594-4969-a066-8d0528f67a0e (length 14245) has no trained clipping model
[2025-07-09 17:03:41.632] [jointLog] [warning] read c87a6c15-c04d-4b38-88b0-d2acc9d15f9f (length 22802 - align length 392) has no trained error model
[2025-07-09 17:03:41.632] [jointLog] [warning] read c87a6c15-c04d-4b38-88b0-d2acc9d15f9f (length 22802) has no trained clipping model
[2025-07-09 17:03:41.632] [jointLog] [warning] read c87a6c15-c04d-4b38-88b0-d2acc9d15f9f (length 22802) has no trained clipping model
[2025-07-09 17:03:41.632] [jointLog] [warning] read 146229c7-0706-4f7c-809e-b7e18fffdf01 (length 25709 - align length 284) has no trained error model
[2025-07-09 17:03:41.632] [jointLog] [warning] read 146229c7-0706-4f7c-809e-b7e18fffdf01 (length 25709) has no trained clipping model
[2025-07-09 17:03:41.632] [jointLog] [warning] read 146229c7-0706-4f7c-809e-b7e18fffdf01 (length 25709) has no trained clipping model
[2025-07-09 17:03:41.632] [jointLog] [warning] read 89589104-d0df-4477-9aa8-e4b472e0909a (length 11370) has no trained clipping model
[2025-07-09 17:03:41.632] [jointLog] [warning] read 66e75209-6fcd-4bc2-b7d6-f742bb87ed9e (length 47773 - align length 2202) has no trained error model
[2025-07-09 17:03:41.632] [jointLog] [warning] read 66e75209-6fcd-4bc2-b7d6-f742bb87ed9e (length 47773) has no trained clipping model
[2025-07-09 17:03:41.632] [jointLog] [warning] read 66e75209-6fcd-4bc2-b7d6-f742bb87ed9e (length 47773) has no trained clipping model
[2025-07-09 17:03:41.651] [jointLog] [warning] read 720dbb0e-9840-46c5-ba8d-90098a4a4cd5 (length 15578) has no trained clipping model
[2025-07-09 17:03:41.651] [jointLog] [warning] read 19c50ddd-2c20-4d83-95a2-b53d3c5dc23d (length 44723 - align length 538) has no trained error model
[2025-07-09 17:03:41.651] [jointLog] [warning] read 19c50ddd-2c20-4d83-95a2-b53d3c5dc23d (length 44723) has no trained clipping model
[2025-07-09 17:03:41.651] [jointLog] [warning] read 19c50ddd-2c20-4d83-95a2-b53d3c5dc23d (length 44723) has no trained clipping model
[2025-07-09 17:03:41.651] [jointLog] [warning] read b35d26e5-b9b6-4050-8a6e-4cac0d4e30fc (length 35142 - align length 67) has no trained error model
[2025-07-09 17:03:41.651] [jointLog] [warning] read b35d26e5-b9b6-4050-8a6e-4cac0d4e30fc (length 35142) has no trained clipping model
[2025-07-09 17:03:41.651] [jointLog] [warning] read b35d26e5-b9b6-4050-8a6e-4cac0d4e30fc (length 35142) has no trained clipping model
[2025-07-09 17:03:41.652] [jointLog] [warning] read 51474c55-0edb-4e1d-8820-6ba3b62257d1 (length 47480 - align length 407) has no trained error model
[2025-07-09 17:03:41.652] [jointLog] [warning] read 51474c55-0edb-4e1d-8820-6ba3b62257d1 (length 47480) has no trained clipping model
[2025-07-09 17:03:41.652] [jointLog] [warning] read 51474c55-0edb-4e1d-8820-6ba3b62257d1 (length 47480) has no trained clipping model
[2025-07-09 17:03:41.652] [jointLog] [warning] read 35b11728-d268-44f1-ac3c-2120e73af4fa (length 28105 - align length 3591) has no trained error model
[2025-07-09 17:03:41.652] [jointLog] [warning] read 35b11728-d268-44f1-ac3c-2120e73af4fa (length 28105) has no trained clipping model
[2025-07-09 17:03:41.652] [jointLog] [warning] read 35b11728-d268-44f1-ac3c-2120e73af4fa (length 28105) has no trained clipping model
[2025-07-09 17:03:41.652] [jointLog] [warning] read c2419a94-ad4b-422c-b31e-4e4de9f4a0e3 (length 33595 - align length 326) has no trained error model
[2025-07-09 17:03:41.652] [jointLog] [warning] read c2419a94-ad4b-422c-b31e-4e4de9f4a0e3 (length 33595) has no trained clipping model
[2025-07-09 17:03:41.652] [jointLog] [warning] read c2419a94-ad4b-422c-b31e-4e4de9f4a0e3 (length 33595) has no trained clipping model
[2025-07-09 17:03:41.652] [jointLog] [warning] read a96ad04f-d9d7-4b53-adfa-731ea193e3db (length 11948) has no trained clipping model
[2025-07-09 17:03:41.652] [jointLog] [warning] read fd00640f-e57d-4530-b54b-ac9017ae1d9f (length 11832) has no trained clipping model
[2025-07-09 17:03:41.652] [jointLog] [warning] read d0b01ca4-7ddf-4a3b-bb7a-06e481dd76c2 (length 48115 - align length 1940) has no trained error model
[2025-07-09 17:03:41.652] [jointLog] [warning] read d0b01ca4-7ddf-4a3b-bb7a-06e481dd76c2 (length 48115) has no trained clipping model
[2025-07-09 17:03:41.652] [jointLog] [warning] read d0b01ca4-7ddf-4a3b-bb7a-06e481dd76c2 (length 48115) has no trained clipping model
[2025-07-09 17:03:41.652] [jointLog] [warning] read 897a20cf-f6fa-4817-b0f6-bdcf6c99468b (length 41067 - align length 1118) has no trained error model
[2025-07-09 17:03:41.652] [jointLog] [warning] read 897a20cf-f6fa-4817-b0f6-bdcf6c99468b (length 41067) has no trained clipping model
[2025-07-09 17:03:41.652] [jointLog] [warning] read 897a20cf-f6fa-4817-b0f6-bdcf6c99468b (length 41067) has no trained clipping model
[2025-07-09 17:03:41.652] [jointLog] [warning] read 7b16945c-1832-4907-b4fd-8168b746c8c4 (length 13691) has no trained clipping model
[2025-07-09 17:03:41.652] [jointLog] [warning] read 20d2b8d9-7f72-414d-abc8-abb4605b31d6 (length 34070 - align length 307) has no trained error model
[2025-07-09 17:03:41.652] [jointLog] [warning] read 20d2b8d9-7f72-414d-abc8-abb4605b31d6 (length 34070) has no trained clipping model
[2025-07-09 17:03:41.652] [jointLog] [warning] read 20d2b8d9-7f72-414d-abc8-abb4605b31d6 (length 34070) has no trained clipping model
[2025-07-09 17:03:41.652] [jointLog] [warning] read 67a954cc-54be-4a9c-ba5f-aac68e8be99c (length 15124 - align length 372) has no trained error model
[2025-07-09 17:03:41.652] [jointLog] [warning] read 67a954cc-54be-4a9c-ba5f-aac68e8be99c (length 15124) has no trained clipping model
[2025-07-09 17:03:41.652] [jointLog] [warning] read 67a954cc-54be-4a9c-ba5f-aac68e8be99c (length 15124) has no trained clipping model
[2025-07-09 17:03:41.652] [jointLog] [warning] read cc56419a-21c1-4411-9cc6-6004fe4e773d (length 40875 - align length 57) has no trained error model
[2025-07-09 17:03:41.652] [jointLog] [warning] read cc56419a-21c1-4411-9cc6-6004fe4e773d (length 40875) has no trained clipping model
[2025-07-09 17:03:41.652] [jointLog] [warning] read cc56419a-21c1-4411-9cc6-6004fe4e773d (length 40875) has no trained clipping model
[2025-07-09 17:03:41.652] [jointLog] [warning] read 04dc2aee-11a3-40b6-9e69-45fb9fb206a1 (length 10946) has no trained clipping model
[2025-07-09 17:03:41.652] [jointLog] [warning] read 16c05f8e-9470-49fb-a5cb-e60547b563eb (length 20341 - align length 315) has no trained error model
[2025-07-09 17:03:41.652] [jointLog] [warning] read 16c05f8e-9470-49fb-a5cb-e60547b563eb (length 20341) has no trained clipping model
[2025-07-09 17:03:41.652] [jointLog] [warning] read 16c05f8e-9470-49fb-a5cb-e60547b563eb (length 20341) has no trained clipping model
[2025-07-09 17:03:41.652] [jointLog] [warning] read 2d8e635a-6655-4e48-b992-b385e02ec417 (length 19021 - align length 134) has no trained error model
[2025-07-09 17:03:41.652] [jointLog] [warning] read 2d8e635a-6655-4e48-b992-b385e02ec417 (length 19021) has no trained clipping model
[2025-07-09 17:03:41.652] [jointLog] [warning] read 2d8e635a-6655-4e48-b992-b385e02ec417 (length 19021) has no trained clipping model
[2025-07-09 17:03:41.652] [jointLog] [warning] read de52e718-6047-4e53-8125-a916115990c9 (length 13711) has no trained clipping model
[2025-07-09 17:03:41.652] [jointLog] [warning] read c7119c36-39b1-43c3-b4d8-04a3b2dbd609 (length 18482 - align length 369) has no trained error model
[2025-07-09 17:03:41.652] [jointLog] [warning] read c7119c36-39b1-43c3-b4d8-04a3b2dbd609 (length 18482) has no trained clipping model
[2025-07-09 17:03:41.652] [jointLog] [warning] read c7119c36-39b1-43c3-b4d8-04a3b2dbd609 (length 18482) has no trained clipping model
[2025-07-09 17:03:41.652] [jointLog] [warning] read c03f3164-46b2-461b-af54-166f5e6f2d03 (length 13739) has no trained clipping model
[2025-07-09 17:03:41.652] [jointLog] [warning] read 6de2f2e5-37d5-4af6-862b-c09f857d7d02 (length 11832) has no trained clipping model
[2025-07-09 17:03:41.652] [jointLog] [warning] read abfaa0a1-ed04-4d00-9929-a5aa5209d0bc (length 14379 - align length 14378) has no trained error model
[2025-07-09 17:03:41.653] [jointLog] [warning] read 1bd5b9a5-16ce-4ff2-b75d-45200ed5f808 (length 14965 - align length 355) has no trained error model
[2025-07-09 17:03:41.653] [jointLog] [warning] read 1bd5b9a5-16ce-4ff2-b75d-45200ed5f808 (length 14965) has no trained clipping model
[2025-07-09 17:03:41.653] [jointLog] [warning] read 1bd5b9a5-16ce-4ff2-b75d-45200ed5f808 (length 14965) has no trained clipping model
[2025-07-09 17:03:41.653] [jointLog] [warning] read d29b27ee-f79d-4734-9177-5fca20969549 (length 14642) has no trained clipping model
[2025-07-09 17:03:41.653] [jointLog] [warning] read db7ef908-5304-464f-9638-277d4a030646 (length 14468 - align length 2207) has no trained error model
[2025-07-09 17:03:41.653] [jointLog] [warning] read db7ef908-5304-464f-9638-277d4a030646 (length 14468) has no trained clipping model
[2025-07-09 17:03:41.653] [jointLog] [warning] read db7ef908-5304-464f-9638-277d4a030646 (length 14468) has no trained clipping model
[2025-07-09 17:03:41.653] [jointLog] [warning] read a1c8d72b-e045-4be9-b930-9eb89170c2bb (length 34294 - align length 401) has no trained error model
[2025-07-09 17:03:41.653] [jointLog] [warning] read a1c8d72b-e045-4be9-b930-9eb89170c2bb (length 34294) has no trained clipping model
[2025-07-09 17:03:41.653] [jointLog] [warning] read a1c8d72b-e045-4be9-b930-9eb89170c2bb (length 34294) has no trained clipping model
[2025-07-09 17:03:41.653] [jointLog] [warning] read 23a41f60-04dd-4505-a473-8c6e41490dbd (length 20135 - align length 64) has no trained error model
[2025-07-09 17:03:41.653] [jointLog] [warning] read 23a41f60-04dd-4505-a473-8c6e41490dbd (length 20135) has no trained clipping model
[2025-07-09 17:03:41.653] [jointLog] [warning] read 23a41f60-04dd-4505-a473-8c6e41490dbd (length 20135) has no trained clipping model
[2025-07-09 17:03:41.653] [jointLog] [warning] read 426eda20-8300-448c-b7f1-67e0cad14a64 (length 13600) has no trained clipping model
[2025-07-09 17:03:41.653] [jointLog] [warning] read 962d43f6-ad4f-4937-b3f2-6c82fc3b3318 (length 12303 - align length 58) has no trained error model
[2025-07-09 17:03:41.653] [jointLog] [warning] read 962d43f6-ad4f-4937-b3f2-6c82fc3b3318 (length 12303) has no trained clipping model
[2025-07-09 17:03:41.653] [jointLog] [warning] read 962d43f6-ad4f-4937-b3f2-6c82fc3b3318 (length 12303) has no trained clipping model
[2025-07-09 17:03:41.653] [jointLog] [warning] read 66de75e0-ca0b-4830-998e-1254025c9e27 (length 24256 - align length 58) has no trained error model
[2025-07-09 17:03:41.653] [jointLog] [warning] read 66de75e0-ca0b-4830-998e-1254025c9e27 (length 24256) has no trained clipping model
[2025-07-09 17:03:41.653] [jointLog] [warning] read 66de75e0-ca0b-4830-998e-1254025c9e27 (length 24256) has no trained clipping model
[2025-07-09 17:03:41.653] [jointLog] [warning] read ec3f9730-c3f5-437b-a99a-9ea8a9f02d37 (length 15350 - align length 674) has no trained error model
[2025-07-09 17:03:41.653] [jointLog] [warning] read ec3f9730-c3f5-437b-a99a-9ea8a9f02d37 (length 15350) has no trained clipping model
[2025-07-09 17:03:41.653] [jointLog] [warning] read ec3f9730-c3f5-437b-a99a-9ea8a9f02d37 (length 15350) has no trained clipping model
[2025-07-09 17:03:41.653] [jointLog] [warning] read 68e10bc3-3499-46bc-bef8-fa701331bf85 (length 41751 - align length 398) has no trained error model
[2025-07-09 17:03:41.653] [jointLog] [warning] read 68e10bc3-3499-46bc-bef8-fa701331bf85 (length 41751) has no trained clipping model
[2025-07-09 17:03:41.653] [jointLog] [warning] read 68e10bc3-3499-46bc-bef8-fa701331bf85 (length 41751) has no trained clipping model
[2025-07-09 17:03:41.653] [jointLog] [warning] read 8c6e2280-3d11-404b-98d0-a4641201f2f7 (length 32085 - align length 397) has no trained error model
[2025-07-09 17:03:41.653] [jointLog] [warning] read 8c6e2280-3d11-404b-98d0-a4641201f2f7 (length 32085) has no trained clipping model
[2025-07-09 17:03:41.653] [jointLog] [warning] read 8c6e2280-3d11-404b-98d0-a4641201f2f7 (length 32085) has no trained clipping model
[2025-07-09 17:03:41.653] [jointLog] [warning] read 0e2f097f-85b5-4af6-ac68-610d78cd9870 (length 14934) has no trained clipping model
[2025-07-09 17:03:41.653] [jointLog] [warning] read 1535292b-9690-422e-b5fe-f61f5afab2b8 (length 47837 - align length 58) has no trained error model
[2025-07-09 17:03:41.653] [jointLog] [warning] read 1535292b-9690-422e-b5fe-f61f5afab2b8 (length 47837) has no trained clipping model
[2025-07-09 17:03:41.653] [jointLog] [warning] read 1535292b-9690-422e-b5fe-f61f5afab2b8 (length 47837) has no trained clipping model
[2025-07-09 17:03:41.653] [jointLog] [warning] read 3a1369c0-3f95-4d57-b8b0-81a3efaa1567 (length 25833 - align length 2463) has no trained error model
[2025-07-09 17:03:41.653] [jointLog] [warning] read 3a1369c0-3f95-4d57-b8b0-81a3efaa1567 (length 25833) has no trained clipping model
[2025-07-09 17:03:41.653] [jointLog] [warning] read 3a1369c0-3f95-4d57-b8b0-81a3efaa1567 (length 25833) has no trained clipping model
[2025-07-09 17:03:41.653] [jointLog] [warning] read 04d408a3-0000-42b1-882d-bb472182ab10 (length 25127 - align length 67) has no trained error model
[2025-07-09 17:03:41.653] [jointLog] [warning] read 04d408a3-0000-42b1-882d-bb472182ab10 (length 25127) has no trained clipping model
[2025-07-09 17:03:41.653] [jointLog] [warning] read 04d408a3-0000-42b1-882d-bb472182ab10 (length 25127) has no trained clipping model
[2025-07-09 17:03:41.654] [jointLog] [warning] read cadc6eef-1e93-4342-beba-a2198d24087d (length 35872 - align length 2028) has no trained error model
[2025-07-09 17:03:41.654] [jointLog] [warning] read cadc6eef-1e93-4342-beba-a2198d24087d (length 35872) has no trained clipping model
[2025-07-09 17:03:41.654] [jointLog] [warning] read cadc6eef-1e93-4342-beba-a2198d24087d (length 35872) has no trained clipping model
[2025-07-09 17:03:41.654] [jointLog] [warning] read e698d381-9c30-468f-85dd-c76f48a7cd31 (length 34101 - align length 56) has no trained error model
[2025-07-09 17:03:41.654] [jointLog] [warning] read e698d381-9c30-468f-85dd-c76f48a7cd31 (length 34101) has no trained clipping model
[2025-07-09 17:03:41.654] [jointLog] [warning] read e698d381-9c30-468f-85dd-c76f48a7cd31 (length 34101) has no trained clipping model
[2025-07-09 17:03:41.654] [jointLog] [warning] read 703f8d3c-b543-402f-ba54-346e4db5f526 (length 18392 - align length 1192) has no trained error model
[2025-07-09 17:03:41.654] [jointLog] [warning] read 703f8d3c-b543-402f-ba54-346e4db5f526 (length 18392) has no trained clipping model
[2025-07-09 17:03:41.654] [jointLog] [warning] read 703f8d3c-b543-402f-ba54-346e4db5f526 (length 18392) has no trained clipping model
[2025-07-09 17:03:41.654] [jointLog] [warning] read b5b70a1b-7be3-4660-982b-8c2a5f120b6f (length 15028 - align length 58) has no trained error model
[2025-07-09 17:03:41.654] [jointLog] [warning] read b5b70a1b-7be3-4660-982b-8c2a5f120b6f (length 15028) has no trained clipping model
[2025-07-09 17:03:41.654] [jointLog] [warning] read b5b70a1b-7be3-4660-982b-8c2a5f120b6f (length 15028) has no trained clipping model
[2025-07-09 17:03:41.654] [jointLog] [warning] read 5f84a269-344c-46ca-84d9-d989aefc9a82 (length 29228 - align length 514) has no trained error model
[2025-07-09 17:03:41.654] [jointLog] [warning] read 5f84a269-344c-46ca-84d9-d989aefc9a82 (length 29228) has no trained clipping model
[2025-07-09 17:03:41.654] [jointLog] [warning] read 5f84a269-344c-46ca-84d9-d989aefc9a82 (length 29228) has no trained clipping model
[2025-07-09 17:03:41.654] [jointLog] [warning] read 90967f86-5246-44ea-b9da-6bd62ff26be6 (length 20628 - align length 128) has no trained error model
[2025-07-09 17:03:41.654] [jointLog] [warning] read 90967f86-5246-44ea-b9da-6bd62ff26be6 (length 20628) has no trained clipping model
[2025-07-09 17:03:41.654] [jointLog] [warning] read 90967f86-5246-44ea-b9da-6bd62ff26be6 (length 20628) has no trained clipping model
[2025-07-09 17:03:41.654] [jointLog] [warning] read 1cd4c19b-f2c6-4f0a-a6ef-073e5abee21e (length 15821 - align length 56) has no trained error model
[2025-07-09 17:03:41.654] [jointLog] [warning] read 1cd4c19b-f2c6-4f0a-a6ef-073e5abee21e (length 15821) has no trained clipping model
[2025-07-09 17:03:41.654] [jointLog] [warning] read 1cd4c19b-f2c6-4f0a-a6ef-073e5abee21e (length 15821) has no trained clipping model
[2025-07-09 17:03:41.654] [jointLog] [warning] read 96d2aa22-7506-46ab-a1b1-dad01c2f2adf (length 47190 - align length 791) has no trained error model
[2025-07-09 17:03:41.654] [jointLog] [warning] read 96d2aa22-7506-46ab-a1b1-dad01c2f2adf (length 47190) has no trained clipping model
[2025-07-09 17:03:41.654] [jointLog] [warning] read 96d2aa22-7506-46ab-a1b1-dad01c2f2adf (length 47190) has no trained clipping model
[2025-07-09 17:03:41.654] [jointLog] [warning] read 44bf466a-9416-49e7-813d-05cfcb3adefa (length 41423 - align length 2463) has no trained error model
[2025-07-09 17:03:41.654] [jointLog] [warning] read 44bf466a-9416-49e7-813d-05cfcb3adefa (length 41423) has no trained clipping model
[2025-07-09 17:03:41.654] [jointLog] [warning] read 44bf466a-9416-49e7-813d-05cfcb3adefa (length 41423) has no trained clipping model
[2025-07-09 17:03:41.654] [jointLog] [warning] read 868bb00c-efab-42eb-80fa-5d091605aa67 (length 15941 - align length 55) has no trained error model
[2025-07-09 17:03:41.654] [jointLog] [warning] read 868bb00c-efab-42eb-80fa-5d091605aa67 (length 15941) has no trained clipping model
[2025-07-09 17:03:41.654] [jointLog] [warning] read 868bb00c-efab-42eb-80fa-5d091605aa67 (length 15941) has no trained clipping model
[2025-07-09 17:03:41.654] [jointLog] [warning] read 9fe8df76-c3c5-4342-bc9b-be8bbc932b98 (length 13959) has no trained clipping model
[2025-07-09 17:03:41.654] [jointLog] [warning] read 212a72fa-babd-48d9-86d4-fabd98166af4 (length 24632 - align length 185) has no trained error model
[2025-07-09 17:03:41.654] [jointLog] [warning] read 212a72fa-babd-48d9-86d4-fabd98166af4 (length 24632) has no trained clipping model
[2025-07-09 17:03:41.654] [jointLog] [warning] read 212a72fa-babd-48d9-86d4-fabd98166af4 (length 24632) has no trained clipping model
[2025-07-09 17:03:41.654] [jointLog] [warning] read dca6738d-980d-4806-91e6-7b15fc1f62c2 (length 47926 - align length 1191) has no trained error model
[2025-07-09 17:03:41.654] [jointLog] [warning] read dca6738d-980d-4806-91e6-7b15fc1f62c2 (length 47926) has no trained clipping model
[2025-07-09 17:03:41.654] [jointLog] [warning] read dca6738d-980d-4806-91e6-7b15fc1f62c2 (length 47926) has no trained clipping model
[2025-07-09 17:03:41.654] [jointLog] [warning] read 34aefee1-883a-4326-b49c-56ebb75bc010 (length 36701 - align length 3761) has no trained error model
[2025-07-09 17:03:41.654] [jointLog] [warning] read 34aefee1-883a-4326-b49c-56ebb75bc010 (length 36701) has no trained clipping model
[2025-07-09 17:03:41.654] [jointLog] [warning] read 34aefee1-883a-4326-b49c-56ebb75bc010 (length 36701) has no trained clipping model
[2025-07-09 17:03:41.654] [jointLog] [warning] read 94002df6-34f1-46cc-8e0f-3d72f4dbe212 (length 22039 - align length 851) has no trained error model
[2025-07-09 17:03:41.654] [jointLog] [warning] read 94002df6-34f1-46cc-8e0f-3d72f4dbe212 (length 22039) has no trained clipping model
[2025-07-09 17:03:41.654] [jointLog] [warning] read 94002df6-34f1-46cc-8e0f-3d72f4dbe212 (length 22039) has no trained clipping model
[2025-07-09 17:03:41.654] [jointLog] [warning] read 2414240d-7053-49e5-93f5-275028cc0c33 (length 44635 - align length 1326) has no trained error model
[2025-07-09 17:03:41.654] [jointLog] [warning] read 2414240d-7053-49e5-93f5-275028cc0c33 (length 44635) has no trained clipping model
[2025-07-09 17:03:41.654] [jointLog] [warning] read 2414240d-7053-49e5-93f5-275028cc0c33 (length 44635) has no trained clipping model
[2025-07-09 17:03:41.654] [jointLog] [warning] read 3d9417a9-4848-42bd-a18a-90b52bb65665 (length 12087 - align length 400) has no trained error model
[2025-07-09 17:03:41.654] [jointLog] [warning] read 3d9417a9-4848-42bd-a18a-90b52bb65665 (length 12087) has no trained clipping model
[2025-07-09 17:03:41.654] [jointLog] [warning] read 3d9417a9-4848-42bd-a18a-90b52bb65665 (length 12087) has no trained clipping model
[2025-07-09 17:03:41.654] [jointLog] [warning] read c2de468a-bd8e-4ab9-9e40-8d4614f1cb01 (length 15489 - align length 1030) has no trained error model
[2025-07-09 17:03:41.654] [jointLog] [warning] read c2de468a-bd8e-4ab9-9e40-8d4614f1cb01 (length 15489) has no trained clipping model
[2025-07-09 17:03:41.654] [jointLog] [warning] read c2de468a-bd8e-4ab9-9e40-8d4614f1cb01 (length 15489) has no trained clipping model
[2025-07-09 17:03:41.654] [jointLog] [warning] read 81f4a3c8-2128-4b15-bfd1-ed4cb19e4cba (length 26071 - align length 369) has no trained error model
[2025-07-09 17:03:41.654] [jointLog] [warning] read 81f4a3c8-2128-4b15-bfd1-ed4cb19e4cba (length 26071) has no trained clipping model
[2025-07-09 17:03:41.654] [jointLog] [warning] read 81f4a3c8-2128-4b15-bfd1-ed4cb19e4cba (length 26071) has no trained clipping model
[2025-07-09 17:03:41.654] [jointLog] [warning] read 8c63d31f-df3f-4015-9077-097240ef5cb7 (length 38415 - align length 89) has no trained error model
[2025-07-09 17:03:41.654] [jointLog] [warning] read 8c63d31f-df3f-4015-9077-097240ef5cb7 (length 38415) has no trained clipping model
[2025-07-09 17:03:41.654] [jointLog] [warning] read 8c63d31f-df3f-4015-9077-097240ef5cb7 (length 38415) has no trained clipping model
[2025-07-09 17:03:41.655] [jointLog] [warning] read d575504b-4234-4eda-988a-88b3536c9a4a (length 37476 - align length 443) has no trained error model
[2025-07-09 17:03:41.655] [jointLog] [warning] read d575504b-4234-4eda-988a-88b3536c9a4a (length 37476) has no trained clipping model
[2025-07-09 17:03:41.655] [jointLog] [warning] read d575504b-4234-4eda-988a-88b3536c9a4a (length 37476) has no trained clipping model
[2025-07-09 17:03:41.655] [jointLog] [warning] read 5f40912e-c77c-4f7e-912e-f1915b2758d0 (length 19345 - align length 379) has no trained error model
[2025-07-09 17:03:41.655] [jointLog] [warning] read 5f40912e-c77c-4f7e-912e-f1915b2758d0 (length 19345) has no trained clipping model
[2025-07-09 17:03:41.655] [jointLog] [warning] read 5f40912e-c77c-4f7e-912e-f1915b2758d0 (length 19345) has no trained clipping model
[2025-07-09 17:03:41.655] [jointLog] [warning] read 01749b5f-55e2-40c6-9e8c-d930df11dfab (length 34668 - align length 388) has no trained error model
[2025-07-09 17:03:41.655] [jointLog] [warning] read 01749b5f-55e2-40c6-9e8c-d930df11dfab (length 34668) has no trained clipping model
[2025-07-09 17:03:41.655] [jointLog] [warning] read 01749b5f-55e2-40c6-9e8c-d930df11dfab (length 34668) has no trained clipping model
[2025-07-09 17:03:41.655] [jointLog] [warning] read 3cc010a4-4a2d-485f-baeb-de967b9a39eb (length 17003 - align length 188) has no trained error model
[2025-07-09 17:03:41.655] [jointLog] [warning] read 3cc010a4-4a2d-485f-baeb-de967b9a39eb (length 17003) has no trained clipping model
[2025-07-09 17:03:41.655] [jointLog] [warning] read 3cc010a4-4a2d-485f-baeb-de967b9a39eb (length 17003) has no trained clipping model
[2025-07-09 17:03:41.655] [jointLog] [warning] read 655a674c-03d7-419f-9e20-807b3229f158 (length 44366 - align length 133) has no trained error model
[2025-07-09 17:03:41.655] [jointLog] [warning] read 655a674c-03d7-419f-9e20-807b3229f158 (length 44366) has no trained clipping model
[2025-07-09 17:03:41.655] [jointLog] [warning] read 655a674c-03d7-419f-9e20-807b3229f158 (length 44366) has no trained clipping model
[2025-07-09 17:03:41.655] [jointLog] [warning] read 1d67ad28-4f7b-46ed-a03e-2203fd9769e8 (length 39435 - align length 5024) has no trained error model
[2025-07-09 17:03:41.655] [jointLog] [warning] read 1d67ad28-4f7b-46ed-a03e-2203fd9769e8 (length 39435) has no trained clipping model
[2025-07-09 17:03:41.655] [jointLog] [warning] read 1d67ad28-4f7b-46ed-a03e-2203fd9769e8 (length 39435) has no trained clipping model
[2025-07-09 17:03:41.655] [jointLog] [warning] read 5116329e-abbe-4def-8ac1-899d7d32d1ec (length 42888 - align length 54) has no trained error model
[2025-07-09 17:03:41.655] [jointLog] [warning] read 5116329e-abbe-4def-8ac1-899d7d32d1ec (length 42888) has no trained clipping model
[2025-07-09 17:03:41.655] [jointLog] [warning] read 5116329e-abbe-4def-8ac1-899d7d32d1ec (length 42888) has no trained clipping model
[2025-07-09 17:03:41.655] [jointLog] [warning] read 28f9eb17-8b55-4c00-9d54-1f38fbba20f9 (length 23626 - align length 473) has no trained error model
[2025-07-09 17:03:41.655] [jointLog] [warning] read 28f9eb17-8b55-4c00-9d54-1f38fbba20f9 (length 23626) has no trained clipping model
[2025-07-09 17:03:41.655] [jointLog] [warning] read 28f9eb17-8b55-4c00-9d54-1f38fbba20f9 (length 23626) has no trained clipping model
[2025-07-09 17:03:41.655] [jointLog] [warning] read 9491cd88-a69f-4348-8d6e-1c4907adbde5 (length 42242 - align length 81) has no trained error model
[2025-07-09 17:03:41.655] [jointLog] [warning] read 9491cd88-a69f-4348-8d6e-1c4907adbde5 (length 42242) has no trained clipping model
[2025-07-09 17:03:41.655] [jointLog] [warning] read 9491cd88-a69f-4348-8d6e-1c4907adbde5 (length 42242) has no trained clipping model
[2025-07-09 17:03:41.655] [jointLog] [warning] read 6855a9c8-f1ef-4124-ac0b-59dfab7f857e (length 16033 - align length 1337) has no trained error model
[2025-07-09 17:03:41.655] [jointLog] [warning] read 6855a9c8-f1ef-4124-ac0b-59dfab7f857e (length 16033) has no trained clipping model
[2025-07-09 17:03:41.655] [jointLog] [warning] read 6855a9c8-f1ef-4124-ac0b-59dfab7f857e (length 16033) has no trained clipping model
[2025-07-09 17:03:41.655] [jointLog] [warning] read a7c01a9e-5cb7-4aa4-99fb-c9bebe00e949 (length 30816 - align length 54) has no trained error model
[2025-07-09 17:03:41.655] [jointLog] [warning] read a7c01a9e-5cb7-4aa4-99fb-c9bebe00e949 (length 30816) has no trained clipping model
[2025-07-09 17:03:41.655] [jointLog] [warning] read a7c01a9e-5cb7-4aa4-99fb-c9bebe00e949 (length 30816) has no trained clipping model
[2025-07-09 17:03:41.655] [jointLog] [warning] read 5761de7c-3759-47e5-9a82-de062e26167d (length 14819 - align length 267) has no trained error model
[2025-07-09 17:03:41.655] [jointLog] [warning] read 5761de7c-3759-47e5-9a82-de062e26167d (length 14819) has no trained clipping model
[2025-07-09 17:03:41.655] [jointLog] [warning] read 5761de7c-3759-47e5-9a82-de062e26167d (length 14819) has no trained clipping model
[2025-07-09 17:03:41.656] [jointLog] [warning] read 99c00031-abfb-4b74-8e36-82cc7ef9cac5 (length 28746 - align length 403) has no trained error model
[2025-07-09 17:03:41.656] [jointLog] [warning] read 99c00031-abfb-4b74-8e36-82cc7ef9cac5 (length 28746) has no trained clipping model
[2025-07-09 17:03:41.656] [jointLog] [warning] read 99c00031-abfb-4b74-8e36-82cc7ef9cac5 (length 28746) has no trained clipping model
[2025-07-09 17:03:41.656] [jointLog] [warning] read 06c61400-0271-4eb6-b276-f706ab713bf8 (length 29370 - align length 956) has no trained error model
[2025-07-09 17:03:41.656] [jointLog] [warning] read 06c61400-0271-4eb6-b276-f706ab713bf8 (length 29370) has no trained clipping model
[2025-07-09 17:03:41.656] [jointLog] [warning] read 06c61400-0271-4eb6-b276-f706ab713bf8 (length 29370) has no trained clipping model
[2025-07-09 17:03:41.656] [jointLog] [warning] read 767ab709-e974-4294-bd0f-ad77136781ab (length 13946 - align length 13881) has no trained error model
[2025-07-09 17:03:41.656] [jointLog] [warning] read 219172eb-b860-49a7-8493-c39d8b53bc49 (length 43582 - align length 148) has no trained error model
[2025-07-09 17:03:41.656] [jointLog] [warning] read 219172eb-b860-49a7-8493-c39d8b53bc49 (length 43582) has no trained clipping model
[2025-07-09 17:03:41.656] [jointLog] [warning] read 219172eb-b860-49a7-8493-c39d8b53bc49 (length 43582) has no trained clipping model
[2025-07-09 17:03:41.656] [jointLog] [warning] read 86b9a750-88e0-4115-9808-77f857fe4c2e (length 11822) has no trained clipping model
[2025-07-09 17:03:41.656] [jointLog] [warning] read 3fa344df-ac53-48ee-8dc7-59e397644400 (length 12000) has no trained clipping model
[2025-07-09 17:03:41.656] [jointLog] [warning] read 1f3c1270-cc62-432a-90b1-e63245a16450 (length 18857 - align length 390) has no trained error model
[2025-07-09 17:03:41.656] [jointLog] [warning] read 1f3c1270-cc62-432a-90b1-e63245a16450 (length 18857) has no trained clipping model
[2025-07-09 17:03:41.656] [jointLog] [warning] read 1f3c1270-cc62-432a-90b1-e63245a16450 (length 18857) has no trained clipping model
[2025-07-09 17:03:41.656] [jointLog] [warning] read c4367d46-127f-4d9e-ac8b-3466db345412 (length 21389 - align length 459) has no trained error model
[2025-07-09 17:03:41.656] [jointLog] [warning] read c4367d46-127f-4d9e-ac8b-3466db345412 (length 21389) has no trained clipping model
[2025-07-09 17:03:41.656] [jointLog] [warning] read c4367d46-127f-4d9e-ac8b-3466db345412 (length 21389) has no trained clipping model
[2025-07-09 17:03:41.656] [jointLog] [warning] read 02d8e6b3-8c76-477b-b55c-faa7eb222a17 (length 24368 - align length 530) has no trained error model
[2025-07-09 17:03:41.656] [jointLog] [warning] read 02d8e6b3-8c76-477b-b55c-faa7eb222a17 (length 24368) has no trained clipping model
[2025-07-09 17:03:41.656] [jointLog] [warning] read 02d8e6b3-8c76-477b-b55c-faa7eb222a17 (length 24368) has no trained clipping model
[2025-07-09 17:03:41.656] [jointLog] [warning] read 7aa6b249-308f-4d92-be76-6293838331d3 (length 36176 - align length 314) has no trained error model
[2025-07-09 17:03:41.656] [jointLog] [warning] read 7aa6b249-308f-4d92-be76-6293838331d3 (length 36176) has no trained clipping model
[2025-07-09 17:03:41.656] [jointLog] [warning] read 7aa6b249-308f-4d92-be76-6293838331d3 (length 36176) has no trained clipping model
[2025-07-09 17:03:41.656] [jointLog] [warning] read ef1159e1-7144-446a-9e99-296dc729d27b (length 33794 - align length 1186) has no trained error model
[2025-07-09 17:03:41.656] [jointLog] [warning] read ef1159e1-7144-446a-9e99-296dc729d27b (length 33794) has no trained clipping model
[2025-07-09 17:03:41.656] [jointLog] [warning] read ef1159e1-7144-446a-9e99-296dc729d27b (length 33794) has no trained clipping model
[2025-07-09 17:03:41.657] [jointLog] [warning] read 44697209-2ee0-4fe8-b22b-228cbb63a4ab (length 45238 - align length 392) has no trained error model
[2025-07-09 17:03:41.657] [jointLog] [warning] read 44697209-2ee0-4fe8-b22b-228cbb63a4ab (length 45238) has no trained clipping model
[2025-07-09 17:03:41.657] [jointLog] [warning] read 44697209-2ee0-4fe8-b22b-228cbb63a4ab (length 45238) has no trained clipping model
[2025-07-09 17:03:41.657] [jointLog] [warning] read 634e300a-d6d1-42f8-b66b-af17c36321ea (length 17253 - align length 659) has no trained error model
[2025-07-09 17:03:41.657] [jointLog] [warning] read 634e300a-d6d1-42f8-b66b-af17c36321ea (length 17253) has no trained clipping model
[2025-07-09 17:03:41.657] [jointLog] [warning] read 634e300a-d6d1-42f8-b66b-af17c36321ea (length 17253) has no trained clipping model
[2025-07-09 17:03:41.657] [jointLog] [warning] read a4331cf1-a2a0-473e-baa0-c1d922209261 (length 23236 - align length 1350) has no trained error model
[2025-07-09 17:03:41.657] [jointLog] [warning] read a4331cf1-a2a0-473e-baa0-c1d922209261 (length 23236) has no trained clipping model
[2025-07-09 17:03:41.657] [jointLog] [warning] read a4331cf1-a2a0-473e-baa0-c1d922209261 (length 23236) has no trained clipping model
[2025-07-09 17:03:41.657] [jointLog] [warning] read 36743c47-5b31-4cd3-9436-b26a6d6ff91e (length 47182) has no trained clipping model
[2025-07-09 17:03:41.659] [jointLog] [warning] read 0d116552-27dd-48ee-a09f-e3c0522bd220 (length 24178 - align length 392) has no trained error model
[2025-07-09 17:03:41.659] [jointLog] [warning] read 0d116552-27dd-48ee-a09f-e3c0522bd220 (length 24178) has no trained clipping model
[2025-07-09 17:03:41.659] [jointLog] [warning] read 0d116552-27dd-48ee-a09f-e3c0522bd220 (length 24178) has no trained clipping model
[2025-07-09 17:03:41.661] [jointLog] [warning] read 880296f0-618a-4c4b-a648-c70f32b574c3 (length 36985 - align length 378) has no trained error model
[2025-07-09 17:03:41.661] [jointLog] [warning] read 880296f0-618a-4c4b-a648-c70f32b574c3 (length 36985) has no trained clipping model
[2025-07-09 17:03:41.661] [jointLog] [warning] read 880296f0-618a-4c4b-a648-c70f32b574c3 (length 36985) has no trained clipping model
[2025-07-09 17:03:41.686] [jointLog] [warning] (in update()) CIGAR string for read [86d5a4e0-b47f-4150-80fd-28cc1d6844a2] seems inconsistent. It implied an error rate greater than 1: 1.36693 0 0
[2025-07-09 17:03:42.000] [jointLog] [warning] read 09acd2b2-5a04-4e85-a2d4-55f6078c9b6b (length 12048 - align length 12027) has no trained error model
[2025-07-09 17:03:42.037] [jointLog] [warning] (in update()) CIGAR string for read [f1e2cc45-44ef-4492-ab58-5f467a692471] seems inconsistent. It implied an error rate greater than 1: 1.68682 0.00262123 0
[2025-07-09 17:03:42.291] [jointLog] [warning] (in update()) CIGAR string for read [5408e5d2-457b-4e55-aa48-1784dc375979] seems inconsistent. It implied an error rate greater than 1: 1.30635 0.00161464 0.0145318
[2025-07-09 17:03:42.328] [jointLog] [warning] (in update()) CIGAR string for read [958dfeda-b8cb-444c-ba56-7809276c6a52] seems inconsistent. It implied an error rate greater than 1: 1.60573 0.0210943 0.0125247
[2025-07-09 17:03:42.397] [jointLog] [warning] (in update()) CIGAR string for read [83b7d8b7-2ecd-42c5-9ef0-51882cc0bb91] seems inconsistent. It implied an error rate greater than 1: 2.75983 0.00333611 0
[2025-07-09 17:03:42.653] [jointLog] [warning] (in update()) CIGAR string for read [8fcba347-1e05-43a4-8a5c-3a1336d3568f] seems inconsistent. It implied an error rate greater than 1: 1.38658 0 0.0413965
[2025-07-09 17:03:42.860] [jointLog] [warning] read 14b1781a-471a-4634-9a94-0fab9d23b168 (length 10833 - align length 10833) has no trained error model
[2025-07-09 17:03:42.860] [jointLog] [warning] read 14b1781a-471a-4634-9a94-0fab9d23b168 (length 10833) has no trained clipping model
[2025-07-09 17:03:42.860] [jointLog] [warning] read 14b1781a-471a-4634-9a94-0fab9d23b168 (length 10833) has no trained clipping model
[2025-07-09 17:03:42.871] [jointLog] [warning] (in update()) CIGAR string for read [7fc672e5-aec7-459d-8992-1636ac9c477d] seems inconsistent. It implied an error rate greater than 1: 1.19444 0.015544 0.0518135
[2025-07-09 17:03:43.024] [jointLog] [warning] (in update()) CIGAR string for read [f4019fa3-d4c2-42be-b28b-38afee06a777] seems inconsistent. It implied an error rate greater than 1: 1.09137 0.00995025 0.00995025
[2025-07-09 17:03:43.170] [jointLog] [warning] (in update()) CIGAR string for read [9e2b8236-3de9-4dd2-b98b-ede52450ab4d] seems inconsistent. It implied an error rate greater than 1: 1.27397 0 0
[2025-07-09 17:03:43.258] [jointLog] [warning] (in update()) CIGAR string for read [534b3e99-39e0-4eb8-b6e9-bf54a7a7d0e2] seems inconsistent. It implied an error rate greater than 1: 1.36329 0 0.00236686
[2025-07-09 17:03:43.305] [jointLog] [warning] read d85ca1ed-c420-49eb-99c4-89d2b077101c (length 10652 - align length 10635) has no trained error model
[2025-07-09 17:03:43.457] [jointLog] [warning] read efab38cd-3337-41f8-b164-611e5c87e2d0 (length 11489 - align length 11429) has no trained error model
[2025-07-09 17:03:43.456] [fileLog] [info] quantification processed 5000000 fragments so far

[2025-07-09 17:03:43.581] [jointLog] [warning] read 221813f7-eadc-4d19-b4ab-b22147505010 (length 12117 - align length 12079) has no trained error model
[2025-07-09 17:03:43.581] [jointLog] [warning] read 221813f7-eadc-4d19-b4ab-b22147505010 (length 12117) has no trained clipping model
[2025-07-09 17:03:43.581] [jointLog] [warning] read 221813f7-eadc-4d19-b4ab-b22147505010 (length 12117) has no trained clipping model
[2025-07-09 17:03:44.706] [jointLog] [warning] read 3ba04455-0537-4137-8a6f-8eb5ac0382be (length 11827) has no trained clipping model
[2025-07-09 17:03:44.886] [jointLog] [warning] read 6d6351c6-4d64-442e-88db-fbef9cdd22e5 (length 11992 - align length 11912) has no trained error model
[2025-07-09 17:03:45.170] [jointLog] [warning] read 234b0618-30d2-41fe-9010-7bd31d8c08de (length 12243 - align length 12177) has no trained error model
[2025-07-09 17:03:45.788] [jointLog] [warning] read 9c3a901a-2540-4ffb-af4e-b6f9833b5a13 (length 12379 - align length 12333) has no trained error model
[2025-07-09 17:03:46.058] [jointLog] [warning] read e8e65931-c038-4c7e-a8b7-c501119c54e3 (length 12651 - align length 12646) has no trained error model
[2025-07-09 17:03:46.058] [jointLog] [warning] read e8e65931-c038-4c7e-a8b7-c501119c54e3 (length 12651) has no trained clipping model
[2025-07-09 17:03:46.058] [jointLog] [warning] read e8e65931-c038-4c7e-a8b7-c501119c54e3 (length 12651) has no trained clipping model
[2025-07-09 17:03:46.112] [jointLog] [warning] read 432ecd89-a64b-44cf-9959-baa731973a86 (length 19952) has no trained clipping model
[2025-07-09 17:03:46.113] [jointLog] [warning] read e72f5e31-89a5-458e-bf21-c4810470ee07 (length 29769 - align length 291) has no trained error model
[2025-07-09 17:03:46.113] [jointLog] [warning] read e72f5e31-89a5-458e-bf21-c4810470ee07 (length 29769) has no trained clipping model
[2025-07-09 17:03:46.113] [jointLog] [warning] read e72f5e31-89a5-458e-bf21-c4810470ee07 (length 29769) has no trained clipping model
[2025-07-09 17:03:46.114] [jointLog] [warning] read 5bf30d56-a2a4-4d22-a0fb-d89e5a27ff03 (length 28075 - align length 349) has no trained error model
[2025-07-09 17:03:46.114] [jointLog] [warning] read 5bf30d56-a2a4-4d22-a0fb-d89e5a27ff03 (length 28075) has no trained clipping model
[2025-07-09 17:03:46.114] [jointLog] [warning] read 5bf30d56-a2a4-4d22-a0fb-d89e5a27ff03 (length 28075) has no trained clipping model
[2025-07-09 17:03:46.114] [jointLog] [warning] read 89c1363d-4fa5-4cc7-85a3-2ae138d5d889 (length 40664 - align length 369) has no trained error model
[2025-07-09 17:03:46.114] [jointLog] [warning] read 89c1363d-4fa5-4cc7-85a3-2ae138d5d889 (length 40664) has no trained clipping model
[2025-07-09 17:03:46.114] [jointLog] [warning] read 89c1363d-4fa5-4cc7-85a3-2ae138d5d889 (length 40664) has no trained clipping model
[2025-07-09 17:03:46.114] [jointLog] [warning] read 0ee24865-37fa-4206-8865-66aa66ee017c (length 19874 - align length 1383) has no trained error model
[2025-07-09 17:03:46.114] [jointLog] [warning] read 0ee24865-37fa-4206-8865-66aa66ee017c (length 19874) has no trained clipping model
[2025-07-09 17:03:46.114] [jointLog] [warning] read 0ee24865-37fa-4206-8865-66aa66ee017c (length 19874) has no trained clipping model
[2025-07-09 17:03:46.114] [jointLog] [warning] read 8fd587f5-138e-4149-9025-441082dd553f (length 23255) has no trained clipping model
[2025-07-09 17:03:46.114] [jointLog] [warning] read 2e7b9423-82b0-4337-b9b4-17be248b9b2e (length 30799 - align length 736) has no trained error model
[2025-07-09 17:03:46.114] [jointLog] [warning] read 2e7b9423-82b0-4337-b9b4-17be248b9b2e (length 30799) has no trained clipping model
[2025-07-09 17:03:46.114] [jointLog] [warning] read 2e7b9423-82b0-4337-b9b4-17be248b9b2e (length 30799) has no trained clipping model
[2025-07-09 17:03:46.114] [jointLog] [warning] read 76346a13-845f-49ea-af64-b4f7a211f77e (length 16353 - align length 368) has no trained error model
[2025-07-09 17:03:46.114] [jointLog] [warning] read 76346a13-845f-49ea-af64-b4f7a211f77e (length 16353) has no trained clipping model
[2025-07-09 17:03:46.114] [jointLog] [warning] read 76346a13-845f-49ea-af64-b4f7a211f77e (length 16353) has no trained clipping model
[2025-07-09 17:03:46.114] [jointLog] [warning] read c2377802-ee25-433a-a949-afdc5c087089 (length 28225 - align length 54) has no trained error model
[2025-07-09 17:03:46.114] [jointLog] [warning] read c2377802-ee25-433a-a949-afdc5c087089 (length 28225) has no trained clipping model
[2025-07-09 17:03:46.114] [jointLog] [warning] read c2377802-ee25-433a-a949-afdc5c087089 (length 28225) has no trained clipping model
[2025-07-09 17:03:46.114] [jointLog] [warning] read 4e7e5605-dcdb-4a58-b4a6-12c8417d0571 (length 28326 - align length 58) has no trained error model
[2025-07-09 17:03:46.114] [jointLog] [warning] read 4e7e5605-dcdb-4a58-b4a6-12c8417d0571 (length 28326) has no trained clipping model
[2025-07-09 17:03:46.114] [jointLog] [warning] read 4e7e5605-dcdb-4a58-b4a6-12c8417d0571 (length 28326) has no trained clipping model
[2025-07-09 17:03:46.114] [jointLog] [warning] read 50cc05b4-50ff-4d73-a1d4-3fa8bbe40073 (length 14784 - align length 373) has no trained error model
[2025-07-09 17:03:46.114] [jointLog] [warning] read 50cc05b4-50ff-4d73-a1d4-3fa8bbe40073 (length 14784) has no trained clipping model
[2025-07-09 17:03:46.114] [jointLog] [warning] read 50cc05b4-50ff-4d73-a1d4-3fa8bbe40073 (length 14784) has no trained clipping model
[2025-07-09 17:03:46.114] [jointLog] [warning] read 2b8bbb34-6b43-4ba6-90ad-1a9fb1ad6e38 (length 27776 - align length 364) has no trained error model
[2025-07-09 17:03:46.114] [jointLog] [warning] read 2b8bbb34-6b43-4ba6-90ad-1a9fb1ad6e38 (length 27776) has no trained clipping model
[2025-07-09 17:03:46.114] [jointLog] [warning] read 2b8bbb34-6b43-4ba6-90ad-1a9fb1ad6e38 (length 27776) has no trained clipping model
[2025-07-09 17:03:46.114] [jointLog] [warning] read de64e0b6-1fd2-419c-8ea4-9b57c07d4060 (length 18847) has no trained clipping model
[2025-07-09 17:03:46.114] [jointLog] [warning] read b5dcb9d4-4b15-42e2-8526-61a8354ec51e (length 25575 - align length 397) has no trained error model
[2025-07-09 17:03:46.114] [jointLog] [warning] read b5dcb9d4-4b15-42e2-8526-61a8354ec51e (length 25575) has no trained clipping model
[2025-07-09 17:03:46.114] [jointLog] [warning] read b5dcb9d4-4b15-42e2-8526-61a8354ec51e (length 25575) has no trained clipping model
[2025-07-09 17:03:46.114] [jointLog] [warning] read 6c69c870-eb9f-4f12-9227-dd20a4097f39 (length 14706 - align length 172) has no trained error model
[2025-07-09 17:03:46.114] [jointLog] [warning] read 6c69c870-eb9f-4f12-9227-dd20a4097f39 (length 14706) has no trained clipping model
[2025-07-09 17:03:46.114] [jointLog] [warning] read 6c69c870-eb9f-4f12-9227-dd20a4097f39 (length 14706) has no trained clipping model
[2025-07-09 17:03:46.114] [jointLog] [warning] read 0b7e3236-bc6b-405b-acc1-069ef60252b2 (length 40438 - align length 537) has no trained error model
[2025-07-09 17:03:46.114] [jointLog] [warning] read 0b7e3236-bc6b-405b-acc1-069ef60252b2 (length 40438) has no trained clipping model
[2025-07-09 17:03:46.114] [jointLog] [warning] read 0b7e3236-bc6b-405b-acc1-069ef60252b2 (length 40438) has no trained clipping model
[2025-07-09 17:03:46.114] [jointLog] [warning] read 018d13ed-cbd3-4853-acb5-587f633a8a0e (length 18781 - align length 306) has no trained error model
[2025-07-09 17:03:46.114] [jointLog] [warning] read 018d13ed-cbd3-4853-acb5-587f633a8a0e (length 18781) has no trained clipping model
[2025-07-09 17:03:46.114] [jointLog] [warning] read 018d13ed-cbd3-4853-acb5-587f633a8a0e (length 18781) has no trained clipping model
[2025-07-09 17:03:46.114] [jointLog] [warning] read 93c67707-d876-463d-9ad6-15e9f182da42 (length 38805 - align length 1317) has no trained error model
[2025-07-09 17:03:46.114] [jointLog] [warning] read 93c67707-d876-463d-9ad6-15e9f182da42 (length 38805) has no trained clipping model
[2025-07-09 17:03:46.114] [jointLog] [warning] read 93c67707-d876-463d-9ad6-15e9f182da42 (length 38805) has no trained clipping model
[2025-07-09 17:03:46.114] [jointLog] [warning] read 0f2fa63e-48a0-4f70-a17e-4e212875dc37 (length 29780 - align length 162) has no trained error model
[2025-07-09 17:03:46.114] [jointLog] [warning] read 0f2fa63e-48a0-4f70-a17e-4e212875dc37 (length 29780) has no trained clipping model
[2025-07-09 17:03:46.114] [jointLog] [warning] read 0f2fa63e-48a0-4f70-a17e-4e212875dc37 (length 29780) has no trained clipping model
[2025-07-09 17:03:46.114] [jointLog] [warning] read fb564e75-5b71-4380-9ead-0638616576b1 (length 31445 - align length 697) has no trained error model
[2025-07-09 17:03:46.114] [jointLog] [warning] read fb564e75-5b71-4380-9ead-0638616576b1 (length 31445) has no trained clipping model
[2025-07-09 17:03:46.114] [jointLog] [warning] read fb564e75-5b71-4380-9ead-0638616576b1 (length 31445) has no trained clipping model
[2025-07-09 17:03:46.114] [jointLog] [warning] read d240685e-71e0-49fe-babb-b7a169c82ee5 (length 27412 - align length 394) has no trained error model
[2025-07-09 17:03:46.114] [jointLog] [warning] read d240685e-71e0-49fe-babb-b7a169c82ee5 (length 27412) has no trained clipping model
[2025-07-09 17:03:46.114] [jointLog] [warning] read d240685e-71e0-49fe-babb-b7a169c82ee5 (length 27412) has no trained clipping model
[2025-07-09 17:03:46.114] [jointLog] [warning] read 1050b991-9490-4da4-932f-3e85733dbd15 (length 27555 - align length 57) has no trained error model
[2025-07-09 17:03:46.114] [jointLog] [warning] read 1050b991-9490-4da4-932f-3e85733dbd15 (length 27555) has no trained clipping model
[2025-07-09 17:03:46.114] [jointLog] [warning] read 1050b991-9490-4da4-932f-3e85733dbd15 (length 27555) has no trained clipping model
[2025-07-09 17:03:46.114] [jointLog] [warning] read d25a29c1-cf42-41f6-a81c-322e2bc5212c (length 42033 - align length 876) has no trained error model
[2025-07-09 17:03:46.114] [jointLog] [warning] read d25a29c1-cf42-41f6-a81c-322e2bc5212c (length 42033) has no trained clipping model
[2025-07-09 17:03:46.114] [jointLog] [warning] read d25a29c1-cf42-41f6-a81c-322e2bc5212c (length 42033) has no trained clipping model
[2025-07-09 17:03:46.114] [jointLog] [warning] read c1c88aa1-4728-4dbc-b750-01eed3cd63a0 (length 15772 - align length 54) has no trained error model
[2025-07-09 17:03:46.114] [jointLog] [warning] read c1c88aa1-4728-4dbc-b750-01eed3cd63a0 (length 15772) has no trained clipping model
[2025-07-09 17:03:46.114] [jointLog] [warning] read c1c88aa1-4728-4dbc-b750-01eed3cd63a0 (length 15772) has no trained clipping model
[2025-07-09 17:03:46.114] [jointLog] [warning] read 8498d3ee-1a94-4d5d-ae25-3446967cdc3a (length 37121 - align length 74) has no trained error model
[2025-07-09 17:03:46.114] [jointLog] [warning] read 8498d3ee-1a94-4d5d-ae25-3446967cdc3a (length 37121) has no trained clipping model
[2025-07-09 17:03:46.114] [jointLog] [warning] read 8498d3ee-1a94-4d5d-ae25-3446967cdc3a (length 37121) has no trained clipping model
[2025-07-09 17:03:46.114] [jointLog] [warning] read 5926cb2e-27a4-444b-aa31-b26e923bddac (length 12132 - align length 612) has no trained error model
[2025-07-09 17:03:46.114] [jointLog] [warning] read 5926cb2e-27a4-444b-aa31-b26e923bddac (length 12132) has no trained clipping model
[2025-07-09 17:03:46.114] [jointLog] [warning] read 5926cb2e-27a4-444b-aa31-b26e923bddac (length 12132) has no trained clipping model
[2025-07-09 17:03:46.114] [jointLog] [warning] read d7bf129e-27d6-4f22-9eea-61a4d144d570 (length 24635) has no trained clipping model
[2025-07-09 17:03:46.114] [jointLog] [warning] read f85c8e42-e7c8-4e1b-9e3f-08132b3af4f7 (length 11854) has no trained clipping model
[2025-07-09 17:03:46.114] [jointLog] [warning] read ecea19ca-ad0a-4feb-8c71-3a468b99abbd (length 38241 - align length 314) has no trained error model
[2025-07-09 17:03:46.114] [jointLog] [warning] read ecea19ca-ad0a-4feb-8c71-3a468b99abbd (length 38241) has no trained clipping model
[2025-07-09 17:03:46.114] [jointLog] [warning] read ecea19ca-ad0a-4feb-8c71-3a468b99abbd (length 38241) has no trained clipping model
[2025-07-09 17:03:46.114] [jointLog] [warning] read e3db6d36-7486-45ee-b519-f243ac40fd13 (length 33948 - align length 1200) has no trained error model
[2025-07-09 17:03:46.114] [jointLog] [warning] read e3db6d36-7486-45ee-b519-f243ac40fd13 (length 33948) has no trained clipping model
[2025-07-09 17:03:46.114] [jointLog] [warning] read e3db6d36-7486-45ee-b519-f243ac40fd13 (length 33948) has no trained clipping model
[2025-07-09 17:03:46.114] [jointLog] [warning] read 9476ed7b-57d9-494e-b74e-186d26d34095 (length 26382 - align length 641) has no trained error model
[2025-07-09 17:03:46.114] [jointLog] [warning] read 9476ed7b-57d9-494e-b74e-186d26d34095 (length 26382) has no trained clipping model
[2025-07-09 17:03:46.114] [jointLog] [warning] read 9476ed7b-57d9-494e-b74e-186d26d34095 (length 26382) has no trained clipping model
[2025-07-09 17:03:46.114] [jointLog] [warning] read 6f456fcc-c950-44c4-8fd3-35641221f19e (length 19973) has no trained clipping model
[2025-07-09 17:03:46.114] [jointLog] [warning] read 10473905-945a-4c24-b312-d0dd3892a768 (length 29557 - align length 53) has no trained error model
[2025-07-09 17:03:46.114] [jointLog] [warning] read 10473905-945a-4c24-b312-d0dd3892a768 (length 29557) has no trained clipping model
[2025-07-09 17:03:46.114] [jointLog] [warning] read 10473905-945a-4c24-b312-d0dd3892a768 (length 29557) has no trained clipping model
[2025-07-09 17:03:46.115] [jointLog] [warning] read e80af7dc-eca6-487a-8590-ab460f437b05 (length 12808) has no trained clipping model
[2025-07-09 17:03:46.115] [jointLog] [warning] read 95bc1034-d808-4293-8c5d-80887d44939c (length 40150 - align length 470) has no trained error model
[2025-07-09 17:03:46.115] [jointLog] [warning] read 95bc1034-d808-4293-8c5d-80887d44939c (length 40150) has no trained clipping model
[2025-07-09 17:03:46.115] [jointLog] [warning] read 95bc1034-d808-4293-8c5d-80887d44939c (length 40150) has no trained clipping model
[2025-07-09 17:03:46.115] [jointLog] [warning] read b568c95e-209a-496f-b871-98f4bcc3b63f (length 31294 - align length 59) has no trained error model
[2025-07-09 17:03:46.115] [jointLog] [warning] read b568c95e-209a-496f-b871-98f4bcc3b63f (length 31294) has no trained clipping model
[2025-07-09 17:03:46.115] [jointLog] [warning] read b568c95e-209a-496f-b871-98f4bcc3b63f (length 31294) has no trained clipping model
[2025-07-09 17:03:46.115] [jointLog] [warning] read 79e66e86-50fc-44a3-bbbc-c4d01aba911f (length 38565 - align length 529) has no trained error model
[2025-07-09 17:03:46.115] [jointLog] [warning] read 79e66e86-50fc-44a3-bbbc-c4d01aba911f (length 38565) has no trained clipping model
[2025-07-09 17:03:46.115] [jointLog] [warning] read 79e66e86-50fc-44a3-bbbc-c4d01aba911f (length 38565) has no trained clipping model
[2025-07-09 17:03:46.115] [jointLog] [warning] read 1c5c7610-4227-421e-aaab-f5c43e2f5ba5 (length 21569 - align length 481) has no trained error model
[2025-07-09 17:03:46.115] [jointLog] [warning] read 1c5c7610-4227-421e-aaab-f5c43e2f5ba5 (length 21569) has no trained clipping model
[2025-07-09 17:03:46.115] [jointLog] [warning] read 1c5c7610-4227-421e-aaab-f5c43e2f5ba5 (length 21569) has no trained clipping model
[2025-07-09 17:03:46.115] [jointLog] [warning] read 01e70e01-fb5e-4973-a3bd-37d83b257bed (length 25202 - align length 101) has no trained error model
[2025-07-09 17:03:46.115] [jointLog] [warning] read 01e70e01-fb5e-4973-a3bd-37d83b257bed (length 25202) has no trained clipping model
[2025-07-09 17:03:46.115] [jointLog] [warning] read 01e70e01-fb5e-4973-a3bd-37d83b257bed (length 25202) has no trained clipping model
[2025-07-09 17:03:46.115] [jointLog] [warning] read 1a4c9d64-35ad-4b7f-978b-8f7c0a5a5506 (length 18628 - align length 407) has no trained error model
[2025-07-09 17:03:46.115] [jointLog] [warning] read 1a4c9d64-35ad-4b7f-978b-8f7c0a5a5506 (length 18628) has no trained clipping model
[2025-07-09 17:03:46.115] [jointLog] [warning] read 1a4c9d64-35ad-4b7f-978b-8f7c0a5a5506 (length 18628) has no trained clipping model
[2025-07-09 17:03:46.115] [jointLog] [warning] read 59fbb8c5-9de8-4fdc-8928-08d1bb638518 (length 28696 - align length 383) has no trained error model
[2025-07-09 17:03:46.115] [jointLog] [warning] read 59fbb8c5-9de8-4fdc-8928-08d1bb638518 (length 28696) has no trained clipping model
[2025-07-09 17:03:46.115] [jointLog] [warning] read 59fbb8c5-9de8-4fdc-8928-08d1bb638518 (length 28696) has no trained clipping model
[2025-07-09 17:03:46.115] [jointLog] [warning] read 825db648-93bd-4719-ba37-db2eaf20169e (length 28621 - align length 458) has no trained error model
[2025-07-09 17:03:46.115] [jointLog] [warning] read 825db648-93bd-4719-ba37-db2eaf20169e (length 28621) has no trained clipping model
[2025-07-09 17:03:46.115] [jointLog] [warning] read 825db648-93bd-4719-ba37-db2eaf20169e (length 28621) has no trained clipping model
[2025-07-09 17:03:46.115] [jointLog] [warning] read aa2f307d-e9ec-4266-bfcf-31b6794a6b72 (length 21908) has no trained clipping model
[2025-07-09 17:03:46.115] [jointLog] [warning] read aeb11e5b-7afa-4707-afca-4d3ac6dec2b3 (length 15638 - align length 67) has no trained error model
[2025-07-09 17:03:46.115] [jointLog] [warning] read aeb11e5b-7afa-4707-afca-4d3ac6dec2b3 (length 15638) has no trained clipping model
[2025-07-09 17:03:46.115] [jointLog] [warning] read aeb11e5b-7afa-4707-afca-4d3ac6dec2b3 (length 15638) has no trained clipping model
[2025-07-09 17:03:46.115] [jointLog] [warning] read 57326ab9-51b6-4d32-975a-d0a109acb5e6 (length 31220 - align length 120) has no trained error model
[2025-07-09 17:03:46.115] [jointLog] [warning] read 57326ab9-51b6-4d32-975a-d0a109acb5e6 (length 31220) has no trained clipping model
[2025-07-09 17:03:46.115] [jointLog] [warning] read 57326ab9-51b6-4d32-975a-d0a109acb5e6 (length 31220) has no trained clipping model
[2025-07-09 17:03:46.115] [jointLog] [warning] read 846e6be8-db15-401d-9d95-364fe6d328fc (length 24993 - align length 81) has no trained error model
[2025-07-09 17:03:46.115] [jointLog] [warning] read 846e6be8-db15-401d-9d95-364fe6d328fc (length 24993) has no trained clipping model
[2025-07-09 17:03:46.115] [jointLog] [warning] read 846e6be8-db15-401d-9d95-364fe6d328fc (length 24993) has no trained clipping model
[2025-07-09 17:03:46.115] [jointLog] [warning] read 7e1bba76-e9a0-4fdf-af4a-d0313f257549 (length 24678) has no trained clipping model
[2025-07-09 17:03:46.115] [jointLog] [warning] read ac5546af-a6bb-46f5-b369-95ccd5b03006 (length 10871) has no trained clipping model
[2025-07-09 17:03:46.115] [jointLog] [warning] read ac5546af-a6bb-46f5-b369-95ccd5b03006 (length 10871) has no trained clipping model
[2025-07-09 17:03:46.115] [jointLog] [warning] read caa77983-541e-4a69-995b-d2863d717b7c (length 48098 - align length 59) has no trained error model
[2025-07-09 17:03:46.115] [jointLog] [warning] read caa77983-541e-4a69-995b-d2863d717b7c (length 48098) has no trained clipping model
[2025-07-09 17:03:46.115] [jointLog] [warning] read caa77983-541e-4a69-995b-d2863d717b7c (length 48098) has no trained clipping model
[2025-07-09 17:03:46.115] [jointLog] [warning] read 36085e65-c08e-46b2-96ae-380df3850938 (length 31077 - align length 728) has no trained error model
[2025-07-09 17:03:46.115] [jointLog] [warning] read 36085e65-c08e-46b2-96ae-380df3850938 (length 31077) has no trained clipping model
[2025-07-09 17:03:46.115] [jointLog] [warning] read 36085e65-c08e-46b2-96ae-380df3850938 (length 31077) has no trained clipping model
[2025-07-09 17:03:46.116] [jointLog] [warning] read a7b362cc-fc88-476a-8acf-7ce9d4eb9d40 (length 20492 - align length 113) has no trained error model
[2025-07-09 17:03:46.116] [jointLog] [warning] read a7b362cc-fc88-476a-8acf-7ce9d4eb9d40 (length 20492) has no trained clipping model
[2025-07-09 17:03:46.116] [jointLog] [warning] read a7b362cc-fc88-476a-8acf-7ce9d4eb9d40 (length 20492) has no trained clipping model
[2025-07-09 17:03:46.117] [jointLog] [warning] read f3dd71ef-3898-49dc-97ce-9e32a98efc81 (length 14524 - align length 1012) has no trained error model
[2025-07-09 17:03:46.117] [jointLog] [warning] read f3dd71ef-3898-49dc-97ce-9e32a98efc81 (length 14524) has no trained clipping model
[2025-07-09 17:03:46.117] [jointLog] [warning] read f3dd71ef-3898-49dc-97ce-9e32a98efc81 (length 14524) has no trained clipping model
[2025-07-09 17:03:46.117] [jointLog] [warning] read 326433d0-5207-4820-baf1-f90f434d9312 (length 44139 - align length 590) has no trained error model
[2025-07-09 17:03:46.117] [jointLog] [warning] read 326433d0-5207-4820-baf1-f90f434d9312 (length 44139) has no trained clipping model
[2025-07-09 17:03:46.117] [jointLog] [warning] read 326433d0-5207-4820-baf1-f90f434d9312 (length 44139) has no trained clipping model
[2025-07-09 17:03:46.412] [jointLog] [warning] read afd64b8e-6f41-4424-b1aa-b23a6ea584eb (length 12876) has no trained clipping model
[2025-07-09 17:03:47.284] [fileLog] [info] quantification processed 6000000 fragments so far

[2025-07-09 17:03:48.865] [jointLog] [warning] read b58b242f-ec90-48e2-b542-c1ea48e93fff (length 12619 - align length 12589) has no trained error model
[2025-07-09 17:03:48.865] [jointLog] [warning] read b58b242f-ec90-48e2-b542-c1ea48e93fff (length 12619) has no trained clipping model
[2025-07-09 17:03:48.865] [jointLog] [warning] read b58b242f-ec90-48e2-b542-c1ea48e93fff (length 12619) has no trained clipping model
[2025-07-09 17:03:49.708] [jointLog] [warning] read b6a0f3c7-e82f-455c-9130-c724bc3af295 (length 12428 - align length 12424) has no trained error model
[2025-07-09 17:03:51.025] [fileLog] [info] quantification processed 7000000 fragments so far

[2025-07-09 17:03:54.680] [jointLog] [warning] read 80e09917-7641-4bec-9e7e-fa281999022c (length 12119 - align length 11761) has no trained error model
[2025-07-09 17:03:54.680] [jointLog] [warning] read 80e09917-7641-4bec-9e7e-fa281999022c (length 12119) has no trained clipping model
[2025-07-09 17:03:54.680] [jointLog] [warning] read 80e09917-7641-4bec-9e7e-fa281999022c (length 12119) has no trained clipping model
[2025-07-09 17:03:54.845] [jointLog] [warning] read e793e066-4b45-4069-8ee6-39179d1a2ddd (length 12737 - align length 12435) has no trained error model
[2025-07-09 17:03:54.829] [fileLog] [info] quantification processed 8000000 fragments so far

[2025-07-09 17:03:55.384] [jointLog] [warning] read 09b49e19-c57b-445c-a171-0df273625e77 (length 22108 - align length 1188) has no trained error model
[2025-07-09 17:03:55.384] [jointLog] [warning] read 09b49e19-c57b-445c-a171-0df273625e77 (length 22108) has no trained clipping model
[2025-07-09 17:03:55.384] [jointLog] [warning] read 09b49e19-c57b-445c-a171-0df273625e77 (length 22108) has no trained clipping model
[2025-07-09 17:03:55.384] [jointLog] [warning] read bf75bcd0-0252-4697-b120-ff17a37c51c4 (length 19408 - align length 58) has no trained error model
[2025-07-09 17:03:55.384] [jointLog] [warning] read bf75bcd0-0252-4697-b120-ff17a37c51c4 (length 19408) has no trained clipping model
[2025-07-09 17:03:55.384] [jointLog] [warning] read bf75bcd0-0252-4697-b120-ff17a37c51c4 (length 19408) has no trained clipping model
[2025-07-09 17:03:55.384] [jointLog] [warning] read 26a30e6b-b4a8-4b76-9c03-b3fba50fc78f (length 30797 - align length 394) has no trained error model
[2025-07-09 17:03:55.384] [jointLog] [warning] read 26a30e6b-b4a8-4b76-9c03-b3fba50fc78f (length 30797) has no trained clipping model
[2025-07-09 17:03:55.384] [jointLog] [warning] read 26a30e6b-b4a8-4b76-9c03-b3fba50fc78f (length 30797) has no trained clipping model
[2025-07-09 17:03:55.384] [jointLog] [warning] read 3b80b30e-7293-4df0-a474-adb39286c03e (length 36664 - align length 246) has no trained error model
[2025-07-09 17:03:55.384] [jointLog] [warning] read 3b80b30e-7293-4df0-a474-adb39286c03e (length 36664) has no trained clipping model
[2025-07-09 17:03:55.384] [jointLog] [warning] read 3b80b30e-7293-4df0-a474-adb39286c03e (length 36664) has no trained clipping model
[2025-07-09 17:03:55.384] [jointLog] [warning] read b4462f7e-bd61-4edb-bfe4-8c9a94814445 (length 25302 - align length 237) has no trained error model
[2025-07-09 17:03:55.384] [jointLog] [warning] read b4462f7e-bd61-4edb-bfe4-8c9a94814445 (length 25302) has no trained clipping model
[2025-07-09 17:03:55.384] [jointLog] [warning] read b4462f7e-bd61-4edb-bfe4-8c9a94814445 (length 25302) has no trained clipping model
[2025-07-09 17:03:55.384] [jointLog] [warning] read 6b530491-3a02-46f2-be61-636bc579d8e9 (length 49139 - align length 889) has no trained error model
[2025-07-09 17:03:55.384] [jointLog] [warning] read 6b530491-3a02-46f2-be61-636bc579d8e9 (length 49139) has no trained clipping model
[2025-07-09 17:03:55.384] [jointLog] [warning] read 6b530491-3a02-46f2-be61-636bc579d8e9 (length 49139) has no trained clipping model
[2025-07-09 17:03:55.384] [jointLog] [warning] read 5498f731-8961-4efe-817d-1808e7cd8d4c (length 21664 - align length 58) has no trained error model
[2025-07-09 17:03:55.384] [jointLog] [warning] read 5498f731-8961-4efe-817d-1808e7cd8d4c (length 21664) has no trained clipping model
[2025-07-09 17:03:55.384] [jointLog] [warning] read 5498f731-8961-4efe-817d-1808e7cd8d4c (length 21664) has no trained clipping model
[2025-07-09 17:03:55.384] [jointLog] [warning] read e6d6aa64-22c7-4fc9-8032-9ef64baef178 (length 11350) has no trained clipping model
[2025-07-09 17:03:55.384] [jointLog] [warning] read e26a31c6-6c1e-4ea6-9c08-aff57df922c4 (length 46823 - align length 56) has no trained error model
[2025-07-09 17:03:55.384] [jointLog] [warning] read e26a31c6-6c1e-4ea6-9c08-aff57df922c4 (length 46823) has no trained clipping model
[2025-07-09 17:03:55.384] [jointLog] [warning] read e26a31c6-6c1e-4ea6-9c08-aff57df922c4 (length 46823) has no trained clipping model
[2025-07-09 17:03:55.384] [jointLog] [warning] read ce04acec-cb7e-4353-9ea4-1d2e40c7640e (length 31130 - align length 118) has no trained error model
[2025-07-09 17:03:55.384] [jointLog] [warning] read ce04acec-cb7e-4353-9ea4-1d2e40c7640e (length 31130) has no trained clipping model
[2025-07-09 17:03:55.384] [jointLog] [warning] read ce04acec-cb7e-4353-9ea4-1d2e40c7640e (length 31130) has no trained clipping model
[2025-07-09 17:03:55.385] [jointLog] [warning] read fa510792-a1da-4a44-bec5-f744699fa38f (length 14764 - align length 14667) has no trained error model
[2025-07-09 17:03:55.385] [jointLog] [warning] read fa510792-a1da-4a44-bec5-f744699fa38f (length 14764) has no trained clipping model
[2025-07-09 17:03:55.385] [jointLog] [warning] read fa510792-a1da-4a44-bec5-f744699fa38f (length 14764) has no trained clipping model
[2025-07-09 17:03:55.385] [jointLog] [warning] read 5c671398-a7e5-41ad-9923-cb31a3230a18 (length 12182 - align length 323) has no trained error model
[2025-07-09 17:03:55.385] [jointLog] [warning] read 5c671398-a7e5-41ad-9923-cb31a3230a18 (length 12182) has no trained clipping model
[2025-07-09 17:03:55.385] [jointLog] [warning] read 5c671398-a7e5-41ad-9923-cb31a3230a18 (length 12182) has no trained clipping model
[2025-07-09 17:03:55.385] [jointLog] [warning] read 5e8bdef8-4ce4-4421-9642-a2d397208a96 (length 35476) has no trained clipping model
[2025-07-09 17:03:55.385] [jointLog] [warning] read 6fa5f54b-9185-4236-a3af-a13de64c053f (length 19285 - align length 375) has no trained error model
[2025-07-09 17:03:55.385] [jointLog] [warning] read 6fa5f54b-9185-4236-a3af-a13de64c053f (length 19285) has no trained clipping model
[2025-07-09 17:03:55.385] [jointLog] [warning] read 6fa5f54b-9185-4236-a3af-a13de64c053f (length 19285) has no trained clipping model
[2025-07-09 17:03:55.385] [jointLog] [warning] read 72cdb5ee-7213-4d13-ae66-ee273452c92d (length 25421 - align length 399) has no trained error model
[2025-07-09 17:03:55.385] [jointLog] [warning] read 72cdb5ee-7213-4d13-ae66-ee273452c92d (length 25421) has no trained clipping model
[2025-07-09 17:03:55.385] [jointLog] [warning] read 72cdb5ee-7213-4d13-ae66-ee273452c92d (length 25421) has no trained clipping model
[2025-07-09 17:03:55.385] [jointLog] [warning] read cce6aab0-e96e-4b32-b116-2cd2cf86264c (length 16335 - align length 871) has no trained error model
[2025-07-09 17:03:55.385] [jointLog] [warning] read cce6aab0-e96e-4b32-b116-2cd2cf86264c (length 16335) has no trained clipping model
[2025-07-09 17:03:55.385] [jointLog] [warning] read cce6aab0-e96e-4b32-b116-2cd2cf86264c (length 16335) has no trained clipping model
[2025-07-09 17:03:55.385] [jointLog] [warning] read fdd59275-ea30-491b-be26-5d9628ed65f0 (length 12688 - align length 400) has no trained error model
[2025-07-09 17:03:55.385] [jointLog] [warning] read fdd59275-ea30-491b-be26-5d9628ed65f0 (length 12688) has no trained clipping model
[2025-07-09 17:03:55.385] [jointLog] [warning] read fdd59275-ea30-491b-be26-5d9628ed65f0 (length 12688) has no trained clipping model
[2025-07-09 17:03:55.385] [jointLog] [warning] read fde464e6-b72c-4622-9da5-db26e687f6fc (length 19613 - align length 54) has no trained error model
[2025-07-09 17:03:55.385] [jointLog] [warning] read fde464e6-b72c-4622-9da5-db26e687f6fc (length 19613) has no trained clipping model
[2025-07-09 17:03:55.385] [jointLog] [warning] read fde464e6-b72c-4622-9da5-db26e687f6fc (length 19613) has no trained clipping model
[2025-07-09 17:03:55.385] [jointLog] [warning] read 8f180a03-09a1-46b2-9699-50dfe4da407f (length 19730 - align length 57) has no trained error model
[2025-07-09 17:03:55.385] [jointLog] [warning] read 8f180a03-09a1-46b2-9699-50dfe4da407f (length 19730) has no trained clipping model
[2025-07-09 17:03:55.385] [jointLog] [warning] read 8f180a03-09a1-46b2-9699-50dfe4da407f (length 19730) has no trained clipping model
[2025-07-09 17:03:55.385] [jointLog] [warning] read 8b564771-7559-4184-81fe-6e0625110234 (length 33792) has no trained clipping model
[2025-07-09 17:03:55.385] [jointLog] [warning] read 76685abf-2245-48b2-a201-de66be6e9340 (length 28345 - align length 48) has no trained error model
[2025-07-09 17:03:55.385] [jointLog] [warning] read 76685abf-2245-48b2-a201-de66be6e9340 (length 28345) has no trained clipping model
[2025-07-09 17:03:55.385] [jointLog] [warning] read 76685abf-2245-48b2-a201-de66be6e9340 (length 28345) has no trained clipping model
[2025-07-09 17:03:55.385] [jointLog] [warning] read fd23e86e-1ee1-497b-b0f9-731c0be17588 (length 22683 - align length 405) has no trained error model
[2025-07-09 17:03:55.385] [jointLog] [warning] read fd23e86e-1ee1-497b-b0f9-731c0be17588 (length 22683) has no trained clipping model
[2025-07-09 17:03:55.385] [jointLog] [warning] read fd23e86e-1ee1-497b-b0f9-731c0be17588 (length 22683) has no trained clipping model
[2025-07-09 17:03:55.385] [jointLog] [warning] read e26f8961-201a-41a4-8b46-67bed2ec06c6 (length 21445 - align length 175) has no trained error model
[2025-07-09 17:03:55.385] [jointLog] [warning] read e26f8961-201a-41a4-8b46-67bed2ec06c6 (length 21445) has no trained clipping model
[2025-07-09 17:03:55.385] [jointLog] [warning] read e26f8961-201a-41a4-8b46-67bed2ec06c6 (length 21445) has no trained clipping model
[2025-07-09 17:03:55.385] [jointLog] [warning] read 45017687-6c3f-404e-a0cc-f9e8c3e1e57e (length 18505 - align length 51) has no trained error model
[2025-07-09 17:03:55.385] [jointLog] [warning] read 45017687-6c3f-404e-a0cc-f9e8c3e1e57e (length 18505) has no trained clipping model
[2025-07-09 17:03:55.385] [jointLog] [warning] read 45017687-6c3f-404e-a0cc-f9e8c3e1e57e (length 18505) has no trained clipping model
[2025-07-09 17:03:55.385] [jointLog] [warning] read 3d65a427-95dd-4de8-bb6b-9c36c998bfef (length 22566 - align length 689) has no trained error model
[2025-07-09 17:03:55.385] [jointLog] [warning] read 3d65a427-95dd-4de8-bb6b-9c36c998bfef (length 22566) has no trained clipping model
[2025-07-09 17:03:55.385] [jointLog] [warning] read 3d65a427-95dd-4de8-bb6b-9c36c998bfef (length 22566) has no trained clipping model
[2025-07-09 17:03:55.385] [jointLog] [warning] read 608d886a-c5a1-4275-b7e9-224683a078c5 (length 11343) has no trained clipping model
[2025-07-09 17:03:55.385] [jointLog] [warning] read 0873b473-7fdb-473b-ad33-bfc81c53f637 (length 46266 - align length 507) has no trained error model
[2025-07-09 17:03:55.385] [jointLog] [warning] read 0873b473-7fdb-473b-ad33-bfc81c53f637 (length 46266) has no trained clipping model
[2025-07-09 17:03:55.385] [jointLog] [warning] read 0873b473-7fdb-473b-ad33-bfc81c53f637 (length 46266) has no trained clipping model
[2025-07-09 17:03:55.385] [jointLog] [warning] read 024efe81-6ee1-45aa-b5d2-4d96223fe9ac (length 14517 - align length 362) has no trained error model
[2025-07-09 17:03:55.385] [jointLog] [warning] read 024efe81-6ee1-45aa-b5d2-4d96223fe9ac (length 14517) has no trained clipping model
[2025-07-09 17:03:55.385] [jointLog] [warning] read 024efe81-6ee1-45aa-b5d2-4d96223fe9ac (length 14517) has no trained clipping model
[2025-07-09 17:03:55.385] [jointLog] [warning] read 3abb81db-08ab-4567-9f54-71a0f0b4fb9a (length 39900 - align length 58) has no trained error model
[2025-07-09 17:03:55.385] [jointLog] [warning] read 3abb81db-08ab-4567-9f54-71a0f0b4fb9a (length 39900) has no trained clipping model
[2025-07-09 17:03:55.385] [jointLog] [warning] read 3abb81db-08ab-4567-9f54-71a0f0b4fb9a (length 39900) has no trained clipping model
[2025-07-09 17:03:55.385] [jointLog] [warning] read bc56e0ec-73f2-49e0-a616-b1cbcf5bf8ba (length 34408 - align length 270) has no trained error model
[2025-07-09 17:03:55.385] [jointLog] [warning] read bc56e0ec-73f2-49e0-a616-b1cbcf5bf8ba (length 34408) has no trained clipping model
[2025-07-09 17:03:55.385] [jointLog] [warning] read bc56e0ec-73f2-49e0-a616-b1cbcf5bf8ba (length 34408) has no trained clipping model
[2025-07-09 17:03:55.385] [jointLog] [warning] read 03f60630-8216-43f9-bc4e-3065204a51d6 (length 40258 - align length 377) has no trained error model
[2025-07-09 17:03:55.385] [jointLog] [warning] read 03f60630-8216-43f9-bc4e-3065204a51d6 (length 40258) has no trained clipping model
[2025-07-09 17:03:55.385] [jointLog] [warning] read 03f60630-8216-43f9-bc4e-3065204a51d6 (length 40258) has no trained clipping model
[2025-07-09 17:03:55.385] [jointLog] [warning] read a7dac5ae-8b6f-40d4-95d0-f60e9583465a (length 44459 - align length 54) has no trained error model
[2025-07-09 17:03:55.385] [jointLog] [warning] read a7dac5ae-8b6f-40d4-95d0-f60e9583465a (length 44459) has no trained clipping model
[2025-07-09 17:03:55.385] [jointLog] [warning] read a7dac5ae-8b6f-40d4-95d0-f60e9583465a (length 44459) has no trained clipping model
[2025-07-09 17:03:55.385] [jointLog] [warning] read 6abbe972-e65a-47dd-bbe0-cedba6ffa263 (length 23769 - align length 1844) has no trained error model
[2025-07-09 17:03:55.385] [jointLog] [warning] read 6abbe972-e65a-47dd-bbe0-cedba6ffa263 (length 23769) has no trained clipping model
[2025-07-09 17:03:55.385] [jointLog] [warning] read 6abbe972-e65a-47dd-bbe0-cedba6ffa263 (length 23769) has no trained clipping model
[2025-07-09 17:03:55.385] [jointLog] [warning] read 64a71e30-a8f2-430c-b24d-40d3599290c0 (length 13315 - align length 688) has no trained error model
[2025-07-09 17:03:55.385] [jointLog] [warning] read 64a71e30-a8f2-430c-b24d-40d3599290c0 (length 13315) has no trained clipping model
[2025-07-09 17:03:55.385] [jointLog] [warning] read 64a71e30-a8f2-430c-b24d-40d3599290c0 (length 13315) has no trained clipping model
[2025-07-09 17:03:55.385] [jointLog] [warning] read 955f2674-472f-4a22-a368-b9fcce54d777 (length 14279) has no trained clipping model
[2025-07-09 17:03:55.385] [jointLog] [warning] read 9cc094e2-ce66-43d5-b8e5-a525c1d330c7 (length 16383 - align length 146) has no trained error model
[2025-07-09 17:03:55.385] [jointLog] [warning] read 9cc094e2-ce66-43d5-b8e5-a525c1d330c7 (length 16383) has no trained clipping model
[2025-07-09 17:03:55.385] [jointLog] [warning] read 9cc094e2-ce66-43d5-b8e5-a525c1d330c7 (length 16383) has no trained clipping model
[2025-07-09 17:03:55.386] [jointLog] [warning] read 31aa89b0-d082-4192-817c-84d3952c8dee (length 23293) has no trained clipping model
[2025-07-09 17:03:55.386] [jointLog] [warning] read 71079f49-a477-4b93-9ab9-5c4f86fda791 (length 36031 - align length 88) has no trained error model
[2025-07-09 17:03:55.386] [jointLog] [warning] read 71079f49-a477-4b93-9ab9-5c4f86fda791 (length 36031) has no trained clipping model
[2025-07-09 17:03:55.386] [jointLog] [warning] read 71079f49-a477-4b93-9ab9-5c4f86fda791 (length 36031) has no trained clipping model
[2025-07-09 17:03:55.386] [jointLog] [warning] read 58f54493-e9c6-4011-b468-eef7a3f80f71 (length 18103 - align length 349) has no trained error model
[2025-07-09 17:03:55.386] [jointLog] [warning] read 58f54493-e9c6-4011-b468-eef7a3f80f71 (length 18103) has no trained clipping model
[2025-07-09 17:03:55.386] [jointLog] [warning] read 58f54493-e9c6-4011-b468-eef7a3f80f71 (length 18103) has no trained clipping model
[2025-07-09 17:03:55.386] [jointLog] [warning] read 7976181a-f544-4ceb-bef0-452538d8b67b (length 30465 - align length 129) has no trained error model
[2025-07-09 17:03:55.386] [jointLog] [warning] read 7976181a-f544-4ceb-bef0-452538d8b67b (length 30465) has no trained clipping model
[2025-07-09 17:03:55.386] [jointLog] [warning] read 7976181a-f544-4ceb-bef0-452538d8b67b (length 30465) has no trained clipping model
[2025-07-09 17:03:55.386] [jointLog] [warning] read b0073fc0-21ac-4e9a-8ce8-2cbebf590bf0 (length 38274 - align length 58) has no trained error model
[2025-07-09 17:03:55.386] [jointLog] [warning] read b0073fc0-21ac-4e9a-8ce8-2cbebf590bf0 (length 38274) has no trained clipping model
[2025-07-09 17:03:55.386] [jointLog] [warning] read b0073fc0-21ac-4e9a-8ce8-2cbebf590bf0 (length 38274) has no trained clipping model
[2025-07-09 17:03:55.386] [jointLog] [warning] read 5dd6813e-f436-44da-9245-1a18bdeb4201 (length 21290 - align length 389) has no trained error model
[2025-07-09 17:03:55.386] [jointLog] [warning] read 5dd6813e-f436-44da-9245-1a18bdeb4201 (length 21290) has no trained clipping model
[2025-07-09 17:03:55.386] [jointLog] [warning] read 5dd6813e-f436-44da-9245-1a18bdeb4201 (length 21290) has no trained clipping model
[2025-07-09 17:03:55.386] [jointLog] [warning] read 0c97973c-935e-47e7-a4a2-c96ac512e05c (length 19866 - align length 57) has no trained error model
[2025-07-09 17:03:55.386] [jointLog] [warning] read 0c97973c-935e-47e7-a4a2-c96ac512e05c (length 19866) has no trained clipping model
[2025-07-09 17:03:55.386] [jointLog] [warning] read 0c97973c-935e-47e7-a4a2-c96ac512e05c (length 19866) has no trained clipping model
[2025-07-09 17:03:55.386] [jointLog] [warning] read 0e25fe6a-89d9-4a2b-9759-456c24d56af1 (length 21287 - align length 672) has no trained error model
[2025-07-09 17:03:55.386] [jointLog] [warning] read 0e25fe6a-89d9-4a2b-9759-456c24d56af1 (length 21287) has no trained clipping model
[2025-07-09 17:03:55.386] [jointLog] [warning] read 0e25fe6a-89d9-4a2b-9759-456c24d56af1 (length 21287) has no trained clipping model
[2025-07-09 17:03:55.386] [jointLog] [warning] read c78a7098-a8db-420a-964d-119d4990e6d8 (length 32812 - align length 397) has no trained error model
[2025-07-09 17:03:55.386] [jointLog] [warning] read c78a7098-a8db-420a-964d-119d4990e6d8 (length 32812) has no trained clipping model
[2025-07-09 17:03:55.386] [jointLog] [warning] read c78a7098-a8db-420a-964d-119d4990e6d8 (length 32812) has no trained clipping model
[2025-07-09 17:03:55.386] [jointLog] [warning] read ad855b4a-d9ad-4b81-9d87-b4dceb831114 (length 35915 - align length 1836) has no trained error model
[2025-07-09 17:03:55.386] [jointLog] [warning] read ad855b4a-d9ad-4b81-9d87-b4dceb831114 (length 35915) has no trained clipping model
[2025-07-09 17:03:55.386] [jointLog] [warning] read ad855b4a-d9ad-4b81-9d87-b4dceb831114 (length 35915) has no trained clipping model
[2025-07-09 17:03:55.386] [jointLog] [warning] read e28b7b8d-688b-4bde-a3ee-4ef2a0debf82 (length 19824 - align length 122) has no trained error model
[2025-07-09 17:03:55.386] [jointLog] [warning] read e28b7b8d-688b-4bde-a3ee-4ef2a0debf82 (length 19824) has no trained clipping model
[2025-07-09 17:03:55.386] [jointLog] [warning] read e28b7b8d-688b-4bde-a3ee-4ef2a0debf82 (length 19824) has no trained clipping model
[2025-07-09 17:03:55.386] [jointLog] [warning] read d6d1f75a-638b-4a8f-9850-0469cd1f51a4 (length 30623 - align length 351) has no trained error model
[2025-07-09 17:03:55.386] [jointLog] [warning] read d6d1f75a-638b-4a8f-9850-0469cd1f51a4 (length 30623) has no trained clipping model
[2025-07-09 17:03:55.386] [jointLog] [warning] read d6d1f75a-638b-4a8f-9850-0469cd1f51a4 (length 30623) has no trained clipping model
[2025-07-09 17:03:55.386] [jointLog] [warning] read de0caf37-a91a-40e5-8dad-55295be47e14 (length 31462 - align length 79) has no trained error model
[2025-07-09 17:03:55.386] [jointLog] [warning] read de0caf37-a91a-40e5-8dad-55295be47e14 (length 31462) has no trained clipping model
[2025-07-09 17:03:55.386] [jointLog] [warning] read de0caf37-a91a-40e5-8dad-55295be47e14 (length 31462) has no trained clipping model
[2025-07-09 17:03:55.386] [jointLog] [warning] read 48ffdf62-b5a6-4c06-9519-96491bd2050f (length 15593 - align length 15585) has no trained error model
[2025-07-09 17:03:55.386] [jointLog] [warning] read 675bb06c-d5a8-43a8-b08c-38397996de57 (length 24874 - align length 1090) has no trained error model
[2025-07-09 17:03:55.386] [jointLog] [warning] read 675bb06c-d5a8-43a8-b08c-38397996de57 (length 24874) has no trained clipping model
[2025-07-09 17:03:55.386] [jointLog] [warning] read 675bb06c-d5a8-43a8-b08c-38397996de57 (length 24874) has no trained clipping model
[2025-07-09 17:03:55.386] [jointLog] [warning] read 93e51098-c3fe-4842-8f76-efde67106f04 (length 23351 - align length 400) has no trained error model
[2025-07-09 17:03:55.386] [jointLog] [warning] read 93e51098-c3fe-4842-8f76-efde67106f04 (length 23351) has no trained clipping model
[2025-07-09 17:03:55.386] [jointLog] [warning] read 93e51098-c3fe-4842-8f76-efde67106f04 (length 23351) has no trained clipping model
[2025-07-09 17:03:55.386] [jointLog] [warning] read 4d02a869-5585-40d6-936d-6e2a7ba7a6c4 (length 32422 - align length 118) has no trained error model
[2025-07-09 17:03:55.386] [jointLog] [warning] read 4d02a869-5585-40d6-936d-6e2a7ba7a6c4 (length 32422) has no trained clipping model
[2025-07-09 17:03:55.386] [jointLog] [warning] read 4d02a869-5585-40d6-936d-6e2a7ba7a6c4 (length 32422) has no trained clipping model
[2025-07-09 17:03:55.386] [jointLog] [warning] read 9c369eb7-a617-471d-93b4-d95c1ac1bba5 (length 12354 - align length 12244) has no trained error model
[2025-07-09 17:03:55.386] [jointLog] [warning] read 69fb1d13-9c1c-4342-abd0-f2aa06e0b62c (length 12171 - align length 242) has no trained error model
[2025-07-09 17:03:55.386] [jointLog] [warning] read 69fb1d13-9c1c-4342-abd0-f2aa06e0b62c (length 12171) has no trained clipping model
[2025-07-09 17:03:55.386] [jointLog] [warning] read 69fb1d13-9c1c-4342-abd0-f2aa06e0b62c (length 12171) has no trained clipping model
[2025-07-09 17:03:55.386] [jointLog] [warning] read fc71302b-eebc-4482-9fc4-ee75896878f1 (length 24512 - align length 54) has no trained error model
[2025-07-09 17:03:55.386] [jointLog] [warning] read fc71302b-eebc-4482-9fc4-ee75896878f1 (length 24512) has no trained clipping model
[2025-07-09 17:03:55.386] [jointLog] [warning] read fc71302b-eebc-4482-9fc4-ee75896878f1 (length 24512) has no trained clipping model
[2025-07-09 17:03:55.387] [jointLog] [warning] read f9e7c4fc-c5ae-4dc0-8a9a-0a042d49b4af (length 37601 - align length 594) has no trained error model
[2025-07-09 17:03:55.387] [jointLog] [warning] read f9e7c4fc-c5ae-4dc0-8a9a-0a042d49b4af (length 37601) has no trained clipping model
[2025-07-09 17:03:55.387] [jointLog] [warning] read f9e7c4fc-c5ae-4dc0-8a9a-0a042d49b4af (length 37601) has no trained clipping model
[2025-07-09 17:03:55.387] [jointLog] [warning] read 6184e972-0f3c-49e5-878c-059a54c8d724 (length 14520 - align length 653) has no trained error model
[2025-07-09 17:03:55.387] [jointLog] [warning] read 6184e972-0f3c-49e5-878c-059a54c8d724 (length 14520) has no trained clipping model
[2025-07-09 17:03:55.387] [jointLog] [warning] read 6184e972-0f3c-49e5-878c-059a54c8d724 (length 14520) has no trained clipping model
[2025-07-09 17:03:55.387] [jointLog] [warning] read 223c3159-5a56-4816-943e-28b2f6f7d100 (length 40798 - align length 354) has no trained error model
[2025-07-09 17:03:55.387] [jointLog] [warning] read 223c3159-5a56-4816-943e-28b2f6f7d100 (length 40798) has no trained clipping model
[2025-07-09 17:03:55.387] [jointLog] [warning] read 223c3159-5a56-4816-943e-28b2f6f7d100 (length 40798) has no trained clipping model
[2025-07-09 17:03:55.387] [jointLog] [warning] read a7ce77dc-f4d4-4c6d-82a3-1780dc96c54e (length 33004 - align length 511) has no trained error model
[2025-07-09 17:03:55.387] [jointLog] [warning] read a7ce77dc-f4d4-4c6d-82a3-1780dc96c54e (length 33004) has no trained clipping model
[2025-07-09 17:03:55.387] [jointLog] [warning] read a7ce77dc-f4d4-4c6d-82a3-1780dc96c54e (length 33004) has no trained clipping model
[2025-07-09 17:03:55.387] [jointLog] [warning] read 8f8a18e8-ba58-418f-b6d4-b1b78fa690d4 (length 32199 - align length 4301) has no trained error model
[2025-07-09 17:03:55.387] [jointLog] [warning] read 8f8a18e8-ba58-418f-b6d4-b1b78fa690d4 (length 32199) has no trained clipping model
[2025-07-09 17:03:55.387] [jointLog] [warning] read 8f8a18e8-ba58-418f-b6d4-b1b78fa690d4 (length 32199) has no trained clipping model
[2025-07-09 17:03:55.387] [jointLog] [warning] read 68794099-64d4-4612-aa38-3c81a9022d82 (length 18622 - align length 198) has no trained error model
[2025-07-09 17:03:55.387] [jointLog] [warning] read 68794099-64d4-4612-aa38-3c81a9022d82 (length 18622) has no trained clipping model
[2025-07-09 17:03:55.387] [jointLog] [warning] read 68794099-64d4-4612-aa38-3c81a9022d82 (length 18622) has no trained clipping model
[2025-07-09 17:03:55.387] [jointLog] [warning] read a1679d63-7be5-4bc2-85d7-334fdc5148c7 (length 22122 - align length 62) has no trained error model
[2025-07-09 17:03:55.387] [jointLog] [warning] read a1679d63-7be5-4bc2-85d7-334fdc5148c7 (length 22122) has no trained clipping model
[2025-07-09 17:03:55.387] [jointLog] [warning] read a1679d63-7be5-4bc2-85d7-334fdc5148c7 (length 22122) has no trained clipping model
[2025-07-09 17:03:55.387] [jointLog] [warning] read e8f9dd4e-88db-46e2-8d58-42e9b0c8f4ee (length 26595) has no trained clipping model
[2025-07-09 17:03:55.387] [jointLog] [warning] read e627a8c6-a2fa-4562-9c8c-e6e3b089024d (length 12663 - align length 160) has no trained error model
[2025-07-09 17:03:55.387] [jointLog] [warning] read e627a8c6-a2fa-4562-9c8c-e6e3b089024d (length 12663) has no trained clipping model
[2025-07-09 17:03:55.387] [jointLog] [warning] read e627a8c6-a2fa-4562-9c8c-e6e3b089024d (length 12663) has no trained clipping model
[2025-07-09 17:03:55.387] [jointLog] [warning] read 8dc9623a-f5df-4d7d-a578-6dee51a6b455 (length 12842) has no trained clipping model
[2025-07-09 17:03:55.387] [jointLog] [warning] read 6f53640a-ece5-4e0c-9744-ae1bb87a612d (length 15675 - align length 454) has no trained error model
[2025-07-09 17:03:55.387] [jointLog] [warning] read 6f53640a-ece5-4e0c-9744-ae1bb87a612d (length 15675) has no trained clipping model
[2025-07-09 17:03:55.387] [jointLog] [warning] read 6f53640a-ece5-4e0c-9744-ae1bb87a612d (length 15675) has no trained clipping model
[2025-07-09 17:03:55.387] [jointLog] [warning] read 2ce20d39-ca39-4501-8b9a-12ce83342a39 (length 33791) has no trained clipping model
[2025-07-09 17:03:55.387] [jointLog] [warning] read e2854c4a-2ac4-4623-8793-660bcf7fd225 (length 17512 - align length 299) has no trained error model
[2025-07-09 17:03:55.387] [jointLog] [warning] read e2854c4a-2ac4-4623-8793-660bcf7fd225 (length 17512) has no trained clipping model
[2025-07-09 17:03:55.387] [jointLog] [warning] read e2854c4a-2ac4-4623-8793-660bcf7fd225 (length 17512) has no trained clipping model
[2025-07-09 17:03:55.387] [jointLog] [warning] read 626fec64-0bea-4ba2-9a93-85a8383e9784 (length 39282 - align length 725) has no trained error model
[2025-07-09 17:03:55.387] [jointLog] [warning] read 626fec64-0bea-4ba2-9a93-85a8383e9784 (length 39282) has no trained clipping model
[2025-07-09 17:03:55.387] [jointLog] [warning] read 626fec64-0bea-4ba2-9a93-85a8383e9784 (length 39282) has no trained clipping model
[2025-07-09 17:03:56.823] [jointLog] [warning] read d9e4980a-b8f7-4254-b9b4-7a17ee884451 (length 11260 - align length 11174) has no trained error model
[2025-07-09 17:03:58.026] [jointLog] [warning] read 959c2115-abe0-4deb-bc4e-ac5aa0546674 (length 12196 - align length 12070) has no trained error model
[2025-07-09 17:03:58.026] [jointLog] [warning] read 959c2115-abe0-4deb-bc4e-ac5aa0546674 (length 12196) has no trained clipping model
[2025-07-09 17:03:58.026] [jointLog] [warning] read 959c2115-abe0-4deb-bc4e-ac5aa0546674 (length 12196) has no trained clipping model
[2025-07-09 17:03:58.242] [jointLog] [warning] read 229d86cb-5abe-41a1-ae3b-9cc8bd4f6b22 (length 19972) has no trained clipping model
[2025-07-09 17:03:58.242] [jointLog] [warning] read 5bd9b75c-69b6-4de0-9f33-cd96189de9aa (length 20706) has no trained clipping model
[2025-07-09 17:03:58.242] [jointLog] [warning] read 8c48faa7-3f84-4a60-9e7a-a519d70d3aef (length 42966 - align length 95) has no trained error model
[2025-07-09 17:03:58.242] [jointLog] [warning] read 8c48faa7-3f84-4a60-9e7a-a519d70d3aef (length 42966) has no trained clipping model
[2025-07-09 17:03:58.242] [jointLog] [warning] read 8c48faa7-3f84-4a60-9e7a-a519d70d3aef (length 42966) has no trained clipping model
[2025-07-09 17:03:58.242] [jointLog] [warning] read 9a9d4c11-ffbe-4646-8ca7-1b9011975325 (length 29892 - align length 57) has no trained error model
[2025-07-09 17:03:58.242] [jointLog] [warning] read 9a9d4c11-ffbe-4646-8ca7-1b9011975325 (length 29892) has no trained clipping model
[2025-07-09 17:03:58.242] [jointLog] [warning] read 9a9d4c11-ffbe-4646-8ca7-1b9011975325 (length 29892) has no trained clipping model
[2025-07-09 17:03:58.242] [jointLog] [warning] read 7ddc4e53-b7a3-4efb-9524-50601cbc4bfb (length 11867) has no trained clipping model
[2025-07-09 17:03:58.243] [jointLog] [warning] read b0ef2338-1734-436d-ac8f-960318c4e919 (length 45569 - align length 387) has no trained error model
[2025-07-09 17:03:58.243] [jointLog] [warning] read b0ef2338-1734-436d-ac8f-960318c4e919 (length 45569) has no trained clipping model
[2025-07-09 17:03:58.243] [jointLog] [warning] read b0ef2338-1734-436d-ac8f-960318c4e919 (length 45569) has no trained clipping model
[2025-07-09 17:03:58.243] [jointLog] [warning] read fd345755-7b7b-4b94-b0df-ec5ed5b6eb8c (length 18678 - align length 57) has no trained error model
[2025-07-09 17:03:58.243] [jointLog] [warning] read fd345755-7b7b-4b94-b0df-ec5ed5b6eb8c (length 18678) has no trained clipping model
[2025-07-09 17:03:58.243] [jointLog] [warning] read fd345755-7b7b-4b94-b0df-ec5ed5b6eb8c (length 18678) has no trained clipping model
[2025-07-09 17:03:58.243] [jointLog] [warning] read 0168b677-2056-46b7-b446-1f14277bdffa (length 11672 - align length 11611) has no trained error model
[2025-07-09 17:03:58.243] [jointLog] [warning] read 9530511d-8c89-4b72-93c9-d0c11b15dc6b (length 18183 - align length 640) has no trained error model
[2025-07-09 17:03:58.243] [jointLog] [warning] read 9530511d-8c89-4b72-93c9-d0c11b15dc6b (length 18183) has no trained clipping model
[2025-07-09 17:03:58.243] [jointLog] [warning] read 9530511d-8c89-4b72-93c9-d0c11b15dc6b (length 18183) has no trained clipping model
[2025-07-09 17:03:58.243] [jointLog] [warning] read 73bc3c34-cc23-4e69-9bd1-30f2eb606f0b (length 15895 - align length 15842) has no trained error model
[2025-07-09 17:03:58.243] [jointLog] [warning] read 3b3abd1f-4683-428c-9374-e6a49e2ea39c (length 14745 - align length 14696) has no trained error model
[2025-07-09 17:03:58.243] [jointLog] [warning] read 3b3abd1f-4683-428c-9374-e6a49e2ea39c (length 14745) has no trained clipping model
[2025-07-09 17:03:58.243] [jointLog] [warning] read 3b3abd1f-4683-428c-9374-e6a49e2ea39c (length 14745) has no trained clipping model
[2025-07-09 17:03:58.243] [jointLog] [warning] read ff68616b-9749-4164-95bd-608b298637d1 (length 10851) has no trained clipping model
[2025-07-09 17:03:58.243] [jointLog] [warning] read ff68616b-9749-4164-95bd-608b298637d1 (length 10851) has no trained clipping model
[2025-07-09 17:03:58.243] [jointLog] [warning] read 82ec633a-c1f9-49a8-a85f-2c227e02fc42 (length 14737 - align length 14689) has no trained error model
[2025-07-09 17:03:58.243] [jointLog] [warning] read 82ec633a-c1f9-49a8-a85f-2c227e02fc42 (length 14737) has no trained clipping model
[2025-07-09 17:03:58.243] [jointLog] [warning] read 82ec633a-c1f9-49a8-a85f-2c227e02fc42 (length 14737) has no trained clipping model
[2025-07-09 17:03:58.243] [jointLog] [warning] read a8cc5fb3-de45-46ca-91da-1551e1313d9a (length 34597 - align length 54) has no trained error model
[2025-07-09 17:03:58.243] [jointLog] [warning] read a8cc5fb3-de45-46ca-91da-1551e1313d9a (length 34597) has no trained clipping model
[2025-07-09 17:03:58.243] [jointLog] [warning] read a8cc5fb3-de45-46ca-91da-1551e1313d9a (length 34597) has no trained clipping model
[2025-07-09 17:03:58.243] [jointLog] [warning] read 3a1d2e61-bcfb-4dd3-bf00-97d2568fc152 (length 45054 - align length 391) has no trained error model
[2025-07-09 17:03:58.243] [jointLog] [warning] read 3a1d2e61-bcfb-4dd3-bf00-97d2568fc152 (length 45054) has no trained clipping model
[2025-07-09 17:03:58.243] [jointLog] [warning] read 3a1d2e61-bcfb-4dd3-bf00-97d2568fc152 (length 45054) has no trained clipping model
[2025-07-09 17:03:58.243] [jointLog] [warning] read 6d0498d3-c38b-418a-89d2-bc9bd631ce9e (length 11867) has no trained clipping model
[2025-07-09 17:03:58.243] [jointLog] [warning] read 9c96494c-c6eb-409b-b8e9-bca00390c4b0 (length 16147 - align length 57) has no trained error model
[2025-07-09 17:03:58.243] [jointLog] [warning] read 9c96494c-c6eb-409b-b8e9-bca00390c4b0 (length 16147) has no trained clipping model
[2025-07-09 17:03:58.243] [jointLog] [warning] read 9c96494c-c6eb-409b-b8e9-bca00390c4b0 (length 16147) has no trained clipping model
[2025-07-09 17:03:58.243] [jointLog] [warning] read 5146246c-28d1-44c5-9734-89643226ac94 (length 11846) has no trained clipping model
[2025-07-09 17:03:58.243] [jointLog] [warning] read af68667b-5f6c-4925-baed-2a2a9bd1504c (length 36336 - align length 974) has no trained error model
[2025-07-09 17:03:58.243] [jointLog] [warning] read af68667b-5f6c-4925-baed-2a2a9bd1504c (length 36336) has no trained clipping model
[2025-07-09 17:03:58.243] [jointLog] [warning] read af68667b-5f6c-4925-baed-2a2a9bd1504c (length 36336) has no trained clipping model
[2025-07-09 17:03:58.244] [jointLog] [warning] read 80990e6e-02ad-49a9-bbf9-27a3ffb864c0 (length 43317 - align length 391) has no trained error model
[2025-07-09 17:03:58.244] [jointLog] [warning] read 80990e6e-02ad-49a9-bbf9-27a3ffb864c0 (length 43317) has no trained clipping model
[2025-07-09 17:03:58.244] [jointLog] [warning] read 80990e6e-02ad-49a9-bbf9-27a3ffb864c0 (length 43317) has no trained clipping model
[2025-07-09 17:03:58.244] [jointLog] [warning] read 0cd21160-95d1-48f4-8e0b-7980679b83c5 (length 34345 - align length 479) has no trained error model
[2025-07-09 17:03:58.244] [jointLog] [warning] read 0cd21160-95d1-48f4-8e0b-7980679b83c5 (length 34345) has no trained clipping model
[2025-07-09 17:03:58.244] [jointLog] [warning] read 0cd21160-95d1-48f4-8e0b-7980679b83c5 (length 34345) has no trained clipping model
[2025-07-09 17:03:58.244] [jointLog] [warning] read aa5f7f1b-f784-4483-a25e-7a3f31eb9dee (length 31622 - align length 400) has no trained error model
[2025-07-09 17:03:58.244] [jointLog] [warning] read aa5f7f1b-f784-4483-a25e-7a3f31eb9dee (length 31622) has no trained clipping model
[2025-07-09 17:03:58.244] [jointLog] [warning] read aa5f7f1b-f784-4483-a25e-7a3f31eb9dee (length 31622) has no trained clipping model
[2025-07-09 17:03:58.244] [jointLog] [warning] read 18827f99-cead-4690-9e1b-c6631ab8b30b (length 18734 - align length 3299) has no trained error model
[2025-07-09 17:03:58.244] [jointLog] [warning] read 18827f99-cead-4690-9e1b-c6631ab8b30b (length 18734) has no trained clipping model
[2025-07-09 17:03:58.244] [jointLog] [warning] read 18827f99-cead-4690-9e1b-c6631ab8b30b (length 18734) has no trained clipping model
[2025-07-09 17:03:58.244] [jointLog] [warning] read 0852b72d-c041-4db8-bade-9bbf8116fce0 (length 34458 - align length 58) has no trained error model
[2025-07-09 17:03:58.244] [jointLog] [warning] read 0852b72d-c041-4db8-bade-9bbf8116fce0 (length 34458) has no trained clipping model
[2025-07-09 17:03:58.244] [jointLog] [warning] read 0852b72d-c041-4db8-bade-9bbf8116fce0 (length 34458) has no trained clipping model
[2025-07-09 17:03:58.244] [jointLog] [warning] read 69c714aa-f09e-4bff-b711-e220e31ff1f6 (length 12463 - align length 12403) has no trained error model
[2025-07-09 17:03:58.764] [fileLog] [info] quantification processed 9000000 fragments so far

[2025-07-09 17:03:59.844] [jointLog] [warning] read 6bfbea53-e412-45c7-94cb-c0215f7a31b2 (length 13723 - align length 13719) has no trained error model
[2025-07-09 17:04:00.281] [jointLog] [warning] read 8d82b62d-51c9-48b8-b350-6242701afb89 (length 12124 - align length 11811) has no trained error model
[2025-07-09 17:04:00.281] [jointLog] [warning] read 8d82b62d-51c9-48b8-b350-6242701afb89 (length 12124) has no trained clipping model
[2025-07-09 17:04:00.281] [jointLog] [warning] read 8d82b62d-51c9-48b8-b350-6242701afb89 (length 12124) has no trained clipping model
[2025-07-09 17:04:00.955] [jointLog] [warning] read 6ec7bdcc-3407-4cfb-9839-455cfaa849e7 (length 12412 - align length 12411) has no trained error model
[2025-07-09 17:04:02.336] [jointLog] [warning] read 73fa7bd0-ca7a-4a9f-b037-5bed2c8d05da (length 33774) has no trained clipping model
[2025-07-09 17:04:02.336] [jointLog] [warning] read 10e1eebd-721f-444c-948c-121a1cfe40d8 (length 25732) has no trained clipping model
[2025-07-09 17:04:02.336] [jointLog] [warning] read 7adcfe4b-326a-403e-86d9-0b69a18d7543 (length 20068 - align length 1224) has no trained error model
[2025-07-09 17:04:02.336] [jointLog] [warning] read 7adcfe4b-326a-403e-86d9-0b69a18d7543 (length 20068) has no trained clipping model
[2025-07-09 17:04:02.336] [jointLog] [warning] read 7adcfe4b-326a-403e-86d9-0b69a18d7543 (length 20068) has no trained clipping model
[2025-07-09 17:04:02.336] [jointLog] [warning] read f0706796-266e-4cb3-8f89-27fb3bdd3bd2 (length 31628 - align length 49) has no trained error model
[2025-07-09 17:04:02.336] [jointLog] [warning] read f0706796-266e-4cb3-8f89-27fb3bdd3bd2 (length 31628) has no trained clipping model
[2025-07-09 17:04:02.336] [jointLog] [warning] read f0706796-266e-4cb3-8f89-27fb3bdd3bd2 (length 31628) has no trained clipping model
[2025-07-09 17:04:02.336] [jointLog] [warning] read 8c9adea7-4e18-464d-8c47-1116aea2e8ee (length 22682 - align length 4295) has no trained error model
[2025-07-09 17:04:02.336] [jointLog] [warning] read 8c9adea7-4e18-464d-8c47-1116aea2e8ee (length 22682) has no trained clipping model
[2025-07-09 17:04:02.336] [jointLog] [warning] read 8c9adea7-4e18-464d-8c47-1116aea2e8ee (length 22682) has no trained clipping model
[2025-07-09 17:04:02.336] [jointLog] [warning] read 285da378-0439-4c4d-a87e-bd3cd1c0009d (length 19737 - align length 388) has no trained error model
[2025-07-09 17:04:02.336] [jointLog] [warning] read 285da378-0439-4c4d-a87e-bd3cd1c0009d (length 19737) has no trained clipping model
[2025-07-09 17:04:02.336] [jointLog] [warning] read 285da378-0439-4c4d-a87e-bd3cd1c0009d (length 19737) has no trained clipping model
[2025-07-09 17:04:02.336] [jointLog] [warning] read 8daf040c-30c4-4381-86e2-6803e0902efe (length 14737 - align length 376) has no trained error model
[2025-07-09 17:04:02.336] [jointLog] [warning] read 8daf040c-30c4-4381-86e2-6803e0902efe (length 14737) has no trained clipping model
[2025-07-09 17:04:02.336] [jointLog] [warning] read 8daf040c-30c4-4381-86e2-6803e0902efe (length 14737) has no trained clipping model
[2025-07-09 17:04:02.336] [jointLog] [warning] read 34c1f08c-2e54-498a-b7d4-a421c39b110c (length 45956 - align length 478) has no trained error model
[2025-07-09 17:04:02.336] [jointLog] [warning] read 34c1f08c-2e54-498a-b7d4-a421c39b110c (length 45956) has no trained clipping model
[2025-07-09 17:04:02.336] [jointLog] [warning] read 34c1f08c-2e54-498a-b7d4-a421c39b110c (length 45956) has no trained clipping model
[2025-07-09 17:04:02.336] [jointLog] [warning] read e7ce09d1-578d-418e-bcd4-cb2b9eb181d9 (length 33716) has no trained clipping model
[2025-07-09 17:04:02.336] [jointLog] [warning] read 04f3ba82-6b0b-4a60-b464-436dd663d61e (length 26446 - align length 803) has no trained error model
[2025-07-09 17:04:02.336] [jointLog] [warning] read 04f3ba82-6b0b-4a60-b464-436dd663d61e (length 26446) has no trained clipping model
[2025-07-09 17:04:02.336] [jointLog] [warning] read 04f3ba82-6b0b-4a60-b464-436dd663d61e (length 26446) has no trained clipping model
[2025-07-09 17:04:02.336] [jointLog] [warning] read 45dacd27-b094-4017-9674-3a0f69f164df (length 11884) has no trained clipping model
[2025-07-09 17:04:02.336] [jointLog] [warning] read 713b66f1-96d4-41c1-b9a0-8441598bf53c (length 20407 - align length 366) has no trained error model
[2025-07-09 17:04:02.336] [jointLog] [warning] read 713b66f1-96d4-41c1-b9a0-8441598bf53c (length 20407) has no trained clipping model
[2025-07-09 17:04:02.336] [jointLog] [warning] read 713b66f1-96d4-41c1-b9a0-8441598bf53c (length 20407) has no trained clipping model
[2025-07-09 17:04:02.336] [jointLog] [warning] read f8055f0e-643e-4346-af64-7c3addd277e9 (length 10812) has no trained clipping model
[2025-07-09 17:04:02.336] [jointLog] [warning] read f8055f0e-643e-4346-af64-7c3addd277e9 (length 10812) has no trained clipping model
[2025-07-09 17:04:02.336] [jointLog] [warning] read 7f2e85bf-89f2-4200-a38a-573c252824e7 (length 26861 - align length 562) has no trained error model
[2025-07-09 17:04:02.336] [jointLog] [warning] read 7f2e85bf-89f2-4200-a38a-573c252824e7 (length 26861) has no trained clipping model
[2025-07-09 17:04:02.336] [jointLog] [warning] read 7f2e85bf-89f2-4200-a38a-573c252824e7 (length 26861) has no trained clipping model
[2025-07-09 17:04:02.336] [jointLog] [warning] read 2a830a7f-10b4-443d-886c-ff76c5f8eee9 (length 45926 - align length 190) has no trained error model
[2025-07-09 17:04:02.336] [jointLog] [warning] read 2a830a7f-10b4-443d-886c-ff76c5f8eee9 (length 45926) has no trained clipping model
[2025-07-09 17:04:02.336] [jointLog] [warning] read 2a830a7f-10b4-443d-886c-ff76c5f8eee9 (length 45926) has no trained clipping model
[2025-07-09 17:04:02.336] [jointLog] [warning] read 153871ea-4440-4649-a868-7d049f3afef4 (length 38926 - align length 262) has no trained error model
[2025-07-09 17:04:02.336] [jointLog] [warning] read 153871ea-4440-4649-a868-7d049f3afef4 (length 38926) has no trained clipping model
[2025-07-09 17:04:02.336] [jointLog] [warning] read 153871ea-4440-4649-a868-7d049f3afef4 (length 38926) has no trained clipping model
[2025-07-09 17:04:02.336] [jointLog] [warning] read 89426af9-0654-4311-b857-f22285d140c5 (length 33109 - align length 127) has no trained error model
[2025-07-09 17:04:02.336] [jointLog] [warning] read 89426af9-0654-4311-b857-f22285d140c5 (length 33109) has no trained clipping model
[2025-07-09 17:04:02.336] [jointLog] [warning] read 89426af9-0654-4311-b857-f22285d140c5 (length 33109) has no trained clipping model
[2025-07-09 17:04:02.336] [jointLog] [warning] read 855ba400-730d-4f40-863c-34b33fdd40c5 (length 25790) has no trained clipping model
[2025-07-09 17:04:02.336] [jointLog] [warning] read 9d7d4c47-44c9-4c1e-8ee9-01216494d28c (length 33070 - align length 246) has no trained error model
[2025-07-09 17:04:02.336] [jointLog] [warning] read 9d7d4c47-44c9-4c1e-8ee9-01216494d28c (length 33070) has no trained clipping model
[2025-07-09 17:04:02.336] [jointLog] [warning] read 9d7d4c47-44c9-4c1e-8ee9-01216494d28c (length 33070) has no trained clipping model
[2025-07-09 17:04:02.336] [jointLog] [warning] read 16cd7346-38d4-44e5-8f27-da6c5724d3df (length 29644 - align length 127) has no trained error model
[2025-07-09 17:04:02.336] [jointLog] [warning] read 16cd7346-38d4-44e5-8f27-da6c5724d3df (length 29644) has no trained clipping model
[2025-07-09 17:04:02.336] [jointLog] [warning] read 16cd7346-38d4-44e5-8f27-da6c5724d3df (length 29644) has no trained clipping model
[2025-07-09 17:04:02.336] [jointLog] [warning] read 0c5212ec-4094-4c70-9ba7-4736c6c6a2a4 (length 21668 - align length 2887) has no trained error model
[2025-07-09 17:04:02.336] [jointLog] [warning] read 0c5212ec-4094-4c70-9ba7-4736c6c6a2a4 (length 21668) has no trained clipping model
[2025-07-09 17:04:02.336] [jointLog] [warning] read 0c5212ec-4094-4c70-9ba7-4736c6c6a2a4 (length 21668) has no trained clipping model
[2025-07-09 17:04:02.336] [jointLog] [warning] read 8d913670-7386-45e1-89cf-ca319e9811a7 (length 11306) has no trained clipping model
[2025-07-09 17:04:02.336] [jointLog] [warning] read 68b51d21-6eb8-4fb6-a47e-0fcb0c785f53 (length 10816) has no trained clipping model
[2025-07-09 17:04:02.336] [jointLog] [warning] read 68b51d21-6eb8-4fb6-a47e-0fcb0c785f53 (length 10816) has no trained clipping model
[2025-07-09 17:04:02.336] [jointLog] [warning] read 0ce393f0-cb8d-44b8-9c26-9abe88e958cf (length 27541 - align length 55) has no trained error model
[2025-07-09 17:04:02.336] [jointLog] [warning] read 0ce393f0-cb8d-44b8-9c26-9abe88e958cf (length 27541) has no trained clipping model
[2025-07-09 17:04:02.336] [jointLog] [warning] read 0ce393f0-cb8d-44b8-9c26-9abe88e958cf (length 27541) has no trained clipping model
[2025-07-09 17:04:02.336] [jointLog] [warning] read 37dd4ac0-9428-4140-815b-0bf23f08524c (length 33160 - align length 405) has no trained error model
[2025-07-09 17:04:02.336] [jointLog] [warning] read 37dd4ac0-9428-4140-815b-0bf23f08524c (length 33160) has no trained clipping model
[2025-07-09 17:04:02.336] [jointLog] [warning] read 37dd4ac0-9428-4140-815b-0bf23f08524c (length 33160) has no trained clipping model
[2025-07-09 17:04:02.336] [jointLog] [warning] read 0d565cf4-e84a-48e0-8f0f-316f5db90d0b (length 25639 - align length 2378) has no trained error model
[2025-07-09 17:04:02.336] [jointLog] [warning] read 0d565cf4-e84a-48e0-8f0f-316f5db90d0b (length 25639) has no trained clipping model
[2025-07-09 17:04:02.336] [jointLog] [warning] read 0d565cf4-e84a-48e0-8f0f-316f5db90d0b (length 25639) has no trained clipping model
[2025-07-09 17:04:02.336] [jointLog] [warning] read d790ea74-3ba3-45ea-b8cc-34bdca25d158 (length 22473 - align length 456) has no trained error model
[2025-07-09 17:04:02.336] [jointLog] [warning] read d790ea74-3ba3-45ea-b8cc-34bdca25d158 (length 22473) has no trained clipping model
[2025-07-09 17:04:02.336] [jointLog] [warning] read d790ea74-3ba3-45ea-b8cc-34bdca25d158 (length 22473) has no trained clipping model
[2025-07-09 17:04:02.337] [jointLog] [warning] read 538991de-e96c-46c8-9a87-1e5ea6bdc9d4 (length 38018 - align length 382) has no trained error model
[2025-07-09 17:04:02.337] [jointLog] [warning] read 538991de-e96c-46c8-9a87-1e5ea6bdc9d4 (length 38018) has no trained clipping model
[2025-07-09 17:04:02.337] [jointLog] [warning] read 538991de-e96c-46c8-9a87-1e5ea6bdc9d4 (length 38018) has no trained clipping model
[2025-07-09 17:04:02.337] [jointLog] [warning] read d3d6b887-72aa-4796-84ae-f7aee8a30f3a (length 46438 - align length 76) has no trained error model
[2025-07-09 17:04:02.337] [jointLog] [warning] read d3d6b887-72aa-4796-84ae-f7aee8a30f3a (length 46438) has no trained clipping model
[2025-07-09 17:04:02.337] [jointLog] [warning] read d3d6b887-72aa-4796-84ae-f7aee8a30f3a (length 46438) has no trained clipping model
[2025-07-09 17:04:02.337] [jointLog] [warning] read 6e13a67c-7a64-4091-bb5c-4970b411aa7a (length 11839) has no trained clipping model
[2025-07-09 17:04:02.337] [jointLog] [warning] read 98add3b3-9f96-4b5a-962c-4ca980d5a941 (length 16388 - align length 4858) has no trained error model
[2025-07-09 17:04:02.337] [jointLog] [warning] read 98add3b3-9f96-4b5a-962c-4ca980d5a941 (length 16388) has no trained clipping model
[2025-07-09 17:04:02.337] [jointLog] [warning] read 98add3b3-9f96-4b5a-962c-4ca980d5a941 (length 16388) has no trained clipping model
[2025-07-09 17:04:02.337] [jointLog] [warning] read 1f137bda-c07e-4ab6-b0f9-946e29253176 (length 19678 - align length 821) has no trained error model
[2025-07-09 17:04:02.337] [jointLog] [warning] read 1f137bda-c07e-4ab6-b0f9-946e29253176 (length 19678) has no trained clipping model
[2025-07-09 17:04:02.337] [jointLog] [warning] read 1f137bda-c07e-4ab6-b0f9-946e29253176 (length 19678) has no trained clipping model
[2025-07-09 17:04:02.337] [jointLog] [warning] read f474d00d-57c6-4e9f-9f60-737312e25a8f (length 35778 - align length 77) has no trained error model
[2025-07-09 17:04:02.337] [jointLog] [warning] read f474d00d-57c6-4e9f-9f60-737312e25a8f (length 35778) has no trained clipping model
[2025-07-09 17:04:02.337] [jointLog] [warning] read f474d00d-57c6-4e9f-9f60-737312e25a8f (length 35778) has no trained clipping model
[2025-07-09 17:04:02.337] [jointLog] [warning] read 1e226c45-ad4c-4c07-bd30-c0bbc4dceee2 (length 30177 - align length 377) has no trained error model
[2025-07-09 17:04:02.337] [jointLog] [warning] read 1e226c45-ad4c-4c07-bd30-c0bbc4dceee2 (length 30177) has no trained clipping model
[2025-07-09 17:04:02.337] [jointLog] [warning] read 1e226c45-ad4c-4c07-bd30-c0bbc4dceee2 (length 30177) has no trained clipping model
[2025-07-09 17:04:02.337] [jointLog] [warning] read 3b7ce252-2616-43cb-a835-5b2e2c52313a (length 12824) has no trained clipping model
[2025-07-09 17:04:02.337] [jointLog] [warning] read 48ba9d57-2bbb-4e0e-8994-593cc9f2f058 (length 32887 - align length 667) has no trained error model
[2025-07-09 17:04:02.337] [jointLog] [warning] read 48ba9d57-2bbb-4e0e-8994-593cc9f2f058 (length 32887) has no trained clipping model
[2025-07-09 17:04:02.337] [jointLog] [warning] read 48ba9d57-2bbb-4e0e-8994-593cc9f2f058 (length 32887) has no trained clipping model
[2025-07-09 17:04:02.337] [jointLog] [warning] read 48250a7c-9d8a-4d13-9f3a-7a834457dc83 (length 28888 - align length 75) has no trained error model
[2025-07-09 17:04:02.337] [jointLog] [warning] read 48250a7c-9d8a-4d13-9f3a-7a834457dc83 (length 28888) has no trained clipping model
[2025-07-09 17:04:02.337] [jointLog] [warning] read 48250a7c-9d8a-4d13-9f3a-7a834457dc83 (length 28888) has no trained clipping model
[2025-07-09 17:04:02.337] [jointLog] [warning] read 1418c407-f4e0-4a8a-bb12-afb706a402ef (length 21998) has no trained clipping model
[2025-07-09 17:04:02.337] [jointLog] [warning] read 098fc93f-e38f-4600-a141-1586f1817cc4 (length 32298 - align length 59) has no trained error model
[2025-07-09 17:04:02.337] [jointLog] [warning] read 098fc93f-e38f-4600-a141-1586f1817cc4 (length 32298) has no trained clipping model
[2025-07-09 17:04:02.337] [jointLog] [warning] read 098fc93f-e38f-4600-a141-1586f1817cc4 (length 32298) has no trained clipping model
[2025-07-09 17:04:02.337] [jointLog] [warning] read 8bb08f0a-2d59-4fa3-a874-4629544aab8a (length 18019 - align length 1021) has no trained error model
[2025-07-09 17:04:02.337] [jointLog] [warning] read 8bb08f0a-2d59-4fa3-a874-4629544aab8a (length 18019) has no trained clipping model
[2025-07-09 17:04:02.337] [jointLog] [warning] read 8bb08f0a-2d59-4fa3-a874-4629544aab8a (length 18019) has no trained clipping model
[2025-07-09 17:04:02.337] [jointLog] [warning] read eab382b7-54ee-43ac-bc26-b317cc99a604 (length 18512 - align length 54) has no trained error model
[2025-07-09 17:04:02.337] [jointLog] [warning] read eab382b7-54ee-43ac-bc26-b317cc99a604 (length 18512) has no trained clipping model
[2025-07-09 17:04:02.337] [jointLog] [warning] read eab382b7-54ee-43ac-bc26-b317cc99a604 (length 18512) has no trained clipping model
[2025-07-09 17:04:02.337] [jointLog] [warning] read 7bb1dea7-b21e-4afd-b01e-ed8ee5220d5f (length 14717 - align length 463) has no trained error model
[2025-07-09 17:04:02.337] [jointLog] [warning] read 7bb1dea7-b21e-4afd-b01e-ed8ee5220d5f (length 14717) has no trained clipping model
[2025-07-09 17:04:02.337] [jointLog] [warning] read 7bb1dea7-b21e-4afd-b01e-ed8ee5220d5f (length 14717) has no trained clipping model
[2025-07-09 17:04:02.337] [jointLog] [warning] read b84f9bb7-a928-4d89-9054-e82c74689d17 (length 22498 - align length 58) has no trained error model
[2025-07-09 17:04:02.337] [jointLog] [warning] read b84f9bb7-a928-4d89-9054-e82c74689d17 (length 22498) has no trained clipping model
[2025-07-09 17:04:02.337] [jointLog] [warning] read b84f9bb7-a928-4d89-9054-e82c74689d17 (length 22498) has no trained clipping model
[2025-07-09 17:04:02.337] [jointLog] [warning] read a3569aa6-7f7b-4ee5-a5c6-059567c1a171 (length 20434 - align length 333) has no trained error model
[2025-07-09 17:04:02.337] [jointLog] [warning] read a3569aa6-7f7b-4ee5-a5c6-059567c1a171 (length 20434) has no trained clipping model
[2025-07-09 17:04:02.337] [jointLog] [warning] read a3569aa6-7f7b-4ee5-a5c6-059567c1a171 (length 20434) has no trained clipping model
[2025-07-09 17:04:02.338] [jointLog] [warning] read a6df9b5b-9905-4d69-81a8-9a874fd3af9d (length 17978 - align length 4903) has no trained error model
[2025-07-09 17:04:02.338] [jointLog] [warning] read a6df9b5b-9905-4d69-81a8-9a874fd3af9d (length 17978) has no trained clipping model
[2025-07-09 17:04:02.338] [jointLog] [warning] read a6df9b5b-9905-4d69-81a8-9a874fd3af9d (length 17978) has no trained clipping model
[2025-07-09 17:04:02.338] [jointLog] [warning] read 00ea59fc-9fe1-442e-9d98-b45999106453 (length 40717 - align length 104) has no trained error model
[2025-07-09 17:04:02.338] [jointLog] [warning] read 00ea59fc-9fe1-442e-9d98-b45999106453 (length 40717) has no trained clipping model
[2025-07-09 17:04:02.338] [jointLog] [warning] read 00ea59fc-9fe1-442e-9d98-b45999106453 (length 40717) has no trained clipping model
[2025-07-09 17:04:02.339] [jointLog] [warning] read e164621e-7a65-4768-a3c7-d64ab6252b70 (length 14226 - align length 14163) has no trained error model
[2025-07-09 17:04:02.339] [jointLog] [warning] read e164621e-7a65-4768-a3c7-d64ab6252b70 (length 14226) has no trained clipping model
[2025-07-09 17:04:02.675] [fileLog] [info] quantification processed 10000000 fragments so far

[2025-07-09 17:04:04.485] [jointLog] [warning] read 809135b6-56c1-4154-a392-8fda1d138c9c (length 13358 - align length 409) has no trained error model
[2025-07-09 17:04:04.485] [jointLog] [warning] read 809135b6-56c1-4154-a392-8fda1d138c9c (length 13358) has no trained clipping model
[2025-07-09 17:04:04.485] [jointLog] [warning] read 809135b6-56c1-4154-a392-8fda1d138c9c (length 13358) has no trained clipping model
[2025-07-09 17:04:04.485] [jointLog] [warning] read c3c8eba7-ce52-4870-9ae4-f4bd1b00718c (length 33977 - align length 238) has no trained error model
[2025-07-09 17:04:04.485] [jointLog] [warning] read c3c8eba7-ce52-4870-9ae4-f4bd1b00718c (length 33977) has no trained clipping model
[2025-07-09 17:04:04.485] [jointLog] [warning] read c3c8eba7-ce52-4870-9ae4-f4bd1b00718c (length 33977) has no trained clipping model
[2025-07-09 17:04:04.485] [jointLog] [warning] read 3ded7c46-2fd6-40b0-80e9-233fd2647300 (length 23180 - align length 402) has no trained error model
[2025-07-09 17:04:04.485] [jointLog] [warning] read 3ded7c46-2fd6-40b0-80e9-233fd2647300 (length 23180) has no trained clipping model
[2025-07-09 17:04:04.485] [jointLog] [warning] read 3ded7c46-2fd6-40b0-80e9-233fd2647300 (length 23180) has no trained clipping model
[2025-07-09 17:04:04.485] [jointLog] [warning] read a6feb542-8a3f-4c9f-a659-e6d5bfe4119d (length 27179 - align length 205) has no trained error model
[2025-07-09 17:04:04.485] [jointLog] [warning] read a6feb542-8a3f-4c9f-a659-e6d5bfe4119d (length 27179) has no trained clipping model
[2025-07-09 17:04:04.485] [jointLog] [warning] read a6feb542-8a3f-4c9f-a659-e6d5bfe4119d (length 27179) has no trained clipping model
[2025-07-09 17:04:04.485] [jointLog] [warning] read 25df9eac-3547-4af3-8b69-10a8422e9301 (length 22846) has no trained clipping model
[2025-07-09 17:04:04.485] [jointLog] [warning] read 647ce837-dd4d-481c-9e12-d7e1c90c67f3 (length 44406 - align length 937) has no trained error model
[2025-07-09 17:04:04.485] [jointLog] [warning] read 647ce837-dd4d-481c-9e12-d7e1c90c67f3 (length 44406) has no trained clipping model
[2025-07-09 17:04:04.485] [jointLog] [warning] read 647ce837-dd4d-481c-9e12-d7e1c90c67f3 (length 44406) has no trained clipping model
[2025-07-09 17:04:04.485] [jointLog] [warning] read 903f2e58-eecc-4592-bba4-92ee015f2a5f (length 32297 - align length 513) has no trained error model
[2025-07-09 17:04:04.485] [jointLog] [warning] read 903f2e58-eecc-4592-bba4-92ee015f2a5f (length 32297) has no trained clipping model
[2025-07-09 17:04:04.485] [jointLog] [warning] read 903f2e58-eecc-4592-bba4-92ee015f2a5f (length 32297) has no trained clipping model
[2025-07-09 17:04:04.485] [jointLog] [warning] read 654a6a69-52c2-4c05-8ee8-5b0543eaab0a (length 42257) has no trained clipping model
[2025-07-09 17:04:04.485] [jointLog] [warning] read 8d46777b-86cb-4c44-93f4-e201d6f21fb9 (length 13627 - align length 13572) has no trained error model
[2025-07-09 17:04:04.485] [jointLog] [warning] read c725f993-d2aa-4473-8e29-3901617edca3 (length 20886 - align length 298) has no trained error model
[2025-07-09 17:04:04.485] [jointLog] [warning] read c725f993-d2aa-4473-8e29-3901617edca3 (length 20886) has no trained clipping model
[2025-07-09 17:04:04.485] [jointLog] [warning] read c725f993-d2aa-4473-8e29-3901617edca3 (length 20886) has no trained clipping model
[2025-07-09 17:04:05.715] [jointLog] [warning] read b7a9a276-e51f-4a98-a418-2025b72a89f2 (length 12458 - align length 12425) has no trained error model
[2025-07-09 17:04:06.060] [jointLog] [warning] read 8a1bacb1-5838-47f6-92a5-5414969be0ce (length 11190 - align length 11176) has no trained error model
[2025-07-09 17:04:06.687] [fileLog] [info] quantification processed 11000000 fragments so far

[2025-07-09 17:04:06.388] [jointLog] [warning] read 4b52e7f0-8f70-478c-b417-60f709c04bea (length 27742 - align length 1275) has no trained error model
[2025-07-09 17:04:06.388] [jointLog] [warning] read 4b52e7f0-8f70-478c-b417-60f709c04bea (length 27742) has no trained clipping model
[2025-07-09 17:04:06.388] [jointLog] [warning] read 4b52e7f0-8f70-478c-b417-60f709c04bea (length 27742) has no trained clipping model
[2025-07-09 17:04:06.388] [jointLog] [warning] read c1c1989c-b93c-42d8-80b3-383253b50c1f (length 21457 - align length 376) has no trained error model
[2025-07-09 17:04:06.388] [jointLog] [warning] read c1c1989c-b93c-42d8-80b3-383253b50c1f (length 21457) has no trained clipping model
[2025-07-09 17:04:06.388] [jointLog] [warning] read c1c1989c-b93c-42d8-80b3-383253b50c1f (length 21457) has no trained clipping model
[2025-07-09 17:04:06.388] [jointLog] [warning] read 44d9046e-b79e-4079-9f25-f21dd1d818ba (length 14965 - align length 14861) has no trained error model
[2025-07-09 17:04:06.388] [jointLog] [warning] read 87eae6d6-f87e-43a5-b621-9ceff52e9a07 (length 37877 - align length 368) has no trained error model
[2025-07-09 17:04:06.388] [jointLog] [warning] read 87eae6d6-f87e-43a5-b621-9ceff52e9a07 (length 37877) has no trained clipping model
[2025-07-09 17:04:06.388] [jointLog] [warning] read 87eae6d6-f87e-43a5-b621-9ceff52e9a07 (length 37877) has no trained clipping model
[2025-07-09 17:04:06.388] [jointLog] [warning] read 74e64c3c-535a-40f7-873a-21721686f92e (length 21744 - align length 1431) has no trained error model
[2025-07-09 17:04:06.388] [jointLog] [warning] read 74e64c3c-535a-40f7-873a-21721686f92e (length 21744) has no trained clipping model
[2025-07-09 17:04:06.388] [jointLog] [warning] read 74e64c3c-535a-40f7-873a-21721686f92e (length 21744) has no trained clipping model
[2025-07-09 17:04:06.523] [jointLog] [warning] read 950aa874-82cd-416b-822c-a268bd78cecc (length 12859) has no trained clipping model
[2025-07-09 17:04:07.183] [jointLog] [warning] read 1728901b-0aeb-4e3a-9334-b5fe8f4d112c (length 14752 - align length 14704) has no trained error model
[2025-07-09 17:04:07.183] [jointLog] [warning] read 1728901b-0aeb-4e3a-9334-b5fe8f4d112c (length 14752) has no trained clipping model
[2025-07-09 17:04:07.183] [jointLog] [warning] read 1728901b-0aeb-4e3a-9334-b5fe8f4d112c (length 14752) has no trained clipping model
[2025-07-09 17:04:07.620] [jointLog] [warning] read 56a50da4-7a09-468c-a97b-a965af49071c (length 12885) has no trained clipping model
[2025-07-09 17:04:07.620] [jointLog] [warning] read 812f1d4c-9b0c-4e3c-84f0-06353d529502 (length 22751 - align length 366) has no trained error model
[2025-07-09 17:04:07.620] [jointLog] [warning] read 812f1d4c-9b0c-4e3c-84f0-06353d529502 (length 22751) has no trained clipping model
[2025-07-09 17:04:07.620] [jointLog] [warning] read 812f1d4c-9b0c-4e3c-84f0-06353d529502 (length 22751) has no trained clipping model
[2025-07-09 17:04:07.620] [jointLog] [warning] read 569aaac3-ee1e-403e-b445-a21e121e29d5 (length 15717 - align length 55) has no trained error model
[2025-07-09 17:04:07.620] [jointLog] [warning] read 569aaac3-ee1e-403e-b445-a21e121e29d5 (length 15717) has no trained clipping model
[2025-07-09 17:04:07.620] [jointLog] [warning] read 569aaac3-ee1e-403e-b445-a21e121e29d5 (length 15717) has no trained clipping model
[2025-07-09 17:04:07.620] [jointLog] [warning] read 6b801275-329c-4694-a06e-910e3bf6e2b1 (length 39941 - align length 57) has no trained error model
[2025-07-09 17:04:07.620] [jointLog] [warning] read 6b801275-329c-4694-a06e-910e3bf6e2b1 (length 39941) has no trained clipping model
[2025-07-09 17:04:07.620] [jointLog] [warning] read 6b801275-329c-4694-a06e-910e3bf6e2b1 (length 39941) has no trained clipping model
[2025-07-09 17:04:07.620] [jointLog] [warning] read 47709242-3381-4951-8b4f-ba3c9afadb11 (length 36298 - align length 405) has no trained error model
[2025-07-09 17:04:07.620] [jointLog] [warning] read 47709242-3381-4951-8b4f-ba3c9afadb11 (length 36298) has no trained clipping model
[2025-07-09 17:04:07.620] [jointLog] [warning] read 47709242-3381-4951-8b4f-ba3c9afadb11 (length 36298) has no trained clipping model
[2025-07-09 17:04:07.620] [jointLog] [warning] read 5e7ca7e5-1465-45fd-ac7d-4dec677e7490 (length 14142) has no trained clipping model
[2025-07-09 17:04:07.620] [jointLog] [warning] read 4c4f2a4b-b61e-479d-b2a7-79b18e8d8aaa (length 39658 - align length 122) has no trained error model
[2025-07-09 17:04:07.620] [jointLog] [warning] read 4c4f2a4b-b61e-479d-b2a7-79b18e8d8aaa (length 39658) has no trained clipping model
[2025-07-09 17:04:07.620] [jointLog] [warning] read 4c4f2a4b-b61e-479d-b2a7-79b18e8d8aaa (length 39658) has no trained clipping model
[2025-07-09 17:04:07.620] [jointLog] [warning] read 11ddc50b-f762-49ba-a1d8-679ba93b0e99 (length 30677 - align length 54) has no trained error model
[2025-07-09 17:04:07.620] [jointLog] [warning] read 11ddc50b-f762-49ba-a1d8-679ba93b0e99 (length 30677) has no trained clipping model
[2025-07-09 17:04:07.620] [jointLog] [warning] read 11ddc50b-f762-49ba-a1d8-679ba93b0e99 (length 30677) has no trained clipping model
[2025-07-09 17:04:07.620] [jointLog] [warning] read cf72c23c-82b0-4557-bfb5-761706f13494 (length 41340 - align length 1037) has no trained error model
[2025-07-09 17:04:07.620] [jointLog] [warning] read cf72c23c-82b0-4557-bfb5-761706f13494 (length 41340) has no trained clipping model
[2025-07-09 17:04:07.620] [jointLog] [warning] read cf72c23c-82b0-4557-bfb5-761706f13494 (length 41340) has no trained clipping model
[2025-07-09 17:04:07.620] [jointLog] [warning] read 675833f0-9453-461f-81a0-8c49a6b3cce8 (length 49034 - align length 1729) has no trained error model
[2025-07-09 17:04:07.620] [jointLog] [warning] read 675833f0-9453-461f-81a0-8c49a6b3cce8 (length 49034) has no trained clipping model
[2025-07-09 17:04:07.620] [jointLog] [warning] read 675833f0-9453-461f-81a0-8c49a6b3cce8 (length 49034) has no trained clipping model
[2025-07-09 17:04:07.620] [jointLog] [warning] read 32319362-e1b2-4e70-8d6c-f4fd4d802bb7 (length 32854 - align length 373) has no trained error model
[2025-07-09 17:04:07.620] [jointLog] [warning] read 32319362-e1b2-4e70-8d6c-f4fd4d802bb7 (length 32854) has no trained clipping model
[2025-07-09 17:04:07.620] [jointLog] [warning] read 32319362-e1b2-4e70-8d6c-f4fd4d802bb7 (length 32854) has no trained clipping model
[2025-07-09 17:04:07.620] [jointLog] [warning] read 5195768d-db8a-4b74-aadd-38801929451f (length 33246 - align length 190) has no trained error model
[2025-07-09 17:04:07.620] [jointLog] [warning] read 5195768d-db8a-4b74-aadd-38801929451f (length 33246) has no trained clipping model
[2025-07-09 17:04:07.620] [jointLog] [warning] read 5195768d-db8a-4b74-aadd-38801929451f (length 33246) has no trained clipping model
[2025-07-09 17:04:07.621] [jointLog] [warning] read a9e1ec00-3b11-4b90-8f65-497ecc4b10d3 (length 21983) has no trained clipping model
[2025-07-09 17:04:07.621] [jointLog] [warning] read 5e47f8b4-0890-4cba-8d65-9eaf45eb2fd1 (length 34790 - align length 156) has no trained error model
[2025-07-09 17:04:07.621] [jointLog] [warning] read 5e47f8b4-0890-4cba-8d65-9eaf45eb2fd1 (length 34790) has no trained clipping model
[2025-07-09 17:04:07.621] [jointLog] [warning] read 5e47f8b4-0890-4cba-8d65-9eaf45eb2fd1 (length 34790) has no trained clipping model
[2025-07-09 17:04:07.621] [jointLog] [warning] read 7b501b9f-9317-4816-afeb-696409362a25 (length 20892 - align length 79) has no trained error model
[2025-07-09 17:04:07.621] [jointLog] [warning] read 7b501b9f-9317-4816-afeb-696409362a25 (length 20892) has no trained clipping model
[2025-07-09 17:04:07.621] [jointLog] [warning] read 7b501b9f-9317-4816-afeb-696409362a25 (length 20892) has no trained clipping model
[2025-07-09 17:04:07.621] [jointLog] [warning] read c14d4db5-bf7d-44ae-a3a3-9f01466ed365 (length 44915 - align length 83) has no trained error model
[2025-07-09 17:04:07.621] [jointLog] [warning] read c14d4db5-bf7d-44ae-a3a3-9f01466ed365 (length 44915) has no trained clipping model
[2025-07-09 17:04:07.621] [jointLog] [warning] read c14d4db5-bf7d-44ae-a3a3-9f01466ed365 (length 44915) has no trained clipping model
[2025-07-09 17:04:07.623] [jointLog] [warning] read 83461622-ec71-4b22-83c9-c72929709a18 (length 14740 - align length 14740) has no trained error model
[2025-07-09 17:04:07.623] [jointLog] [warning] read 83461622-ec71-4b22-83c9-c72929709a18 (length 14740) has no trained clipping model
[2025-07-09 17:04:07.623] [jointLog] [warning] read 83461622-ec71-4b22-83c9-c72929709a18 (length 14740) has no trained clipping model
[2025-07-09 17:04:08.328] [jointLog] [warning] read 7fae2479-70e0-4ca8-9cf7-7c9eb6205da5 (length 12517 - align length 12516) has no trained error model
[2025-07-09 17:04:08.677] [jointLog] [warning] read a37c3cd9-7b8f-4c82-87de-bca0a9d524bb (length 21812) has no trained clipping model
[2025-07-09 17:04:08.678] [jointLog] [warning] read 650aac93-1a91-4ba6-9fe4-2f0421c79f3c (length 14159) has no trained clipping model
[2025-07-09 17:04:08.682] [jointLog] [warning] read edc938ce-effe-4f1c-b927-bf3019f85850 (length 29897 - align length 505) has no trained error model
[2025-07-09 17:04:08.682] [jointLog] [warning] read edc938ce-effe-4f1c-b927-bf3019f85850 (length 29897) has no trained clipping model
[2025-07-09 17:04:08.682] [jointLog] [warning] read edc938ce-effe-4f1c-b927-bf3019f85850 (length 29897) has no trained clipping model
[2025-07-09 17:04:08.682] [jointLog] [warning] read 4eb4b543-83f2-4cbd-9b82-cac0bcb57c8a (length 47628 - align length 405) has no trained error model
[2025-07-09 17:04:08.682] [jointLog] [warning] read 4eb4b543-83f2-4cbd-9b82-cac0bcb57c8a (length 47628) has no trained clipping model
[2025-07-09 17:04:08.682] [jointLog] [warning] read 4eb4b543-83f2-4cbd-9b82-cac0bcb57c8a (length 47628) has no trained clipping model
[2025-07-09 17:04:08.682] [jointLog] [warning] read f1c1e137-3b17-4d05-b47f-597f7f93530a (length 12674 - align length 58) has no trained error model
[2025-07-09 17:04:08.682] [jointLog] [warning] read f1c1e137-3b17-4d05-b47f-597f7f93530a (length 12674) has no trained clipping model
[2025-07-09 17:04:08.682] [jointLog] [warning] read f1c1e137-3b17-4d05-b47f-597f7f93530a (length 12674) has no trained clipping model
[2025-07-09 17:04:08.682] [jointLog] [warning] read caf79fe2-8a94-4648-aa95-80a8e2e47e70 (length 45324 - align length 1055) has no trained error model
[2025-07-09 17:04:08.682] [jointLog] [warning] read caf79fe2-8a94-4648-aa95-80a8e2e47e70 (length 45324) has no trained clipping model
[2025-07-09 17:04:08.682] [jointLog] [warning] read caf79fe2-8a94-4648-aa95-80a8e2e47e70 (length 45324) has no trained clipping model
[2025-07-09 17:04:08.682] [jointLog] [warning] read 28c78351-a0f5-4493-b84e-410ea3acb9f5 (length 22707 - align length 121) has no trained error model
[2025-07-09 17:04:08.682] [jointLog] [warning] read 28c78351-a0f5-4493-b84e-410ea3acb9f5 (length 22707) has no trained clipping model
[2025-07-09 17:04:08.682] [jointLog] [warning] read 28c78351-a0f5-4493-b84e-410ea3acb9f5 (length 22707) has no trained clipping model
[2025-07-09 17:04:08.682] [jointLog] [warning] read 2690003d-81c1-4501-afe4-f1f7ac85f478 (length 24934 - align length 58) has no trained error model
[2025-07-09 17:04:08.682] [jointLog] [warning] read 2690003d-81c1-4501-afe4-f1f7ac85f478 (length 24934) has no trained clipping model
[2025-07-09 17:04:08.682] [jointLog] [warning] read 2690003d-81c1-4501-afe4-f1f7ac85f478 (length 24934) has no trained clipping model
[2025-07-09 17:04:08.682] [jointLog] [warning] read 43376f2c-6a5c-4979-b3ec-07dfa4b33b19 (length 25311 - align length 70) has no trained error model
[2025-07-09 17:04:08.682] [jointLog] [warning] read 43376f2c-6a5c-4979-b3ec-07dfa4b33b19 (length 25311) has no trained clipping model
[2025-07-09 17:04:08.682] [jointLog] [warning] read 43376f2c-6a5c-4979-b3ec-07dfa4b33b19 (length 25311) has no trained clipping model
[2025-07-09 17:04:09.628] [jointLog] [warning] read 5544c525-e532-4e86-a360-c91c8a3e1bc9 (length 11729 - align length 11729) has no trained error model
[2025-07-09 17:04:09.897] [jointLog] [warning] read 8a6a8201-1558-4fa5-8f29-fa28ecaa375a (length 12241 - align length 12189) has no trained error model
[2025-07-09 17:04:10.150] [jointLog] [warning] read c256e3bc-e6e1-4aa4-a435-62a0d2966976 (length 12640 - align length 54) has no trained error model
[2025-07-09 17:04:10.150] [jointLog] [warning] read c256e3bc-e6e1-4aa4-a435-62a0d2966976 (length 12640) has no trained clipping model
[2025-07-09 17:04:10.150] [jointLog] [warning] read c256e3bc-e6e1-4aa4-a435-62a0d2966976 (length 12640) has no trained clipping model
[2025-07-09 17:04:10.150] [jointLog] [warning] read 6d9d6809-ef39-481e-a878-ba730b9b34af (length 33116 - align length 281) has no trained error model
[2025-07-09 17:04:10.150] [jointLog] [warning] read 6d9d6809-ef39-481e-a878-ba730b9b34af (length 33116) has no trained clipping model
[2025-07-09 17:04:10.150] [jointLog] [warning] read 6d9d6809-ef39-481e-a878-ba730b9b34af (length 33116) has no trained clipping model
[2025-07-09 17:04:10.150] [jointLog] [warning] read 201b3dea-15ac-48a3-bbf5-d43ff0ca7970 (length 27147 - align length 323) has no trained error model
[2025-07-09 17:04:10.150] [jointLog] [warning] read 201b3dea-15ac-48a3-bbf5-d43ff0ca7970 (length 27147) has no trained clipping model
[2025-07-09 17:04:10.150] [jointLog] [warning] read 201b3dea-15ac-48a3-bbf5-d43ff0ca7970 (length 27147) has no trained clipping model
[2025-07-09 17:04:10.150] [jointLog] [warning] read e420d684-1867-4180-a0ca-8b80cfd5a8a6 (length 34411 - align length 2123) has no trained error model
[2025-07-09 17:04:10.150] [jointLog] [warning] read e420d684-1867-4180-a0ca-8b80cfd5a8a6 (length 34411) has no trained clipping model
[2025-07-09 17:04:10.150] [jointLog] [warning] read e420d684-1867-4180-a0ca-8b80cfd5a8a6 (length 34411) has no trained clipping model
[2025-07-09 17:04:10.618] [jointLog] [warning] read 4520e628-41d8-47eb-9c56-204610c7fff4 (length 12657 - align length 1676) has no trained error model
[2025-07-09 17:04:10.618] [jointLog] [warning] read 4520e628-41d8-47eb-9c56-204610c7fff4 (length 12657) has no trained clipping model
[2025-07-09 17:04:10.618] [jointLog] [warning] read 4520e628-41d8-47eb-9c56-204610c7fff4 (length 12657) has no trained clipping model
[2025-07-09 17:04:10.618] [jointLog] [warning] read a8506c0e-f75c-46bc-a543-f0802859c69a (length 15785 - align length 1885) has no trained error model
[2025-07-09 17:04:10.618] [jointLog] [warning] read a8506c0e-f75c-46bc-a543-f0802859c69a (length 15785) has no trained clipping model
[2025-07-09 17:04:10.618] [jointLog] [warning] read a8506c0e-f75c-46bc-a543-f0802859c69a (length 15785) has no trained clipping model
[2025-07-09 17:04:10.618] [jointLog] [warning] read c571e86f-3758-4480-b559-2e4bf30d8b3d (length 23593 - align length 55) has no trained error model
[2025-07-09 17:04:10.618] [jointLog] [warning] read c571e86f-3758-4480-b559-2e4bf30d8b3d (length 23593) has no trained clipping model
[2025-07-09 17:04:10.618] [jointLog] [warning] read c571e86f-3758-4480-b559-2e4bf30d8b3d (length 23593) has no trained clipping model
[2025-07-09 17:04:10.618] [jointLog] [warning] read 6871743b-8b0b-4c25-9e93-c95c42f4b3c5 (length 19737 - align length 58) has no trained error model
[2025-07-09 17:04:10.618] [jointLog] [warning] read 6871743b-8b0b-4c25-9e93-c95c42f4b3c5 (length 19737) has no trained clipping model
[2025-07-09 17:04:10.618] [jointLog] [warning] read 6871743b-8b0b-4c25-9e93-c95c42f4b3c5 (length 19737) has no trained clipping model
[2025-07-09 17:04:10.844] [fileLog] [info] quantification processed 12000000 fragments so far

[2025-07-09 17:04:12.289] [jointLog] [warning] read 492c6570-6881-4137-ab4f-5f0a88d8111c (length 12158 - align length 240) has no trained error model
[2025-07-09 17:04:12.289] [jointLog] [warning] read 492c6570-6881-4137-ab4f-5f0a88d8111c (length 12158) has no trained clipping model
[2025-07-09 17:04:12.289] [jointLog] [warning] read 492c6570-6881-4137-ab4f-5f0a88d8111c (length 12158) has no trained clipping model
[2025-07-09 17:04:12.289] [jointLog] [warning] read 32badc08-a9b3-409a-8e44-06ec90e0b5ce (length 19844 - align length 103) has no trained error model
[2025-07-09 17:04:12.289] [jointLog] [warning] read 32badc08-a9b3-409a-8e44-06ec90e0b5ce (length 19844) has no trained clipping model
[2025-07-09 17:04:12.289] [jointLog] [warning] read 32badc08-a9b3-409a-8e44-06ec90e0b5ce (length 19844) has no trained clipping model
[2025-07-09 17:04:12.289] [jointLog] [warning] read 701efc66-b0ce-41dd-8c70-d61997c73d49 (length 16305 - align length 525) has no trained error model
[2025-07-09 17:04:12.289] [jointLog] [warning] read 701efc66-b0ce-41dd-8c70-d61997c73d49 (length 16305) has no trained clipping model
[2025-07-09 17:04:12.289] [jointLog] [warning] read 701efc66-b0ce-41dd-8c70-d61997c73d49 (length 16305) has no trained clipping model
[2025-07-09 17:04:12.289] [jointLog] [warning] read 5f5af637-0d17-4ce2-b7e3-63744cf1d353 (length 20821 - align length 157) has no trained error model
[2025-07-09 17:04:12.289] [jointLog] [warning] read 5f5af637-0d17-4ce2-b7e3-63744cf1d353 (length 20821) has no trained clipping model
[2025-07-09 17:04:12.289] [jointLog] [warning] read 5f5af637-0d17-4ce2-b7e3-63744cf1d353 (length 20821) has no trained clipping model
[2025-07-09 17:04:12.289] [jointLog] [warning] read 27633a6c-7dc6-4bee-af03-218f2f0bc79c (length 12858) has no trained clipping model
[2025-07-09 17:04:12.289] [jointLog] [warning] read 777ce25a-3e67-467e-94ab-9587df29c84a (length 30477 - align length 475) has no trained error model
[2025-07-09 17:04:12.289] [jointLog] [warning] read 777ce25a-3e67-467e-94ab-9587df29c84a (length 30477) has no trained clipping model
[2025-07-09 17:04:12.289] [jointLog] [warning] read 777ce25a-3e67-467e-94ab-9587df29c84a (length 30477) has no trained clipping model
[2025-07-09 17:04:12.289] [jointLog] [warning] read 9b941e01-e311-4de1-bbd6-4ca072c54ca0 (length 23412 - align length 408) has no trained error model
[2025-07-09 17:04:12.289] [jointLog] [warning] read 9b941e01-e311-4de1-bbd6-4ca072c54ca0 (length 23412) has no trained clipping model
[2025-07-09 17:04:12.289] [jointLog] [warning] read 9b941e01-e311-4de1-bbd6-4ca072c54ca0 (length 23412) has no trained clipping model
[2025-07-09 17:04:12.665] [jointLog] [warning] read 33864220-f3f0-4e0e-b734-6d95e8a5fe48 (length 14740 - align length 14692) has no trained error model
[2025-07-09 17:04:12.665] [jointLog] [warning] read 33864220-f3f0-4e0e-b734-6d95e8a5fe48 (length 14740) has no trained clipping model
[2025-07-09 17:04:12.665] [jointLog] [warning] read 33864220-f3f0-4e0e-b734-6d95e8a5fe48 (length 14740) has no trained clipping model
[2025-07-09 17:04:12.665] [jointLog] [warning] read c14c885b-3e18-4ece-ba24-b4f18c539c1f (length 10842) has no trained clipping model
[2025-07-09 17:04:12.665] [jointLog] [warning] read c14c885b-3e18-4ece-ba24-b4f18c539c1f (length 10842) has no trained clipping model
[2025-07-09 17:04:12.665] [jointLog] [warning] read a43eb6d2-78cb-4c66-95d3-faf34629a4c5 (length 18183 - align length 1616) has no trained error model
[2025-07-09 17:04:12.665] [jointLog] [warning] read a43eb6d2-78cb-4c66-95d3-faf34629a4c5 (length 18183) has no trained clipping model
[2025-07-09 17:04:12.665] [jointLog] [warning] read a43eb6d2-78cb-4c66-95d3-faf34629a4c5 (length 18183) has no trained clipping model
[2025-07-09 17:04:12.985] [jointLog] [warning] read de3d7c59-be57-40e5-9051-2cec1091de54 (length 25409 - align length 98) has no trained error model
[2025-07-09 17:04:12.985] [jointLog] [warning] read de3d7c59-be57-40e5-9051-2cec1091de54 (length 25409) has no trained clipping model
[2025-07-09 17:04:12.985] [jointLog] [warning] read de3d7c59-be57-40e5-9051-2cec1091de54 (length 25409) has no trained clipping model
[2025-07-09 17:04:12.985] [jointLog] [warning] read eb3112d2-8eb4-4b26-8ae3-054f736e7ef6 (length 33993 - align length 48) has no trained error model
[2025-07-09 17:04:12.985] [jointLog] [warning] read eb3112d2-8eb4-4b26-8ae3-054f736e7ef6 (length 33993) has no trained clipping model
[2025-07-09 17:04:12.985] [jointLog] [warning] read eb3112d2-8eb4-4b26-8ae3-054f736e7ef6 (length 33993) has no trained clipping model
[2025-07-09 17:04:12.985] [jointLog] [warning] read 1ce0b429-48fb-44c5-a33c-d72c7dab7608 (length 14595 - align length 265) has no trained error model
[2025-07-09 17:04:12.985] [jointLog] [warning] read 1ce0b429-48fb-44c5-a33c-d72c7dab7608 (length 14595) has no trained clipping model
[2025-07-09 17:04:12.985] [jointLog] [warning] read 1ce0b429-48fb-44c5-a33c-d72c7dab7608 (length 14595) has no trained clipping model
[2025-07-09 17:04:12.985] [jointLog] [warning] read 8a1e4456-1530-404c-8af3-91fcb15af90a (length 35454) has no trained clipping model
[2025-07-09 17:04:12.985] [jointLog] [warning] read 4a922989-54e9-432d-82dd-b8a7461494eb (length 32241 - align length 131) has no trained error model
[2025-07-09 17:04:12.985] [jointLog] [warning] read 4a922989-54e9-432d-82dd-b8a7461494eb (length 32241) has no trained clipping model
[2025-07-09 17:04:12.985] [jointLog] [warning] read 4a922989-54e9-432d-82dd-b8a7461494eb (length 32241) has no trained clipping model
[2025-07-09 17:04:14.309] [fileLog] [info] quantification processed 12745425 fragments so far

[2025-07-09 17:04:14.309] [jointLog] [info] Thread saw mini-batch with a maximum of 9.80% zero probability fragments
[2025-07-09 17:04:14.309] [jointLog] [info] Thread saw mini-batch with a maximum of 20.10% zero probability fragments
[2025-07-09 17:04:14.309] [jointLog] [info] Thread saw mini-batch with a maximum of 25.10% zero probability fragments
[2025-07-09 17:04:14.309] [jointLog] [info] Thread saw mini-batch with a maximum of 12.10% zero probability fragments
[2025-07-09 17:04:14.313] [jointLog] [warning] read 775071b8-35f9-4bc1-8cc0-529972c1ef95 (length 20211 - align length 63) has no trained error model
[2025-07-09 17:04:14.313] [jointLog] [warning] read 775071b8-35f9-4bc1-8cc0-529972c1ef95 (length 20211) has no trained clipping model
[2025-07-09 17:04:14.313] [jointLog] [warning] read 775071b8-35f9-4bc1-8cc0-529972c1ef95 (length 20211) has no trained clipping model
[2025-07-09 17:04:14.313] [jointLog] [warning] read 12ec6bc4-c9e8-4b12-9a9e-4ffa30087321 (length 18560 - align length 224) has no trained error model
[2025-07-09 17:04:14.313] [jointLog] [warning] read 12ec6bc4-c9e8-4b12-9a9e-4ffa30087321 (length 18560) has no trained clipping model
[2025-07-09 17:04:14.313] [jointLog] [warning] read 12ec6bc4-c9e8-4b12-9a9e-4ffa30087321 (length 18560) has no trained clipping model
[2025-07-09 17:04:14.313] [jointLog] [warning] read 108a446e-f9fd-4ee4-af20-5dd556104baa (length 14233) has no trained clipping model
[2025-07-09 17:04:14.313] [jointLog] [warning] read 0a362b95-a17c-420a-9bef-43fe63dc29cb (length 29756 - align length 145) has no trained error model
[2025-07-09 17:04:14.313] [jointLog] [warning] read 0a362b95-a17c-420a-9bef-43fe63dc29cb (length 29756) has no trained clipping model
[2025-07-09 17:04:14.313] [jointLog] [warning] read 0a362b95-a17c-420a-9bef-43fe63dc29cb (length 29756) has no trained clipping model
[2025-07-09 17:04:14.313] [jointLog] [warning] read 57ef1f74-ece8-41b4-a518-25b125c99fd4 (length 27013 - align length 397) has no trained error model
[2025-07-09 17:04:14.313] [jointLog] [warning] read 57ef1f74-ece8-41b4-a518-25b125c99fd4 (length 27013) has no trained clipping model
[2025-07-09 17:04:14.313] [jointLog] [warning] read 57ef1f74-ece8-41b4-a518-25b125c99fd4 (length 27013) has no trained clipping model
[2025-07-09 17:04:14.313] [jointLog] [warning] read 7ec7fde4-6fc5-4204-8b30-2af1e6820419 (length 21552 - align length 840) has no trained error model
[2025-07-09 17:04:14.313] [jointLog] [warning] read 7ec7fde4-6fc5-4204-8b30-2af1e6820419 (length 21552) has no trained clipping model
[2025-07-09 17:04:14.313] [jointLog] [warning] read 7ec7fde4-6fc5-4204-8b30-2af1e6820419 (length 21552) has no trained clipping model
[2025-07-09 17:04:14.313] [jointLog] [warning] read 7f455ce6-7be2-4945-9833-27de339e8f5a (length 12826) has no trained clipping model
[2025-07-09 17:04:14.313] [jointLog] [warning] read 9780012f-7a57-49f4-a9bf-1a7065648bbb (length 46991 - align length 576) has no trained error model
[2025-07-09 17:04:14.313] [jointLog] [warning] read 9780012f-7a57-49f4-a9bf-1a7065648bbb (length 46991) has no trained clipping model
[2025-07-09 17:04:14.313] [jointLog] [warning] read 9780012f-7a57-49f4-a9bf-1a7065648bbb (length 46991) has no trained clipping model
[2025-07-09 17:04:14.313] [jointLog] [warning] read 62ce833d-17c9-42d1-9e85-6d6afa5bec61 (length 19947) has no trained clipping model
[2025-07-09 17:04:14.313] [jointLog] [warning] read 69abda6a-6bab-4935-a75a-0900aa365a1a (length 31685 - align length 182) has no trained error model
[2025-07-09 17:04:14.313] [jointLog] [warning] read 69abda6a-6bab-4935-a75a-0900aa365a1a (length 31685) has no trained clipping model
[2025-07-09 17:04:14.313] [jointLog] [warning] read 69abda6a-6bab-4935-a75a-0900aa365a1a (length 31685) has no trained clipping model
[2025-07-09 17:04:14.314] [jointLog] [warning] read 67e30a72-2b64-44c4-8b2e-b74488ec7067 (length 49281 - align length 393) has no trained error model
[2025-07-09 17:04:14.314] [jointLog] [warning] read 67e30a72-2b64-44c4-8b2e-b74488ec7067 (length 49281) has no trained clipping model
[2025-07-09 17:04:14.314] [jointLog] [warning] read 67e30a72-2b64-44c4-8b2e-b74488ec7067 (length 49281) has no trained clipping model
[2025-07-09 17:04:14.314] [jointLog] [info] Thread saw mini-batch with a maximum of 26.12% zero probability fragments
[2025-07-09 17:04:14.314] [jointLog] [info] 


Completed first pass through the alignment file.
Total # of mapped reads : 12745425
# of uniquely mapped reads : 12505213
# ambiguously mapped reads : 240212



[2025-07-09 17:04:14.351] [jointLog] [info] Computed 44,885 rich equivalence classes for further processing
[2025-07-09 17:04:14.351] [jointLog] [info] Counted 12,115,765 total reads in the equivalence classes 
[2025-07-09 17:04:14.353] [jointLog] [info] starting optimizer
[2025-07-09 17:04:14.405] [jointLog] [info] Marked 0 weighted equivalence classes as degenerate
[2025-07-09 17:04:14.409] [jointLog] [info] iteration = 0 | max rel diff. = 3522.82
[2025-07-09 17:04:14.717] [jointLog] [info] iteration = 100 | max rel diff. = 0
[2025-07-09 17:04:14.731] [jointLog] [info] finished optimizer
[2025-07-09 17:04:14.731] [jointLog] [info] writing output
