[2025-07-09 17:00:34.333] [jointLog] [info] setting maxHashResizeThreads to 10
[2025-07-09 17:00:34.333] [jointLog] [info] Fragment incompatibility prior below threshold.  Incompatible fragments will be ignored.
[2025-07-09 17:00:34.476] [jointLog] [info] numQuantThreads = 5
[2025-07-09 17:00:36.584] [jointLog] [info] replaced 0 non-ACGT nucleotides with random nucleotides
[2025-07-09 17:00:36.745] [jointLog] [warning] read e65a14f4-2b34-493b-bf58-249dec51fb3f (length 3672 - align length 3657) has no trained error model
[2025-07-09 17:00:36.745] [jointLog] [warning] read e65a14f4-2b34-493b-bf58-249dec51fb3f (length 3672) has no trained clipping model
[2025-07-09 17:00:36.745] [jointLog] [warning] read e65a14f4-2b34-493b-bf58-249dec51fb3f (length 3672) has no trained clipping model
[2025-07-09 17:00:36.747] [jointLog] [warning] read 1a6caf65-daa6-4a70-8352-94a244525b2a (length 3463) has no trained clipping model
[2025-07-09 17:00:36.749] [jointLog] [warning] read 6e9cce1e-4baa-4064-94d7-b1abe375c88b (length 4541) has no trained clipping model
[2025-07-09 17:00:36.750] [jointLog] [warning] read a7bc0e10-112f-41e5-9784-3f1018abfb20 (length 5126) has no trained clipping model
[2025-07-09 17:00:36.750] [jointLog] [warning] read bc84e95a-4407-4937-a518-2b4bcc62272d (length 5673 - align length 5629) has no trained error model
[2025-07-09 17:00:36.750] [jointLog] [warning] read bc84e95a-4407-4937-a518-2b4bcc62272d (length 5673) has no trained clipping model
[2025-07-09 17:00:36.750] [jointLog] [warning] read bc84e95a-4407-4937-a518-2b4bcc62272d (length 5673) has no trained clipping model
[2025-07-09 17:00:36.750] [jointLog] [warning] read 1d06f7dc-8446-4efa-8a39-23c7da8db101 (length 3523) has no trained clipping model
[2025-07-09 17:00:36.752] [jointLog] [warning] read e261cf46-dc88-440b-b019-5bae260bf221 (length 4778 - align length 4705) has no trained error model
[2025-07-09 17:00:36.752] [jointLog] [warning] read e261cf46-dc88-440b-b019-5bae260bf221 (length 4778) has no trained clipping model
[2025-07-09 17:00:36.752] [jointLog] [warning] read e261cf46-dc88-440b-b019-5bae260bf221 (length 4778) has no trained clipping model
[2025-07-09 17:00:36.752] [jointLog] [warning] read c64c586d-97e2-4945-81e3-8a1bfaf3fcdd (length 4119) has no trained clipping model
[2025-07-09 17:00:36.752] [jointLog] [warning] read a0e2d2ab-29b8-4b7a-86f8-0afec00192a4 (length 4739 - align length 4664) has no trained error model
[2025-07-09 17:00:36.753] [jointLog] [warning] read ab9ab298-9d95-4c88-b24b-2e8aa150b877 (length 3954) has no trained clipping model
[2025-07-09 17:00:36.753] [jointLog] [warning] read f2dbd0bb-622d-4da8-af89-ab1aea05cf80 (length 4366 - align length 4222) has no trained error model
[2025-07-09 17:00:36.753] [jointLog] [warning] read f2dbd0bb-622d-4da8-af89-ab1aea05cf80 (length 4366) has no trained clipping model
[2025-07-09 17:00:36.753] [jointLog] [warning] read f2dbd0bb-622d-4da8-af89-ab1aea05cf80 (length 4366) has no trained clipping model
[2025-07-09 17:00:36.753] [jointLog] [warning] read 7906a858-8d41-4df9-b813-0423270fe4ca (length 3470) has no trained clipping model
[2025-07-09 17:00:36.754] [jointLog] [warning] read 3ecc03fe-a248-4ec6-a2ec-a9a8eed35eee (length 4661 - align length 4653) has no trained error model
[2025-07-09 17:00:36.754] [jointLog] [warning] read 3ecc03fe-a248-4ec6-a2ec-a9a8eed35eee (length 4661) has no trained clipping model
[2025-07-09 17:00:36.754] [jointLog] [warning] read 3ecc03fe-a248-4ec6-a2ec-a9a8eed35eee (length 4661) has no trained clipping model
[2025-07-09 17:00:36.755] [jointLog] [warning] read bb103f84-5864-4e00-a60f-f4ff547a4930 (length 5747 - align length 5747) has no trained error model
[2025-07-09 17:00:36.755] [jointLog] [warning] read bb103f84-5864-4e00-a60f-f4ff547a4930 (length 5747) has no trained clipping model
[2025-07-09 17:00:36.755] [jointLog] [warning] read bb103f84-5864-4e00-a60f-f4ff547a4930 (length 5747) has no trained clipping model
[2025-07-09 17:00:36.755] [jointLog] [warning] read abdfc687-a200-4287-a995-09a936c4e673 (length 3994) has no trained clipping model
[2025-07-09 17:00:36.757] [jointLog] [warning] read 23685a8f-5ae6-4bed-92df-0ff1cbacfea5 (length 3561) has no trained clipping model
[2025-07-09 17:00:36.757] [jointLog] [warning] read bdb2671b-a92c-4ae0-be2a-fcd52e291664 (length 5550 - align length 5523) has no trained error model
[2025-07-09 17:00:36.757] [jointLog] [warning] read bdb2671b-a92c-4ae0-be2a-fcd52e291664 (length 5550) has no trained clipping model
[2025-07-09 17:00:36.757] [jointLog] [warning] read bdb2671b-a92c-4ae0-be2a-fcd52e291664 (length 5550) has no trained clipping model
[2025-07-09 17:00:36.758] [jointLog] [warning] read 45200bfb-c7fa-4442-88ed-4632f040e8a5 (length 4208) has no trained clipping model
[2025-07-09 17:00:36.759] [jointLog] [warning] read baafe700-172a-483a-82f8-aac1decbbe52 (length 4097 - align length 3809) has no trained error model
[2025-07-09 17:00:36.762] [jointLog] [warning] read 961493b0-5ca5-4f79-9464-3c2c05adb6a6 (length 4375) has no trained clipping model
[2025-07-09 17:00:36.762] [jointLog] [warning] read 27b63296-c0c8-4002-80dc-cb7112479c36 (length 3579) has no trained clipping model
[2025-07-09 17:00:36.764] [jointLog] [warning] read 4a17ca7c-959f-4f08-8f75-f982af146b68 (length 4350 - align length 4304) has no trained error model
[2025-07-09 17:00:36.765] [jointLog] [warning] read 9f509f4f-d873-41f5-b573-a4566f3a5082 (length 4802) has no trained clipping model
[2025-07-09 17:00:36.765] [jointLog] [warning] read 63d45e5d-83f6-461b-abe5-b8539fa62a7e (length 7019 - align length 6979) has no trained error model
[2025-07-09 17:00:36.765] [jointLog] [warning] read 63d45e5d-83f6-461b-abe5-b8539fa62a7e (length 7019) has no trained clipping model
[2025-07-09 17:00:36.765] [jointLog] [warning] read 63d45e5d-83f6-461b-abe5-b8539fa62a7e (length 7019) has no trained clipping model
[2025-07-09 17:00:36.766] [jointLog] [warning] read 1fd6dd3f-86b0-4bba-9bf0-ea2ee62b7c48 (length 3972) has no trained clipping model
[2025-07-09 17:00:36.768] [jointLog] [warning] read 45056749-510f-4cb4-9ff9-0547fe187cd9 (length 5109) has no trained clipping model
[2025-07-09 17:00:36.769] [jointLog] [warning] read fe23287f-4f1a-44ce-a11d-838254989b20 (length 4871) has no trained clipping model
[2025-07-09 17:00:36.770] [jointLog] [warning] read 8814000c-0e6a-4406-b6e4-ac728db9bcb3 (length 3830 - align length 3812) has no trained error model
[2025-07-09 17:00:36.771] [jointLog] [warning] read 774959f3-7932-46fb-b324-765d674b3ae2 (length 7405 - align length 7383) has no trained error model
[2025-07-09 17:00:36.771] [jointLog] [warning] read 774959f3-7932-46fb-b324-765d674b3ae2 (length 7405) has no trained clipping model
[2025-07-09 17:00:36.771] [jointLog] [warning] read 774959f3-7932-46fb-b324-765d674b3ae2 (length 7405) has no trained clipping model
[2025-07-09 17:00:36.772] [jointLog] [warning] read 604f1c59-da0a-45ed-8dec-adb946671b99 (length 5916 - align length 1588) has no trained error model
[2025-07-09 17:00:36.772] [jointLog] [warning] read 604f1c59-da0a-45ed-8dec-adb946671b99 (length 5916) has no trained clipping model
[2025-07-09 17:00:36.772] [jointLog] [warning] read 604f1c59-da0a-45ed-8dec-adb946671b99 (length 5916) has no trained clipping model
[2025-07-09 17:00:36.772] [jointLog] [warning] read f0a8598d-4da7-4dc5-9853-6c76b2663377 (length 5298 - align length 5223) has no trained error model
[2025-07-09 17:00:36.772] [jointLog] [warning] read 9f183281-3116-454d-8590-2be6cbbce346 (length 5697) has no trained clipping model
[2025-07-09 17:00:36.773] [jointLog] [warning] read 3cf7653d-599a-4b21-a1ba-fbb216d35fb2 (length 4991 - align length 4971) has no trained error model
[2025-07-09 17:00:36.773] [jointLog] [warning] read 3cf7653d-599a-4b21-a1ba-fbb216d35fb2 (length 4991) has no trained clipping model
[2025-07-09 17:00:36.773] [jointLog] [warning] read 3cf7653d-599a-4b21-a1ba-fbb216d35fb2 (length 4991) has no trained clipping model
[2025-07-09 17:00:36.782] [jointLog] [warning] read 2dfd1b08-74b2-4f62-b099-e47e7d7414be (length 4594 - align length 4508) has no trained error model
[2025-07-09 17:00:36.785] [jointLog] [warning] read 5dc2eda8-2071-4cc1-862f-3bfd03d71c47 (length 5368 - align length 5357) has no trained error model
[2025-07-09 17:00:36.785] [jointLog] [warning] read 5dc2eda8-2071-4cc1-862f-3bfd03d71c47 (length 5368) has no trained clipping model
[2025-07-09 17:00:36.785] [jointLog] [warning] read 5dc2eda8-2071-4cc1-862f-3bfd03d71c47 (length 5368) has no trained clipping model
[2025-07-09 17:00:36.797] [jointLog] [warning] (in update()) CIGAR string for read [1afed6e4-94cb-4159-bcc5-9f671739bd60] seems inconsistent. It implied an error rate greater than 1: 1.34046 0 0.0237996
[2025-07-09 17:00:36.798] [jointLog] [warning] read 9dcb8148-3b6a-4ab7-94f8-eb93c54d2462 (length 6550 - align length 6474) has no trained error model
[2025-07-09 17:00:36.798] [jointLog] [warning] read 9dcb8148-3b6a-4ab7-94f8-eb93c54d2462 (length 6550) has no trained clipping model
[2025-07-09 17:00:36.798] [jointLog] [warning] read 9dcb8148-3b6a-4ab7-94f8-eb93c54d2462 (length 6550) has no trained clipping model
[2025-07-09 17:00:36.799] [jointLog] [warning] read 8c64ae39-ed19-43a4-8fec-9c0d0e254882 (length 6644 - align length 6563) has no trained error model
[2025-07-09 17:00:36.799] [jointLog] [warning] read 8c64ae39-ed19-43a4-8fec-9c0d0e254882 (length 6644) has no trained clipping model
[2025-07-09 17:00:36.799] [jointLog] [warning] read 8c64ae39-ed19-43a4-8fec-9c0d0e254882 (length 6644) has no trained clipping model
[2025-07-09 17:00:36.799] [jointLog] [warning] read 95b8d44b-ba73-49ed-9076-8b3eba8f8cff (length 5604) has no trained clipping model
[2025-07-09 17:00:36.804] [jointLog] [warning] read 6c1955e8-24fb-4249-8c9c-2f30b3361713 (length 5118) has no trained clipping model
[2025-07-09 17:00:36.815] [jointLog] [warning] read 96f4db5d-3673-45fa-ba9d-7904c5b51e1a (length 5532) has no trained clipping model
[2025-07-09 17:00:36.817] [jointLog] [warning] read 109d01d9-667b-4079-aa76-b1e9cf9d4e5c (length 6176 - align length 6165) has no trained error model
[2025-07-09 17:00:36.817] [jointLog] [warning] read 109d01d9-667b-4079-aa76-b1e9cf9d4e5c (length 6176) has no trained clipping model
[2025-07-09 17:00:36.817] [jointLog] [warning] read 109d01d9-667b-4079-aa76-b1e9cf9d4e5c (length 6176) has no trained clipping model
[2025-07-09 17:00:36.819] [jointLog] [warning] read 26da29e1-5e18-46ed-abc8-d43ae4d17c9d (length 6468 - align length 6406) has no trained error model
[2025-07-09 17:00:36.819] [jointLog] [warning] read 26da29e1-5e18-46ed-abc8-d43ae4d17c9d (length 6468) has no trained clipping model
[2025-07-09 17:00:36.819] [jointLog] [warning] read 26da29e1-5e18-46ed-abc8-d43ae4d17c9d (length 6468) has no trained clipping model
[2025-07-09 17:00:36.822] [jointLog] [warning] read 33a032c9-6758-43b2-900e-2e9c970d3c8d (length 5689) has no trained clipping model
[2025-07-09 17:00:36.824] [jointLog] [warning] read e6c6b4f7-b42d-4b73-9b68-2a8388ad0456 (length 10495 - align length 10360) has no trained error model
[2025-07-09 17:00:36.824] [jointLog] [warning] read e6c6b4f7-b42d-4b73-9b68-2a8388ad0456 (length 10495) has no trained clipping model
[2025-07-09 17:00:36.824] [jointLog] [warning] read e6c6b4f7-b42d-4b73-9b68-2a8388ad0456 (length 10495) has no trained clipping model
[2025-07-09 17:00:36.824] [jointLog] [info] Automatically detected most likely library type as SF

[2025-07-09 17:00:36.826] [jointLog] [warning] read de82b1c0-79ba-46be-a00a-775d97fa7249 (length 5552 - align length 5463) has no trained error model
[2025-07-09 17:00:36.829] [jointLog] [warning] read 867eb960-823e-411f-ad5d-3a69b8cf3b32 (length 7697 - align length 7630) has no trained error model
[2025-07-09 17:00:36.829] [jointLog] [warning] read 867eb960-823e-411f-ad5d-3a69b8cf3b32 (length 7697) has no trained clipping model
[2025-07-09 17:00:36.829] [jointLog] [warning] read 867eb960-823e-411f-ad5d-3a69b8cf3b32 (length 7697) has no trained clipping model
[2025-07-09 17:00:36.837] [jointLog] [warning] read 362ea942-87d4-4645-90de-87a4009b4b4d (length 4819) has no trained clipping model
[2025-07-09 17:00:36.838] [jointLog] [warning] read a4d1f061-bb3d-4b8d-b8ae-a1caea1e6dfa (length 7167 - align length 4598) has no trained error model
[2025-07-09 17:00:36.838] [jointLog] [warning] read a4d1f061-bb3d-4b8d-b8ae-a1caea1e6dfa (length 7167) has no trained clipping model
[2025-07-09 17:00:36.838] [jointLog] [warning] read a4d1f061-bb3d-4b8d-b8ae-a1caea1e6dfa (length 7167) has no trained clipping model
[2025-07-09 17:00:36.840] [jointLog] [warning] read 63c95442-040d-4cf8-8ddf-eb830207f3d5 (length 5374) has no trained clipping model
[2025-07-09 17:00:36.846] [jointLog] [warning] read cd23701a-4a38-4e57-8c4e-9f355968e4db (length 5420 - align length 5298) has no trained error model
[2025-07-09 17:00:36.846] [jointLog] [warning] read cd23701a-4a38-4e57-8c4e-9f355968e4db (length 5420) has no trained clipping model
[2025-07-09 17:00:36.846] [jointLog] [warning] read cd23701a-4a38-4e57-8c4e-9f355968e4db (length 5420) has no trained clipping model
[2025-07-09 17:00:36.873] [jointLog] [warning] read 26e64630-d3a5-4643-9862-346bee2dc682 (length 9494 - align length 7281) has no trained error model
[2025-07-09 17:00:36.873] [jointLog] [warning] read 26e64630-d3a5-4643-9862-346bee2dc682 (length 9494) has no trained clipping model
[2025-07-09 17:00:36.873] [jointLog] [warning] read 26e64630-d3a5-4643-9862-346bee2dc682 (length 9494) has no trained clipping model
[2025-07-09 17:00:36.876] [jointLog] [warning] (in update()) CIGAR string for read [380ef4f2-243b-43a0-b287-f1b221ca2e5c] seems inconsistent. It implied an error rate greater than 1: 1.29343 0 0.0172166
[2025-07-09 17:00:36.892] [jointLog] [warning] read 7a6f998f-1605-4313-be79-d3b02a288f5e (length 7801 - align length 7551) has no trained error model
[2025-07-09 17:00:36.892] [jointLog] [warning] read 7a6f998f-1605-4313-be79-d3b02a288f5e (length 7801) has no trained clipping model
[2025-07-09 17:00:36.892] [jointLog] [warning] read 7a6f998f-1605-4313-be79-d3b02a288f5e (length 7801) has no trained clipping model
[2025-07-09 17:00:36.899] [jointLog] [warning] read 55a5f37d-40f1-49c9-b68d-c981faa50d0e (length 5749) has no trained clipping model
[2025-07-09 17:00:36.899] [jointLog] [warning] read 55a5f37d-40f1-49c9-b68d-c981faa50d0e (length 5749) has no trained clipping model
[2025-07-09 17:00:36.912] [jointLog] [warning] read 181e607a-cc51-4b40-b878-fc710946f84d (length 6017 - align length 5932) has no trained error model
[2025-07-09 17:00:36.934] [jointLog] [warning] read 0968960b-c8de-4706-a1dc-1dc7c69e30b3 (length 6109 - align length 6078) has no trained error model
[2025-07-09 17:00:36.934] [jointLog] [warning] read 0968960b-c8de-4706-a1dc-1dc7c69e30b3 (length 6109) has no trained clipping model
[2025-07-09 17:00:36.943] [jointLog] [warning] read eb415bf5-2399-4d6c-a058-a8bc5485dfc5 (length 7258 - align length 7175) has no trained error model
[2025-07-09 17:00:36.943] [jointLog] [warning] read eb415bf5-2399-4d6c-a058-a8bc5485dfc5 (length 7258) has no trained clipping model
[2025-07-09 17:00:36.943] [jointLog] [warning] read eb415bf5-2399-4d6c-a058-a8bc5485dfc5 (length 7258) has no trained clipping model
[2025-07-09 17:00:36.978] [jointLog] [warning] read 32fab5d3-afef-4f11-a353-7e1be34c0a79 (length 5705) has no trained clipping model
[2025-07-09 17:00:37.000] [jointLog] [warning] read e26739fa-0666-4285-bba9-c33da17a7692 (length 6226 - align length 6169) has no trained error model
[2025-07-09 17:00:37.000] [jointLog] [warning] read e26739fa-0666-4285-bba9-c33da17a7692 (length 6226) has no trained clipping model
[2025-07-09 17:00:37.000] [jointLog] [warning] read e26739fa-0666-4285-bba9-c33da17a7692 (length 6226) has no trained clipping model
[2025-07-09 17:00:37.011] [jointLog] [warning] read db5f7062-d8ce-4b63-af19-5d962d1c52ca (length 5904) has no trained clipping model
[2025-07-09 17:00:36.733] [fileLog] [info] quantification processed 0 fragments so far

[2025-07-09 17:00:37.023] [jointLog] [warning] read eda5d76a-46ab-4473-96fa-37a8d3aff699 (length 6574) has no trained clipping model
[2025-07-09 17:00:37.025] [jointLog] [warning] read 74af8af0-a1d2-481a-8493-16e38954f5f1 (length 6119) has no trained clipping model
[2025-07-09 17:00:37.027] [jointLog] [warning] read c043c906-0269-42df-af84-d48fe8766192 (length 7507 - align length 7414) has no trained error model
[2025-07-09 17:00:37.027] [jointLog] [warning] read c043c906-0269-42df-af84-d48fe8766192 (length 7507) has no trained clipping model
[2025-07-09 17:00:37.027] [jointLog] [warning] read c043c906-0269-42df-af84-d48fe8766192 (length 7507) has no trained clipping model
[2025-07-09 17:00:37.037] [jointLog] [warning] read 70858746-f281-4f45-bb86-884ea9c2d1ee (length 5666) has no trained clipping model
[2025-07-09 17:00:37.076] [jointLog] [warning] read 3c34f51a-ab5c-45ab-b6f4-df49a16ff91b (length 7339 - align length 7280) has no trained error model
[2025-07-09 17:00:37.076] [jointLog] [warning] read 3c34f51a-ab5c-45ab-b6f4-df49a16ff91b (length 7339) has no trained clipping model
[2025-07-09 17:00:37.076] [jointLog] [warning] read 3c34f51a-ab5c-45ab-b6f4-df49a16ff91b (length 7339) has no trained clipping model
[2025-07-09 17:00:37.103] [jointLog] [warning] read 4343267e-016a-47c1-b1ec-0f11c5ed7969 (length 5889 - align length 5725) has no trained error model
[2025-07-09 17:00:37.103] [jointLog] [warning] read 4343267e-016a-47c1-b1ec-0f11c5ed7969 (length 5889) has no trained clipping model
[2025-07-09 17:00:37.103] [jointLog] [warning] read 4343267e-016a-47c1-b1ec-0f11c5ed7969 (length 5889) has no trained clipping model
[2025-07-09 17:00:37.187] [jointLog] [warning] read 42e926f1-bfdb-486c-ba8e-c9b2869f1812 (length 8458 - align length 8358) has no trained error model
[2025-07-09 17:00:37.187] [jointLog] [warning] read 42e926f1-bfdb-486c-ba8e-c9b2869f1812 (length 8458) has no trained clipping model
[2025-07-09 17:00:37.187] [jointLog] [warning] read 42e926f1-bfdb-486c-ba8e-c9b2869f1812 (length 8458) has no trained clipping model
[2025-07-09 17:00:37.201] [jointLog] [warning] read d1bb16c4-9e23-4f3f-9571-2f9ca0577555 (length 6343 - align length 6336) has no trained error model
[2025-07-09 17:00:37.201] [jointLog] [warning] read d1bb16c4-9e23-4f3f-9571-2f9ca0577555 (length 6343) has no trained clipping model
[2025-07-09 17:00:37.201] [jointLog] [warning] read d1bb16c4-9e23-4f3f-9571-2f9ca0577555 (length 6343) has no trained clipping model
[2025-07-09 17:00:37.218] [jointLog] [warning] read 18b7fd5b-3ea3-4932-9dcd-2e4b74d69412 (length 7793 - align length 7716) has no trained error model
[2025-07-09 17:00:37.218] [jointLog] [warning] read 18b7fd5b-3ea3-4932-9dcd-2e4b74d69412 (length 7793) has no trained clipping model
[2025-07-09 17:00:37.218] [jointLog] [warning] read 18b7fd5b-3ea3-4932-9dcd-2e4b74d69412 (length 7793) has no trained clipping model
[2025-07-09 17:00:37.231] [jointLog] [warning] read ec2bfa9a-c510-4a50-a6b2-ae8bea96ce84 (length 9186 - align length 8819) has no trained error model
[2025-07-09 17:00:37.231] [jointLog] [warning] read ec2bfa9a-c510-4a50-a6b2-ae8bea96ce84 (length 9186) has no trained clipping model
[2025-07-09 17:00:37.231] [jointLog] [warning] read ec2bfa9a-c510-4a50-a6b2-ae8bea96ce84 (length 9186) has no trained clipping model
[2025-07-09 17:00:37.241] [jointLog] [warning] read a9ec8091-7fe7-41e6-b4e9-03faad48eda4 (length 6232) has no trained clipping model
[2025-07-09 17:00:37.302] [jointLog] [warning] read 024ddd8f-1a41-488e-be6b-d80212ba96b9 (length 6316 - align length 6286) has no trained error model
[2025-07-09 17:00:37.321] [jointLog] [warning] read 99e80e19-e6ff-4e8e-a7fa-9273f10eec9a (length 7117 - align length 6645) has no trained error model
[2025-07-09 17:00:37.392] [jointLog] [warning] read 220e576c-97d0-415b-9408-c92453ddeb6b (length 6240) has no trained clipping model
[2025-07-09 17:00:37.455] [jointLog] [warning] read 829eb4e0-11cf-46d8-8b34-295d718a6a72 (length 7109 - align length 7068) has no trained error model
[2025-07-09 17:00:37.464] [jointLog] [warning] (in update()) CIGAR string for read [bb895d8f-7242-43af-9b2b-4903716e58e6] seems inconsistent. It implied an error rate greater than 1: 1.04088 0 0
[2025-07-09 17:00:37.467] [jointLog] [warning] read 5d20fae6-6fd1-4725-9e28-9c7e63ff9735 (length 8360 - align length 8360) has no trained error model
[2025-07-09 17:00:37.467] [jointLog] [warning] read 5d20fae6-6fd1-4725-9e28-9c7e63ff9735 (length 8360) has no trained clipping model
[2025-07-09 17:00:37.467] [jointLog] [warning] read 5d20fae6-6fd1-4725-9e28-9c7e63ff9735 (length 8360) has no trained clipping model
[2025-07-09 17:00:37.480] [jointLog] [warning] read 0e60e188-a584-4ed3-8b30-c586d8ed2070 (length 8723 - align length 8692) has no trained error model
[2025-07-09 17:00:37.480] [jointLog] [warning] read 0e60e188-a584-4ed3-8b30-c586d8ed2070 (length 8723) has no trained clipping model
[2025-07-09 17:00:37.480] [jointLog] [warning] read 0e60e188-a584-4ed3-8b30-c586d8ed2070 (length 8723) has no trained clipping model
[2025-07-09 17:00:37.492] [jointLog] [warning] read 7e1b4631-bada-4d31-a1c8-82186c099d08 (length 6146) has no trained clipping model
[2025-07-09 17:00:37.512] [jointLog] [warning] read 0731555c-db9e-4340-ae40-d734f699c09b (length 8695 - align length 8574) has no trained error model
[2025-07-09 17:00:37.512] [jointLog] [warning] read 0731555c-db9e-4340-ae40-d734f699c09b (length 8695) has no trained clipping model
[2025-07-09 17:00:37.512] [jointLog] [warning] read 0731555c-db9e-4340-ae40-d734f699c09b (length 8695) has no trained clipping model
[2025-07-09 17:00:37.534] [jointLog] [warning] read 51d156b7-be17-4fe7-bea6-db8f044e1478 (length 7926 - align length 7861) has no trained error model
[2025-07-09 17:00:37.534] [jointLog] [warning] read 51d156b7-be17-4fe7-bea6-db8f044e1478 (length 7926) has no trained clipping model
[2025-07-09 17:00:37.534] [jointLog] [warning] read 51d156b7-be17-4fe7-bea6-db8f044e1478 (length 7926) has no trained clipping model
[2025-07-09 17:00:37.546] [jointLog] [warning] read 49cadc1b-8a23-456d-bfa4-879c35ecae10 (length 8085 - align length 8006) has no trained error model
[2025-07-09 17:00:37.585] [jointLog] [warning] read d6e8c2f7-da3d-4473-bbae-137d55bd8131 (length 6909 - align length 6868) has no trained error model
[2025-07-09 17:00:37.585] [jointLog] [warning] read d6e8c2f7-da3d-4473-bbae-137d55bd8131 (length 6909) has no trained clipping model
[2025-07-09 17:00:37.585] [jointLog] [warning] read d6e8c2f7-da3d-4473-bbae-137d55bd8131 (length 6909) has no trained clipping model
[2025-07-09 17:00:37.614] [jointLog] [warning] read b99cc4c6-176c-4640-8cc0-20a35f50a9de (length 9761 - align length 9700) has no trained error model
[2025-07-09 17:00:37.614] [jointLog] [warning] read b99cc4c6-176c-4640-8cc0-20a35f50a9de (length 9761) has no trained clipping model
[2025-07-09 17:00:37.614] [jointLog] [warning] read b99cc4c6-176c-4640-8cc0-20a35f50a9de (length 9761) has no trained clipping model
[2025-07-09 17:00:37.628] [jointLog] [warning] read f1946718-9154-4090-b4f9-6ae153be52df (length 6141) has no trained clipping model
[2025-07-09 17:00:37.648] [jointLog] [warning] read eecf9fdf-45b6-44c3-907a-bc602caa3fb6 (length 6776 - align length 6578) has no trained error model
[2025-07-09 17:00:37.648] [jointLog] [warning] read eecf9fdf-45b6-44c3-907a-bc602caa3fb6 (length 6776) has no trained clipping model
[2025-07-09 17:00:37.648] [jointLog] [warning] read eecf9fdf-45b6-44c3-907a-bc602caa3fb6 (length 6776) has no trained clipping model
[2025-07-09 17:00:37.673] [jointLog] [warning] read 69a70196-b56d-402c-88ae-5eaed0142e39 (length 8315 - align length 8244) has no trained error model
[2025-07-09 17:00:37.673] [jointLog] [warning] read 69a70196-b56d-402c-88ae-5eaed0142e39 (length 8315) has no trained clipping model
[2025-07-09 17:00:37.673] [jointLog] [warning] read 69a70196-b56d-402c-88ae-5eaed0142e39 (length 8315) has no trained clipping model
[2025-07-09 17:00:37.800] [jointLog] [warning] read 931b8b18-ca37-4523-abb1-a70269808796 (length 43116 - align length 306) has no trained error model
[2025-07-09 17:00:37.800] [jointLog] [warning] read 931b8b18-ca37-4523-abb1-a70269808796 (length 43116) has no trained clipping model
[2025-07-09 17:00:37.800] [jointLog] [warning] read 931b8b18-ca37-4523-abb1-a70269808796 (length 43116) has no trained clipping model
[2025-07-09 17:00:37.800] [jointLog] [warning] read 80b04218-e2f3-45c0-ae99-bf318d2261c4 (length 15544 - align length 358) has no trained error model
[2025-07-09 17:00:37.800] [jointLog] [warning] read 80b04218-e2f3-45c0-ae99-bf318d2261c4 (length 15544) has no trained clipping model
[2025-07-09 17:00:37.800] [jointLog] [warning] read 80b04218-e2f3-45c0-ae99-bf318d2261c4 (length 15544) has no trained clipping model
[2025-07-09 17:00:37.801] [jointLog] [warning] read df491f91-e9b5-4bba-b14d-99ae1d8a33fa (length 25232 - align length 1278) has no trained error model
[2025-07-09 17:00:37.801] [jointLog] [warning] read df491f91-e9b5-4bba-b14d-99ae1d8a33fa (length 25232) has no trained clipping model
[2025-07-09 17:00:37.801] [jointLog] [warning] read df491f91-e9b5-4bba-b14d-99ae1d8a33fa (length 25232) has no trained clipping model
[2025-07-09 17:00:37.801] [jointLog] [warning] read 1ae4d421-bb06-47f0-9b43-15ea41d2573f (length 13503 - align length 1934) has no trained error model
[2025-07-09 17:00:37.801] [jointLog] [warning] read 1ae4d421-bb06-47f0-9b43-15ea41d2573f (length 13503) has no trained clipping model
[2025-07-09 17:00:37.801] [jointLog] [warning] read 1ae4d421-bb06-47f0-9b43-15ea41d2573f (length 13503) has no trained clipping model
[2025-07-09 17:00:37.802] [jointLog] [warning] read ad0bf365-1742-4105-9ee1-9dbe79b37bf2 (length 19459 - align length 5792) has no trained error model
[2025-07-09 17:00:37.802] [jointLog] [warning] read ad0bf365-1742-4105-9ee1-9dbe79b37bf2 (length 19459) has no trained clipping model
[2025-07-09 17:00:37.802] [jointLog] [warning] read ad0bf365-1742-4105-9ee1-9dbe79b37bf2 (length 19459) has no trained clipping model
[2025-07-09 17:00:37.802] [jointLog] [warning] read 74d1eb3f-9f3d-4d57-bfd7-39015636bd8c (length 11963 - align length 89) has no trained error model
[2025-07-09 17:00:37.802] [jointLog] [warning] read 74d1eb3f-9f3d-4d57-bfd7-39015636bd8c (length 11963) has no trained clipping model
[2025-07-09 17:00:37.802] [jointLog] [warning] read 74d1eb3f-9f3d-4d57-bfd7-39015636bd8c (length 11963) has no trained clipping model
[2025-07-09 17:00:37.802] [jointLog] [warning] read b6367673-9304-4ee8-82d4-2cd41b54c37d (length 22969 - align length 439) has no trained error model
[2025-07-09 17:00:37.802] [jointLog] [warning] read b6367673-9304-4ee8-82d4-2cd41b54c37d (length 22969) has no trained clipping model
[2025-07-09 17:00:37.802] [jointLog] [warning] read b6367673-9304-4ee8-82d4-2cd41b54c37d (length 22969) has no trained clipping model
[2025-07-09 17:00:37.802] [jointLog] [warning] read 44842bd4-56e0-4fe9-a50a-a19e5028a1ae (length 53253 - align length 132) has no trained error model
[2025-07-09 17:00:37.802] [jointLog] [warning] read 44842bd4-56e0-4fe9-a50a-a19e5028a1ae (length 53253) has no trained clipping model
[2025-07-09 17:00:37.802] [jointLog] [warning] read 44842bd4-56e0-4fe9-a50a-a19e5028a1ae (length 53253) has no trained clipping model
[2025-07-09 17:00:37.802] [jointLog] [warning] read 1d5093f7-234a-4233-b557-5b61f4367260 (length 15728 - align length 188) has no trained error model
[2025-07-09 17:00:37.802] [jointLog] [warning] read 1d5093f7-234a-4233-b557-5b61f4367260 (length 15728) has no trained clipping model
[2025-07-09 17:00:37.802] [jointLog] [warning] read 1d5093f7-234a-4233-b557-5b61f4367260 (length 15728) has no trained clipping model
[2025-07-09 17:00:37.802] [jointLog] [warning] read 2337ff9d-e1b7-4078-8e47-1f48402f38da (length 22350 - align length 81) has no trained error model
[2025-07-09 17:00:37.802] [jointLog] [warning] read 2337ff9d-e1b7-4078-8e47-1f48402f38da (length 22350) has no trained clipping model
[2025-07-09 17:00:37.802] [jointLog] [warning] read 2337ff9d-e1b7-4078-8e47-1f48402f38da (length 22350) has no trained clipping model
[2025-07-09 17:00:37.802] [jointLog] [warning] read 6decc572-fd24-4960-8b44-5527f091de98 (length 23237 - align length 85) has no trained error model
[2025-07-09 17:00:37.802] [jointLog] [warning] read 6decc572-fd24-4960-8b44-5527f091de98 (length 23237) has no trained clipping model
[2025-07-09 17:00:37.802] [jointLog] [warning] read 6decc572-fd24-4960-8b44-5527f091de98 (length 23237) has no trained clipping model
[2025-07-09 17:00:37.802] [jointLog] [warning] read 00dae066-71e9-4206-9425-a63f79481f40 (length 26812 - align length 1382) has no trained error model
[2025-07-09 17:00:37.802] [jointLog] [warning] read 00dae066-71e9-4206-9425-a63f79481f40 (length 26812) has no trained clipping model
[2025-07-09 17:00:37.802] [jointLog] [warning] read 00dae066-71e9-4206-9425-a63f79481f40 (length 26812) has no trained clipping model
[2025-07-09 17:00:37.802] [jointLog] [warning] read 1f17ae75-af28-4370-9ad4-568fab382a9b (length 10366 - align length 192) has no trained error model
[2025-07-09 17:00:37.802] [jointLog] [warning] read 1f17ae75-af28-4370-9ad4-568fab382a9b (length 10366) has no trained clipping model
[2025-07-09 17:00:37.802] [jointLog] [warning] read 1f17ae75-af28-4370-9ad4-568fab382a9b (length 10366) has no trained clipping model
[2025-07-09 17:00:37.802] [jointLog] [warning] read 12dd0fc3-2168-4ae2-be09-61b7f4f9243d (length 16418 - align length 1677) has no trained error model
[2025-07-09 17:00:37.802] [jointLog] [warning] read 12dd0fc3-2168-4ae2-be09-61b7f4f9243d (length 16418) has no trained clipping model
[2025-07-09 17:00:37.802] [jointLog] [warning] read 12dd0fc3-2168-4ae2-be09-61b7f4f9243d (length 16418) has no trained clipping model
[2025-07-09 17:00:37.802] [jointLog] [warning] read 4a41fe34-ee0a-44ce-80db-b9f68a60806c (length 11248 - align length 79) has no trained error model
[2025-07-09 17:00:37.802] [jointLog] [warning] read 4a41fe34-ee0a-44ce-80db-b9f68a60806c (length 11248) has no trained clipping model
[2025-07-09 17:00:37.802] [jointLog] [warning] read 4a41fe34-ee0a-44ce-80db-b9f68a60806c (length 11248) has no trained clipping model
[2025-07-09 17:00:37.802] [jointLog] [warning] read 97af54eb-4c81-4634-8aa2-ad8f108f2b49 (length 39501 - align length 434) has no trained error model
[2025-07-09 17:00:37.802] [jointLog] [warning] read 97af54eb-4c81-4634-8aa2-ad8f108f2b49 (length 39501) has no trained clipping model
[2025-07-09 17:00:37.802] [jointLog] [warning] read 97af54eb-4c81-4634-8aa2-ad8f108f2b49 (length 39501) has no trained clipping model
[2025-07-09 17:00:37.802] [jointLog] [warning] read bc7a25ea-44a8-41f4-aedb-e4a97e602f68 (length 9233 - align length 107) has no trained error model
[2025-07-09 17:00:37.802] [jointLog] [warning] read bc7a25ea-44a8-41f4-aedb-e4a97e602f68 (length 9233) has no trained clipping model
[2025-07-09 17:00:37.802] [jointLog] [warning] read bc7a25ea-44a8-41f4-aedb-e4a97e602f68 (length 9233) has no trained clipping model
[2025-07-09 17:00:37.802] [jointLog] [warning] read 2f6a5045-25d1-4cee-9d3c-7a7d85ef6bed (length 11766 - align length 1071) has no trained error model
[2025-07-09 17:00:37.802] [jointLog] [warning] read 2f6a5045-25d1-4cee-9d3c-7a7d85ef6bed (length 11766) has no trained clipping model
[2025-07-09 17:00:37.802] [jointLog] [warning] read 2f6a5045-25d1-4cee-9d3c-7a7d85ef6bed (length 11766) has no trained clipping model
[2025-07-09 17:00:37.802] [jointLog] [warning] read e56b2a88-76d5-444d-b8c5-fdffdad9d83c (length 30242 - align length 135) has no trained error model
[2025-07-09 17:00:37.802] [jointLog] [warning] read e56b2a88-76d5-444d-b8c5-fdffdad9d83c (length 30242) has no trained clipping model
[2025-07-09 17:00:37.802] [jointLog] [warning] read e56b2a88-76d5-444d-b8c5-fdffdad9d83c (length 30242) has no trained clipping model
[2025-07-09 17:00:37.802] [jointLog] [warning] read ad0e1adb-4edf-4d4e-9259-09f9dcb278b9 (length 17037 - align length 614) has no trained error model
[2025-07-09 17:00:37.802] [jointLog] [warning] read ad0e1adb-4edf-4d4e-9259-09f9dcb278b9 (length 17037) has no trained clipping model
[2025-07-09 17:00:37.802] [jointLog] [warning] read ad0e1adb-4edf-4d4e-9259-09f9dcb278b9 (length 17037) has no trained clipping model
[2025-07-09 17:00:37.802] [jointLog] [warning] read 321c1132-5888-4bde-96ac-42dad521b220 (length 10473) has no trained clipping model
[2025-07-09 17:00:37.802] [jointLog] [warning] read 8ef59b60-4821-4e8a-924e-6eac458cc301 (length 9954 - align length 522) has no trained error model
[2025-07-09 17:00:37.802] [jointLog] [warning] read 8ef59b60-4821-4e8a-924e-6eac458cc301 (length 9954) has no trained clipping model
[2025-07-09 17:00:37.802] [jointLog] [warning] read 8ef59b60-4821-4e8a-924e-6eac458cc301 (length 9954) has no trained clipping model
[2025-07-09 17:00:37.802] [jointLog] [warning] read 337f6b6a-7fa7-4be1-ac20-f450303d59ee (length 12296 - align length 303) has no trained error model
[2025-07-09 17:00:37.802] [jointLog] [warning] read 337f6b6a-7fa7-4be1-ac20-f450303d59ee (length 12296) has no trained clipping model
[2025-07-09 17:00:37.802] [jointLog] [warning] read 337f6b6a-7fa7-4be1-ac20-f450303d59ee (length 12296) has no trained clipping model
[2025-07-09 17:00:37.802] [jointLog] [warning] read 45e9a261-a8c8-4af8-9fab-64a98e06d281 (length 10002 - align length 80) has no trained error model
[2025-07-09 17:00:37.802] [jointLog] [warning] read 45e9a261-a8c8-4af8-9fab-64a98e06d281 (length 10002) has no trained clipping model
[2025-07-09 17:00:37.802] [jointLog] [warning] read 45e9a261-a8c8-4af8-9fab-64a98e06d281 (length 10002) has no trained clipping model
[2025-07-09 17:00:37.802] [jointLog] [warning] read 47c30b4f-517a-495b-9b5e-adb9a3a91297 (length 20861 - align length 926) has no trained error model
[2025-07-09 17:00:37.802] [jointLog] [warning] read 47c30b4f-517a-495b-9b5e-adb9a3a91297 (length 20861) has no trained clipping model
[2025-07-09 17:00:37.802] [jointLog] [warning] read 47c30b4f-517a-495b-9b5e-adb9a3a91297 (length 20861) has no trained clipping model
[2025-07-09 17:00:37.802] [jointLog] [warning] read b93094b7-0cb2-4b0c-bba4-1211f159662a (length 11615 - align length 336) has no trained error model
[2025-07-09 17:00:37.802] [jointLog] [warning] read b93094b7-0cb2-4b0c-bba4-1211f159662a (length 11615) has no trained clipping model
[2025-07-09 17:00:37.802] [jointLog] [warning] read b93094b7-0cb2-4b0c-bba4-1211f159662a (length 11615) has no trained clipping model
[2025-07-09 17:00:37.802] [jointLog] [warning] read dd3682ae-2d1d-4236-aba5-f10cc2661ebb (length 16223 - align length 514) has no trained error model
[2025-07-09 17:00:37.802] [jointLog] [warning] read dd3682ae-2d1d-4236-aba5-f10cc2661ebb (length 16223) has no trained clipping model
[2025-07-09 17:00:37.802] [jointLog] [warning] read dd3682ae-2d1d-4236-aba5-f10cc2661ebb (length 16223) has no trained clipping model
[2025-07-09 17:00:37.802] [jointLog] [warning] read 3c23cd3c-c8aa-4a91-a2f3-0b21d926facc (length 19138 - align length 1230) has no trained error model
[2025-07-09 17:00:37.802] [jointLog] [warning] read 3c23cd3c-c8aa-4a91-a2f3-0b21d926facc (length 19138) has no trained clipping model
[2025-07-09 17:00:37.802] [jointLog] [warning] read 3c23cd3c-c8aa-4a91-a2f3-0b21d926facc (length 19138) has no trained clipping model
[2025-07-09 17:00:37.802] [jointLog] [warning] read 11547b88-19bc-45f8-88f6-bd66dbffed5a (length 16779 - align length 676) has no trained error model
[2025-07-09 17:00:37.802] [jointLog] [warning] read 11547b88-19bc-45f8-88f6-bd66dbffed5a (length 16779) has no trained clipping model
[2025-07-09 17:00:37.802] [jointLog] [warning] read 11547b88-19bc-45f8-88f6-bd66dbffed5a (length 16779) has no trained clipping model
[2025-07-09 17:00:37.802] [jointLog] [warning] read 574631b5-acb4-43c7-a28d-c6494f48bc4a (length 9580 - align length 730) has no trained error model
[2025-07-09 17:00:37.802] [jointLog] [warning] read 574631b5-acb4-43c7-a28d-c6494f48bc4a (length 9580) has no trained clipping model
[2025-07-09 17:00:37.802] [jointLog] [warning] read 574631b5-acb4-43c7-a28d-c6494f48bc4a (length 9580) has no trained clipping model
[2025-07-09 17:00:37.802] [jointLog] [warning] read 84dda03b-b0a0-41cd-86d1-8cdc1740eaac (length 16370 - align length 841) has no trained error model
[2025-07-09 17:00:37.802] [jointLog] [warning] read 84dda03b-b0a0-41cd-86d1-8cdc1740eaac (length 16370) has no trained clipping model
[2025-07-09 17:00:37.802] [jointLog] [warning] read 84dda03b-b0a0-41cd-86d1-8cdc1740eaac (length 16370) has no trained clipping model
[2025-07-09 17:00:37.802] [jointLog] [warning] read 14de51e5-a70a-405c-82a9-ff97622b57c5 (length 9647 - align length 9563) has no trained error model
[2025-07-09 17:00:37.802] [jointLog] [warning] read 14de51e5-a70a-405c-82a9-ff97622b57c5 (length 9647) has no trained clipping model
[2025-07-09 17:00:37.802] [jointLog] [warning] read 14de51e5-a70a-405c-82a9-ff97622b57c5 (length 9647) has no trained clipping model
[2025-07-09 17:00:37.802] [jointLog] [warning] read d92f7e9d-c4fc-49d4-875c-11af2905d9af (length 32272 - align length 693) has no trained error model
[2025-07-09 17:00:37.802] [jointLog] [warning] read d92f7e9d-c4fc-49d4-875c-11af2905d9af (length 32272) has no trained clipping model
[2025-07-09 17:00:37.802] [jointLog] [warning] read d92f7e9d-c4fc-49d4-875c-11af2905d9af (length 32272) has no trained clipping model
[2025-07-09 17:00:37.802] [jointLog] [warning] read 30f482d4-6fa5-40fd-92af-12c85f129314 (length 32394 - align length 110) has no trained error model
[2025-07-09 17:00:37.802] [jointLog] [warning] read 30f482d4-6fa5-40fd-92af-12c85f129314 (length 32394) has no trained clipping model
[2025-07-09 17:00:37.802] [jointLog] [warning] read 30f482d4-6fa5-40fd-92af-12c85f129314 (length 32394) has no trained clipping model
[2025-07-09 17:00:37.802] [jointLog] [warning] read 76d3a18f-a8f0-46c5-8e12-69912eafd2d6 (length 33780 - align length 590) has no trained error model
[2025-07-09 17:00:37.802] [jointLog] [warning] read 76d3a18f-a8f0-46c5-8e12-69912eafd2d6 (length 33780) has no trained clipping model
[2025-07-09 17:00:37.802] [jointLog] [warning] read 76d3a18f-a8f0-46c5-8e12-69912eafd2d6 (length 33780) has no trained clipping model
[2025-07-09 17:00:37.802] [jointLog] [warning] read a288d4b3-1115-435b-8aa9-1d5b359e362a (length 10299 - align length 1773) has no trained error model
[2025-07-09 17:00:37.802] [jointLog] [warning] read a288d4b3-1115-435b-8aa9-1d5b359e362a (length 10299) has no trained clipping model
[2025-07-09 17:00:37.802] [jointLog] [warning] read a288d4b3-1115-435b-8aa9-1d5b359e362a (length 10299) has no trained clipping model
[2025-07-09 17:00:37.802] [jointLog] [warning] read 2d7cb10c-8003-4431-b1bf-2e3130d723f7 (length 8974 - align length 69) has no trained error model
[2025-07-09 17:00:37.802] [jointLog] [warning] read 2d7cb10c-8003-4431-b1bf-2e3130d723f7 (length 8974) has no trained clipping model
[2025-07-09 17:00:37.802] [jointLog] [warning] read 2d7cb10c-8003-4431-b1bf-2e3130d723f7 (length 8974) has no trained clipping model
[2025-07-09 17:00:37.802] [jointLog] [warning] read 2f9d177c-63a8-42f1-8eae-6b70ff57a745 (length 14586 - align length 545) has no trained error model
[2025-07-09 17:00:37.802] [jointLog] [warning] read 2f9d177c-63a8-42f1-8eae-6b70ff57a745 (length 14586) has no trained clipping model
[2025-07-09 17:00:37.802] [jointLog] [warning] read 2f9d177c-63a8-42f1-8eae-6b70ff57a745 (length 14586) has no trained clipping model
[2025-07-09 17:00:37.802] [jointLog] [warning] read 09240119-0ac3-4ece-b1a2-ded173545dae (length 16521 - align length 83) has no trained error model
[2025-07-09 17:00:37.802] [jointLog] [warning] read 09240119-0ac3-4ece-b1a2-ded173545dae (length 16521) has no trained clipping model
[2025-07-09 17:00:37.802] [jointLog] [warning] read 09240119-0ac3-4ece-b1a2-ded173545dae (length 16521) has no trained clipping model
[2025-07-09 17:00:37.803] [jointLog] [warning] read b3cfb7d0-4047-403f-9553-1465175a33eb (length 12166 - align length 12095) has no trained error model
[2025-07-09 17:00:37.803] [jointLog] [warning] read b3cfb7d0-4047-403f-9553-1465175a33eb (length 12166) has no trained clipping model
[2025-07-09 17:00:37.803] [jointLog] [warning] read b3cfb7d0-4047-403f-9553-1465175a33eb (length 12166) has no trained clipping model
[2025-07-09 17:00:37.803] [jointLog] [warning] read e808ed49-8eeb-4235-8e23-ac072b61a9e3 (length 49899 - align length 786) has no trained error model
[2025-07-09 17:00:37.803] [jointLog] [warning] read e808ed49-8eeb-4235-8e23-ac072b61a9e3 (length 49899) has no trained clipping model
[2025-07-09 17:00:37.803] [jointLog] [warning] read e808ed49-8eeb-4235-8e23-ac072b61a9e3 (length 49899) has no trained clipping model
[2025-07-09 17:00:37.803] [jointLog] [warning] read 2b347887-95c4-4744-af28-7837e67651f1 (length 8136 - align length 627) has no trained error model
[2025-07-09 17:00:37.803] [jointLog] [warning] read ec7286ac-fecd-453c-b86c-ec6162244b1a (length 37965 - align length 160) has no trained error model
[2025-07-09 17:00:37.803] [jointLog] [warning] read 2b347887-95c4-4744-af28-7837e67651f1 (length 8136) has no trained clipping model
[2025-07-09 17:00:37.803] [jointLog] [warning] read 2b347887-95c4-4744-af28-7837e67651f1 (length 8136) has no trained clipping model
[2025-07-09 17:00:37.803] [jointLog] [warning] read ec7286ac-fecd-453c-b86c-ec6162244b1a (length 37965) has no trained clipping model
[2025-07-09 17:00:37.803] [jointLog] [warning] read ec7286ac-fecd-453c-b86c-ec6162244b1a (length 37965) has no trained clipping model
[2025-07-09 17:00:37.803] [jointLog] [warning] read 307c35be-3b47-4659-8046-1366e417a30d (length 29130 - align length 2733) has no trained error model
[2025-07-09 17:00:37.803] [jointLog] [warning] read 307c35be-3b47-4659-8046-1366e417a30d (length 29130) has no trained clipping model
[2025-07-09 17:00:37.803] [jointLog] [warning] read 307c35be-3b47-4659-8046-1366e417a30d (length 29130) has no trained clipping model
[2025-07-09 17:00:37.803] [jointLog] [warning] read 900a71ea-9bc9-4b25-8cdd-0405a0f04778 (length 38421 - align length 67) has no trained error model
[2025-07-09 17:00:37.803] [jointLog] [warning] read 900a71ea-9bc9-4b25-8cdd-0405a0f04778 (length 38421) has no trained clipping model
[2025-07-09 17:00:37.803] [jointLog] [warning] read 900a71ea-9bc9-4b25-8cdd-0405a0f04778 (length 38421) has no trained clipping model
[2025-07-09 17:00:37.813] [jointLog] [warning] read 6c3c9627-e569-4bcb-9f12-3d5753499495 (length 8882 - align length 2989) has no trained error model
[2025-07-09 17:00:37.813] [jointLog] [warning] read 6c3c9627-e569-4bcb-9f12-3d5753499495 (length 8882) has no trained clipping model
[2025-07-09 17:00:37.813] [jointLog] [warning] read 6c3c9627-e569-4bcb-9f12-3d5753499495 (length 8882) has no trained clipping model
[2025-07-09 17:00:37.851] [jointLog] [warning] read 278d1648-42d0-4f1f-8116-aa5f3b144ac2 (length 9897 - align length 9670) has no trained error model
[2025-07-09 17:00:37.851] [jointLog] [warning] read 278d1648-42d0-4f1f-8116-aa5f3b144ac2 (length 9897) has no trained clipping model
[2025-07-09 17:00:37.851] [jointLog] [warning] read 278d1648-42d0-4f1f-8116-aa5f3b144ac2 (length 9897) has no trained clipping model
[2025-07-09 17:00:37.881] [jointLog] [warning] read bbdb630f-372b-43bc-940c-f3ecf2396e63 (length 10149 - align length 7109) has no trained error model
[2025-07-09 17:00:37.881] [jointLog] [warning] read bbdb630f-372b-43bc-940c-f3ecf2396e63 (length 10149) has no trained clipping model
[2025-07-09 17:00:37.881] [jointLog] [warning] read bbdb630f-372b-43bc-940c-f3ecf2396e63 (length 10149) has no trained clipping model
[2025-07-09 17:00:37.938] [jointLog] [warning] read 857d7109-748a-4da5-8e45-5f0f8b703f0f (length 8398) has no trained clipping model
[2025-07-09 17:00:37.979] [jointLog] [warning] read 282239df-fee1-409e-8178-274e518cf097 (length 6981) has no trained clipping model
[2025-07-09 17:00:38.019] [jointLog] [warning] read bc94fe15-82c3-4e21-82ce-95689bd0865c (length 6851 - align length 6598) has no trained error model
[2025-07-09 17:00:38.019] [jointLog] [warning] read bc94fe15-82c3-4e21-82ce-95689bd0865c (length 6851) has no trained clipping model
[2025-07-09 17:00:38.019] [jointLog] [warning] read bc94fe15-82c3-4e21-82ce-95689bd0865c (length 6851) has no trained clipping model
[2025-07-09 17:00:38.032] [jointLog] [warning] (in update()) CIGAR string for read [8436ac03-bc5f-4ce5-88ba-f5ff2d172612] seems inconsistent. It implied an error rate greater than 1: 1.19039 0.012966 0.110211
[2025-07-09 17:00:38.033] [jointLog] [warning] read 4417b36a-e9b7-45bd-8c31-23d0ddedb2a2 (length 7510) has no trained clipping model
[2025-07-09 17:00:38.106] [jointLog] [warning] (in update()) CIGAR string for read [ba5b06b1-7f9b-4e6f-baef-2cdf93a0053b] seems inconsistent. It implied an error rate greater than 1: 1.35763 0 0.0179658
[2025-07-09 17:00:38.136] [jointLog] [warning] read f34b3006-6638-4926-80d3-0b591650f954 (length 9062 - align length 379) has no trained error model
[2025-07-09 17:00:38.136] [jointLog] [warning] read f34b3006-6638-4926-80d3-0b591650f954 (length 9062) has no trained clipping model
[2025-07-09 17:00:38.136] [jointLog] [warning] read f34b3006-6638-4926-80d3-0b591650f954 (length 9062) has no trained clipping model
[2025-07-09 17:00:38.163] [jointLog] [warning] read 8c51e16e-c0c3-48a2-be72-0e99cf9201f5 (length 10077 - align length 10020) has no trained error model
[2025-07-09 17:00:38.235] [jointLog] [warning] (in update()) CIGAR string for read [3383c292-87d8-4284-9367-5c57024f3329] seems inconsistent. It implied an error rate greater than 1: 1.15707 0.00345423 0.00690846
[2025-07-09 17:00:38.246] [jointLog] [warning] read 2057ac20-0847-4497-9198-88313b633367 (length 8377) has no trained clipping model
[2025-07-09 17:00:38.326] [jointLog] [warning] read f3d46af3-c706-450f-9c39-a3d30e316020 (length 6979 - align length 6719) has no trained error model
[2025-07-09 17:00:38.333] [jointLog] [warning] read 2fcaf4d4-ff9f-4285-be68-486934fd2115 (length 7975 - align length 7930) has no trained error model
[2025-07-09 17:00:38.333] [jointLog] [warning] read 2fcaf4d4-ff9f-4285-be68-486934fd2115 (length 7975) has no trained clipping model
[2025-07-09 17:00:38.418] [jointLog] [warning] read 4ce7a067-4af1-4085-a071-05bb0fdc10de (length 8481 - align length 8418) has no trained error model
[2025-07-09 17:00:38.470] [jointLog] [warning] read 568ebfa8-3af8-4ba5-9f50-c9621ac0c688 (length 9604) has no trained clipping model
[2025-07-09 17:00:38.474] [jointLog] [warning] read ccbdb3ab-1175-4aca-9497-1a7108b5dae6 (length 9412 - align length 9327) has no trained error model
[2025-07-09 17:00:38.630] [jointLog] [warning] read 8cd3d3f0-5b59-477e-869a-a2b182000f54 (length 7766) has no trained clipping model
[2025-07-09 17:00:38.677] [jointLog] [warning] read 9039a2c9-23f3-49ae-98bf-d87debe98e3d (length 7910) has no trained clipping model
[2025-07-09 17:00:38.739] [jointLog] [warning] read 717a07af-d758-4175-9333-ab7094dffe73 (length 8591 - align length 8548) has no trained error model
[2025-07-09 17:00:38.739] [jointLog] [warning] read 717a07af-d758-4175-9333-ab7094dffe73 (length 8591) has no trained clipping model
[2025-07-09 17:00:38.739] [jointLog] [warning] read 717a07af-d758-4175-9333-ab7094dffe73 (length 8591) has no trained clipping model
[2025-07-09 17:00:38.747] [jointLog] [warning] read 9be7d944-8394-4dba-b0b1-67782cfbedc4 (length 6944 - align length 6773) has no trained error model
[2025-07-09 17:00:38.980] [jointLog] [warning] read a8efe843-676c-400b-ba41-2f6d5f4fc7e9 (length 9794) has no trained clipping model
[2025-07-09 17:00:39.065] [jointLog] [warning] (in update()) CIGAR string for read [509adfd5-3a06-4395-83e1-908927d49951] seems inconsistent. It implied an error rate greater than 1: 1.33379 0.00445633 0.0115865
[2025-07-09 17:00:39.101] [jointLog] [warning] read 8f3f8228-0abb-45d8-bee3-079e5cf8e613 (length 12627 - align length 12357) has no trained error model
[2025-07-09 17:00:39.101] [jointLog] [warning] read 8f3f8228-0abb-45d8-bee3-079e5cf8e613 (length 12627) has no trained clipping model
[2025-07-09 17:00:39.101] [jointLog] [warning] read 8f3f8228-0abb-45d8-bee3-079e5cf8e613 (length 12627) has no trained clipping model
[2025-07-09 17:00:39.152] [jointLog] [warning] read 339150f0-a2d0-4f04-a872-a4b812b0ee83 (length 6725 - align length 6713) has no trained error model
[2025-07-09 17:00:39.227] [jointLog] [warning] read c860b791-05d8-4d03-8fc2-d5985e481386 (length 8281 - align length 7626) has no trained error model
[2025-07-09 17:00:39.227] [jointLog] [warning] read c860b791-05d8-4d03-8fc2-d5985e481386 (length 8281) has no trained clipping model
[2025-07-09 17:00:39.227] [jointLog] [warning] read c860b791-05d8-4d03-8fc2-d5985e481386 (length 8281) has no trained clipping model
[2025-07-09 17:00:39.227] [jointLog] [warning] (in update()) CIGAR string for read [f1e5401f-f7d4-4362-9be6-79746cf0ed8d] seems inconsistent. It implied an error rate greater than 1: 1.12586 0.00340136 0.0102041
[2025-07-09 17:00:39.258] [jointLog] [warning] read 4b9ac9d4-f120-4bb0-a346-2c562e058968 (length 8392) has no trained clipping model
[2025-07-09 17:00:39.448] [jointLog] [warning] read e8e08f0d-f823-4fc7-8b3d-32f67eb919a7 (length 9143 - align length 9124) has no trained error model
[2025-07-09 17:00:39.631] [jointLog] [warning] read bc8dbc2d-2799-4359-9f3f-5fa311f23228 (length 12457 - align length 1382) has no trained error model
[2025-07-09 17:00:39.631] [jointLog] [warning] read bc8dbc2d-2799-4359-9f3f-5fa311f23228 (length 12457) has no trained clipping model
[2025-07-09 17:00:39.631] [jointLog] [warning] read bc8dbc2d-2799-4359-9f3f-5fa311f23228 (length 12457) has no trained clipping model
[2025-07-09 17:00:39.632] [jointLog] [warning] read 40b6cf38-bccd-4ecf-8f55-299c4e59a1c9 (length 24615 - align length 515) has no trained error model
[2025-07-09 17:00:39.632] [jointLog] [warning] read 40b6cf38-bccd-4ecf-8f55-299c4e59a1c9 (length 24615) has no trained clipping model
[2025-07-09 17:00:39.632] [jointLog] [warning] read 40b6cf38-bccd-4ecf-8f55-299c4e59a1c9 (length 24615) has no trained clipping model
[2025-07-09 17:00:39.634] [jointLog] [warning] read e5e31a06-2818-47d3-8b1a-f4b045345388 (length 19578 - align length 265) has no trained error model
[2025-07-09 17:00:39.634] [jointLog] [warning] read e5e31a06-2818-47d3-8b1a-f4b045345388 (length 19578) has no trained clipping model
[2025-07-09 17:00:39.634] [jointLog] [warning] read e5e31a06-2818-47d3-8b1a-f4b045345388 (length 19578) has no trained clipping model
[2025-07-09 17:00:39.634] [jointLog] [warning] read 4b421bf7-12c0-4674-b721-4b12c77d4dfd (length 20380 - align length 1513) has no trained error model
[2025-07-09 17:00:39.634] [jointLog] [warning] read 4b421bf7-12c0-4674-b721-4b12c77d4dfd (length 20380) has no trained clipping model
[2025-07-09 17:00:39.634] [jointLog] [warning] read 4b421bf7-12c0-4674-b721-4b12c77d4dfd (length 20380) has no trained clipping model
[2025-07-09 17:00:39.634] [jointLog] [warning] read 1c57c846-aa2e-4fc6-8c9f-c6d948b6950c (length 11563 - align length 1142) has no trained error model
[2025-07-09 17:00:39.634] [jointLog] [warning] read 1c57c846-aa2e-4fc6-8c9f-c6d948b6950c (length 11563) has no trained clipping model
[2025-07-09 17:00:39.634] [jointLog] [warning] read 1c57c846-aa2e-4fc6-8c9f-c6d948b6950c (length 11563) has no trained clipping model
[2025-07-09 17:00:39.634] [jointLog] [warning] read 735f7b80-7050-47c2-b89a-da622d05456f (length 45341 - align length 263) has no trained error model
[2025-07-09 17:00:39.634] [jointLog] [warning] read 735f7b80-7050-47c2-b89a-da622d05456f (length 45341) has no trained clipping model
[2025-07-09 17:00:39.634] [jointLog] [warning] read 735f7b80-7050-47c2-b89a-da622d05456f (length 45341) has no trained clipping model
[2025-07-09 17:00:39.634] [jointLog] [warning] read efcf4335-a36b-4a6d-b430-c2c19a347d75 (length 10980 - align length 842) has no trained error model
[2025-07-09 17:00:39.634] [jointLog] [warning] read efcf4335-a36b-4a6d-b430-c2c19a347d75 (length 10980) has no trained clipping model
[2025-07-09 17:00:39.634] [jointLog] [warning] read efcf4335-a36b-4a6d-b430-c2c19a347d75 (length 10980) has no trained clipping model
[2025-07-09 17:00:39.634] [jointLog] [warning] read 06976d8d-cb90-4b3d-acee-59752090137b (length 14458 - align length 14363) has no trained error model
[2025-07-09 17:00:39.634] [jointLog] [warning] read 06976d8d-cb90-4b3d-acee-59752090137b (length 14458) has no trained clipping model
[2025-07-09 17:00:39.634] [jointLog] [warning] read 06976d8d-cb90-4b3d-acee-59752090137b (length 14458) has no trained clipping model
[2025-07-09 17:00:39.634] [jointLog] [warning] read 85f4792b-3c59-444c-a9c5-c0abced39dcf (length 46852 - align length 1236) has no trained error model
[2025-07-09 17:00:39.634] [jointLog] [warning] read 85f4792b-3c59-444c-a9c5-c0abced39dcf (length 46852) has no trained clipping model
[2025-07-09 17:00:39.634] [jointLog] [warning] read 85f4792b-3c59-444c-a9c5-c0abced39dcf (length 46852) has no trained clipping model
[2025-07-09 17:00:39.634] [jointLog] [warning] read e4398d78-3345-49ac-97a8-4948cc16315f (length 21116 - align length 464) has no trained error model
[2025-07-09 17:00:39.634] [jointLog] [warning] read e4398d78-3345-49ac-97a8-4948cc16315f (length 21116) has no trained clipping model
[2025-07-09 17:00:39.634] [jointLog] [warning] read e4398d78-3345-49ac-97a8-4948cc16315f (length 21116) has no trained clipping model
[2025-07-09 17:00:39.634] [jointLog] [warning] read 80cb98e6-554e-4e5f-bf43-f2a00ef553f7 (length 18284 - align length 529) has no trained error model
[2025-07-09 17:00:39.634] [jointLog] [warning] read 80cb98e6-554e-4e5f-bf43-f2a00ef553f7 (length 18284) has no trained clipping model
[2025-07-09 17:00:39.634] [jointLog] [warning] read 80cb98e6-554e-4e5f-bf43-f2a00ef553f7 (length 18284) has no trained clipping model
[2025-07-09 17:00:39.634] [jointLog] [warning] read fef8f55d-803d-4236-a7e1-d2d4bac0b5a2 (length 32602 - align length 237) has no trained error model
[2025-07-09 17:00:39.634] [jointLog] [warning] read fef8f55d-803d-4236-a7e1-d2d4bac0b5a2 (length 32602) has no trained clipping model
[2025-07-09 17:00:39.634] [jointLog] [warning] read fef8f55d-803d-4236-a7e1-d2d4bac0b5a2 (length 32602) has no trained clipping model
[2025-07-09 17:00:39.634] [jointLog] [warning] read 6add45b8-7b20-44ce-8255-0f9f462e39c0 (length 24473 - align length 57) has no trained error model
[2025-07-09 17:00:39.634] [jointLog] [warning] read 6add45b8-7b20-44ce-8255-0f9f462e39c0 (length 24473) has no trained clipping model
[2025-07-09 17:00:39.634] [jointLog] [warning] read 6add45b8-7b20-44ce-8255-0f9f462e39c0 (length 24473) has no trained clipping model
[2025-07-09 17:00:39.634] [jointLog] [warning] read fc63dd44-538a-4adf-8153-fc9e8d6f547f (length 8127) has no trained clipping model
[2025-07-09 17:00:39.634] [jointLog] [warning] read 7ad2058a-d2e6-4f78-8d1e-7f3ed01b63cd (length 17857 - align length 743) has no trained error model
[2025-07-09 17:00:39.634] [jointLog] [warning] read 7ad2058a-d2e6-4f78-8d1e-7f3ed01b63cd (length 17857) has no trained clipping model
[2025-07-09 17:00:39.634] [jointLog] [warning] read 7ad2058a-d2e6-4f78-8d1e-7f3ed01b63cd (length 17857) has no trained clipping model
[2025-07-09 17:00:39.635] [jointLog] [warning] read 90d2569f-43db-48fd-a0c2-626d1a2df05c (length 14113 - align length 121) has no trained error model
[2025-07-09 17:00:39.635] [jointLog] [warning] read 90d2569f-43db-48fd-a0c2-626d1a2df05c (length 14113) has no trained clipping model
[2025-07-09 17:00:39.635] [jointLog] [warning] read 90d2569f-43db-48fd-a0c2-626d1a2df05c (length 14113) has no trained clipping model
[2025-07-09 17:00:39.635] [jointLog] [warning] read 1de0ab59-39ad-4f84-b5cd-a0b186afb7a7 (length 23562 - align length 57) has no trained error model
[2025-07-09 17:00:39.635] [jointLog] [warning] read 1de0ab59-39ad-4f84-b5cd-a0b186afb7a7 (length 23562) has no trained clipping model
[2025-07-09 17:00:39.635] [jointLog] [warning] read 1de0ab59-39ad-4f84-b5cd-a0b186afb7a7 (length 23562) has no trained clipping model
[2025-07-09 17:00:39.635] [jointLog] [warning] read 1d184011-05e4-4bb9-bc4b-b8091bd3b565 (length 12449) has no trained clipping model
[2025-07-09 17:00:39.635] [jointLog] [warning] read c7fab962-5e4d-46d7-b5a8-136b0c03a37e (length 12635 - align length 12539) has no trained error model
[2025-07-09 17:00:39.635] [jointLog] [warning] read 4c04ed2c-ab0f-4541-afb0-16ab8077b609 (length 15801 - align length 315) has no trained error model
[2025-07-09 17:00:39.635] [jointLog] [warning] read 4c04ed2c-ab0f-4541-afb0-16ab8077b609 (length 15801) has no trained clipping model
[2025-07-09 17:00:39.635] [jointLog] [warning] read 4c04ed2c-ab0f-4541-afb0-16ab8077b609 (length 15801) has no trained clipping model
[2025-07-09 17:00:39.635] [jointLog] [warning] read 0fb65371-b8b7-4361-9069-a217da9499fb (length 34442 - align length 517) has no trained error model
[2025-07-09 17:00:39.635] [jointLog] [warning] read 0fb65371-b8b7-4361-9069-a217da9499fb (length 34442) has no trained clipping model
[2025-07-09 17:00:39.635] [jointLog] [warning] read 0fb65371-b8b7-4361-9069-a217da9499fb (length 34442) has no trained clipping model
[2025-07-09 17:00:39.635] [jointLog] [warning] read e9278c99-df94-4194-9269-189311506f46 (length 14058 - align length 1121) has no trained error model
[2025-07-09 17:00:39.635] [jointLog] [warning] read e9278c99-df94-4194-9269-189311506f46 (length 14058) has no trained clipping model
[2025-07-09 17:00:39.635] [jointLog] [warning] read e9278c99-df94-4194-9269-189311506f46 (length 14058) has no trained clipping model
[2025-07-09 17:00:39.635] [jointLog] [warning] read 011d0908-82e1-4d0a-8a06-929080251119 (length 18958 - align length 443) has no trained error model
[2025-07-09 17:00:39.635] [jointLog] [warning] read 011d0908-82e1-4d0a-8a06-929080251119 (length 18958) has no trained clipping model
[2025-07-09 17:00:39.635] [jointLog] [warning] read 011d0908-82e1-4d0a-8a06-929080251119 (length 18958) has no trained clipping model
[2025-07-09 17:00:39.635] [jointLog] [warning] read b768a7c3-9741-4c29-b011-cd45729d5431 (length 10985) has no trained clipping model
[2025-07-09 17:00:39.635] [jointLog] [warning] read 44691b2f-fe45-4ebf-9917-d5d7a6347b88 (length 31445 - align length 994) has no trained error model
[2025-07-09 17:00:39.635] [jointLog] [warning] read 44691b2f-fe45-4ebf-9917-d5d7a6347b88 (length 31445) has no trained clipping model
[2025-07-09 17:00:39.635] [jointLog] [warning] read 44691b2f-fe45-4ebf-9917-d5d7a6347b88 (length 31445) has no trained clipping model
[2025-07-09 17:00:39.635] [jointLog] [warning] read 94cc4354-7a70-4f4e-9fd7-93ca67b2206d (length 48402 - align length 397) has no trained error model
[2025-07-09 17:00:39.635] [jointLog] [warning] read 94cc4354-7a70-4f4e-9fd7-93ca67b2206d (length 48402) has no trained clipping model
[2025-07-09 17:00:39.635] [jointLog] [warning] read 94cc4354-7a70-4f4e-9fd7-93ca67b2206d (length 48402) has no trained clipping model
[2025-07-09 17:00:39.696] [jointLog] [warning] (in update()) CIGAR string for read [23f59d22-2960-4fdc-9b12-d93d1cdc1c8e] seems inconsistent. It implied an error rate greater than 1: 1.38159 0 0.024127
[2025-07-09 17:00:39.808] [jointLog] [warning] (in update()) CIGAR string for read [9535c523-cd16-4566-a5a1-3addce46c5c1] seems inconsistent. It implied an error rate greater than 1: 1.73559 0 0.141789
[2025-07-09 17:00:39.810] [jointLog] [warning] read 5a2d5756-61fd-4b50-9154-41f0cbff859a (length 9132 - align length 9036) has no trained error model
[2025-07-09 17:00:39.992] [jointLog] [warning] (in update()) CIGAR string for read [dd022866-e7bb-4bf4-9262-425058dadcdc] seems inconsistent. It implied an error rate greater than 1: 1.34349 0 0.00292227
[2025-07-09 17:00:40.027] [jointLog] [warning] read 4294c4ac-f656-4ba3-b91a-41137b02e85e (length 8240 - align length 8176) has no trained error model
[2025-07-09 17:00:40.038] [jointLog] [warning] read 31925fb5-d536-4b71-af23-b71328a5a443 (length 9857 - align length 9832) has no trained error model
[2025-07-09 17:00:40.038] [jointLog] [warning] read 31925fb5-d536-4b71-af23-b71328a5a443 (length 9857) has no trained clipping model
[2025-07-09 17:00:40.091] [jointLog] [warning] read b400e7a0-46f5-49d7-96ca-5c2b901bdc0f (length 11113 - align length 11086) has no trained error model
[2025-07-09 17:00:40.091] [jointLog] [warning] read b400e7a0-46f5-49d7-96ca-5c2b901bdc0f (length 11113) has no trained clipping model
[2025-07-09 17:00:40.091] [jointLog] [warning] read b400e7a0-46f5-49d7-96ca-5c2b901bdc0f (length 11113) has no trained clipping model
[2025-07-09 17:00:40.106] [fileLog] [info] quantification processed 1000000 fragments so far

[2025-07-09 17:00:40.227] [jointLog] [warning] read da7196f2-b9b4-4343-8acf-8517bdda3b04 (length 8355) has no trained clipping model
[2025-07-09 17:00:40.334] [jointLog] [warning] read 911b1a52-5e10-4b45-8622-44f4cc65f492 (length 9264 - align length 9208) has no trained error model
[2025-07-09 17:00:40.341] [jointLog] [warning] read 8da24e6d-bd07-4eec-adfa-af71ee7e5e3f (length 8356) has no trained clipping model
[2025-07-09 17:00:40.394] [jointLog] [warning] (in update()) CIGAR string for read [0974110e-7327-42f3-a77a-8db25f7b8f83] seems inconsistent. It implied an error rate greater than 1: 2.06632 0 0.0483607
[2025-07-09 17:00:40.571] [jointLog] [warning] (in update()) CIGAR string for read [d775a932-91df-491e-adca-968d2cf2e4fc] seems inconsistent. It implied an error rate greater than 1: 1.08371 0 0.0646348
[2025-07-09 17:00:40.615] [jointLog] [warning] (in update()) CIGAR string for read [e104f96c-597d-4c39-8f2f-062d5efb161c] seems inconsistent. It implied an error rate greater than 1: 1.40594 0.286486 0.167568
[2025-07-09 17:00:40.882] [jointLog] [warning] read 8519ae9a-f723-46f2-af66-080937fb9670 (length 8357) has no trained clipping model
[2025-07-09 17:00:40.936] [jointLog] [warning] (in update()) CIGAR string for read [fcd7d410-53ab-4bfc-a62b-62fb8a42c985] seems inconsistent. It implied an error rate greater than 1: 1.35561 0 0.0559524
[2025-07-09 17:00:40.997] [jointLog] [warning] (in update()) CIGAR string for read [f7f43c79-ed09-4836-8728-17d0b6134c6b] seems inconsistent. It implied an error rate greater than 1: 1.32456 0.000947418 0.063477
[2025-07-09 17:00:41.128] [jointLog] [warning] (in update()) CIGAR string for read [5596f7f9-4b6b-4711-8ae8-4ae34cdff7cf] seems inconsistent. It implied an error rate greater than 1: 1.1548 0.00527241 0.00702988
[2025-07-09 17:00:41.141] [jointLog] [warning] read 2f93367f-6a9e-4440-977b-9d06b8c6f22a (length 11195 - align length 11140) has no trained error model
[2025-07-09 17:00:41.267] [jointLog] [warning] (in update()) CIGAR string for read [4a598401-e42b-4f4d-94a2-3f3e0fc0c95c] seems inconsistent. It implied an error rate greater than 1: 1.1327 0.0135549 0.0638391
[2025-07-09 17:00:41.280] [jointLog] [warning] read e726a2d8-88fc-4b64-8d75-b6d98b0de67a (length 10818 - align length 10637) has no trained error model
[2025-07-09 17:00:41.280] [jointLog] [warning] read e726a2d8-88fc-4b64-8d75-b6d98b0de67a (length 10818) has no trained clipping model
[2025-07-09 17:00:41.280] [jointLog] [warning] read e726a2d8-88fc-4b64-8d75-b6d98b0de67a (length 10818) has no trained clipping model
[2025-07-09 17:00:41.369] [jointLog] [warning] read 0d0696a5-95b4-4ff0-b6a2-073536f5d315 (length 10011 - align length 9987) has no trained error model
[2025-07-09 17:00:41.412] [jointLog] [warning] read 68f32811-acaa-473d-99ee-480fc1a3c2a0 (length 9365 - align length 5332) has no trained error model
[2025-07-09 17:00:41.412] [jointLog] [warning] read 68f32811-acaa-473d-99ee-480fc1a3c2a0 (length 9365) has no trained clipping model
[2025-07-09 17:00:41.412] [jointLog] [warning] read 68f32811-acaa-473d-99ee-480fc1a3c2a0 (length 9365) has no trained clipping model
[2025-07-09 17:00:41.433] [jointLog] [warning] (in update()) CIGAR string for read [c7c4cac6-7a6a-4751-937d-ec7a4b2051b5] seems inconsistent. It implied an error rate greater than 1: 1.25885 0.00170503 0.0044757
[2025-07-09 17:00:41.639] [jointLog] [warning] read e32ad24b-d79f-4ef1-a475-7f19f2ddc543 (length 8372) has no trained clipping model
[2025-07-09 17:00:41.718] [jointLog] [warning] (in update()) CIGAR string for read [519d92c8-9422-4a19-bc9c-1c826968cc0a] seems inconsistent. It implied an error rate greater than 1: 1.14069 0.00246103 0.076292
[2025-07-09 17:00:41.746] [jointLog] [warning] read d19c6a1e-ad6e-4b56-a97d-fe5d860c7d2e (length 8601) has no trained clipping model
[2025-07-09 17:00:41.898] [jointLog] [warning] read b5eb14dd-fdb2-4a40-937d-ada327c4e755 (length 8392) has no trained clipping model
[2025-07-09 17:00:42.094] [jointLog] [warning] (in update()) CIGAR string for read [871cbe68-90ec-4587-8034-468602fa3a4d] seems inconsistent. It implied an error rate greater than 1: 1.28832 0.030276 0.0663402
[2025-07-09 17:00:42.121] [jointLog] [warning] (in update()) CIGAR string for read [133cba2e-d591-4520-8c6c-9bc9b739dd1b] seems inconsistent. It implied an error rate greater than 1: 1.08054 0.00300752 0.100752
[2025-07-09 17:00:42.270] [jointLog] [warning] (in update()) CIGAR string for read [5812c1cf-997b-4aae-88d1-aba58b1855eb] seems inconsistent. It implied an error rate greater than 1: 1.0818 0.00297619 0.105655
[2025-07-09 17:00:42.460] [jointLog] [warning] (in update()) CIGAR string for read [bf85f4a5-9c7f-4edf-ab53-0ed9fea835e2] seems inconsistent. It implied an error rate greater than 1: 1.06655 0 0.0819843
[2025-07-09 17:00:42.540] [jointLog] [warning] read 7967cb1d-6783-44c6-a92b-a2c89b1e0ccc (length 8330) has no trained clipping model
[2025-07-09 17:00:42.574] [jointLog] [warning] (in update()) CIGAR string for read [01830474-ac1c-49a9-8048-e117cb0768af] seems inconsistent. It implied an error rate greater than 1: 2.7231 0.000962001 0.024531
[2025-07-09 17:00:42.887] [jointLog] [warning] read 8832a8b3-08fb-40fb-bfe4-536616e9e0e4 (length 11233 - align length 11233) has no trained error model
[2025-07-09 17:00:42.991] [jointLog] [warning] read f43c699a-b74e-4511-83db-32aad52f40fe (length 10539 - align length 2735) has no trained error model
[2025-07-09 17:00:42.991] [jointLog] [warning] read f43c699a-b74e-4511-83db-32aad52f40fe (length 10539) has no trained clipping model
[2025-07-09 17:00:42.991] [jointLog] [warning] read f43c699a-b74e-4511-83db-32aad52f40fe (length 10539) has no trained clipping model
[2025-07-09 17:00:43.054] [jointLog] [warning] (in update()) CIGAR string for read [aacc811d-5848-479d-94ec-5c7ab832c17e] seems inconsistent. It implied an error rate greater than 1: 1.38085 0 0.00566995
[2025-07-09 17:00:43.252] [jointLog] [warning] read f1eb6527-8082-48a3-a31c-dccff0f773e0 (length 9477 - align length 9453) has no trained error model
[2025-07-09 17:00:43.448] [jointLog] [warning] (in update()) CIGAR string for read [b8f841b6-0bc5-4aff-8d6a-bd577f725c64] seems inconsistent. It implied an error rate greater than 1: 1.2774 0.0574929 0.0438266
[2025-07-09 17:00:43.517] [jointLog] [warning] read 0d0dbe71-f2ab-4713-b418-1915386f05f2 (length 10701 - align length 10439) has no trained error model
[2025-07-09 17:00:43.517] [jointLog] [warning] read 0d0dbe71-f2ab-4713-b418-1915386f05f2 (length 10701) has no trained clipping model
[2025-07-09 17:00:43.517] [jointLog] [warning] read 0d0dbe71-f2ab-4713-b418-1915386f05f2 (length 10701) has no trained clipping model
[2025-07-09 17:00:43.584] [jointLog] [warning] (in update()) CIGAR string for read [ea7376c6-b722-4476-a1f6-a378039049e1] seems inconsistent. It implied an error rate greater than 1: 2.76115 0 0.0511945
[2025-07-09 17:00:43.759] [jointLog] [warning] read 045884b1-7966-4274-ab25-ece2416e5abe (length 8384) has no trained clipping model
[2025-07-09 17:00:43.802] [jointLog] [warning] read b4b0a530-199b-47e5-8d9f-89edfdb0637b (length 11816 - align length 11547) has no trained error model
[2025-07-09 17:00:43.802] [jointLog] [warning] read b4b0a530-199b-47e5-8d9f-89edfdb0637b (length 11816) has no trained clipping model
[2025-07-09 17:00:43.802] [jointLog] [warning] read b4b0a530-199b-47e5-8d9f-89edfdb0637b (length 11816) has no trained clipping model
[2025-07-09 17:00:43.817] [jointLog] [warning] read d14bc39e-38cc-474a-bd6b-469a1fc4132c (length 8304) has no trained clipping model
[2025-07-09 17:00:43.459] [fileLog] [info] quantification processed 2000000 fragments so far

[2025-07-09 17:00:44.150] [jointLog] [warning] (in update()) CIGAR string for read [5189c5e8-fa79-4930-86c2-7b34b00d157b] seems inconsistent. It implied an error rate greater than 1: 1.11508 0.0131579 0.0530702
[2025-07-09 17:00:44.152] [jointLog] [warning] (in update()) CIGAR string for read [537e7bec-7498-48cb-b0e8-93e97e75ac35] seems inconsistent. It implied an error rate greater than 1: 1.34711 0.00116925 0.00175387
[2025-07-09 17:00:44.314] [jointLog] [warning] read 9ef4a35f-962e-4861-9cc3-3258934c5f90 (length 9087) has no trained clipping model
[2025-07-09 17:00:44.408] [jointLog] [warning] (in update()) CIGAR string for read [c7b5406c-64f2-4e3e-8be1-88f182ed254f] seems inconsistent. It implied an error rate greater than 1: 1.34527 0 0.0161756
[2025-07-09 17:00:44.499] [jointLog] [warning] (in update()) CIGAR string for read [1cb0f592-42b7-4d50-bc93-2736179a1f21] seems inconsistent. It implied an error rate greater than 1: 1.4589 0 0.0480848
[2025-07-09 17:00:44.704] [jointLog] [warning] (in update()) CIGAR string for read [910be436-c9f4-4508-a8d0-615e88bb5068] seems inconsistent. It implied an error rate greater than 1: 1.04689 0.0347563 0.0226672
[2025-07-09 17:00:44.746] [jointLog] [warning] (in update()) CIGAR string for read [377e9474-3a2b-4eac-a935-4fa3c77eb240] seems inconsistent. It implied an error rate greater than 1: 1.20449 0 0.0803571
[2025-07-09 17:00:44.875] [jointLog] [warning] (in update()) CIGAR string for read [f3d150e7-6f80-445d-a81d-10aedf5a52e3] seems inconsistent. It implied an error rate greater than 1: 1.16505 0.0146797 0.0689502
[2025-07-09 17:00:45.419] [jointLog] [warning] (in update()) CIGAR string for read [17df23f2-1a52-4317-8452-e159e60aad70] seems inconsistent. It implied an error rate greater than 1: 1.06262 0 0.00791717
[2025-07-09 17:00:45.423] [jointLog] [warning] read daed6f9d-dd20-4b45-8b7b-8db5f171cbbf (length 8973 - align length 8955) has no trained error model
[2025-07-09 17:00:45.425] [jointLog] [warning] read 2e4ee0b0-d04a-4a0c-8be1-68e9753588a1 (length 8714 - align length 8704) has no trained error model
[2025-07-09 17:00:45.790] [jointLog] [warning] read 81d6ed70-a1ab-424f-b6bc-fe0128406d2a (length 8363) has no trained clipping model
[2025-07-09 17:00:45.795] [jointLog] [warning] (in update()) CIGAR string for read [7e48b1fc-9163-4a63-937c-ec23c970b932] seems inconsistent. It implied an error rate greater than 1: 1.10321 0.0030349 0.100152
[2025-07-09 17:00:45.909] [jointLog] [warning] (in update()) CIGAR string for read [adef0711-258c-429a-b147-75002fc96c24] seems inconsistent. It implied an error rate greater than 1: 1.08067 0.00716332 0.140401
[2025-07-09 17:00:46.031] [jointLog] [warning] (in update()) CIGAR string for read [1e4afeab-b1cd-46bf-9f68-36245d219bf9] seems inconsistent. It implied an error rate greater than 1: 1.1041 0.00484653 0.0484653
[2025-07-09 17:00:46.070] [jointLog] [warning] (in update()) CIGAR string for read [4464171c-dc04-49be-94ea-3c268635761b] seems inconsistent. It implied an error rate greater than 1: 1.53175 0 0.0317003
[2025-07-09 17:00:46.140] [jointLog] [warning] (in update()) CIGAR string for read [f51f9c37-d5ec-4873-829f-473cf3ed7551] seems inconsistent. It implied an error rate greater than 1: 1.37216 0 0.000895255
[2025-07-09 17:00:46.334] [jointLog] [warning] (in update()) CIGAR string for read [81ae69e4-da3f-4d3f-a21c-f36934e4b858] seems inconsistent. It implied an error rate greater than 1: 1.3694 0.000592593 0
[2025-07-09 17:00:46.434] [jointLog] [warning] (in update()) CIGAR string for read [8a6ce9ab-4bbf-4b75-893f-a77ab299273b] seems inconsistent. It implied an error rate greater than 1: 1.35306 0.00117647 0
[2025-07-09 17:00:46.541] [jointLog] [warning] (in update()) CIGAR string for read [1b1d2a9d-8920-41fb-b30b-b37f98e3cf6b] seems inconsistent. It implied an error rate greater than 1: 1.35343 0 0
[2025-07-09 17:00:46.673] [jointLog] [warning] (in update()) CIGAR string for read [215b3663-e68e-4c1f-9e2f-f7368e08b642] seems inconsistent. It implied an error rate greater than 1: 1.34981 0 0.00701139
[2025-07-09 17:00:46.846] [jointLog] [warning] (in update()) CIGAR string for read [a0b707f1-9e3b-4ae4-955c-7787bb7ddadf] seems inconsistent. It implied an error rate greater than 1: 1.23755 0.0158172 0.0667838
[2025-07-09 17:00:46.976] [jointLog] [warning] (in update()) CIGAR string for read [689b5eec-9f11-48fd-baec-47ed502fb2d3] seems inconsistent. It implied an error rate greater than 1: 1.11512 0.0107692 0.0938462
[2025-07-09 17:00:46.685] [fileLog] [info] quantification processed 3000000 fragments so far

[2025-07-09 17:00:47.158] [jointLog] [warning] (in update()) CIGAR string for read [5bf023fc-3b93-4ced-9722-0518f760ee6e] seems inconsistent. It implied an error rate greater than 1: 1.82828 0 0
[2025-07-09 17:00:47.173] [jointLog] [warning] (in update()) CIGAR string for read [4a3426d8-001c-4251-bf5d-2c95f434dc53] seems inconsistent. It implied an error rate greater than 1: 1.40756 0.000862813 0.0401208
[2025-07-09 17:00:47.245] [jointLog] [warning] (in update()) CIGAR string for read [4ec32e09-7503-4045-9c00-c58bdb14057d] seems inconsistent. It implied an error rate greater than 1: 1.34054 0.0143349 0.00401376
[2025-07-09 17:00:47.356] [jointLog] [warning] (in update()) CIGAR string for read [980c65b2-e77c-4ab5-9665-5c36365a39b7] seems inconsistent. It implied an error rate greater than 1: 1.26255 0 0.0299625
[2025-07-09 17:00:47.608] [jointLog] [warning] (in update()) CIGAR string for read [4a73ec88-b20a-4cdc-ba42-1531cd60fc3d] seems inconsistent. It implied an error rate greater than 1: 1.35348 0 0.0156703
[2025-07-09 17:00:47.646] [jointLog] [warning] (in update()) CIGAR string for read [8bc1ba14-536d-4523-b27e-670b717114a1] seems inconsistent. It implied an error rate greater than 1: 1.36963 0 0.0107731
[2025-07-09 17:00:47.653] [jointLog] [warning] read f441922e-a760-446d-8502-f0495960a718 (length 11243 - align length 10555) has no trained error model
[2025-07-09 17:00:47.733] [jointLog] [warning] (in update()) CIGAR string for read [0052a50a-afa4-43be-a3c4-b0786501d498] seems inconsistent. It implied an error rate greater than 1: 1.15508 0.0149502 0.0531561
[2025-07-09 17:00:48.037] [jointLog] [warning] (in update()) CIGAR string for read [09d513e7-2e51-49e0-b706-7fc4c00a2bff] seems inconsistent. It implied an error rate greater than 1: 1.60889 0 0
[2025-07-09 17:00:48.053] [jointLog] [warning] (in update()) CIGAR string for read [3384d574-d778-442d-9272-5bd19a600be2] seems inconsistent. It implied an error rate greater than 1: 1.11188 0.00670017 0.0201005
[2025-07-09 17:00:48.221] [jointLog] [warning] (in update()) CIGAR string for read [1717c049-e55c-415c-92cd-209315c03ad3] seems inconsistent. It implied an error rate greater than 1: 1.0781 0.000978474 0.0406067
[2025-07-09 17:00:48.385] [jointLog] [warning] (in update()) CIGAR string for read [2bc4c180-091e-42dd-9123-218b52efa138] seems inconsistent. It implied an error rate greater than 1: 1.89716 0.046019 0.00219138
[2025-07-09 17:00:48.407] [jointLog] [warning] (in update()) CIGAR string for read [0f46e453-5a1e-4b06-844a-add25ddc8581] seems inconsistent. It implied an error rate greater than 1: 1.03332 0.00188679 0.00707547
[2025-07-09 17:00:48.670] [jointLog] [warning] read 63213d4d-9a95-4af7-b529-8f2c2959f8fd (length 11070 - align length 101) has no trained error model
[2025-07-09 17:00:48.670] [jointLog] [warning] read 63213d4d-9a95-4af7-b529-8f2c2959f8fd (length 11070) has no trained clipping model
[2025-07-09 17:00:48.670] [jointLog] [warning] read 63213d4d-9a95-4af7-b529-8f2c2959f8fd (length 11070) has no trained clipping model
[2025-07-09 17:00:48.670] [jointLog] [warning] read 00b4eb0f-2101-42f4-9ee3-dc27ad890539 (length 37720 - align length 734) has no trained error model
[2025-07-09 17:00:48.670] [jointLog] [warning] read 00b4eb0f-2101-42f4-9ee3-dc27ad890539 (length 37720) has no trained clipping model
[2025-07-09 17:00:48.670] [jointLog] [warning] read 00b4eb0f-2101-42f4-9ee3-dc27ad890539 (length 37720) has no trained clipping model
[2025-07-09 17:00:48.671] [jointLog] [warning] read f76616fc-0762-4c28-9a95-ece082154b0a (length 13272 - align length 1197) has no trained error model
[2025-07-09 17:00:48.671] [jointLog] [warning] read f76616fc-0762-4c28-9a95-ece082154b0a (length 13272) has no trained clipping model
[2025-07-09 17:00:48.671] [jointLog] [warning] read f76616fc-0762-4c28-9a95-ece082154b0a (length 13272) has no trained clipping model
[2025-07-09 17:00:48.671] [jointLog] [warning] read 3ed3c9cc-991f-4970-88a2-b76d8456bc49 (length 40727 - align length 1122) has no trained error model
[2025-07-09 17:00:48.671] [jointLog] [warning] read 3ed3c9cc-991f-4970-88a2-b76d8456bc49 (length 40727) has no trained clipping model
[2025-07-09 17:00:48.671] [jointLog] [warning] read 3ed3c9cc-991f-4970-88a2-b76d8456bc49 (length 40727) has no trained clipping model
[2025-07-09 17:00:48.671] [jointLog] [warning] read 10ca9882-6bd0-47eb-855c-168fbf23e946 (length 9964) has no trained clipping model
[2025-07-09 17:00:48.671] [jointLog] [warning] read 46a68188-81a8-4f7c-9f5e-e5f97c984335 (length 14886 - align length 76) has no trained error model
[2025-07-09 17:00:48.671] [jointLog] [warning] read 46a68188-81a8-4f7c-9f5e-e5f97c984335 (length 14886) has no trained clipping model
[2025-07-09 17:00:48.671] [jointLog] [warning] read 46a68188-81a8-4f7c-9f5e-e5f97c984335 (length 14886) has no trained clipping model
[2025-07-09 17:00:48.671] [jointLog] [warning] read 72c5d4a5-769d-42f5-9459-cf68345c224e (length 13939 - align length 921) has no trained error model
[2025-07-09 17:00:48.671] [jointLog] [warning] read 72c5d4a5-769d-42f5-9459-cf68345c224e (length 13939) has no trained clipping model
[2025-07-09 17:00:48.671] [jointLog] [warning] read 72c5d4a5-769d-42f5-9459-cf68345c224e (length 13939) has no trained clipping model
[2025-07-09 17:00:48.671] [jointLog] [warning] read 39bd0ecb-ffaf-420e-a7d8-07a177f3ee32 (length 37081 - align length 1246) has no trained error model
[2025-07-09 17:00:48.671] [jointLog] [warning] read 39bd0ecb-ffaf-420e-a7d8-07a177f3ee32 (length 37081) has no trained clipping model
[2025-07-09 17:00:48.671] [jointLog] [warning] read 39bd0ecb-ffaf-420e-a7d8-07a177f3ee32 (length 37081) has no trained clipping model
[2025-07-09 17:00:48.671] [jointLog] [warning] read ac5c5712-fdb0-464c-8101-c6d58b4ed2ef (length 10609 - align length 199) has no trained error model
[2025-07-09 17:00:48.671] [jointLog] [warning] read ac5c5712-fdb0-464c-8101-c6d58b4ed2ef (length 10609) has no trained clipping model
[2025-07-09 17:00:48.671] [jointLog] [warning] read ac5c5712-fdb0-464c-8101-c6d58b4ed2ef (length 10609) has no trained clipping model
[2025-07-09 17:00:48.671] [jointLog] [warning] read f4f92e43-69de-4125-995f-f059e9ff067c (length 14417) has no trained clipping model
[2025-07-09 17:00:48.671] [jointLog] [warning] read 73ea37ab-7633-451f-877f-09f232b705e8 (length 15264 - align length 106) has no trained error model
[2025-07-09 17:00:48.671] [jointLog] [warning] read 73ea37ab-7633-451f-877f-09f232b705e8 (length 15264) has no trained clipping model
[2025-07-09 17:00:48.671] [jointLog] [warning] read 73ea37ab-7633-451f-877f-09f232b705e8 (length 15264) has no trained clipping model
[2025-07-09 17:00:48.671] [jointLog] [warning] read 717d13f7-392e-4132-ae82-bb8af9050926 (length 29309 - align length 326) has no trained error model
[2025-07-09 17:00:48.671] [jointLog] [warning] read 717d13f7-392e-4132-ae82-bb8af9050926 (length 29309) has no trained clipping model
[2025-07-09 17:00:48.671] [jointLog] [warning] read 717d13f7-392e-4132-ae82-bb8af9050926 (length 29309) has no trained clipping model
[2025-07-09 17:00:48.671] [jointLog] [warning] read 74356505-8f6b-4510-8b93-0a42d674cc15 (length 33844 - align length 137) has no trained error model
[2025-07-09 17:00:48.671] [jointLog] [warning] read 74356505-8f6b-4510-8b93-0a42d674cc15 (length 33844) has no trained clipping model
[2025-07-09 17:00:48.671] [jointLog] [warning] read 74356505-8f6b-4510-8b93-0a42d674cc15 (length 33844) has no trained clipping model
[2025-07-09 17:00:48.671] [jointLog] [warning] read b9d5a62b-5753-4a6f-9e55-86813f7d561e (length 16036 - align length 482) has no trained error model
[2025-07-09 17:00:48.671] [jointLog] [warning] read b9d5a62b-5753-4a6f-9e55-86813f7d561e (length 16036) has no trained clipping model
[2025-07-09 17:00:48.671] [jointLog] [warning] read b9d5a62b-5753-4a6f-9e55-86813f7d561e (length 16036) has no trained clipping model
[2025-07-09 17:00:48.671] [jointLog] [warning] read 97fa7e74-d833-4723-8537-d7abaa36949e (length 23414 - align length 368) has no trained error model
[2025-07-09 17:00:48.671] [jointLog] [warning] read 97fa7e74-d833-4723-8537-d7abaa36949e (length 23414) has no trained clipping model
[2025-07-09 17:00:48.671] [jointLog] [warning] read 97fa7e74-d833-4723-8537-d7abaa36949e (length 23414) has no trained clipping model
[2025-07-09 17:00:48.671] [jointLog] [warning] read 7cbb573e-d88f-4e53-8a20-9c3a07dc95a5 (length 30021 - align length 2708) has no trained error model
[2025-07-09 17:00:48.671] [jointLog] [warning] read 7cbb573e-d88f-4e53-8a20-9c3a07dc95a5 (length 30021) has no trained clipping model
[2025-07-09 17:00:48.671] [jointLog] [warning] read 7cbb573e-d88f-4e53-8a20-9c3a07dc95a5 (length 30021) has no trained clipping model
[2025-07-09 17:00:48.671] [jointLog] [warning] read 7fc5b48d-321b-4100-adb8-15c51040c7cd (length 46987 - align length 385) has no trained error model
[2025-07-09 17:00:48.671] [jointLog] [warning] read 7fc5b48d-321b-4100-adb8-15c51040c7cd (length 46987) has no trained clipping model
[2025-07-09 17:00:48.671] [jointLog] [warning] read 7fc5b48d-321b-4100-adb8-15c51040c7cd (length 46987) has no trained clipping model
[2025-07-09 17:00:48.671] [jointLog] [warning] read 7a5a1962-b0d0-4156-93b3-c0ad0a5094a5 (length 13335 - align length 1335) has no trained error model
[2025-07-09 17:00:48.671] [jointLog] [warning] read 7a5a1962-b0d0-4156-93b3-c0ad0a5094a5 (length 13335) has no trained clipping model
[2025-07-09 17:00:48.671] [jointLog] [warning] read 7a5a1962-b0d0-4156-93b3-c0ad0a5094a5 (length 13335) has no trained clipping model
[2025-07-09 17:00:48.671] [jointLog] [warning] read b69fbbaa-848c-4958-a63e-d24fdfb6e95f (length 11302 - align length 102) has no trained error model
[2025-07-09 17:00:48.671] [jointLog] [warning] read b69fbbaa-848c-4958-a63e-d24fdfb6e95f (length 11302) has no trained clipping model
[2025-07-09 17:00:48.671] [jointLog] [warning] read b69fbbaa-848c-4958-a63e-d24fdfb6e95f (length 11302) has no trained clipping model
[2025-07-09 17:00:48.671] [jointLog] [warning] read a593e763-78d8-4f32-a25a-8b92f27ea93d (length 12871 - align length 92) has no trained error model
[2025-07-09 17:00:48.671] [jointLog] [warning] read a593e763-78d8-4f32-a25a-8b92f27ea93d (length 12871) has no trained clipping model
[2025-07-09 17:00:48.671] [jointLog] [warning] read a593e763-78d8-4f32-a25a-8b92f27ea93d (length 12871) has no trained clipping model
[2025-07-09 17:00:48.671] [jointLog] [warning] read 36838c71-4da9-4fd8-9c77-d60a2211da8d (length 18339 - align length 871) has no trained error model
[2025-07-09 17:00:48.671] [jointLog] [warning] read 36838c71-4da9-4fd8-9c77-d60a2211da8d (length 18339) has no trained clipping model
[2025-07-09 17:00:48.671] [jointLog] [warning] read 36838c71-4da9-4fd8-9c77-d60a2211da8d (length 18339) has no trained clipping model
[2025-07-09 17:00:48.671] [jointLog] [warning] read 48489044-d788-4b69-a8a4-f9eabd3bf90f (length 11484 - align length 803) has no trained error model
[2025-07-09 17:00:48.671] [jointLog] [warning] read 48489044-d788-4b69-a8a4-f9eabd3bf90f (length 11484) has no trained clipping model
[2025-07-09 17:00:48.671] [jointLog] [warning] read 48489044-d788-4b69-a8a4-f9eabd3bf90f (length 11484) has no trained clipping model
[2025-07-09 17:00:48.671] [jointLog] [warning] read 4210bf8c-b0aa-4540-9662-098da0a0dbcc (length 29703 - align length 314) has no trained error model
[2025-07-09 17:00:48.671] [jointLog] [warning] read 4210bf8c-b0aa-4540-9662-098da0a0dbcc (length 29703) has no trained clipping model
[2025-07-09 17:00:48.671] [jointLog] [warning] read 4210bf8c-b0aa-4540-9662-098da0a0dbcc (length 29703) has no trained clipping model
[2025-07-09 17:00:48.671] [jointLog] [warning] read 03e62726-0575-4539-8c6a-adfda3fb73af (length 25322 - align length 780) has no trained error model
[2025-07-09 17:00:48.671] [jointLog] [warning] read 03e62726-0575-4539-8c6a-adfda3fb73af (length 25322) has no trained clipping model
[2025-07-09 17:00:48.671] [jointLog] [warning] read 03e62726-0575-4539-8c6a-adfda3fb73af (length 25322) has no trained clipping model
[2025-07-09 17:00:48.671] [jointLog] [warning] read 52a1fe06-7dc8-41ef-a5c6-b28e8b0d5afe (length 15942 - align length 742) has no trained error model
[2025-07-09 17:00:48.671] [jointLog] [warning] read 52a1fe06-7dc8-41ef-a5c6-b28e8b0d5afe (length 15942) has no trained clipping model
[2025-07-09 17:00:48.671] [jointLog] [warning] read 52a1fe06-7dc8-41ef-a5c6-b28e8b0d5afe (length 15942) has no trained clipping model
[2025-07-09 17:00:48.671] [jointLog] [warning] read a49a00e0-ef36-48fb-9de3-e84707b4b639 (length 11442) has no trained clipping model
[2025-07-09 17:00:48.671] [jointLog] [warning] read 2c46afe0-085e-4cfa-9b4f-032ecf0af39d (length 30766 - align length 61) has no trained error model
[2025-07-09 17:00:48.671] [jointLog] [warning] read 2c46afe0-085e-4cfa-9b4f-032ecf0af39d (length 30766) has no trained clipping model
[2025-07-09 17:00:48.671] [jointLog] [warning] read 2c46afe0-085e-4cfa-9b4f-032ecf0af39d (length 30766) has no trained clipping model
[2025-07-09 17:00:48.671] [jointLog] [warning] read fce0481c-e886-46a3-b5fd-01b57cba5e14 (length 11873) has no trained clipping model
[2025-07-09 17:00:48.675] [jointLog] [warning] read da8d47e9-b3fd-40b0-a015-31bd96a0f406 (length 18652 - align length 138) has no trained error model
[2025-07-09 17:00:48.675] [jointLog] [warning] read da8d47e9-b3fd-40b0-a015-31bd96a0f406 (length 18652) has no trained clipping model
[2025-07-09 17:00:48.675] [jointLog] [warning] read da8d47e9-b3fd-40b0-a015-31bd96a0f406 (length 18652) has no trained clipping model
[2025-07-09 17:00:48.675] [jointLog] [warning] read 465e85ec-0b66-4262-bf3c-f5cc4e61db3f (length 28427 - align length 224) has no trained error model
[2025-07-09 17:00:48.675] [jointLog] [warning] read 465e85ec-0b66-4262-bf3c-f5cc4e61db3f (length 28427) has no trained clipping model
[2025-07-09 17:00:48.675] [jointLog] [warning] read 465e85ec-0b66-4262-bf3c-f5cc4e61db3f (length 28427) has no trained clipping model
[2025-07-09 17:00:48.675] [jointLog] [warning] read 043ee45c-66a3-4b47-810a-ffb520e46c29 (length 24954 - align length 520) has no trained error model
[2025-07-09 17:00:48.675] [jointLog] [warning] read 043ee45c-66a3-4b47-810a-ffb520e46c29 (length 24954) has no trained clipping model
[2025-07-09 17:00:48.675] [jointLog] [warning] read 043ee45c-66a3-4b47-810a-ffb520e46c29 (length 24954) has no trained clipping model
[2025-07-09 17:00:48.675] [jointLog] [warning] read d6059130-acad-4db6-96ec-84556690a452 (length 12773 - align length 1999) has no trained error model
[2025-07-09 17:00:48.675] [jointLog] [warning] read d6059130-acad-4db6-96ec-84556690a452 (length 12773) has no trained clipping model
[2025-07-09 17:00:48.675] [jointLog] [warning] read d6059130-acad-4db6-96ec-84556690a452 (length 12773) has no trained clipping model
[2025-07-09 17:00:48.862] [jointLog] [warning] (in update()) CIGAR string for read [30a96708-d60a-49d0-8763-53e1c8b75983] seems inconsistent. It implied an error rate greater than 1: 1.56222 0.000433839 0.0234273
[2025-07-09 17:00:49.250] [jointLog] [warning] (in update()) CIGAR string for read [397bcd9c-454a-41e7-8a5f-e3dac9728286] seems inconsistent. It implied an error rate greater than 1: 1.39272 0 0.0620797
[2025-07-09 17:00:49.318] [jointLog] [warning] (in update()) CIGAR string for read [61f059ef-5352-4cd4-9d74-f3736f53c461] seems inconsistent. It implied an error rate greater than 1: 1.04702 0.00695652 0.0313043
[2025-07-09 17:00:49.616] [jointLog] [warning] (in update()) CIGAR string for read [590d911d-4258-4639-aa2d-680579271756] seems inconsistent. It implied an error rate greater than 1: 1.5375 0.0351759 0.160804
[2025-07-09 17:00:49.972] [jointLog] [warning] read 4f8b5e2e-7952-48b3-ac33-ee500a39fc62 (length 11929 - align length 11926) has no trained error model
[2025-07-09 17:00:50.038] [jointLog] [warning] (in update()) CIGAR string for read [aefb3f53-366d-45c7-a2ce-12bbc751377a] seems inconsistent. It implied an error rate greater than 1: 1.38822 0 0.0898263
[2025-07-09 17:00:50.118] [jointLog] [warning] (in update()) CIGAR string for read [adc90a24-80c6-4ea1-8945-d2f686b63ad8] seems inconsistent. It implied an error rate greater than 1: 1.1887 0 0.0348665
[2025-07-09 17:00:50.172] [jointLog] [warning] read b7183acd-e0af-441f-9ca1-9fa9179f5db5 (length 11551 - align length 11413) has no trained error model
[2025-07-09 17:00:50.195] [jointLog] [warning] (in update()) CIGAR string for read [c9670852-dc5c-4f68-bb23-a295555ec2f0] seems inconsistent. It implied an error rate greater than 1: 1.34901 0 0.00407213
[2025-07-09 17:00:50.236] [jointLog] [warning] (in update()) CIGAR string for read [ea4543af-da17-4194-8578-82060f7ec38e] seems inconsistent. It implied an error rate greater than 1: 1.64521 0 0.0720779
[2025-07-09 17:00:50.067] [fileLog] [info] quantification processed 4000000 fragments so far

[2025-07-09 17:00:50.348] [jointLog] [warning] (in update()) CIGAR string for read [49186dcd-115a-4003-9fed-3a022fa5a892] seems inconsistent. It implied an error rate greater than 1: 1.20606 0.000582751 0.0378788
[2025-07-09 17:00:50.799] [jointLog] [warning] (in update()) CIGAR string for read [ad97d490-ae7e-4729-afb2-d241ad59069c] seems inconsistent. It implied an error rate greater than 1: 1.38568 0 0.0246479
[2025-07-09 17:00:50.918] [jointLog] [warning] (in update()) CIGAR string for read [9e3a80ca-ccf5-4164-a5de-ec4f2c2bf48c] seems inconsistent. It implied an error rate greater than 1: 1.06606 0.00537634 0.0179211
[2025-07-09 17:00:51.045] [jointLog] [warning] read 392a2998-2d80-42bb-b124-91d25732ca1e (length 25004 - align length 409) has no trained error model
[2025-07-09 17:00:51.045] [jointLog] [warning] read 392a2998-2d80-42bb-b124-91d25732ca1e (length 25004) has no trained clipping model
[2025-07-09 17:00:51.045] [jointLog] [warning] read 392a2998-2d80-42bb-b124-91d25732ca1e (length 25004) has no trained clipping model
[2025-07-09 17:00:51.045] [jointLog] [warning] read de07aad5-a14f-4eec-a1e7-ac9d41503d1f (length 12920 - align length 85) has no trained error model
[2025-07-09 17:00:51.045] [jointLog] [warning] read de07aad5-a14f-4eec-a1e7-ac9d41503d1f (length 12920) has no trained clipping model
[2025-07-09 17:00:51.045] [jointLog] [warning] read de07aad5-a14f-4eec-a1e7-ac9d41503d1f (length 12920) has no trained clipping model
[2025-07-09 17:00:51.045] [jointLog] [warning] read 63c8678c-6f20-4bb2-8827-8556ffcae2c5 (length 32047 - align length 323) has no trained error model
[2025-07-09 17:00:51.045] [jointLog] [warning] read 63c8678c-6f20-4bb2-8827-8556ffcae2c5 (length 32047) has no trained clipping model
[2025-07-09 17:00:51.045] [jointLog] [warning] read 63c8678c-6f20-4bb2-8827-8556ffcae2c5 (length 32047) has no trained clipping model
[2025-07-09 17:00:51.045] [jointLog] [warning] read cd195958-a8f7-4199-92f2-72fc57058ea6 (length 24123 - align length 4272) has no trained error model
[2025-07-09 17:00:51.045] [jointLog] [warning] read cd195958-a8f7-4199-92f2-72fc57058ea6 (length 24123) has no trained clipping model
[2025-07-09 17:00:51.045] [jointLog] [warning] read cd195958-a8f7-4199-92f2-72fc57058ea6 (length 24123) has no trained clipping model
[2025-07-09 17:00:51.047] [jointLog] [warning] read fc9f2faa-420e-4067-ad88-fd2e5bd89567 (length 12321 - align length 76) has no trained error model
[2025-07-09 17:00:51.047] [jointLog] [warning] read fc9f2faa-420e-4067-ad88-fd2e5bd89567 (length 12321) has no trained clipping model
[2025-07-09 17:00:51.047] [jointLog] [warning] read fc9f2faa-420e-4067-ad88-fd2e5bd89567 (length 12321) has no trained clipping model
[2025-07-09 17:00:51.576] [jointLog] [warning] read 73802da6-dca1-452a-840e-9cd65de7d87a (length 10256 - align length 10188) has no trained error model
[2025-07-09 17:00:51.793] [jointLog] [warning] (in update()) CIGAR string for read [3288fdf9-510a-4735-8c82-ee47a62ee60b] seems inconsistent. It implied an error rate greater than 1: 1.11876 0.0139104 0.0880989
[2025-07-09 17:00:52.593] [jointLog] [warning] (in update()) CIGAR string for read [843870c2-9559-4676-b54b-cd1045335a69] seems inconsistent. It implied an error rate greater than 1: 1.7855 0.00576369 0.0403458
[2025-07-09 17:00:52.844] [jointLog] [warning] (in update()) CIGAR string for read [93bb46c3-ce0e-4292-9068-c80487ad277d] seems inconsistent. It implied an error rate greater than 1: 1.35367 0 0.00934307
[2025-07-09 17:00:52.897] [jointLog] [warning] (in update()) CIGAR string for read [d9505a63-d010-47d4-bb35-e100b6d6c8f6] seems inconsistent. It implied an error rate greater than 1: 1.35344 0.00439239 0.000585652
[2025-07-09 17:00:53.417] [fileLog] [info] quantification processed 5000000 fragments so far

[2025-07-09 17:00:53.676] [jointLog] [warning] read 6df8fc27-8687-4f20-848f-7e9419a38018 (length 10298 - align length 10224) has no trained error model
[2025-07-09 17:00:54.701] [jointLog] [warning] read f23d6ac4-05ff-4019-b57f-cba1841789e8 (length 12840) has no trained clipping model
[2025-07-09 17:00:54.701] [jointLog] [warning] read 8827ae88-e271-4cda-925a-697f1018e28b (length 25978 - align length 1423) has no trained error model
[2025-07-09 17:00:54.701] [jointLog] [warning] read 8827ae88-e271-4cda-925a-697f1018e28b (length 25978) has no trained clipping model
[2025-07-09 17:00:54.701] [jointLog] [warning] read 8827ae88-e271-4cda-925a-697f1018e28b (length 25978) has no trained clipping model
[2025-07-09 17:00:54.701] [jointLog] [warning] read 529ad99d-82da-4d08-977b-6f69215fdcad (length 12863) has no trained clipping model
[2025-07-09 17:00:54.701] [jointLog] [warning] read 49eef8a6-41f5-44c1-971d-a04044153825 (length 42937 - align length 96) has no trained error model
[2025-07-09 17:00:54.701] [jointLog] [warning] read 49eef8a6-41f5-44c1-971d-a04044153825 (length 42937) has no trained clipping model
[2025-07-09 17:00:54.701] [jointLog] [warning] read 49eef8a6-41f5-44c1-971d-a04044153825 (length 42937) has no trained clipping model
[2025-07-09 17:00:54.701] [jointLog] [warning] read 7771e00a-c7ad-47a1-b89b-375d3ab02229 (length 13149 - align length 771) has no trained error model
[2025-07-09 17:00:54.701] [jointLog] [warning] read 7771e00a-c7ad-47a1-b89b-375d3ab02229 (length 13149) has no trained clipping model
[2025-07-09 17:00:54.701] [jointLog] [warning] read 7771e00a-c7ad-47a1-b89b-375d3ab02229 (length 13149) has no trained clipping model
[2025-07-09 17:00:54.701] [jointLog] [warning] read 55145617-db4b-46e0-8e4b-e4a834456c3c (length 42008 - align length 336) has no trained error model
[2025-07-09 17:00:54.701] [jointLog] [warning] read 55145617-db4b-46e0-8e4b-e4a834456c3c (length 42008) has no trained clipping model
[2025-07-09 17:00:54.701] [jointLog] [warning] read 55145617-db4b-46e0-8e4b-e4a834456c3c (length 42008) has no trained clipping model
[2025-07-09 17:00:54.701] [jointLog] [warning] read 580cb03b-4de6-4be3-b2b4-e815e1044824 (length 14378 - align length 14271) has no trained error model
[2025-07-09 17:00:54.701] [jointLog] [warning] read 580cb03b-4de6-4be3-b2b4-e815e1044824 (length 14378) has no trained clipping model
[2025-07-09 17:00:54.701] [jointLog] [warning] read 580cb03b-4de6-4be3-b2b4-e815e1044824 (length 14378) has no trained clipping model
[2025-07-09 17:00:54.701] [jointLog] [warning] read 8f578ac5-4ed1-4beb-bfd9-24f3a50d5818 (length 13497 - align length 3464) has no trained error model
[2025-07-09 17:00:54.701] [jointLog] [warning] read 8f578ac5-4ed1-4beb-bfd9-24f3a50d5818 (length 13497) has no trained clipping model
[2025-07-09 17:00:54.701] [jointLog] [warning] read 8f578ac5-4ed1-4beb-bfd9-24f3a50d5818 (length 13497) has no trained clipping model
[2025-07-09 17:00:54.701] [jointLog] [warning] read 525db927-15c1-4d61-a2da-0f6a3c117ddf (length 22078 - align length 1551) has no trained error model
[2025-07-09 17:00:54.701] [jointLog] [warning] read 525db927-15c1-4d61-a2da-0f6a3c117ddf (length 22078) has no trained clipping model
[2025-07-09 17:00:54.701] [jointLog] [warning] read 525db927-15c1-4d61-a2da-0f6a3c117ddf (length 22078) has no trained clipping model
[2025-07-09 17:00:54.701] [jointLog] [warning] read 9935d56d-77e9-4859-b982-a9c4231ae82b (length 24548 - align length 149) has no trained error model
[2025-07-09 17:00:54.701] [jointLog] [warning] read 9935d56d-77e9-4859-b982-a9c4231ae82b (length 24548) has no trained clipping model
[2025-07-09 17:00:54.701] [jointLog] [warning] read 9935d56d-77e9-4859-b982-a9c4231ae82b (length 24548) has no trained clipping model
[2025-07-09 17:00:54.701] [jointLog] [warning] read b518561b-a632-46cb-b14d-c31d30625dfc (length 23793 - align length 114) has no trained error model
[2025-07-09 17:00:54.701] [jointLog] [warning] read b518561b-a632-46cb-b14d-c31d30625dfc (length 23793) has no trained clipping model
[2025-07-09 17:00:54.701] [jointLog] [warning] read b518561b-a632-46cb-b14d-c31d30625dfc (length 23793) has no trained clipping model
[2025-07-09 17:00:54.701] [jointLog] [warning] read 1c16180e-2764-4178-881b-0b10cc0f8174 (length 23395 - align length 358) has no trained error model
[2025-07-09 17:00:54.701] [jointLog] [warning] read 1c16180e-2764-4178-881b-0b10cc0f8174 (length 23395) has no trained clipping model
[2025-07-09 17:00:54.701] [jointLog] [warning] read 1c16180e-2764-4178-881b-0b10cc0f8174 (length 23395) has no trained clipping model
[2025-07-09 17:00:54.701] [jointLog] [warning] read 2420cbfe-e712-43cd-b8fe-b6826a60cfb4 (length 12630 - align length 12481) has no trained error model
[2025-07-09 17:00:54.701] [jointLog] [warning] read 21b8ac39-0a7b-4973-b623-50fb14e92096 (length 30589 - align length 2321) has no trained error model
[2025-07-09 17:00:54.701] [jointLog] [warning] read 21b8ac39-0a7b-4973-b623-50fb14e92096 (length 30589) has no trained clipping model
[2025-07-09 17:00:54.701] [jointLog] [warning] read 21b8ac39-0a7b-4973-b623-50fb14e92096 (length 30589) has no trained clipping model
[2025-07-09 17:00:54.701] [jointLog] [warning] read 202e6363-f647-4a67-b522-93ac75cf920b (length 13008 - align length 110) has no trained error model
[2025-07-09 17:00:54.701] [jointLog] [warning] read 202e6363-f647-4a67-b522-93ac75cf920b (length 13008) has no trained clipping model
[2025-07-09 17:00:54.701] [jointLog] [warning] read 202e6363-f647-4a67-b522-93ac75cf920b (length 13008) has no trained clipping model
[2025-07-09 17:00:54.701] [jointLog] [warning] read b2eb55f2-216f-4487-9561-f5140ac4dfe9 (length 37456 - align length 874) has no trained error model
[2025-07-09 17:00:54.701] [jointLog] [warning] read b2eb55f2-216f-4487-9561-f5140ac4dfe9 (length 37456) has no trained clipping model
[2025-07-09 17:00:54.701] [jointLog] [warning] read b2eb55f2-216f-4487-9561-f5140ac4dfe9 (length 37456) has no trained clipping model
[2025-07-09 17:00:54.701] [jointLog] [warning] read 91c0df1d-38ee-476b-9d7e-c19393afeb27 (length 26058 - align length 146) has no trained error model
[2025-07-09 17:00:54.701] [jointLog] [warning] read 91c0df1d-38ee-476b-9d7e-c19393afeb27 (length 26058) has no trained clipping model
[2025-07-09 17:00:54.701] [jointLog] [warning] read 91c0df1d-38ee-476b-9d7e-c19393afeb27 (length 26058) has no trained clipping model
[2025-07-09 17:00:54.701] [jointLog] [warning] read 9ae3e314-b7e7-4399-b46c-0dc1cec8988b (length 18715 - align length 152) has no trained error model
[2025-07-09 17:00:54.701] [jointLog] [warning] read 9ae3e314-b7e7-4399-b46c-0dc1cec8988b (length 18715) has no trained clipping model
[2025-07-09 17:00:54.701] [jointLog] [warning] read 9ae3e314-b7e7-4399-b46c-0dc1cec8988b (length 18715) has no trained clipping model
[2025-07-09 17:00:54.701] [jointLog] [warning] read cae8657a-c6ee-4678-ba25-95884b8defe5 (length 48582 - align length 1172) has no trained error model
[2025-07-09 17:00:54.701] [jointLog] [warning] read cae8657a-c6ee-4678-ba25-95884b8defe5 (length 48582) has no trained clipping model
[2025-07-09 17:00:54.701] [jointLog] [warning] read cae8657a-c6ee-4678-ba25-95884b8defe5 (length 48582) has no trained clipping model
[2025-07-09 17:00:54.701] [jointLog] [warning] read f7dbc0bb-fe50-4b31-93a2-b2563362b8db (length 45588 - align length 279) has no trained error model
[2025-07-09 17:00:54.701] [jointLog] [warning] read f7dbc0bb-fe50-4b31-93a2-b2563362b8db (length 45588) has no trained clipping model
[2025-07-09 17:00:54.701] [jointLog] [warning] read f7dbc0bb-fe50-4b31-93a2-b2563362b8db (length 45588) has no trained clipping model
[2025-07-09 17:00:54.702] [jointLog] [warning] read c2c8bcf8-cb07-4d1e-9270-4f75ae5517ed (length 35480 - align length 750) has no trained error model
[2025-07-09 17:00:54.702] [jointLog] [warning] read c2c8bcf8-cb07-4d1e-9270-4f75ae5517ed (length 35480) has no trained clipping model
[2025-07-09 17:00:54.702] [jointLog] [warning] read c2c8bcf8-cb07-4d1e-9270-4f75ae5517ed (length 35480) has no trained clipping model
[2025-07-09 17:00:54.702] [jointLog] [warning] read 19c3b4f8-673f-4a58-8b99-cd2beacea2a7 (length 14687 - align length 367) has no trained error model
[2025-07-09 17:00:54.702] [jointLog] [warning] read 19c3b4f8-673f-4a58-8b99-cd2beacea2a7 (length 14687) has no trained clipping model
[2025-07-09 17:00:54.702] [jointLog] [warning] read 19c3b4f8-673f-4a58-8b99-cd2beacea2a7 (length 14687) has no trained clipping model
[2025-07-09 17:00:54.702] [jointLog] [warning] read 2131d1ee-0db3-4b09-9355-9652a0fb740d (length 22262 - align length 395) has no trained error model
[2025-07-09 17:00:54.702] [jointLog] [warning] read 2131d1ee-0db3-4b09-9355-9652a0fb740d (length 22262) has no trained clipping model
[2025-07-09 17:00:54.702] [jointLog] [warning] read 2131d1ee-0db3-4b09-9355-9652a0fb740d (length 22262) has no trained clipping model
[2025-07-09 17:00:55.517] [jointLog] [warning] read a106b99d-fc53-4943-8c46-b28ed48929cd (length 13785 - align length 262) has no trained error model
[2025-07-09 17:00:55.517] [jointLog] [warning] read a106b99d-fc53-4943-8c46-b28ed48929cd (length 13785) has no trained clipping model
[2025-07-09 17:00:55.517] [jointLog] [warning] read a106b99d-fc53-4943-8c46-b28ed48929cd (length 13785) has no trained clipping model
[2025-07-09 17:00:55.517] [jointLog] [warning] read 7cdb3f42-41c5-414b-a4d3-9dc51942cac4 (length 15696 - align length 544) has no trained error model
[2025-07-09 17:00:55.517] [jointLog] [warning] read 7cdb3f42-41c5-414b-a4d3-9dc51942cac4 (length 15696) has no trained clipping model
[2025-07-09 17:00:55.517] [jointLog] [warning] read 7cdb3f42-41c5-414b-a4d3-9dc51942cac4 (length 15696) has no trained clipping model
[2025-07-09 17:00:55.517] [jointLog] [warning] read beea68d3-fc16-4e1d-bc9e-044796cf536f (length 11810) has no trained clipping model
[2025-07-09 17:00:55.517] [jointLog] [warning] read bc14aeb6-2e58-47aa-b57e-594b941b037e (length 36500 - align length 703) has no trained error model
[2025-07-09 17:00:55.517] [jointLog] [warning] read bc14aeb6-2e58-47aa-b57e-594b941b037e (length 36500) has no trained clipping model
[2025-07-09 17:00:55.517] [jointLog] [warning] read bc14aeb6-2e58-47aa-b57e-594b941b037e (length 36500) has no trained clipping model
[2025-07-09 17:00:55.517] [jointLog] [warning] read 17ecf7ca-bfec-4e29-9efa-c6eb3deabb53 (length 17200 - align length 1027) has no trained error model
[2025-07-09 17:00:55.517] [jointLog] [warning] read 17ecf7ca-bfec-4e29-9efa-c6eb3deabb53 (length 17200) has no trained clipping model
[2025-07-09 17:00:55.517] [jointLog] [warning] read 17ecf7ca-bfec-4e29-9efa-c6eb3deabb53 (length 17200) has no trained clipping model
[2025-07-09 17:00:55.517] [jointLog] [warning] read 83ee6567-d3e3-44b9-808e-6fd1b613509d (length 38250 - align length 856) has no trained error model
[2025-07-09 17:00:55.517] [jointLog] [warning] read 83ee6567-d3e3-44b9-808e-6fd1b613509d (length 38250) has no trained clipping model
[2025-07-09 17:00:55.517] [jointLog] [warning] read 83ee6567-d3e3-44b9-808e-6fd1b613509d (length 38250) has no trained clipping model
[2025-07-09 17:00:55.517] [jointLog] [warning] read 5f6d61ef-f6d5-450f-896e-8d281a3ed07c (length 28812 - align length 967) has no trained error model
[2025-07-09 17:00:55.517] [jointLog] [warning] read 5f6d61ef-f6d5-450f-896e-8d281a3ed07c (length 28812) has no trained clipping model
[2025-07-09 17:00:55.517] [jointLog] [warning] read 5f6d61ef-f6d5-450f-896e-8d281a3ed07c (length 28812) has no trained clipping model
[2025-07-09 17:00:55.517] [jointLog] [warning] read 0989e590-d670-4089-b8d3-9d4d17e92244 (length 42379 - align length 2324) has no trained error model
[2025-07-09 17:00:55.517] [jointLog] [warning] read 0989e590-d670-4089-b8d3-9d4d17e92244 (length 42379) has no trained clipping model
[2025-07-09 17:00:55.517] [jointLog] [warning] read 0989e590-d670-4089-b8d3-9d4d17e92244 (length 42379) has no trained clipping model
[2025-07-09 17:00:56.587] [jointLog] [warning] read 79bc0d4e-cffb-41ee-a2f6-c13bcafbd992 (length 11325 - align length 11309) has no trained error model
[2025-07-09 17:00:56.930] [jointLog] [warning] read cc1dda04-0150-48d5-b8c1-e47e1ef26c0c (length 15455 - align length 257) has no trained error model
[2025-07-09 17:00:56.930] [jointLog] [warning] read cc1dda04-0150-48d5-b8c1-e47e1ef26c0c (length 15455) has no trained clipping model
[2025-07-09 17:00:56.930] [jointLog] [warning] read cc1dda04-0150-48d5-b8c1-e47e1ef26c0c (length 15455) has no trained clipping model
[2025-07-09 17:00:56.931] [jointLog] [warning] read 1bccd209-be8f-4b50-ba6f-2c1d3d96f66c (length 13112 - align length 786) has no trained error model
[2025-07-09 17:00:56.931] [jointLog] [warning] read 1bccd209-be8f-4b50-ba6f-2c1d3d96f66c (length 13112) has no trained clipping model
[2025-07-09 17:00:56.931] [jointLog] [warning] read 1bccd209-be8f-4b50-ba6f-2c1d3d96f66c (length 13112) has no trained clipping model
[2025-07-09 17:00:56.931] [jointLog] [warning] read 25ac390b-003c-4eea-af6b-532e97599102 (length 25715 - align length 809) has no trained error model
[2025-07-09 17:00:56.931] [jointLog] [warning] read 25ac390b-003c-4eea-af6b-532e97599102 (length 25715) has no trained clipping model
[2025-07-09 17:00:56.931] [jointLog] [warning] read 25ac390b-003c-4eea-af6b-532e97599102 (length 25715) has no trained clipping model
[2025-07-09 17:00:56.931] [jointLog] [warning] read 6bbc4e46-0d16-43bf-9ce5-7e9e9223a57d (length 32970 - align length 166) has no trained error model
[2025-07-09 17:00:56.931] [jointLog] [warning] read 6bbc4e46-0d16-43bf-9ce5-7e9e9223a57d (length 32970) has no trained clipping model
[2025-07-09 17:00:56.931] [jointLog] [warning] read 6bbc4e46-0d16-43bf-9ce5-7e9e9223a57d (length 32970) has no trained clipping model
[2025-07-09 17:00:56.931] [jointLog] [warning] read 787786f9-b0a8-471f-8473-725a1e8233f3 (length 29920 - align length 184) has no trained error model
[2025-07-09 17:00:56.931] [jointLog] [warning] read 787786f9-b0a8-471f-8473-725a1e8233f3 (length 29920) has no trained clipping model
[2025-07-09 17:00:56.931] [jointLog] [warning] read 787786f9-b0a8-471f-8473-725a1e8233f3 (length 29920) has no trained clipping model
[2025-07-09 17:00:56.931] [jointLog] [warning] read b8f11ce0-0130-4c98-9e4a-e4bfe7e9d4ac (length 47597 - align length 620) has no trained error model
[2025-07-09 17:00:56.931] [jointLog] [warning] read b8f11ce0-0130-4c98-9e4a-e4bfe7e9d4ac (length 47597) has no trained clipping model
[2025-07-09 17:00:56.931] [jointLog] [warning] read b8f11ce0-0130-4c98-9e4a-e4bfe7e9d4ac (length 47597) has no trained clipping model
[2025-07-09 17:00:56.931] [jointLog] [warning] read 1964dd24-ce9b-4d9e-963d-35ceeb53b4aa (length 19122) has no trained clipping model
[2025-07-09 17:00:56.931] [jointLog] [warning] read f24d4e47-a9b4-4314-a68a-ef7b7f3a8472 (length 17964 - align length 173) has no trained error model
[2025-07-09 17:00:56.931] [jointLog] [warning] read f24d4e47-a9b4-4314-a68a-ef7b7f3a8472 (length 17964) has no trained clipping model
[2025-07-09 17:00:56.931] [jointLog] [warning] read f24d4e47-a9b4-4314-a68a-ef7b7f3a8472 (length 17964) has no trained clipping model
[2025-07-09 17:00:56.931] [jointLog] [warning] read 215a0db6-b98c-4739-a0e2-95968e8d4f8d (length 13809 - align length 246) has no trained error model
[2025-07-09 17:00:56.931] [jointLog] [warning] read 215a0db6-b98c-4739-a0e2-95968e8d4f8d (length 13809) has no trained clipping model
[2025-07-09 17:00:56.931] [jointLog] [warning] read 215a0db6-b98c-4739-a0e2-95968e8d4f8d (length 13809) has no trained clipping model
[2025-07-09 17:00:56.931] [jointLog] [warning] read 93023e7d-b9c9-4f0e-a5d5-ae75c48a590f (length 22296 - align length 108) has no trained error model
[2025-07-09 17:00:56.931] [jointLog] [warning] read 93023e7d-b9c9-4f0e-a5d5-ae75c48a590f (length 22296) has no trained clipping model
[2025-07-09 17:00:56.931] [jointLog] [warning] read 93023e7d-b9c9-4f0e-a5d5-ae75c48a590f (length 22296) has no trained clipping model
[2025-07-09 17:00:56.873] [fileLog] [info] quantification processed 6000000 fragments so far

[2025-07-09 17:00:58.731] [jointLog] [warning] read b8873d3a-fe0e-45b1-8dc8-4d25be84a49b (length 10953 - align length 10876) has no trained error model
[2025-07-09 17:01:00.245] [fileLog] [info] quantification processed 7000000 fragments so far

[2025-07-09 17:01:00.919] [jointLog] [warning] read fc6f925b-a7e7-428c-b109-c513f1414e97 (length 42753 - align length 182) has no trained error model
[2025-07-09 17:01:00.919] [jointLog] [warning] read fc6f925b-a7e7-428c-b109-c513f1414e97 (length 42753) has no trained clipping model
[2025-07-09 17:01:00.919] [jointLog] [warning] read fc6f925b-a7e7-428c-b109-c513f1414e97 (length 42753) has no trained clipping model
[2025-07-09 17:01:00.923] [jointLog] [warning] read 82108dad-d498-4c36-8c38-012422b8a7e9 (length 12823 - align length 12752) has no trained error model
[2025-07-09 17:01:00.923] [jointLog] [warning] read 82108dad-d498-4c36-8c38-012422b8a7e9 (length 12823) has no trained clipping model
[2025-07-09 17:01:00.923] [jointLog] [warning] read f8b1e6b6-cad6-462a-983c-867408d6c89a (length 20438 - align length 6300) has no trained error model
[2025-07-09 17:01:00.923] [jointLog] [warning] read f8b1e6b6-cad6-462a-983c-867408d6c89a (length 20438) has no trained clipping model
[2025-07-09 17:01:00.923] [jointLog] [warning] read f8b1e6b6-cad6-462a-983c-867408d6c89a (length 20438) has no trained clipping model
[2025-07-09 17:01:00.923] [jointLog] [warning] read 507d0903-8e7f-4bff-8f7b-ddb1c5520bf0 (length 19055 - align length 620) has no trained error model
[2025-07-09 17:01:00.923] [jointLog] [warning] read 507d0903-8e7f-4bff-8f7b-ddb1c5520bf0 (length 19055) has no trained clipping model
[2025-07-09 17:01:00.923] [jointLog] [warning] read 507d0903-8e7f-4bff-8f7b-ddb1c5520bf0 (length 19055) has no trained clipping model
[2025-07-09 17:01:00.923] [jointLog] [warning] read f58231f7-23e6-424a-ad3e-17fcef38bc9e (length 37592 - align length 525) has no trained error model
[2025-07-09 17:01:00.923] [jointLog] [warning] read f58231f7-23e6-424a-ad3e-17fcef38bc9e (length 37592) has no trained clipping model
[2025-07-09 17:01:00.923] [jointLog] [warning] read f58231f7-23e6-424a-ad3e-17fcef38bc9e (length 37592) has no trained clipping model
[2025-07-09 17:01:00.923] [jointLog] [warning] read a16f7300-f759-483f-8258-32380aeb88dd (length 40248 - align length 226) has no trained error model
[2025-07-09 17:01:00.923] [jointLog] [warning] read a16f7300-f759-483f-8258-32380aeb88dd (length 40248) has no trained clipping model
[2025-07-09 17:01:00.923] [jointLog] [warning] read a16f7300-f759-483f-8258-32380aeb88dd (length 40248) has no trained clipping model
[2025-07-09 17:01:00.923] [jointLog] [warning] read f464d987-54f8-49a4-b8ba-065e5bf8d829 (length 17962 - align length 1167) has no trained error model
[2025-07-09 17:01:00.923] [jointLog] [warning] read f464d987-54f8-49a4-b8ba-065e5bf8d829 (length 17962) has no trained clipping model
[2025-07-09 17:01:00.923] [jointLog] [warning] read f464d987-54f8-49a4-b8ba-065e5bf8d829 (length 17962) has no trained clipping model
[2025-07-09 17:01:00.923] [jointLog] [warning] read aa92aee6-1caa-4f84-ab3c-0faba598c2a2 (length 18571 - align length 1616) has no trained error model
[2025-07-09 17:01:00.923] [jointLog] [warning] read aa92aee6-1caa-4f84-ab3c-0faba598c2a2 (length 18571) has no trained clipping model
[2025-07-09 17:01:00.923] [jointLog] [warning] read aa92aee6-1caa-4f84-ab3c-0faba598c2a2 (length 18571) has no trained clipping model
[2025-07-09 17:01:00.923] [jointLog] [warning] read 68c166ac-db27-4a57-afa4-19086270f2e1 (length 24261 - align length 2057) has no trained error model
[2025-07-09 17:01:00.923] [jointLog] [warning] read 68c166ac-db27-4a57-afa4-19086270f2e1 (length 24261) has no trained clipping model
[2025-07-09 17:01:00.923] [jointLog] [warning] read 68c166ac-db27-4a57-afa4-19086270f2e1 (length 24261) has no trained clipping model
[2025-07-09 17:01:00.923] [jointLog] [warning] read 0eba664c-076c-4bff-8bbd-905bd445a2e4 (length 29384) has no trained clipping model
[2025-07-09 17:01:00.923] [jointLog] [warning] read 4dcb3db1-db4a-410e-b967-0d928dd9e1c0 (length 19746 - align length 261) has no trained error model
[2025-07-09 17:01:00.923] [jointLog] [warning] read 4dcb3db1-db4a-410e-b967-0d928dd9e1c0 (length 19746) has no trained clipping model
[2025-07-09 17:01:00.923] [jointLog] [warning] read 4dcb3db1-db4a-410e-b967-0d928dd9e1c0 (length 19746) has no trained clipping model
[2025-07-09 17:01:00.923] [jointLog] [warning] read 3906c016-1822-4f48-82a0-fff0227b281a (length 41492 - align length 78) has no trained error model
[2025-07-09 17:01:00.923] [jointLog] [warning] read 3906c016-1822-4f48-82a0-fff0227b281a (length 41492) has no trained clipping model
[2025-07-09 17:01:00.923] [jointLog] [warning] read 3906c016-1822-4f48-82a0-fff0227b281a (length 41492) has no trained clipping model
[2025-07-09 17:01:00.923] [jointLog] [warning] read 4b6937af-912b-4ccc-8481-ea25fa06d1a5 (length 20223 - align length 175) has no trained error model
[2025-07-09 17:01:00.923] [jointLog] [warning] read 4b6937af-912b-4ccc-8481-ea25fa06d1a5 (length 20223) has no trained clipping model
[2025-07-09 17:01:00.923] [jointLog] [warning] read 4b6937af-912b-4ccc-8481-ea25fa06d1a5 (length 20223) has no trained clipping model
[2025-07-09 17:01:00.923] [jointLog] [warning] read 2ff45a67-d9eb-4be0-99b7-5bef74debf43 (length 18116 - align length 59) has no trained error model
[2025-07-09 17:01:00.923] [jointLog] [warning] read 2ff45a67-d9eb-4be0-99b7-5bef74debf43 (length 18116) has no trained clipping model
[2025-07-09 17:01:00.923] [jointLog] [warning] read 2ff45a67-d9eb-4be0-99b7-5bef74debf43 (length 18116) has no trained clipping model
[2025-07-09 17:01:00.923] [jointLog] [warning] read fec52816-7c99-4c34-a692-e4a4b2c47c04 (length 40616 - align length 473) has no trained error model
[2025-07-09 17:01:00.923] [jointLog] [warning] read fec52816-7c99-4c34-a692-e4a4b2c47c04 (length 40616) has no trained clipping model
[2025-07-09 17:01:00.923] [jointLog] [warning] read fec52816-7c99-4c34-a692-e4a4b2c47c04 (length 40616) has no trained clipping model
[2025-07-09 17:01:00.923] [jointLog] [warning] read 52f9b065-83a4-4bff-9bbc-9a5da224a62c (length 42746 - align length 244) has no trained error model
[2025-07-09 17:01:00.923] [jointLog] [warning] read 52f9b065-83a4-4bff-9bbc-9a5da224a62c (length 42746) has no trained clipping model
[2025-07-09 17:01:00.923] [jointLog] [warning] read 52f9b065-83a4-4bff-9bbc-9a5da224a62c (length 42746) has no trained clipping model
[2025-07-09 17:01:00.923] [jointLog] [warning] read e649849b-8c13-422a-9641-a62f4462a6f7 (length 26919 - align length 1747) has no trained error model
[2025-07-09 17:01:00.923] [jointLog] [warning] read e649849b-8c13-422a-9641-a62f4462a6f7 (length 26919) has no trained clipping model
[2025-07-09 17:01:00.923] [jointLog] [warning] read e649849b-8c13-422a-9641-a62f4462a6f7 (length 26919) has no trained clipping model
[2025-07-09 17:01:00.924] [jointLog] [warning] read 93293f9b-0a31-4026-ae60-9363a28c1b73 (length 33232 - align length 526) has no trained error model
[2025-07-09 17:01:00.924] [jointLog] [warning] read 93293f9b-0a31-4026-ae60-9363a28c1b73 (length 33232) has no trained clipping model
[2025-07-09 17:01:00.924] [jointLog] [warning] read 93293f9b-0a31-4026-ae60-9363a28c1b73 (length 33232) has no trained clipping model
[2025-07-09 17:01:00.924] [jointLog] [warning] read ccbc0249-277a-415f-94c4-99dc9847be11 (length 43848 - align length 210) has no trained error model
[2025-07-09 17:01:00.924] [jointLog] [warning] read ccbc0249-277a-415f-94c4-99dc9847be11 (length 43848) has no trained clipping model
[2025-07-09 17:01:00.924] [jointLog] [warning] read ccbc0249-277a-415f-94c4-99dc9847be11 (length 43848) has no trained clipping model
[2025-07-09 17:01:00.924] [jointLog] [warning] read 1d5a507a-c04d-4c8c-a26a-a660e73dcb0d (length 26327 - align length 5776) has no trained error model
[2025-07-09 17:01:00.924] [jointLog] [warning] read 1d5a507a-c04d-4c8c-a26a-a660e73dcb0d (length 26327) has no trained clipping model
[2025-07-09 17:01:00.924] [jointLog] [warning] read 1d5a507a-c04d-4c8c-a26a-a660e73dcb0d (length 26327) has no trained clipping model
[2025-07-09 17:01:00.924] [jointLog] [warning] read 40517ee8-ebd3-4c75-8d89-2eed754fcfeb (length 20725 - align length 235) has no trained error model
[2025-07-09 17:01:00.924] [jointLog] [warning] read 40517ee8-ebd3-4c75-8d89-2eed754fcfeb (length 20725) has no trained clipping model
[2025-07-09 17:01:00.924] [jointLog] [warning] read 40517ee8-ebd3-4c75-8d89-2eed754fcfeb (length 20725) has no trained clipping model
[2025-07-09 17:01:00.924] [jointLog] [warning] read 1b8bff70-3354-4b70-b09b-25b5be4fb3a4 (length 19277 - align length 464) has no trained error model
[2025-07-09 17:01:00.924] [jointLog] [warning] read 1b8bff70-3354-4b70-b09b-25b5be4fb3a4 (length 19277) has no trained clipping model
[2025-07-09 17:01:00.924] [jointLog] [warning] read 1b8bff70-3354-4b70-b09b-25b5be4fb3a4 (length 19277) has no trained clipping model
[2025-07-09 17:01:00.924] [jointLog] [warning] read 446a0d36-010e-4a91-a59a-885a871861b6 (length 32468 - align length 1244) has no trained error model
[2025-07-09 17:01:00.924] [jointLog] [warning] read 446a0d36-010e-4a91-a59a-885a871861b6 (length 32468) has no trained clipping model
[2025-07-09 17:01:00.924] [jointLog] [warning] read 446a0d36-010e-4a91-a59a-885a871861b6 (length 32468) has no trained clipping model
[2025-07-09 17:01:00.924] [jointLog] [warning] read e60e80a7-0e99-4d0b-9da0-a5cc07d40d78 (length 13994) has no trained clipping model
[2025-07-09 17:01:00.924] [jointLog] [warning] read 934d9c64-843f-4467-9691-aa06f8a592a9 (length 29209 - align length 3825) has no trained error model
[2025-07-09 17:01:00.924] [jointLog] [warning] read 934d9c64-843f-4467-9691-aa06f8a592a9 (length 29209) has no trained clipping model
[2025-07-09 17:01:00.924] [jointLog] [warning] read 934d9c64-843f-4467-9691-aa06f8a592a9 (length 29209) has no trained clipping model
[2025-07-09 17:01:00.924] [jointLog] [warning] read 08839a3c-e820-4e59-b71c-a97351a3cab5 (length 29545 - align length 253) has no trained error model
[2025-07-09 17:01:00.924] [jointLog] [warning] read 08839a3c-e820-4e59-b71c-a97351a3cab5 (length 29545) has no trained clipping model
[2025-07-09 17:01:00.924] [jointLog] [warning] read 08839a3c-e820-4e59-b71c-a97351a3cab5 (length 29545) has no trained clipping model
[2025-07-09 17:01:00.924] [jointLog] [warning] read f642b3ab-4e71-4cac-9e4f-f7ccb84409c4 (length 36055 - align length 2057) has no trained error model
[2025-07-09 17:01:00.924] [jointLog] [warning] read f642b3ab-4e71-4cac-9e4f-f7ccb84409c4 (length 36055) has no trained clipping model
[2025-07-09 17:01:00.924] [jointLog] [warning] read f642b3ab-4e71-4cac-9e4f-f7ccb84409c4 (length 36055) has no trained clipping model
[2025-07-09 17:01:00.924] [jointLog] [warning] read e9d16c8e-09bb-4173-a020-540f27fbb251 (length 16847 - align length 794) has no trained error model
[2025-07-09 17:01:00.924] [jointLog] [warning] read e9d16c8e-09bb-4173-a020-540f27fbb251 (length 16847) has no trained clipping model
[2025-07-09 17:01:00.924] [jointLog] [warning] read e9d16c8e-09bb-4173-a020-540f27fbb251 (length 16847) has no trained clipping model
[2025-07-09 17:01:00.924] [jointLog] [warning] read e17aafff-56a3-498e-828d-13eeb18d6455 (length 19837 - align length 311) has no trained error model
[2025-07-09 17:01:00.924] [jointLog] [warning] read e17aafff-56a3-498e-828d-13eeb18d6455 (length 19837) has no trained clipping model
[2025-07-09 17:01:00.924] [jointLog] [warning] read e17aafff-56a3-498e-828d-13eeb18d6455 (length 19837) has no trained clipping model
[2025-07-09 17:01:00.924] [jointLog] [warning] read 1af908d6-e4e3-42c8-9145-eacc3f6c067d (length 18811 - align length 836) has no trained error model
[2025-07-09 17:01:00.924] [jointLog] [warning] read 1af908d6-e4e3-42c8-9145-eacc3f6c067d (length 18811) has no trained clipping model
[2025-07-09 17:01:00.924] [jointLog] [warning] read 1af908d6-e4e3-42c8-9145-eacc3f6c067d (length 18811) has no trained clipping model
[2025-07-09 17:01:00.924] [jointLog] [warning] read 0389887a-19d1-454e-b69e-c0f3c1c125b3 (length 17793 - align length 1306) has no trained error model
[2025-07-09 17:01:00.924] [jointLog] [warning] read 0389887a-19d1-454e-b69e-c0f3c1c125b3 (length 17793) has no trained clipping model
[2025-07-09 17:01:00.924] [jointLog] [warning] read 0389887a-19d1-454e-b69e-c0f3c1c125b3 (length 17793) has no trained clipping model
[2025-07-09 17:01:00.924] [jointLog] [warning] read 779884d3-8234-475b-80fc-c014ed41d6eb (length 13233 - align length 13168) has no trained error model
[2025-07-09 17:01:00.924] [jointLog] [warning] read e79cec15-ac57-4f01-9170-7d1cd8d7e3ee (length 28225 - align length 522) has no trained error model
[2025-07-09 17:01:00.924] [jointLog] [warning] read e79cec15-ac57-4f01-9170-7d1cd8d7e3ee (length 28225) has no trained clipping model
[2025-07-09 17:01:00.924] [jointLog] [warning] read e79cec15-ac57-4f01-9170-7d1cd8d7e3ee (length 28225) has no trained clipping model
[2025-07-09 17:01:00.924] [jointLog] [warning] read e67598f5-b5d5-42fa-91d8-dcfcf77f12ae (length 17348 - align length 291) has no trained error model
[2025-07-09 17:01:00.924] [jointLog] [warning] read e67598f5-b5d5-42fa-91d8-dcfcf77f12ae (length 17348) has no trained clipping model
[2025-07-09 17:01:00.924] [jointLog] [warning] read e67598f5-b5d5-42fa-91d8-dcfcf77f12ae (length 17348) has no trained clipping model
[2025-07-09 17:01:00.924] [jointLog] [warning] read d380abb6-6143-4b3d-bfaa-eb20661bcd76 (length 23799 - align length 303) has no trained error model
[2025-07-09 17:01:00.924] [jointLog] [warning] read d380abb6-6143-4b3d-bfaa-eb20661bcd76 (length 23799) has no trained clipping model
[2025-07-09 17:01:00.924] [jointLog] [warning] read d380abb6-6143-4b3d-bfaa-eb20661bcd76 (length 23799) has no trained clipping model
[2025-07-09 17:01:00.924] [jointLog] [warning] read 3359ec10-96de-4ca1-9045-785353eb3739 (length 18839 - align length 660) has no trained error model
[2025-07-09 17:01:00.924] [jointLog] [warning] read 3359ec10-96de-4ca1-9045-785353eb3739 (length 18839) has no trained clipping model
[2025-07-09 17:01:00.924] [jointLog] [warning] read 3359ec10-96de-4ca1-9045-785353eb3739 (length 18839) has no trained clipping model
[2025-07-09 17:01:00.924] [jointLog] [warning] read 0a450b90-776f-4c12-bda4-aae1c113f73d (length 40627 - align length 598) has no trained error model
[2025-07-09 17:01:00.924] [jointLog] [warning] read 0a450b90-776f-4c12-bda4-aae1c113f73d (length 40627) has no trained clipping model
[2025-07-09 17:01:00.924] [jointLog] [warning] read 0a450b90-776f-4c12-bda4-aae1c113f73d (length 40627) has no trained clipping model
[2025-07-09 17:01:00.925] [jointLog] [warning] read 299b5522-f71e-4c38-a8ea-daffb755a03e (length 37698 - align length 568) has no trained error model
[2025-07-09 17:01:00.925] [jointLog] [warning] read 299b5522-f71e-4c38-a8ea-daffb755a03e (length 37698) has no trained clipping model
[2025-07-09 17:01:00.925] [jointLog] [warning] read 299b5522-f71e-4c38-a8ea-daffb755a03e (length 37698) has no trained clipping model
[2025-07-09 17:01:01.855] [jointLog] [warning] read b6060e96-10ca-40ab-8003-47711c179251 (length 12028 - align length 11944) has no trained error model
[2025-07-09 17:01:01.855] [jointLog] [warning] read b6060e96-10ca-40ab-8003-47711c179251 (length 12028) has no trained clipping model
[2025-07-09 17:01:01.855] [jointLog] [warning] read b6060e96-10ca-40ab-8003-47711c179251 (length 12028) has no trained clipping model
[2025-07-09 17:01:02.789] [jointLog] [warning] read 9d563c0d-8bc9-4d9e-9609-03777b2a5c10 (length 10347 - align length 10283) has no trained error model
[2025-07-09 17:01:02.794] [jointLog] [warning] read e0a897cf-b727-4cc2-b54c-1c16d8fc3b9d (length 11181 - align length 10212) has no trained error model
[2025-07-09 17:01:03.651] [fileLog] [info] quantification processed 8000000 fragments so far

[2025-07-09 17:01:05.235] [jointLog] [warning] read ac0f5d92-c035-4b01-8680-f66451054c5a (length 10946 - align length 10867) has no trained error model
[2025-07-09 17:01:06.204] [jointLog] [warning] read 8e19e5c8-9501-484b-b240-549607fdfcf8 (length 23079 - align length 2908) has no trained error model
[2025-07-09 17:01:06.204] [jointLog] [warning] read 8e19e5c8-9501-484b-b240-549607fdfcf8 (length 23079) has no trained clipping model
[2025-07-09 17:01:06.204] [jointLog] [warning] read 8e19e5c8-9501-484b-b240-549607fdfcf8 (length 23079) has no trained clipping model
[2025-07-09 17:01:06.204] [jointLog] [warning] read bef26060-eb52-48e9-acce-9210bbac5709 (length 17934 - align length 451) has no trained error model
[2025-07-09 17:01:06.204] [jointLog] [warning] read bef26060-eb52-48e9-acce-9210bbac5709 (length 17934) has no trained clipping model
[2025-07-09 17:01:06.204] [jointLog] [warning] read bef26060-eb52-48e9-acce-9210bbac5709 (length 17934) has no trained clipping model
[2025-07-09 17:01:06.204] [jointLog] [warning] read 61ff1456-9958-4980-9d04-27ee912f8e94 (length 18141 - align length 252) has no trained error model
[2025-07-09 17:01:06.204] [jointLog] [warning] read 61ff1456-9958-4980-9d04-27ee912f8e94 (length 18141) has no trained clipping model
[2025-07-09 17:01:06.204] [jointLog] [warning] read 61ff1456-9958-4980-9d04-27ee912f8e94 (length 18141) has no trained clipping model
[2025-07-09 17:01:06.204] [jointLog] [warning] read 67fc4d4b-f5a0-4351-9ae7-2eeffcd56471 (length 19017 - align length 2416) has no trained error model
[2025-07-09 17:01:06.204] [jointLog] [warning] read 67fc4d4b-f5a0-4351-9ae7-2eeffcd56471 (length 19017) has no trained clipping model
[2025-07-09 17:01:06.204] [jointLog] [warning] read 67fc4d4b-f5a0-4351-9ae7-2eeffcd56471 (length 19017) has no trained clipping model
[2025-07-09 17:01:06.204] [jointLog] [warning] read c72cfebe-3199-4000-afb2-d521912b0edf (length 14596) has no trained clipping model
[2025-07-09 17:01:06.204] [jointLog] [warning] read 13d5fc19-0ee5-4603-99f6-cefb10eb96a6 (length 39252 - align length 62) has no trained error model
[2025-07-09 17:01:06.204] [jointLog] [warning] read 13d5fc19-0ee5-4603-99f6-cefb10eb96a6 (length 39252) has no trained clipping model
[2025-07-09 17:01:06.204] [jointLog] [warning] read 13d5fc19-0ee5-4603-99f6-cefb10eb96a6 (length 39252) has no trained clipping model
[2025-07-09 17:01:06.204] [jointLog] [warning] read 2c6eafad-d06e-4513-97aa-734771185d40 (length 22264 - align length 636) has no trained error model
[2025-07-09 17:01:06.204] [jointLog] [warning] read 2c6eafad-d06e-4513-97aa-734771185d40 (length 22264) has no trained clipping model
[2025-07-09 17:01:06.204] [jointLog] [warning] read 2c6eafad-d06e-4513-97aa-734771185d40 (length 22264) has no trained clipping model
[2025-07-09 17:01:06.205] [jointLog] [warning] read 40be6931-8405-44d0-8c95-b171cac5195f (length 47081 - align length 503) has no trained error model
[2025-07-09 17:01:06.205] [jointLog] [warning] read 40be6931-8405-44d0-8c95-b171cac5195f (length 47081) has no trained clipping model
[2025-07-09 17:01:06.205] [jointLog] [warning] read 40be6931-8405-44d0-8c95-b171cac5195f (length 47081) has no trained clipping model
[2025-07-09 17:01:06.205] [jointLog] [warning] read f4977cea-2da0-40b0-8717-2f3672038225 (length 26069 - align length 2395) has no trained error model
[2025-07-09 17:01:06.205] [jointLog] [warning] read f4977cea-2da0-40b0-8717-2f3672038225 (length 26069) has no trained clipping model
[2025-07-09 17:01:06.205] [jointLog] [warning] read f4977cea-2da0-40b0-8717-2f3672038225 (length 26069) has no trained clipping model
[2025-07-09 17:01:06.205] [jointLog] [warning] read 42d23aed-cfa2-4763-97e2-8b8387bc9815 (length 19051 - align length 135) has no trained error model
[2025-07-09 17:01:06.205] [jointLog] [warning] read 42d23aed-cfa2-4763-97e2-8b8387bc9815 (length 19051) has no trained clipping model
[2025-07-09 17:01:06.205] [jointLog] [warning] read 42d23aed-cfa2-4763-97e2-8b8387bc9815 (length 19051) has no trained clipping model
[2025-07-09 17:01:06.205] [jointLog] [warning] read eed96c8e-a79e-4708-ac40-ee56ce23fd77 (length 18051 - align length 540) has no trained error model
[2025-07-09 17:01:06.205] [jointLog] [warning] read eed96c8e-a79e-4708-ac40-ee56ce23fd77 (length 18051) has no trained clipping model
[2025-07-09 17:01:06.205] [jointLog] [warning] read eed96c8e-a79e-4708-ac40-ee56ce23fd77 (length 18051) has no trained clipping model
[2025-07-09 17:01:06.205] [jointLog] [warning] read 33c205ae-de20-4081-af18-61dba5425242 (length 18449 - align length 82) has no trained error model
[2025-07-09 17:01:06.205] [jointLog] [warning] read 33c205ae-de20-4081-af18-61dba5425242 (length 18449) has no trained clipping model
[2025-07-09 17:01:06.205] [jointLog] [warning] read 33c205ae-de20-4081-af18-61dba5425242 (length 18449) has no trained clipping model
[2025-07-09 17:01:06.205] [jointLog] [warning] read 9f8a4f52-c590-404b-81b6-a5439f3e5dbb (length 29254 - align length 279) has no trained error model
[2025-07-09 17:01:06.205] [jointLog] [warning] read 9f8a4f52-c590-404b-81b6-a5439f3e5dbb (length 29254) has no trained clipping model
[2025-07-09 17:01:06.205] [jointLog] [warning] read 9f8a4f52-c590-404b-81b6-a5439f3e5dbb (length 29254) has no trained clipping model
[2025-07-09 17:01:06.205] [jointLog] [warning] read 6692009a-9a93-4038-831b-d62fc6a7ce2c (length 37198 - align length 353) has no trained error model
[2025-07-09 17:01:06.205] [jointLog] [warning] read 6692009a-9a93-4038-831b-d62fc6a7ce2c (length 37198) has no trained clipping model
[2025-07-09 17:01:06.205] [jointLog] [warning] read 6692009a-9a93-4038-831b-d62fc6a7ce2c (length 37198) has no trained clipping model
[2025-07-09 17:01:06.205] [jointLog] [warning] read 48aad9ee-5f52-4fec-9c83-bd510bbfa41e (length 35970 - align length 1643) has no trained error model
[2025-07-09 17:01:06.205] [jointLog] [warning] read 48aad9ee-5f52-4fec-9c83-bd510bbfa41e (length 35970) has no trained clipping model
[2025-07-09 17:01:06.205] [jointLog] [warning] read 48aad9ee-5f52-4fec-9c83-bd510bbfa41e (length 35970) has no trained clipping model
[2025-07-09 17:01:06.205] [jointLog] [warning] read 3f7447bd-2610-4733-b466-94bd97631455 (length 16046) has no trained clipping model
[2025-07-09 17:01:06.205] [jointLog] [warning] read 284121a8-6104-495e-bcb1-045c688d0d7a (length 23973 - align length 633) has no trained error model
[2025-07-09 17:01:06.205] [jointLog] [warning] read 284121a8-6104-495e-bcb1-045c688d0d7a (length 23973) has no trained clipping model
[2025-07-09 17:01:06.205] [jointLog] [warning] read 284121a8-6104-495e-bcb1-045c688d0d7a (length 23973) has no trained clipping model
[2025-07-09 17:01:06.205] [jointLog] [warning] read 15b9c7c5-90cd-47ef-b70f-d5bc01cf53d1 (length 35506 - align length 661) has no trained error model
[2025-07-09 17:01:06.205] [jointLog] [warning] read 15b9c7c5-90cd-47ef-b70f-d5bc01cf53d1 (length 35506) has no trained clipping model
[2025-07-09 17:01:06.205] [jointLog] [warning] read 15b9c7c5-90cd-47ef-b70f-d5bc01cf53d1 (length 35506) has no trained clipping model
[2025-07-09 17:01:06.205] [jointLog] [warning] read dbdfbf8f-b310-47e2-8f47-46dacc4eca12 (length 49557 - align length 1774) has no trained error model
[2025-07-09 17:01:06.205] [jointLog] [warning] read dbdfbf8f-b310-47e2-8f47-46dacc4eca12 (length 49557) has no trained clipping model
[2025-07-09 17:01:06.205] [jointLog] [warning] read dbdfbf8f-b310-47e2-8f47-46dacc4eca12 (length 49557) has no trained clipping model
[2025-07-09 17:01:06.205] [jointLog] [warning] read b5962533-8df4-48df-a5fb-06a9c459ec61 (length 14515) has no trained clipping model
[2025-07-09 17:01:06.205] [jointLog] [warning] read ba8a4cf8-a4b1-4571-926d-df658a1f65d1 (length 31022 - align length 602) has no trained error model
[2025-07-09 17:01:06.205] [jointLog] [warning] read ba8a4cf8-a4b1-4571-926d-df658a1f65d1 (length 31022) has no trained clipping model
[2025-07-09 17:01:06.205] [jointLog] [warning] read ba8a4cf8-a4b1-4571-926d-df658a1f65d1 (length 31022) has no trained clipping model
[2025-07-09 17:01:06.205] [jointLog] [warning] read 07ebbd17-64d8-4753-a34a-09048d666b67 (length 12521 - align length 504) has no trained error model
[2025-07-09 17:01:06.205] [jointLog] [warning] read 07ebbd17-64d8-4753-a34a-09048d666b67 (length 12521) has no trained clipping model
[2025-07-09 17:01:06.205] [jointLog] [warning] read 07ebbd17-64d8-4753-a34a-09048d666b67 (length 12521) has no trained clipping model
[2025-07-09 17:01:06.205] [jointLog] [warning] read e6556eac-af74-49f0-826a-4900c3a75051 (length 19735 - align length 526) has no trained error model
[2025-07-09 17:01:06.205] [jointLog] [warning] read e6556eac-af74-49f0-826a-4900c3a75051 (length 19735) has no trained clipping model
[2025-07-09 17:01:06.205] [jointLog] [warning] read e6556eac-af74-49f0-826a-4900c3a75051 (length 19735) has no trained clipping model
[2025-07-09 17:01:06.205] [jointLog] [warning] read d2d85aa4-50e5-4ce0-9ff2-059fa3e8be85 (length 23199 - align length 547) has no trained error model
[2025-07-09 17:01:06.205] [jointLog] [warning] read d2d85aa4-50e5-4ce0-9ff2-059fa3e8be85 (length 23199) has no trained clipping model
[2025-07-09 17:01:06.205] [jointLog] [warning] read d2d85aa4-50e5-4ce0-9ff2-059fa3e8be85 (length 23199) has no trained clipping model
[2025-07-09 17:01:06.205] [jointLog] [warning] read a0653bbc-fa0a-4f7a-9d57-695ecb7d4fe8 (length 46038 - align length 1878) has no trained error model
[2025-07-09 17:01:06.205] [jointLog] [warning] read a0653bbc-fa0a-4f7a-9d57-695ecb7d4fe8 (length 46038) has no trained clipping model
[2025-07-09 17:01:06.205] [jointLog] [warning] read a0653bbc-fa0a-4f7a-9d57-695ecb7d4fe8 (length 46038) has no trained clipping model
[2025-07-09 17:01:06.205] [jointLog] [warning] read 20f47872-0698-4567-8863-57debfd01fbd (length 30454 - align length 599) has no trained error model
[2025-07-09 17:01:06.205] [jointLog] [warning] read 20f47872-0698-4567-8863-57debfd01fbd (length 30454) has no trained clipping model
[2025-07-09 17:01:06.205] [jointLog] [warning] read 20f47872-0698-4567-8863-57debfd01fbd (length 30454) has no trained clipping model
[2025-07-09 17:01:06.205] [jointLog] [warning] read 057ff2e0-9a98-487d-b163-32f9303953aa (length 14246 - align length 1278) has no trained error model
[2025-07-09 17:01:06.205] [jointLog] [warning] read 057ff2e0-9a98-487d-b163-32f9303953aa (length 14246) has no trained clipping model
[2025-07-09 17:01:06.205] [jointLog] [warning] read 057ff2e0-9a98-487d-b163-32f9303953aa (length 14246) has no trained clipping model
[2025-07-09 17:01:06.205] [jointLog] [warning] read 3da3b2ce-6360-4e8b-a843-b6310ecb02ed (length 13227 - align length 13083) has no trained error model
[2025-07-09 17:01:06.205] [jointLog] [warning] read bfd31cd4-9c56-4b29-9410-9314decb06c9 (length 31251 - align length 406) has no trained error model
[2025-07-09 17:01:06.205] [jointLog] [warning] read bfd31cd4-9c56-4b29-9410-9314decb06c9 (length 31251) has no trained clipping model
[2025-07-09 17:01:06.205] [jointLog] [warning] read bfd31cd4-9c56-4b29-9410-9314decb06c9 (length 31251) has no trained clipping model
[2025-07-09 17:01:06.205] [jointLog] [warning] read 399f565b-1129-4409-920c-eaa42d50f9c5 (length 16868 - align length 329) has no trained error model
[2025-07-09 17:01:06.205] [jointLog] [warning] read 399f565b-1129-4409-920c-eaa42d50f9c5 (length 16868) has no trained clipping model
[2025-07-09 17:01:06.205] [jointLog] [warning] read 399f565b-1129-4409-920c-eaa42d50f9c5 (length 16868) has no trained clipping model
[2025-07-09 17:01:06.205] [jointLog] [warning] read eafc4a20-0ce7-48af-84f1-36a90e6878ba (length 11814) has no trained clipping model
[2025-07-09 17:01:06.205] [jointLog] [warning] read 1dad121f-63d8-413e-8200-64a7491b29bf (length 40654 - align length 282) has no trained error model
[2025-07-09 17:01:06.205] [jointLog] [warning] read 1dad121f-63d8-413e-8200-64a7491b29bf (length 40654) has no trained clipping model
[2025-07-09 17:01:06.205] [jointLog] [warning] read 1dad121f-63d8-413e-8200-64a7491b29bf (length 40654) has no trained clipping model
[2025-07-09 17:01:06.205] [jointLog] [warning] read 0693adbf-edad-4093-80fa-c8b9baba7a21 (length 21217 - align length 1121) has no trained error model
[2025-07-09 17:01:06.205] [jointLog] [warning] read 0693adbf-edad-4093-80fa-c8b9baba7a21 (length 21217) has no trained clipping model
[2025-07-09 17:01:06.205] [jointLog] [warning] read 0693adbf-edad-4093-80fa-c8b9baba7a21 (length 21217) has no trained clipping model
[2025-07-09 17:01:06.205] [jointLog] [warning] read 319e79ab-dfe4-45e7-825d-1ab1e3de5914 (length 34872 - align length 95) has no trained error model
[2025-07-09 17:01:06.205] [jointLog] [warning] read 319e79ab-dfe4-45e7-825d-1ab1e3de5914 (length 34872) has no trained clipping model
[2025-07-09 17:01:06.205] [jointLog] [warning] read 319e79ab-dfe4-45e7-825d-1ab1e3de5914 (length 34872) has no trained clipping model
[2025-07-09 17:01:06.206] [jointLog] [warning] read 331a6398-78e1-4720-9b08-c368b1c9161c (length 11872) has no trained clipping model
[2025-07-09 17:01:06.206] [jointLog] [warning] read 40ce6685-415a-4132-b5b3-f09b064708a5 (length 27813 - align length 1982) has no trained error model
[2025-07-09 17:01:06.206] [jointLog] [warning] read 40ce6685-415a-4132-b5b3-f09b064708a5 (length 27813) has no trained clipping model
[2025-07-09 17:01:06.206] [jointLog] [warning] read 40ce6685-415a-4132-b5b3-f09b064708a5 (length 27813) has no trained clipping model
[2025-07-09 17:01:06.206] [jointLog] [warning] read 5ef55935-2bf1-43ce-907c-d6d2c96a1bbe (length 32594 - align length 4947) has no trained error model
[2025-07-09 17:01:06.206] [jointLog] [warning] read 5ef55935-2bf1-43ce-907c-d6d2c96a1bbe (length 32594) has no trained clipping model
[2025-07-09 17:01:06.206] [jointLog] [warning] read 5ef55935-2bf1-43ce-907c-d6d2c96a1bbe (length 32594) has no trained clipping model
[2025-07-09 17:01:06.206] [jointLog] [warning] read 9e3f701a-5511-4919-bc41-ff46e7496fed (length 26087 - align length 1081) has no trained error model
[2025-07-09 17:01:06.206] [jointLog] [warning] read 9e3f701a-5511-4919-bc41-ff46e7496fed (length 26087) has no trained clipping model
[2025-07-09 17:01:06.206] [jointLog] [warning] read 9e3f701a-5511-4919-bc41-ff46e7496fed (length 26087) has no trained clipping model
[2025-07-09 17:01:06.206] [jointLog] [warning] read da604455-9b46-4e7f-9f44-90298541d3a9 (length 13136 - align length 1087) has no trained error model
[2025-07-09 17:01:06.206] [jointLog] [warning] read da604455-9b46-4e7f-9f44-90298541d3a9 (length 13136) has no trained clipping model
[2025-07-09 17:01:06.206] [jointLog] [warning] read da604455-9b46-4e7f-9f44-90298541d3a9 (length 13136) has no trained clipping model
[2025-07-09 17:01:06.206] [jointLog] [warning] read e57cdeea-d6ae-4988-86ab-5017f435abe0 (length 29287 - align length 261) has no trained error model
[2025-07-09 17:01:06.206] [jointLog] [warning] read e57cdeea-d6ae-4988-86ab-5017f435abe0 (length 29287) has no trained clipping model
[2025-07-09 17:01:06.206] [jointLog] [warning] read e57cdeea-d6ae-4988-86ab-5017f435abe0 (length 29287) has no trained clipping model
[2025-07-09 17:01:06.206] [jointLog] [warning] read ff52c90a-de9a-42a9-9bcd-8c4f3bcbcba2 (length 14310 - align length 126) has no trained error model
[2025-07-09 17:01:06.206] [jointLog] [warning] read ff52c90a-de9a-42a9-9bcd-8c4f3bcbcba2 (length 14310) has no trained clipping model
[2025-07-09 17:01:06.206] [jointLog] [warning] read ff52c90a-de9a-42a9-9bcd-8c4f3bcbcba2 (length 14310) has no trained clipping model
[2025-07-09 17:01:06.206] [jointLog] [warning] read d9718993-1187-4dc3-8dad-dd607654ebf4 (length 19042 - align length 548) has no trained error model
[2025-07-09 17:01:06.206] [jointLog] [warning] read d9718993-1187-4dc3-8dad-dd607654ebf4 (length 19042) has no trained clipping model
[2025-07-09 17:01:06.206] [jointLog] [warning] read d9718993-1187-4dc3-8dad-dd607654ebf4 (length 19042) has no trained clipping model
[2025-07-09 17:01:06.206] [jointLog] [warning] read c4b0938f-d52c-4df0-ad3b-6cd472e96b04 (length 36175 - align length 96) has no trained error model
[2025-07-09 17:01:06.206] [jointLog] [warning] read c4b0938f-d52c-4df0-ad3b-6cd472e96b04 (length 36175) has no trained clipping model
[2025-07-09 17:01:06.206] [jointLog] [warning] read c4b0938f-d52c-4df0-ad3b-6cd472e96b04 (length 36175) has no trained clipping model
[2025-07-09 17:01:06.206] [jointLog] [warning] read 987730ad-8569-4e9c-86ce-697bc929f010 (length 25041) has no trained clipping model
[2025-07-09 17:01:06.206] [jointLog] [warning] read e305f75f-7cd2-4dd1-a46a-7b89351a114b (length 43303 - align length 308) has no trained error model
[2025-07-09 17:01:06.206] [jointLog] [warning] read e305f75f-7cd2-4dd1-a46a-7b89351a114b (length 43303) has no trained clipping model
[2025-07-09 17:01:06.206] [jointLog] [warning] read e305f75f-7cd2-4dd1-a46a-7b89351a114b (length 43303) has no trained clipping model
[2025-07-09 17:01:06.206] [jointLog] [warning] read 215d5510-d2e2-4f7c-9d9d-f51ecf16bea8 (length 22754 - align length 101) has no trained error model
[2025-07-09 17:01:06.206] [jointLog] [warning] read 215d5510-d2e2-4f7c-9d9d-f51ecf16bea8 (length 22754) has no trained clipping model
[2025-07-09 17:01:06.206] [jointLog] [warning] read 215d5510-d2e2-4f7c-9d9d-f51ecf16bea8 (length 22754) has no trained clipping model
[2025-07-09 17:01:06.206] [jointLog] [warning] read 44cdc3de-12a9-46aa-bd96-272b2b560824 (length 30650 - align length 50) has no trained error model
[2025-07-09 17:01:06.206] [jointLog] [warning] read 44cdc3de-12a9-46aa-bd96-272b2b560824 (length 30650) has no trained clipping model
[2025-07-09 17:01:06.206] [jointLog] [warning] read 44cdc3de-12a9-46aa-bd96-272b2b560824 (length 30650) has no trained clipping model
[2025-07-09 17:01:06.206] [jointLog] [warning] read 14202550-7db8-4c3c-a0e2-01b1e300c467 (length 26062 - align length 488) has no trained error model
[2025-07-09 17:01:06.206] [jointLog] [warning] read 14202550-7db8-4c3c-a0e2-01b1e300c467 (length 26062) has no trained clipping model
[2025-07-09 17:01:06.206] [jointLog] [warning] read 14202550-7db8-4c3c-a0e2-01b1e300c467 (length 26062) has no trained clipping model
[2025-07-09 17:01:06.206] [jointLog] [warning] read ddd4925e-b9cb-4672-9977-c8dc6cdc98e8 (length 16809 - align length 1445) has no trained error model
[2025-07-09 17:01:06.206] [jointLog] [warning] read ddd4925e-b9cb-4672-9977-c8dc6cdc98e8 (length 16809) has no trained clipping model
[2025-07-09 17:01:06.206] [jointLog] [warning] read ddd4925e-b9cb-4672-9977-c8dc6cdc98e8 (length 16809) has no trained clipping model
[2025-07-09 17:01:06.206] [jointLog] [warning] read 41f8b978-8e5c-4075-90d9-dfc797641d21 (length 23855 - align length 547) has no trained error model
[2025-07-09 17:01:06.206] [jointLog] [warning] read 41f8b978-8e5c-4075-90d9-dfc797641d21 (length 23855) has no trained clipping model
[2025-07-09 17:01:06.206] [jointLog] [warning] read 41f8b978-8e5c-4075-90d9-dfc797641d21 (length 23855) has no trained clipping model
[2025-07-09 17:01:06.206] [jointLog] [warning] read 6c2f5b8d-8293-4d02-a064-daf3b8ee0dc0 (length 48150 - align length 645) has no trained error model
[2025-07-09 17:01:06.206] [jointLog] [warning] read 6c2f5b8d-8293-4d02-a064-daf3b8ee0dc0 (length 48150) has no trained clipping model
[2025-07-09 17:01:06.206] [jointLog] [warning] read 6c2f5b8d-8293-4d02-a064-daf3b8ee0dc0 (length 48150) has no trained clipping model
[2025-07-09 17:01:06.206] [jointLog] [warning] read 910837b2-f08f-4d0d-b2f2-518ecbf26447 (length 15618 - align length 122) has no trained error model
[2025-07-09 17:01:06.206] [jointLog] [warning] read 910837b2-f08f-4d0d-b2f2-518ecbf26447 (length 15618) has no trained clipping model
[2025-07-09 17:01:06.206] [jointLog] [warning] read 910837b2-f08f-4d0d-b2f2-518ecbf26447 (length 15618) has no trained clipping model
[2025-07-09 17:01:06.206] [jointLog] [warning] read fbf617ff-9d3e-4b4a-b333-7c95631cabb8 (length 15638 - align length 15559) has no trained error model
[2025-07-09 17:01:06.206] [jointLog] [warning] read fbf617ff-9d3e-4b4a-b333-7c95631cabb8 (length 15638) has no trained clipping model
[2025-07-09 17:01:06.206] [jointLog] [warning] read fbf617ff-9d3e-4b4a-b333-7c95631cabb8 (length 15638) has no trained clipping model
[2025-07-09 17:01:06.206] [jointLog] [warning] read 84c89066-4582-48f0-b00d-84bd3689ff0a (length 16917 - align length 84) has no trained error model
[2025-07-09 17:01:06.206] [jointLog] [warning] read 84c89066-4582-48f0-b00d-84bd3689ff0a (length 16917) has no trained clipping model
[2025-07-09 17:01:06.206] [jointLog] [warning] read 84c89066-4582-48f0-b00d-84bd3689ff0a (length 16917) has no trained clipping model
[2025-07-09 17:01:06.206] [jointLog] [warning] read 4ec5843a-98d1-42c4-865c-510c1230c894 (length 12051 - align length 467) has no trained error model
[2025-07-09 17:01:06.206] [jointLog] [warning] read 4ec5843a-98d1-42c4-865c-510c1230c894 (length 12051) has no trained clipping model
[2025-07-09 17:01:06.206] [jointLog] [warning] read 4ec5843a-98d1-42c4-865c-510c1230c894 (length 12051) has no trained clipping model
[2025-07-09 17:01:06.206] [jointLog] [warning] read 13be0c04-e2ed-40cd-8aac-b90a900b11ce (length 25613 - align length 95) has no trained error model
[2025-07-09 17:01:06.206] [jointLog] [warning] read 13be0c04-e2ed-40cd-8aac-b90a900b11ce (length 25613) has no trained clipping model
[2025-07-09 17:01:06.206] [jointLog] [warning] read 13be0c04-e2ed-40cd-8aac-b90a900b11ce (length 25613) has no trained clipping model
[2025-07-09 17:01:06.206] [jointLog] [warning] read 73260ed0-f477-4424-a623-07adbab9d560 (length 13868 - align length 335) has no trained error model
[2025-07-09 17:01:06.206] [jointLog] [warning] read 73260ed0-f477-4424-a623-07adbab9d560 (length 13868) has no trained clipping model
[2025-07-09 17:01:06.206] [jointLog] [warning] read 73260ed0-f477-4424-a623-07adbab9d560 (length 13868) has no trained clipping model
[2025-07-09 17:01:06.207] [jointLog] [warning] read aace3abc-16fe-4f1c-b67a-d95b0f4ffe1b (length 13931) has no trained clipping model
[2025-07-09 17:01:06.207] [jointLog] [warning] read 1ad26cf0-6ea0-490f-b84f-c1ebc327a546 (length 22593 - align length 126) has no trained error model
[2025-07-09 17:01:06.207] [jointLog] [warning] read 1ad26cf0-6ea0-490f-b84f-c1ebc327a546 (length 22593) has no trained clipping model
[2025-07-09 17:01:06.207] [jointLog] [warning] read 1ad26cf0-6ea0-490f-b84f-c1ebc327a546 (length 22593) has no trained clipping model
[2025-07-09 17:01:06.207] [jointLog] [warning] read 0ba76858-0c7b-45e7-8a98-c994d5b45134 (length 26222 - align length 59) has no trained error model
[2025-07-09 17:01:06.207] [jointLog] [warning] read 0ba76858-0c7b-45e7-8a98-c994d5b45134 (length 26222) has no trained clipping model
[2025-07-09 17:01:06.207] [jointLog] [warning] read 0ba76858-0c7b-45e7-8a98-c994d5b45134 (length 26222) has no trained clipping model
[2025-07-09 17:01:06.208] [jointLog] [warning] read 50324fcd-1478-4f1e-bbb0-174978e71868 (length 32953 - align length 96) has no trained error model
[2025-07-09 17:01:06.208] [jointLog] [warning] read 50324fcd-1478-4f1e-bbb0-174978e71868 (length 32953) has no trained clipping model
[2025-07-09 17:01:06.208] [jointLog] [warning] read 50324fcd-1478-4f1e-bbb0-174978e71868 (length 32953) has no trained clipping model
[2025-07-09 17:01:06.208] [jointLog] [warning] read 12e0bf89-ce8b-441a-b935-cf787aefb041 (length 31268 - align length 509) has no trained error model
[2025-07-09 17:01:06.208] [jointLog] [warning] read 12e0bf89-ce8b-441a-b935-cf787aefb041 (length 31268) has no trained clipping model
[2025-07-09 17:01:06.208] [jointLog] [warning] read 12e0bf89-ce8b-441a-b935-cf787aefb041 (length 31268) has no trained clipping model
[2025-07-09 17:01:06.996] [fileLog] [info] quantification processed 9000000 fragments so far

[2025-07-09 17:01:08.406] [jointLog] [warning] read 1792bf9e-85b1-45e6-b46e-3cb849be5a0a (length 10389 - align length 10296) has no trained error model
[2025-07-09 17:01:08.738] [jointLog] [warning] read fcdeaa35-4f14-4c1a-a3a7-58c2cef8a72c (length 12895 - align length 12765) has no trained error model
[2025-07-09 17:01:08.738] [jointLog] [warning] read fcdeaa35-4f14-4c1a-a3a7-58c2cef8a72c (length 12895) has no trained clipping model
[2025-07-09 17:01:08.738] [jointLog] [warning] read b0eb952a-9939-4d85-86f8-79bcc6ba8cd5 (length 31535 - align length 186) has no trained error model
[2025-07-09 17:01:08.738] [jointLog] [warning] read b0eb952a-9939-4d85-86f8-79bcc6ba8cd5 (length 31535) has no trained clipping model
[2025-07-09 17:01:08.738] [jointLog] [warning] read b0eb952a-9939-4d85-86f8-79bcc6ba8cd5 (length 31535) has no trained clipping model
[2025-07-09 17:01:08.738] [jointLog] [warning] read 148bd802-9c11-4c03-bda9-46630454efdf (length 31719 - align length 1826) has no trained error model
[2025-07-09 17:01:08.738] [jointLog] [warning] read 148bd802-9c11-4c03-bda9-46630454efdf (length 31719) has no trained clipping model
[2025-07-09 17:01:08.738] [jointLog] [warning] read 148bd802-9c11-4c03-bda9-46630454efdf (length 31719) has no trained clipping model
[2025-07-09 17:01:08.738] [jointLog] [warning] read 31117348-62a6-45f7-b305-aa96e8bbfb7e (length 13111 - align length 3752) has no trained error model
[2025-07-09 17:01:08.738] [jointLog] [warning] read 31117348-62a6-45f7-b305-aa96e8bbfb7e (length 13111) has no trained clipping model
[2025-07-09 17:01:08.738] [jointLog] [warning] read 31117348-62a6-45f7-b305-aa96e8bbfb7e (length 13111) has no trained clipping model
[2025-07-09 17:01:08.738] [jointLog] [warning] read 4ed44209-552a-42c4-8649-996605de203a (length 33066 - align length 776) has no trained error model
[2025-07-09 17:01:08.738] [jointLog] [warning] read 4ed44209-552a-42c4-8649-996605de203a (length 33066) has no trained clipping model
[2025-07-09 17:01:08.738] [jointLog] [warning] read 4ed44209-552a-42c4-8649-996605de203a (length 33066) has no trained clipping model
[2025-07-09 17:01:08.738] [jointLog] [warning] read 4e9655ae-f5b3-4181-a4c6-9653526f45a2 (length 33114 - align length 128) has no trained error model
[2025-07-09 17:01:08.738] [jointLog] [warning] read 4e9655ae-f5b3-4181-a4c6-9653526f45a2 (length 33114) has no trained clipping model
[2025-07-09 17:01:08.738] [jointLog] [warning] read 4e9655ae-f5b3-4181-a4c6-9653526f45a2 (length 33114) has no trained clipping model
[2025-07-09 17:01:08.738] [jointLog] [warning] read 22a7c4a0-a6f1-485e-b815-408b6802c3bd (length 28792 - align length 865) has no trained error model
[2025-07-09 17:01:08.738] [jointLog] [warning] read 22a7c4a0-a6f1-485e-b815-408b6802c3bd (length 28792) has no trained clipping model
[2025-07-09 17:01:08.738] [jointLog] [warning] read 22a7c4a0-a6f1-485e-b815-408b6802c3bd (length 28792) has no trained clipping model
[2025-07-09 17:01:08.738] [jointLog] [warning] read dba28303-6113-41cf-ad31-cd00d3557fc3 (length 20561 - align length 514) has no trained error model
[2025-07-09 17:01:08.738] [jointLog] [warning] read dba28303-6113-41cf-ad31-cd00d3557fc3 (length 20561) has no trained clipping model
[2025-07-09 17:01:08.738] [jointLog] [warning] read dba28303-6113-41cf-ad31-cd00d3557fc3 (length 20561) has no trained clipping model
[2025-07-09 17:01:08.738] [jointLog] [warning] read e988fed2-5f47-46fd-9528-7212abb7b15a (length 33362 - align length 808) has no trained error model
[2025-07-09 17:01:08.738] [jointLog] [warning] read e988fed2-5f47-46fd-9528-7212abb7b15a (length 33362) has no trained clipping model
[2025-07-09 17:01:08.738] [jointLog] [warning] read e988fed2-5f47-46fd-9528-7212abb7b15a (length 33362) has no trained clipping model
[2025-07-09 17:01:08.738] [jointLog] [warning] read aa913259-2db2-46f5-9a27-048d685bf41e (length 15062 - align length 843) has no trained error model
[2025-07-09 17:01:08.738] [jointLog] [warning] read aa913259-2db2-46f5-9a27-048d685bf41e (length 15062) has no trained clipping model
[2025-07-09 17:01:08.738] [jointLog] [warning] read aa913259-2db2-46f5-9a27-048d685bf41e (length 15062) has no trained clipping model
[2025-07-09 17:01:08.739] [jointLog] [warning] read 9d7988f2-7fcf-46d5-8dec-3b363217c390 (length 41584 - align length 247) has no trained error model
[2025-07-09 17:01:08.739] [jointLog] [warning] read 9d7988f2-7fcf-46d5-8dec-3b363217c390 (length 41584) has no trained clipping model
[2025-07-09 17:01:08.739] [jointLog] [warning] read 9d7988f2-7fcf-46d5-8dec-3b363217c390 (length 41584) has no trained clipping model
[2025-07-09 17:01:08.739] [jointLog] [warning] read 1dd877d4-ea5a-4111-80aa-b95f598e4c60 (length 22769 - align length 284) has no trained error model
[2025-07-09 17:01:08.739] [jointLog] [warning] read 1dd877d4-ea5a-4111-80aa-b95f598e4c60 (length 22769) has no trained clipping model
[2025-07-09 17:01:08.739] [jointLog] [warning] read 1dd877d4-ea5a-4111-80aa-b95f598e4c60 (length 22769) has no trained clipping model
[2025-07-09 17:01:08.739] [jointLog] [warning] read ae9665dc-a672-4ad0-9e39-856b5e89dd7c (length 19825 - align length 617) has no trained error model
[2025-07-09 17:01:08.739] [jointLog] [warning] read ae9665dc-a672-4ad0-9e39-856b5e89dd7c (length 19825) has no trained clipping model
[2025-07-09 17:01:08.739] [jointLog] [warning] read ae9665dc-a672-4ad0-9e39-856b5e89dd7c (length 19825) has no trained clipping model
[2025-07-09 17:01:08.739] [jointLog] [warning] read 6eb7ec66-51ff-49ef-99f1-f287afcedcda (length 11516 - align length 11396) has no trained error model
[2025-07-09 17:01:08.739] [jointLog] [warning] read a4e72160-fe94-47a7-b962-859c5d26717d (length 13419 - align length 233) has no trained error model
[2025-07-09 17:01:08.739] [jointLog] [warning] read a4e72160-fe94-47a7-b962-859c5d26717d (length 13419) has no trained clipping model
[2025-07-09 17:01:08.739] [jointLog] [warning] read a4e72160-fe94-47a7-b962-859c5d26717d (length 13419) has no trained clipping model
[2025-07-09 17:01:08.739] [jointLog] [warning] read c03f5af5-0725-45d9-9f73-0adfa3a11222 (length 31776 - align length 1937) has no trained error model
[2025-07-09 17:01:08.739] [jointLog] [warning] read c03f5af5-0725-45d9-9f73-0adfa3a11222 (length 31776) has no trained clipping model
[2025-07-09 17:01:08.739] [jointLog] [warning] read c03f5af5-0725-45d9-9f73-0adfa3a11222 (length 31776) has no trained clipping model
[2025-07-09 17:01:08.739] [jointLog] [warning] read b53340bf-53c1-430c-8fdc-9b10fd617d11 (length 26622 - align length 1067) has no trained error model
[2025-07-09 17:01:08.739] [jointLog] [warning] read b53340bf-53c1-430c-8fdc-9b10fd617d11 (length 26622) has no trained clipping model
[2025-07-09 17:01:08.739] [jointLog] [warning] read b53340bf-53c1-430c-8fdc-9b10fd617d11 (length 26622) has no trained clipping model
[2025-07-09 17:01:08.739] [jointLog] [warning] read 7d0b73e0-4354-4d86-a8ef-2222c2fa8f4a (length 14342 - align length 14281) has no trained error model
[2025-07-09 17:01:08.739] [jointLog] [warning] read 7d0b73e0-4354-4d86-a8ef-2222c2fa8f4a (length 14342) has no trained clipping model
[2025-07-09 17:01:08.739] [jointLog] [warning] read 7d0b73e0-4354-4d86-a8ef-2222c2fa8f4a (length 14342) has no trained clipping model
[2025-07-09 17:01:08.739] [jointLog] [warning] read 4cb45c39-02ca-4bb4-9441-ad462b190923 (length 28456) has no trained clipping model
[2025-07-09 17:01:08.739] [jointLog] [warning] read bcea5905-1053-451c-b422-a03441237b7e (length 29220 - align length 793) has no trained error model
[2025-07-09 17:01:08.739] [jointLog] [warning] read bcea5905-1053-451c-b422-a03441237b7e (length 29220) has no trained clipping model
[2025-07-09 17:01:08.739] [jointLog] [warning] read bcea5905-1053-451c-b422-a03441237b7e (length 29220) has no trained clipping model
[2025-07-09 17:01:08.739] [jointLog] [warning] read 5d6d7e44-8c84-4928-9969-81f353712a6a (length 33507 - align length 133) has no trained error model
[2025-07-09 17:01:08.739] [jointLog] [warning] read 5d6d7e44-8c84-4928-9969-81f353712a6a (length 33507) has no trained clipping model
[2025-07-09 17:01:08.739] [jointLog] [warning] read 5d6d7e44-8c84-4928-9969-81f353712a6a (length 33507) has no trained clipping model
[2025-07-09 17:01:08.739] [jointLog] [warning] read ce3facc4-dbdf-4964-a555-ba8a49e06a57 (length 16842 - align length 4112) has no trained error model
[2025-07-09 17:01:08.739] [jointLog] [warning] read ce3facc4-dbdf-4964-a555-ba8a49e06a57 (length 16842) has no trained clipping model
[2025-07-09 17:01:08.739] [jointLog] [warning] read ce3facc4-dbdf-4964-a555-ba8a49e06a57 (length 16842) has no trained clipping model
[2025-07-09 17:01:08.739] [jointLog] [warning] read 11864a9f-6c8f-4b1d-bdc5-1231ee4dcaa7 (length 23332 - align length 2306) has no trained error model
[2025-07-09 17:01:08.739] [jointLog] [warning] read 11864a9f-6c8f-4b1d-bdc5-1231ee4dcaa7 (length 23332) has no trained clipping model
[2025-07-09 17:01:08.739] [jointLog] [warning] read 11864a9f-6c8f-4b1d-bdc5-1231ee4dcaa7 (length 23332) has no trained clipping model
[2025-07-09 17:01:08.739] [jointLog] [warning] read 44975d6c-119d-41e4-b81e-43637a367176 (length 24082 - align length 1078) has no trained error model
[2025-07-09 17:01:08.739] [jointLog] [warning] read 44975d6c-119d-41e4-b81e-43637a367176 (length 24082) has no trained clipping model
[2025-07-09 17:01:08.739] [jointLog] [warning] read 44975d6c-119d-41e4-b81e-43637a367176 (length 24082) has no trained clipping model
[2025-07-09 17:01:08.740] [jointLog] [warning] read 55aa2ade-9087-4f17-b130-6404d393c8e0 (length 48279 - align length 339) has no trained error model
[2025-07-09 17:01:08.740] [jointLog] [warning] read 55aa2ade-9087-4f17-b130-6404d393c8e0 (length 48279) has no trained clipping model
[2025-07-09 17:01:08.740] [jointLog] [warning] read 55aa2ade-9087-4f17-b130-6404d393c8e0 (length 48279) has no trained clipping model
[2025-07-09 17:01:08.740] [jointLog] [warning] read 4c06afc3-fa0b-40b5-a80b-d159d8569b66 (length 20190 - align length 52) has no trained error model
[2025-07-09 17:01:08.740] [jointLog] [warning] read 4c06afc3-fa0b-40b5-a80b-d159d8569b66 (length 20190) has no trained clipping model
[2025-07-09 17:01:08.740] [jointLog] [warning] read 4c06afc3-fa0b-40b5-a80b-d159d8569b66 (length 20190) has no trained clipping model
[2025-07-09 17:01:08.740] [jointLog] [warning] read 8213f1de-129a-46aa-99d7-e8db337da530 (length 15131 - align length 181) has no trained error model
[2025-07-09 17:01:08.740] [jointLog] [warning] read 8213f1de-129a-46aa-99d7-e8db337da530 (length 15131) has no trained clipping model
[2025-07-09 17:01:08.740] [jointLog] [warning] read 8213f1de-129a-46aa-99d7-e8db337da530 (length 15131) has no trained clipping model
[2025-07-09 17:01:08.740] [jointLog] [warning] read 6352b995-f338-4506-ac20-148452503cd8 (length 45764 - align length 571) has no trained error model
[2025-07-09 17:01:08.740] [jointLog] [warning] read 6352b995-f338-4506-ac20-148452503cd8 (length 45764) has no trained clipping model
[2025-07-09 17:01:08.740] [jointLog] [warning] read 6352b995-f338-4506-ac20-148452503cd8 (length 45764) has no trained clipping model
[2025-07-09 17:01:08.740] [jointLog] [warning] read 5f8c444b-52ff-4405-99e9-acd75365e671 (length 15668 - align length 721) has no trained error model
[2025-07-09 17:01:08.740] [jointLog] [warning] read 5f8c444b-52ff-4405-99e9-acd75365e671 (length 15668) has no trained clipping model
[2025-07-09 17:01:08.740] [jointLog] [warning] read 5f8c444b-52ff-4405-99e9-acd75365e671 (length 15668) has no trained clipping model
[2025-07-09 17:01:08.740] [jointLog] [warning] read d3f6571a-82b1-4bd4-b031-2dea584d3c5c (length 17901 - align length 529) has no trained error model
[2025-07-09 17:01:08.740] [jointLog] [warning] read d3f6571a-82b1-4bd4-b031-2dea584d3c5c (length 17901) has no trained clipping model
[2025-07-09 17:01:08.740] [jointLog] [warning] read d3f6571a-82b1-4bd4-b031-2dea584d3c5c (length 17901) has no trained clipping model
[2025-07-09 17:01:08.740] [jointLog] [warning] read d12ce5b5-7b9f-417d-b9f4-976d0d608364 (length 31981 - align length 136) has no trained error model
[2025-07-09 17:01:08.740] [jointLog] [warning] read d12ce5b5-7b9f-417d-b9f4-976d0d608364 (length 31981) has no trained clipping model
[2025-07-09 17:01:08.740] [jointLog] [warning] read d12ce5b5-7b9f-417d-b9f4-976d0d608364 (length 31981) has no trained clipping model
[2025-07-09 17:01:08.740] [jointLog] [warning] read cb6c7342-e542-44f5-9014-8167d9c024d0 (length 14647 - align length 881) has no trained error model
[2025-07-09 17:01:08.740] [jointLog] [warning] read cb6c7342-e542-44f5-9014-8167d9c024d0 (length 14647) has no trained clipping model
[2025-07-09 17:01:08.740] [jointLog] [warning] read cb6c7342-e542-44f5-9014-8167d9c024d0 (length 14647) has no trained clipping model
[2025-07-09 17:01:08.740] [jointLog] [warning] read 9724a433-5363-47b3-836c-0fe3a74d036f (length 13738 - align length 1247) has no trained error model
[2025-07-09 17:01:08.740] [jointLog] [warning] read 9724a433-5363-47b3-836c-0fe3a74d036f (length 13738) has no trained clipping model
[2025-07-09 17:01:08.740] [jointLog] [warning] read 9724a433-5363-47b3-836c-0fe3a74d036f (length 13738) has no trained clipping model
[2025-07-09 17:01:08.740] [jointLog] [warning] read 7434e6aa-3773-403c-ad82-aa88f3520901 (length 22673 - align length 519) has no trained error model
[2025-07-09 17:01:08.740] [jointLog] [warning] read 7434e6aa-3773-403c-ad82-aa88f3520901 (length 22673) has no trained clipping model
[2025-07-09 17:01:08.740] [jointLog] [warning] read 7434e6aa-3773-403c-ad82-aa88f3520901 (length 22673) has no trained clipping model
[2025-07-09 17:01:08.740] [jointLog] [warning] read 572a5364-dc1a-46ef-af9e-5eed905da0a2 (length 21196) has no trained clipping model
[2025-07-09 17:01:08.740] [jointLog] [warning] read 46f2ec3f-ef17-43c0-8feb-f0f88f229f0e (length 16821 - align length 791) has no trained error model
[2025-07-09 17:01:08.740] [jointLog] [warning] read 46f2ec3f-ef17-43c0-8feb-f0f88f229f0e (length 16821) has no trained clipping model
[2025-07-09 17:01:08.740] [jointLog] [warning] read 46f2ec3f-ef17-43c0-8feb-f0f88f229f0e (length 16821) has no trained clipping model
[2025-07-09 17:01:08.740] [jointLog] [warning] read cd38486b-da1b-44dd-8143-aa75475b2f0a (length 18050 - align length 485) has no trained error model
[2025-07-09 17:01:08.740] [jointLog] [warning] read cd38486b-da1b-44dd-8143-aa75475b2f0a (length 18050) has no trained clipping model
[2025-07-09 17:01:08.740] [jointLog] [warning] read cd38486b-da1b-44dd-8143-aa75475b2f0a (length 18050) has no trained clipping model
[2025-07-09 17:01:08.740] [jointLog] [warning] read 5260d847-1dc7-4a50-ac6f-0ac7c27f6d61 (length 21836 - align length 3664) has no trained error model
[2025-07-09 17:01:08.740] [jointLog] [warning] read 5260d847-1dc7-4a50-ac6f-0ac7c27f6d61 (length 21836) has no trained clipping model
[2025-07-09 17:01:08.740] [jointLog] [warning] read 5260d847-1dc7-4a50-ac6f-0ac7c27f6d61 (length 21836) has no trained clipping model
[2025-07-09 17:01:08.740] [jointLog] [warning] read 8a8179a2-ca51-4ded-a262-1041e17ffb39 (length 19190) has no trained clipping model
[2025-07-09 17:01:08.740] [jointLog] [warning] read 8a23a950-d2e8-4835-837e-91bf7ae3181f (length 20460 - align length 55) has no trained error model
[2025-07-09 17:01:08.740] [jointLog] [warning] read 8a23a950-d2e8-4835-837e-91bf7ae3181f (length 20460) has no trained clipping model
[2025-07-09 17:01:08.740] [jointLog] [warning] read 8a23a950-d2e8-4835-837e-91bf7ae3181f (length 20460) has no trained clipping model
[2025-07-09 17:01:08.740] [jointLog] [warning] read b4c0eb25-f29a-454c-b15c-73668a8bf890 (length 19787 - align length 71) has no trained error model
[2025-07-09 17:01:08.740] [jointLog] [warning] read b4c0eb25-f29a-454c-b15c-73668a8bf890 (length 19787) has no trained clipping model
[2025-07-09 17:01:08.740] [jointLog] [warning] read b4c0eb25-f29a-454c-b15c-73668a8bf890 (length 19787) has no trained clipping model
[2025-07-09 17:01:08.740] [jointLog] [warning] read afb23185-90bf-457f-ab89-d685d4fe56ac (length 19378 - align length 280) has no trained error model
[2025-07-09 17:01:08.740] [jointLog] [warning] read afb23185-90bf-457f-ab89-d685d4fe56ac (length 19378) has no trained clipping model
[2025-07-09 17:01:08.740] [jointLog] [warning] read afb23185-90bf-457f-ab89-d685d4fe56ac (length 19378) has no trained clipping model
[2025-07-09 17:01:08.740] [jointLog] [warning] read 92a9da4f-57e0-45b6-bb02-757c3e166187 (length 14775 - align length 109) has no trained error model
[2025-07-09 17:01:08.740] [jointLog] [warning] read 92a9da4f-57e0-45b6-bb02-757c3e166187 (length 14775) has no trained clipping model
[2025-07-09 17:01:08.740] [jointLog] [warning] read 92a9da4f-57e0-45b6-bb02-757c3e166187 (length 14775) has no trained clipping model
[2025-07-09 17:01:08.740] [jointLog] [warning] read c5371e73-7026-4e4f-b8f5-dd5d7d1a7c62 (length 20061 - align length 522) has no trained error model
[2025-07-09 17:01:08.740] [jointLog] [warning] read c5371e73-7026-4e4f-b8f5-dd5d7d1a7c62 (length 20061) has no trained clipping model
[2025-07-09 17:01:08.740] [jointLog] [warning] read c5371e73-7026-4e4f-b8f5-dd5d7d1a7c62 (length 20061) has no trained clipping model
[2025-07-09 17:01:08.740] [jointLog] [warning] read e718cb80-e6f4-482f-9392-757732319e04 (length 18558 - align length 344) has no trained error model
[2025-07-09 17:01:08.740] [jointLog] [warning] read e718cb80-e6f4-482f-9392-757732319e04 (length 18558) has no trained clipping model
[2025-07-09 17:01:08.740] [jointLog] [warning] read e718cb80-e6f4-482f-9392-757732319e04 (length 18558) has no trained clipping model
[2025-07-09 17:01:08.740] [jointLog] [warning] read bb640f03-608c-423e-8215-98f3210fe6ba (length 29406 - align length 630) has no trained error model
[2025-07-09 17:01:08.740] [jointLog] [warning] read bb640f03-608c-423e-8215-98f3210fe6ba (length 29406) has no trained clipping model
[2025-07-09 17:01:08.740] [jointLog] [warning] read bb640f03-608c-423e-8215-98f3210fe6ba (length 29406) has no trained clipping model
[2025-07-09 17:01:08.740] [jointLog] [warning] read f3721927-c548-4131-b89c-b87f5946e6ac (length 47973 - align length 300) has no trained error model
[2025-07-09 17:01:08.740] [jointLog] [warning] read f3721927-c548-4131-b89c-b87f5946e6ac (length 47973) has no trained clipping model
[2025-07-09 17:01:08.740] [jointLog] [warning] read f3721927-c548-4131-b89c-b87f5946e6ac (length 47973) has no trained clipping model
[2025-07-09 17:01:08.741] [jointLog] [warning] read 7422187f-a4f2-4492-a2dc-2624d219379e (length 15132 - align length 206) has no trained error model
[2025-07-09 17:01:08.741] [jointLog] [warning] read 7422187f-a4f2-4492-a2dc-2624d219379e (length 15132) has no trained clipping model
[2025-07-09 17:01:08.741] [jointLog] [warning] read 7422187f-a4f2-4492-a2dc-2624d219379e (length 15132) has no trained clipping model
[2025-07-09 17:01:08.741] [jointLog] [warning] read 84766f78-92d2-434f-9172-232ba54fae44 (length 13768 - align length 386) has no trained error model
[2025-07-09 17:01:08.741] [jointLog] [warning] read 84766f78-92d2-434f-9172-232ba54fae44 (length 13768) has no trained clipping model
[2025-07-09 17:01:08.741] [jointLog] [warning] read 84766f78-92d2-434f-9172-232ba54fae44 (length 13768) has no trained clipping model
[2025-07-09 17:01:08.741] [jointLog] [warning] read 85a02325-ca7a-4ade-8a0a-7dd12334b238 (length 20771 - align length 2385) has no trained error model
[2025-07-09 17:01:08.741] [jointLog] [warning] read 85a02325-ca7a-4ade-8a0a-7dd12334b238 (length 20771) has no trained clipping model
[2025-07-09 17:01:08.741] [jointLog] [warning] read 85a02325-ca7a-4ade-8a0a-7dd12334b238 (length 20771) has no trained clipping model
[2025-07-09 17:01:08.741] [jointLog] [warning] read 68bb72ff-06ac-4ce3-a05b-cf263e059bca (length 34509 - align length 870) has no trained error model
[2025-07-09 17:01:08.741] [jointLog] [warning] read 68bb72ff-06ac-4ce3-a05b-cf263e059bca (length 34509) has no trained clipping model
[2025-07-09 17:01:08.741] [jointLog] [warning] read 68bb72ff-06ac-4ce3-a05b-cf263e059bca (length 34509) has no trained clipping model
[2025-07-09 17:01:08.741] [jointLog] [warning] read 28de56f3-6e78-4be8-9bcb-3f472b8e8f3d (length 34954 - align length 275) has no trained error model
[2025-07-09 17:01:08.741] [jointLog] [warning] read 28de56f3-6e78-4be8-9bcb-3f472b8e8f3d (length 34954) has no trained clipping model
[2025-07-09 17:01:08.741] [jointLog] [warning] read 28de56f3-6e78-4be8-9bcb-3f472b8e8f3d (length 34954) has no trained clipping model
[2025-07-09 17:01:08.741] [jointLog] [warning] read 3f155ac8-23f2-44a2-be80-f0d30f5cef7d (length 28523 - align length 456) has no trained error model
[2025-07-09 17:01:08.741] [jointLog] [warning] read 3f155ac8-23f2-44a2-be80-f0d30f5cef7d (length 28523) has no trained clipping model
[2025-07-09 17:01:08.741] [jointLog] [warning] read 3f155ac8-23f2-44a2-be80-f0d30f5cef7d (length 28523) has no trained clipping model
[2025-07-09 17:01:08.741] [jointLog] [warning] read 621672a7-2fa5-4972-a3ad-813fe5d93bda (length 16093) has no trained clipping model
[2025-07-09 17:01:08.741] [jointLog] [warning] read 4696c2f5-2166-425e-a4b7-0e9543348dd7 (length 21377 - align length 334) has no trained error model
[2025-07-09 17:01:08.741] [jointLog] [warning] read 4696c2f5-2166-425e-a4b7-0e9543348dd7 (length 21377) has no trained clipping model
[2025-07-09 17:01:08.741] [jointLog] [warning] read 4696c2f5-2166-425e-a4b7-0e9543348dd7 (length 21377) has no trained clipping model
[2025-07-09 17:01:08.741] [jointLog] [warning] read 0ec5eedf-b39a-43fc-96a7-966c1969fdbf (length 15201 - align length 15117) has no trained error model
[2025-07-09 17:01:08.741] [jointLog] [warning] read 074a291e-3ab5-4a9a-8aa0-6ad17db74106 (length 16169 - align length 247) has no trained error model
[2025-07-09 17:01:08.741] [jointLog] [warning] read 074a291e-3ab5-4a9a-8aa0-6ad17db74106 (length 16169) has no trained clipping model
[2025-07-09 17:01:08.741] [jointLog] [warning] read 074a291e-3ab5-4a9a-8aa0-6ad17db74106 (length 16169) has no trained clipping model
[2025-07-09 17:01:08.741] [jointLog] [warning] read c3ad715b-a22d-41ef-af5d-9a703bfa747a (length 21577 - align length 361) has no trained error model
[2025-07-09 17:01:08.741] [jointLog] [warning] read c3ad715b-a22d-41ef-af5d-9a703bfa747a (length 21577) has no trained clipping model
[2025-07-09 17:01:08.741] [jointLog] [warning] read c3ad715b-a22d-41ef-af5d-9a703bfa747a (length 21577) has no trained clipping model
[2025-07-09 17:01:08.741] [jointLog] [warning] read ae0e9be2-5424-44ae-b26c-7759e59af873 (length 19760 - align length 2683) has no trained error model
[2025-07-09 17:01:08.741] [jointLog] [warning] read ae0e9be2-5424-44ae-b26c-7759e59af873 (length 19760) has no trained clipping model
[2025-07-09 17:01:08.741] [jointLog] [warning] read ae0e9be2-5424-44ae-b26c-7759e59af873 (length 19760) has no trained clipping model
[2025-07-09 17:01:08.741] [jointLog] [warning] read 8246fdcc-705d-4685-b088-58676d72b19a (length 16009) has no trained clipping model
[2025-07-09 17:01:08.741] [jointLog] [warning] read 1a6814b9-f055-451d-8550-65e29714b2c6 (length 33542 - align length 130) has no trained error model
[2025-07-09 17:01:08.741] [jointLog] [warning] read 1a6814b9-f055-451d-8550-65e29714b2c6 (length 33542) has no trained clipping model
[2025-07-09 17:01:08.741] [jointLog] [warning] read 1a6814b9-f055-451d-8550-65e29714b2c6 (length 33542) has no trained clipping model
[2025-07-09 17:01:08.741] [jointLog] [warning] read 2f82b056-f39b-49e0-9efc-ee992a6de6aa (length 31308 - align length 696) has no trained error model
[2025-07-09 17:01:08.741] [jointLog] [warning] read 2f82b056-f39b-49e0-9efc-ee992a6de6aa (length 31308) has no trained clipping model
[2025-07-09 17:01:08.741] [jointLog] [warning] read 2f82b056-f39b-49e0-9efc-ee992a6de6aa (length 31308) has no trained clipping model
[2025-07-09 17:01:08.741] [jointLog] [warning] read 3678ff3d-f975-445f-aac4-95561189739d (length 26984 - align length 48) has no trained error model
[2025-07-09 17:01:08.741] [jointLog] [warning] read 3678ff3d-f975-445f-aac4-95561189739d (length 26984) has no trained clipping model
[2025-07-09 17:01:08.741] [jointLog] [warning] read 3678ff3d-f975-445f-aac4-95561189739d (length 26984) has no trained clipping model
[2025-07-09 17:01:08.741] [jointLog] [warning] read 4e9724d2-f189-4780-b140-0d21b313651b (length 35760 - align length 634) has no trained error model
[2025-07-09 17:01:08.741] [jointLog] [warning] read 4e9724d2-f189-4780-b140-0d21b313651b (length 35760) has no trained clipping model
[2025-07-09 17:01:08.741] [jointLog] [warning] read 4e9724d2-f189-4780-b140-0d21b313651b (length 35760) has no trained clipping model
[2025-07-09 17:01:08.741] [jointLog] [warning] read 03de50ed-5cba-4a88-98c3-de79ea30421b (length 39616 - align length 82) has no trained error model
[2025-07-09 17:01:08.741] [jointLog] [warning] read 03de50ed-5cba-4a88-98c3-de79ea30421b (length 39616) has no trained clipping model
[2025-07-09 17:01:08.741] [jointLog] [warning] read 03de50ed-5cba-4a88-98c3-de79ea30421b (length 39616) has no trained clipping model
[2025-07-09 17:01:08.741] [jointLog] [warning] read d0efc216-f896-43e0-82c4-cf02dc07bfa4 (length 18943) has no trained clipping model
[2025-07-09 17:01:08.741] [jointLog] [warning] read dc394efa-900e-49eb-b2c8-523cea6b27db (length 26627 - align length 67) has no trained error model
[2025-07-09 17:01:08.741] [jointLog] [warning] read dc394efa-900e-49eb-b2c8-523cea6b27db (length 26627) has no trained clipping model
[2025-07-09 17:01:08.741] [jointLog] [warning] read dc394efa-900e-49eb-b2c8-523cea6b27db (length 26627) has no trained clipping model
[2025-07-09 17:01:08.741] [jointLog] [warning] read 9c5ed126-36f2-4adf-9fa6-c526534d57e8 (length 13059 - align length 83) has no trained error model
[2025-07-09 17:01:08.741] [jointLog] [warning] read 9c5ed126-36f2-4adf-9fa6-c526534d57e8 (length 13059) has no trained clipping model
[2025-07-09 17:01:08.741] [jointLog] [warning] read 9c5ed126-36f2-4adf-9fa6-c526534d57e8 (length 13059) has no trained clipping model
[2025-07-09 17:01:08.741] [jointLog] [warning] read 63ed19c2-9a66-44bd-8ce5-9f69345d79cb (length 37662 - align length 424) has no trained error model
[2025-07-09 17:01:08.741] [jointLog] [warning] read 63ed19c2-9a66-44bd-8ce5-9f69345d79cb (length 37662) has no trained clipping model
[2025-07-09 17:01:08.741] [jointLog] [warning] read 63ed19c2-9a66-44bd-8ce5-9f69345d79cb (length 37662) has no trained clipping model
[2025-07-09 17:01:08.742] [jointLog] [warning] read 14b5008b-9dec-4da4-a3ed-686b85d5dab9 (length 32939 - align length 2112) has no trained error model
[2025-07-09 17:01:08.742] [jointLog] [warning] read 14b5008b-9dec-4da4-a3ed-686b85d5dab9 (length 32939) has no trained clipping model
[2025-07-09 17:01:08.742] [jointLog] [warning] read 14b5008b-9dec-4da4-a3ed-686b85d5dab9 (length 32939) has no trained clipping model
[2025-07-09 17:01:08.742] [jointLog] [warning] read a2ff91ae-c87c-4d90-8758-1f831430529d (length 20917 - align length 771) has no trained error model
[2025-07-09 17:01:08.742] [jointLog] [warning] read a2ff91ae-c87c-4d90-8758-1f831430529d (length 20917) has no trained clipping model
[2025-07-09 17:01:08.742] [jointLog] [warning] read a2ff91ae-c87c-4d90-8758-1f831430529d (length 20917) has no trained clipping model
[2025-07-09 17:01:08.742] [jointLog] [warning] read 050ddcac-13c9-432e-b60c-213e7cd74dd6 (length 16013) has no trained clipping model
[2025-07-09 17:01:08.742] [jointLog] [warning] read 56452f2a-19be-4665-bf94-49cd80de5521 (length 24774 - align length 231) has no trained error model
[2025-07-09 17:01:08.742] [jointLog] [warning] read 56452f2a-19be-4665-bf94-49cd80de5521 (length 24774) has no trained clipping model
[2025-07-09 17:01:08.742] [jointLog] [warning] read 56452f2a-19be-4665-bf94-49cd80de5521 (length 24774) has no trained clipping model
[2025-07-09 17:01:08.742] [jointLog] [warning] read af8e5018-c163-4824-b911-dcaa04eea297 (length 24857 - align length 110) has no trained error model
[2025-07-09 17:01:08.742] [jointLog] [warning] read af8e5018-c163-4824-b911-dcaa04eea297 (length 24857) has no trained clipping model
[2025-07-09 17:01:08.742] [jointLog] [warning] read af8e5018-c163-4824-b911-dcaa04eea297 (length 24857) has no trained clipping model
[2025-07-09 17:01:08.742] [jointLog] [warning] read 14a9267e-c12a-495a-84f5-f45176b93e66 (length 13819 - align length 61) has no trained error model
[2025-07-09 17:01:08.742] [jointLog] [warning] read 14a9267e-c12a-495a-84f5-f45176b93e66 (length 13819) has no trained clipping model
[2025-07-09 17:01:08.742] [jointLog] [warning] read 14a9267e-c12a-495a-84f5-f45176b93e66 (length 13819) has no trained clipping model
[2025-07-09 17:01:08.742] [jointLog] [warning] read 8049b0ba-4c4d-4fba-81f8-db0d320e9337 (length 12551 - align length 88) has no trained error model
[2025-07-09 17:01:08.742] [jointLog] [warning] read 8049b0ba-4c4d-4fba-81f8-db0d320e9337 (length 12551) has no trained clipping model
[2025-07-09 17:01:08.742] [jointLog] [warning] read 8049b0ba-4c4d-4fba-81f8-db0d320e9337 (length 12551) has no trained clipping model
[2025-07-09 17:01:08.742] [jointLog] [warning] read fb4f6b97-28c3-4938-b2b4-7691dc3efae8 (length 19915 - align length 253) has no trained error model
[2025-07-09 17:01:08.742] [jointLog] [warning] read fb4f6b97-28c3-4938-b2b4-7691dc3efae8 (length 19915) has no trained clipping model
[2025-07-09 17:01:08.742] [jointLog] [warning] read fb4f6b97-28c3-4938-b2b4-7691dc3efae8 (length 19915) has no trained clipping model
[2025-07-09 17:01:08.742] [jointLog] [warning] read d2b2c562-8517-4219-b888-52f1c4b5177e (length 14241 - align length 99) has no trained error model
[2025-07-09 17:01:08.742] [jointLog] [warning] read d2b2c562-8517-4219-b888-52f1c4b5177e (length 14241) has no trained clipping model
[2025-07-09 17:01:08.742] [jointLog] [warning] read d2b2c562-8517-4219-b888-52f1c4b5177e (length 14241) has no trained clipping model
[2025-07-09 17:01:08.742] [jointLog] [warning] read 6fa8b845-182d-4f2a-a469-39d46cf66bf6 (length 13991) has no trained clipping model
[2025-07-09 17:01:08.742] [jointLog] [warning] read 99d24aa0-b378-422a-95ca-de8cc88d4ecc (length 17262 - align length 771) has no trained error model
[2025-07-09 17:01:08.742] [jointLog] [warning] read 99d24aa0-b378-422a-95ca-de8cc88d4ecc (length 17262) has no trained clipping model
[2025-07-09 17:01:08.742] [jointLog] [warning] read 99d24aa0-b378-422a-95ca-de8cc88d4ecc (length 17262) has no trained clipping model
[2025-07-09 17:01:08.742] [jointLog] [warning] read 05eab60f-6078-4930-9379-5de0feb10a8b (length 35535 - align length 574) has no trained error model
[2025-07-09 17:01:08.742] [jointLog] [warning] read 05eab60f-6078-4930-9379-5de0feb10a8b (length 35535) has no trained clipping model
[2025-07-09 17:01:08.742] [jointLog] [warning] read 05eab60f-6078-4930-9379-5de0feb10a8b (length 35535) has no trained clipping model
[2025-07-09 17:01:08.742] [jointLog] [warning] read 811fe59c-fcad-4142-8a75-d6e767707aa9 (length 32955 - align length 656) has no trained error model
[2025-07-09 17:01:08.742] [jointLog] [warning] read 811fe59c-fcad-4142-8a75-d6e767707aa9 (length 32955) has no trained clipping model
[2025-07-09 17:01:08.742] [jointLog] [warning] read 811fe59c-fcad-4142-8a75-d6e767707aa9 (length 32955) has no trained clipping model
[2025-07-09 17:01:08.742] [jointLog] [warning] read c7b55f33-5742-493c-bf5d-f1c5cce4706e (length 17796 - align length 63) has no trained error model
[2025-07-09 17:01:08.742] [jointLog] [warning] read c7b55f33-5742-493c-bf5d-f1c5cce4706e (length 17796) has no trained clipping model
[2025-07-09 17:01:08.742] [jointLog] [warning] read c7b55f33-5742-493c-bf5d-f1c5cce4706e (length 17796) has no trained clipping model
[2025-07-09 17:01:08.742] [jointLog] [warning] read 434460b8-1b9f-430e-bfdc-14caee5cae4f (length 39243 - align length 584) has no trained error model
[2025-07-09 17:01:08.742] [jointLog] [warning] read 434460b8-1b9f-430e-bfdc-14caee5cae4f (length 39243) has no trained clipping model
[2025-07-09 17:01:08.742] [jointLog] [warning] read 434460b8-1b9f-430e-bfdc-14caee5cae4f (length 39243) has no trained clipping model
[2025-07-09 17:01:08.742] [jointLog] [warning] read 8940477d-552f-41af-976b-5548650f6e54 (length 23615 - align length 732) has no trained error model
[2025-07-09 17:01:08.742] [jointLog] [warning] read 8940477d-552f-41af-976b-5548650f6e54 (length 23615) has no trained clipping model
[2025-07-09 17:01:08.742] [jointLog] [warning] read 8940477d-552f-41af-976b-5548650f6e54 (length 23615) has no trained clipping model
[2025-07-09 17:01:08.742] [jointLog] [warning] read fd686593-db6f-44f2-b57f-c54885a8d6f9 (length 26812) has no trained clipping model
[2025-07-09 17:01:08.742] [jointLog] [warning] read 7c3adc4c-6856-4677-bf5e-595ee4444a38 (length 34281 - align length 2952) has no trained error model
[2025-07-09 17:01:08.742] [jointLog] [warning] read 7c3adc4c-6856-4677-bf5e-595ee4444a38 (length 34281) has no trained clipping model
[2025-07-09 17:01:08.742] [jointLog] [warning] read 7c3adc4c-6856-4677-bf5e-595ee4444a38 (length 34281) has no trained clipping model
[2025-07-09 17:01:08.742] [jointLog] [warning] read 42def607-b424-42e5-b59c-1f568bcaad44 (length 43789 - align length 739) has no trained error model
[2025-07-09 17:01:08.742] [jointLog] [warning] read 42def607-b424-42e5-b59c-1f568bcaad44 (length 43789) has no trained clipping model
[2025-07-09 17:01:08.742] [jointLog] [warning] read 42def607-b424-42e5-b59c-1f568bcaad44 (length 43789) has no trained clipping model
[2025-07-09 17:01:08.742] [jointLog] [warning] read 3e59f377-a7f9-47e8-b2a3-072e4da293ba (length 35544 - align length 469) has no trained error model
[2025-07-09 17:01:08.742] [jointLog] [warning] read 3e59f377-a7f9-47e8-b2a3-072e4da293ba (length 35544) has no trained clipping model
[2025-07-09 17:01:08.742] [jointLog] [warning] read 3e59f377-a7f9-47e8-b2a3-072e4da293ba (length 35544) has no trained clipping model
[2025-07-09 17:01:08.742] [jointLog] [warning] read b647c0ca-b448-4a2a-b949-0ffd3ee672cd (length 34433) has no trained clipping model
[2025-07-09 17:01:08.742] [jointLog] [warning] read 1f30bfa2-a783-408e-864b-a97ebbb5ac1a (length 19704 - align length 1063) has no trained error model
[2025-07-09 17:01:08.742] [jointLog] [warning] read 1f30bfa2-a783-408e-864b-a97ebbb5ac1a (length 19704) has no trained clipping model
[2025-07-09 17:01:08.742] [jointLog] [warning] read 1f30bfa2-a783-408e-864b-a97ebbb5ac1a (length 19704) has no trained clipping model
[2025-07-09 17:01:08.742] [jointLog] [warning] read 8f3695f7-5790-4994-a57e-f209483b20c1 (length 42799 - align length 3253) has no trained error model
[2025-07-09 17:01:08.742] [jointLog] [warning] read 8f3695f7-5790-4994-a57e-f209483b20c1 (length 42799) has no trained clipping model
[2025-07-09 17:01:08.742] [jointLog] [warning] read 8f3695f7-5790-4994-a57e-f209483b20c1 (length 42799) has no trained clipping model
[2025-07-09 17:01:08.742] [jointLog] [warning] read 2381c220-307b-4a3f-a3e9-271276b63ad6 (length 14994 - align length 303) has no trained error model
[2025-07-09 17:01:08.742] [jointLog] [warning] read 2381c220-307b-4a3f-a3e9-271276b63ad6 (length 14994) has no trained clipping model
[2025-07-09 17:01:08.742] [jointLog] [warning] read 2381c220-307b-4a3f-a3e9-271276b63ad6 (length 14994) has no trained clipping model
[2025-07-09 17:01:08.742] [jointLog] [warning] read ac943338-74b6-4c4c-82c0-cc7311372233 (length 12067 - align length 229) has no trained error model
[2025-07-09 17:01:08.742] [jointLog] [warning] read ac943338-74b6-4c4c-82c0-cc7311372233 (length 12067) has no trained clipping model
[2025-07-09 17:01:08.742] [jointLog] [warning] read ac943338-74b6-4c4c-82c0-cc7311372233 (length 12067) has no trained clipping model
[2025-07-09 17:01:08.742] [jointLog] [warning] read 763ce967-6f0b-41d3-a23c-b5e402e3f796 (length 41038 - align length 311) has no trained error model
[2025-07-09 17:01:08.742] [jointLog] [warning] read 763ce967-6f0b-41d3-a23c-b5e402e3f796 (length 41038) has no trained clipping model
[2025-07-09 17:01:08.742] [jointLog] [warning] read 763ce967-6f0b-41d3-a23c-b5e402e3f796 (length 41038) has no trained clipping model
[2025-07-09 17:01:08.742] [jointLog] [warning] read 0f31a65f-1846-4e8d-8250-7df20cc4456c (length 14234 - align length 1086) has no trained error model
[2025-07-09 17:01:08.742] [jointLog] [warning] read 0f31a65f-1846-4e8d-8250-7df20cc4456c (length 14234) has no trained clipping model
[2025-07-09 17:01:08.742] [jointLog] [warning] read 0f31a65f-1846-4e8d-8250-7df20cc4456c (length 14234) has no trained clipping model
[2025-07-09 17:01:08.742] [jointLog] [warning] read ee73b66a-32fd-437b-be95-693ca9909b41 (length 18178 - align length 412) has no trained error model
[2025-07-09 17:01:08.742] [jointLog] [warning] read ee73b66a-32fd-437b-be95-693ca9909b41 (length 18178) has no trained clipping model
[2025-07-09 17:01:08.742] [jointLog] [warning] read ee73b66a-32fd-437b-be95-693ca9909b41 (length 18178) has no trained clipping model
[2025-07-09 17:01:08.742] [jointLog] [warning] read 6f145959-7e7f-44cb-b223-6af1c9f3d047 (length 13639 - align length 630) has no trained error model
[2025-07-09 17:01:08.742] [jointLog] [warning] read 6f145959-7e7f-44cb-b223-6af1c9f3d047 (length 13639) has no trained clipping model
[2025-07-09 17:01:08.742] [jointLog] [warning] read 6f145959-7e7f-44cb-b223-6af1c9f3d047 (length 13639) has no trained clipping model
[2025-07-09 17:01:08.742] [jointLog] [warning] read 59b68d66-00d4-4b11-ae4d-2147fb6e6e9e (length 35343 - align length 886) has no trained error model
[2025-07-09 17:01:08.743] [jointLog] [warning] read 59b68d66-00d4-4b11-ae4d-2147fb6e6e9e (length 35343) has no trained clipping model
[2025-07-09 17:01:08.743] [jointLog] [warning] read 59b68d66-00d4-4b11-ae4d-2147fb6e6e9e (length 35343) has no trained clipping model
[2025-07-09 17:01:08.743] [jointLog] [warning] read e265573e-4a4a-4450-b8df-2dbe9e2a05d4 (length 26712 - align length 118) has no trained error model
[2025-07-09 17:01:08.743] [jointLog] [warning] read e265573e-4a4a-4450-b8df-2dbe9e2a05d4 (length 26712) has no trained clipping model
[2025-07-09 17:01:08.743] [jointLog] [warning] read e265573e-4a4a-4450-b8df-2dbe9e2a05d4 (length 26712) has no trained clipping model
[2025-07-09 17:01:08.743] [jointLog] [warning] read 6b15c69c-9084-4204-b433-36d916432279 (length 41133 - align length 71) has no trained error model
[2025-07-09 17:01:08.743] [jointLog] [warning] read 6b15c69c-9084-4204-b433-36d916432279 (length 41133) has no trained clipping model
[2025-07-09 17:01:08.743] [jointLog] [warning] read 6b15c69c-9084-4204-b433-36d916432279 (length 41133) has no trained clipping model
[2025-07-09 17:01:08.743] [jointLog] [warning] read 6d3a7e63-a9b4-4a94-a59f-00a99143c725 (length 19188) has no trained clipping model
[2025-07-09 17:01:08.743] [jointLog] [warning] read acff187e-d2c1-4ee3-bb4e-4c5baf8aaa71 (length 26910 - align length 302) has no trained error model
[2025-07-09 17:01:08.743] [jointLog] [warning] read acff187e-d2c1-4ee3-bb4e-4c5baf8aaa71 (length 26910) has no trained clipping model
[2025-07-09 17:01:08.743] [jointLog] [warning] read acff187e-d2c1-4ee3-bb4e-4c5baf8aaa71 (length 26910) has no trained clipping model
[2025-07-09 17:01:08.743] [jointLog] [warning] read 51152216-f9dc-4821-ae7d-536e160a50d3 (length 37559 - align length 72) has no trained error model
[2025-07-09 17:01:08.743] [jointLog] [warning] read 51152216-f9dc-4821-ae7d-536e160a50d3 (length 37559) has no trained clipping model
[2025-07-09 17:01:08.743] [jointLog] [warning] read 51152216-f9dc-4821-ae7d-536e160a50d3 (length 37559) has no trained clipping model
[2025-07-09 17:01:08.743] [jointLog] [warning] read 5989d714-77b4-46fc-9f8b-dfc037e3340a (length 25588 - align length 1058) has no trained error model
[2025-07-09 17:01:08.743] [jointLog] [warning] read 5989d714-77b4-46fc-9f8b-dfc037e3340a (length 25588) has no trained clipping model
[2025-07-09 17:01:08.743] [jointLog] [warning] read 5989d714-77b4-46fc-9f8b-dfc037e3340a (length 25588) has no trained clipping model
[2025-07-09 17:01:08.743] [jointLog] [warning] read 5c4fb3eb-b560-4306-8469-9bd238cc372c (length 41521 - align length 737) has no trained error model
[2025-07-09 17:01:08.743] [jointLog] [warning] read 5c4fb3eb-b560-4306-8469-9bd238cc372c (length 41521) has no trained clipping model
[2025-07-09 17:01:08.743] [jointLog] [warning] read 5c4fb3eb-b560-4306-8469-9bd238cc372c (length 41521) has no trained clipping model
[2025-07-09 17:01:08.743] [jointLog] [warning] read 92245411-6692-4f08-a623-bb28525dd1d4 (length 17641 - align length 71) has no trained error model
[2025-07-09 17:01:08.743] [jointLog] [warning] read 92245411-6692-4f08-a623-bb28525dd1d4 (length 17641) has no trained clipping model
[2025-07-09 17:01:08.743] [jointLog] [warning] read 92245411-6692-4f08-a623-bb28525dd1d4 (length 17641) has no trained clipping model
[2025-07-09 17:01:08.743] [jointLog] [warning] read ac10586b-4b81-4e60-bae7-7f9e8873f896 (length 43983 - align length 309) has no trained error model
[2025-07-09 17:01:08.743] [jointLog] [warning] read ac10586b-4b81-4e60-bae7-7f9e8873f896 (length 43983) has no trained clipping model
[2025-07-09 17:01:08.743] [jointLog] [warning] read ac10586b-4b81-4e60-bae7-7f9e8873f896 (length 43983) has no trained clipping model
[2025-07-09 17:01:08.743] [jointLog] [warning] read d755983c-e1ae-45e9-953a-b8489e6cfac2 (length 23699 - align length 970) has no trained error model
[2025-07-09 17:01:08.743] [jointLog] [warning] read d755983c-e1ae-45e9-953a-b8489e6cfac2 (length 23699) has no trained clipping model
[2025-07-09 17:01:08.743] [jointLog] [warning] read d755983c-e1ae-45e9-953a-b8489e6cfac2 (length 23699) has no trained clipping model
[2025-07-09 17:01:08.743] [jointLog] [warning] read 5656710c-4ea9-4f9f-bffb-4de66fa2f16e (length 17654 - align length 2077) has no trained error model
[2025-07-09 17:01:08.743] [jointLog] [warning] read 5656710c-4ea9-4f9f-bffb-4de66fa2f16e (length 17654) has no trained clipping model
[2025-07-09 17:01:08.743] [jointLog] [warning] read 5656710c-4ea9-4f9f-bffb-4de66fa2f16e (length 17654) has no trained clipping model
[2025-07-09 17:01:08.743] [jointLog] [warning] read e7a82353-81dd-436b-8331-5b5b584d669e (length 20471 - align length 1156) has no trained error model
[2025-07-09 17:01:08.743] [jointLog] [warning] read e7a82353-81dd-436b-8331-5b5b584d669e (length 20471) has no trained clipping model
[2025-07-09 17:01:08.743] [jointLog] [warning] read e7a82353-81dd-436b-8331-5b5b584d669e (length 20471) has no trained clipping model
[2025-07-09 17:01:08.743] [jointLog] [warning] read e33f97e8-15be-41c0-bcf1-a0a52a40dabb (length 33124 - align length 127) has no trained error model
[2025-07-09 17:01:08.743] [jointLog] [warning] read e33f97e8-15be-41c0-bcf1-a0a52a40dabb (length 33124) has no trained clipping model
[2025-07-09 17:01:08.743] [jointLog] [warning] read e33f97e8-15be-41c0-bcf1-a0a52a40dabb (length 33124) has no trained clipping model
[2025-07-09 17:01:08.743] [jointLog] [warning] read 006067fe-0049-46ac-96df-c282b56608f8 (length 27924 - align length 65) has no trained error model
[2025-07-09 17:01:08.743] [jointLog] [warning] read 006067fe-0049-46ac-96df-c282b56608f8 (length 27924) has no trained clipping model
[2025-07-09 17:01:08.743] [jointLog] [warning] read 006067fe-0049-46ac-96df-c282b56608f8 (length 27924) has no trained clipping model
[2025-07-09 17:01:08.743] [jointLog] [warning] read 88d09c96-0805-42ae-a2e2-d4cb02532ead (length 30607 - align length 1243) has no trained error model
[2025-07-09 17:01:08.743] [jointLog] [warning] read 88d09c96-0805-42ae-a2e2-d4cb02532ead (length 30607) has no trained clipping model
[2025-07-09 17:01:08.743] [jointLog] [warning] read 88d09c96-0805-42ae-a2e2-d4cb02532ead (length 30607) has no trained clipping model
[2025-07-09 17:01:08.743] [jointLog] [warning] read e807cafb-7a7b-46b5-b1da-9fe8268e3a79 (length 30885 - align length 479) has no trained error model
[2025-07-09 17:01:08.743] [jointLog] [warning] read e807cafb-7a7b-46b5-b1da-9fe8268e3a79 (length 30885) has no trained clipping model
[2025-07-09 17:01:08.743] [jointLog] [warning] read e807cafb-7a7b-46b5-b1da-9fe8268e3a79 (length 30885) has no trained clipping model
[2025-07-09 17:01:08.743] [jointLog] [warning] read 1874b416-4a3a-4884-b431-506f7f2678dd (length 19036 - align length 798) has no trained error model
[2025-07-09 17:01:08.743] [jointLog] [warning] read 1874b416-4a3a-4884-b431-506f7f2678dd (length 19036) has no trained clipping model
[2025-07-09 17:01:08.743] [jointLog] [warning] read 1874b416-4a3a-4884-b431-506f7f2678dd (length 19036) has no trained clipping model
[2025-07-09 17:01:08.743] [jointLog] [warning] read 2d35437f-fa24-42d6-ad44-23b61f4cbecb (length 36888 - align length 202) has no trained error model
[2025-07-09 17:01:08.743] [jointLog] [warning] read 2d35437f-fa24-42d6-ad44-23b61f4cbecb (length 36888) has no trained clipping model
[2025-07-09 17:01:08.743] [jointLog] [warning] read 2d35437f-fa24-42d6-ad44-23b61f4cbecb (length 36888) has no trained clipping model
[2025-07-09 17:01:08.743] [jointLog] [warning] read a0c2fc01-a081-4c4a-aef9-d9256872613c (length 18547 - align length 1011) has no trained error model
[2025-07-09 17:01:08.743] [jointLog] [warning] read a0c2fc01-a081-4c4a-aef9-d9256872613c (length 18547) has no trained clipping model
[2025-07-09 17:01:08.743] [jointLog] [warning] read a0c2fc01-a081-4c4a-aef9-d9256872613c (length 18547) has no trained clipping model
[2025-07-09 17:01:08.743] [jointLog] [warning] read b888a121-f99e-4a8e-b97b-a3b080e8073a (length 19191) has no trained clipping model
[2025-07-09 17:01:08.743] [jointLog] [warning] read ea26c2b7-5aa5-4bc3-a321-5fed08d04ef8 (length 20718 - align length 787) has no trained error model
[2025-07-09 17:01:08.743] [jointLog] [warning] read ea26c2b7-5aa5-4bc3-a321-5fed08d04ef8 (length 20718) has no trained clipping model
[2025-07-09 17:01:08.743] [jointLog] [warning] read ea26c2b7-5aa5-4bc3-a321-5fed08d04ef8 (length 20718) has no trained clipping model
[2025-07-09 17:01:08.743] [jointLog] [warning] read d0a9148e-1c7c-45a7-bcad-1fc510d5a286 (length 21782 - align length 1278) has no trained error model
[2025-07-09 17:01:08.743] [jointLog] [warning] read d0a9148e-1c7c-45a7-bcad-1fc510d5a286 (length 21782) has no trained clipping model
[2025-07-09 17:01:08.743] [jointLog] [warning] read d0a9148e-1c7c-45a7-bcad-1fc510d5a286 (length 21782) has no trained clipping model
[2025-07-09 17:01:08.743] [jointLog] [warning] read 8db8ef7f-7084-45a1-ba51-c84b478e2cf6 (length 21729 - align length 469) has no trained error model
[2025-07-09 17:01:08.743] [jointLog] [warning] read 8db8ef7f-7084-45a1-ba51-c84b478e2cf6 (length 21729) has no trained clipping model
[2025-07-09 17:01:08.743] [jointLog] [warning] read 8db8ef7f-7084-45a1-ba51-c84b478e2cf6 (length 21729) has no trained clipping model
[2025-07-09 17:01:08.743] [jointLog] [warning] read aee76c04-bfcb-47a4-a838-661b440d6aca (length 13172 - align length 820) has no trained error model
[2025-07-09 17:01:08.743] [jointLog] [warning] read aee76c04-bfcb-47a4-a838-661b440d6aca (length 13172) has no trained clipping model
[2025-07-09 17:01:08.743] [jointLog] [warning] read aee76c04-bfcb-47a4-a838-661b440d6aca (length 13172) has no trained clipping model
[2025-07-09 17:01:08.743] [jointLog] [warning] read 83d864ef-ef58-402e-9022-b22f56b78a4d (length 24341 - align length 418) has no trained error model
[2025-07-09 17:01:08.743] [jointLog] [warning] read 83d864ef-ef58-402e-9022-b22f56b78a4d (length 24341) has no trained clipping model
[2025-07-09 17:01:08.743] [jointLog] [warning] read 83d864ef-ef58-402e-9022-b22f56b78a4d (length 24341) has no trained clipping model
[2025-07-09 17:01:08.743] [jointLog] [warning] read 6c734971-83f5-49b3-8df9-4762435cf2cb (length 11887) has no trained clipping model
[2025-07-09 17:01:08.743] [jointLog] [warning] read fed9daaf-fa61-47d3-9ae9-553e219eafc8 (length 13903) has no trained clipping model
[2025-07-09 17:01:08.744] [jointLog] [warning] read 056a5cdb-e1e6-48b6-bbd9-7bfcc85d4523 (length 49163 - align length 1086) has no trained error model
[2025-07-09 17:01:08.744] [jointLog] [warning] read 056a5cdb-e1e6-48b6-bbd9-7bfcc85d4523 (length 49163) has no trained clipping model
[2025-07-09 17:01:08.744] [jointLog] [warning] read 056a5cdb-e1e6-48b6-bbd9-7bfcc85d4523 (length 49163) has no trained clipping model
[2025-07-09 17:01:08.744] [jointLog] [warning] read 830dd072-67cf-4fa6-8afa-4987aedfc16c (length 19736 - align length 2060) has no trained error model
[2025-07-09 17:01:08.744] [jointLog] [warning] read 830dd072-67cf-4fa6-8afa-4987aedfc16c (length 19736) has no trained clipping model
[2025-07-09 17:01:08.744] [jointLog] [warning] read 830dd072-67cf-4fa6-8afa-4987aedfc16c (length 19736) has no trained clipping model
[2025-07-09 17:01:08.744] [jointLog] [warning] read d5ae595d-f559-4cad-9470-c5a8d29e77aa (length 36574 - align length 898) has no trained error model
[2025-07-09 17:01:08.744] [jointLog] [warning] read d5ae595d-f559-4cad-9470-c5a8d29e77aa (length 36574) has no trained clipping model
[2025-07-09 17:01:08.744] [jointLog] [warning] read d5ae595d-f559-4cad-9470-c5a8d29e77aa (length 36574) has no trained clipping model
[2025-07-09 17:01:08.744] [jointLog] [warning] read f3fefe91-74ae-486c-bf9e-1114ec2c3351 (length 37392 - align length 4311) has no trained error model
[2025-07-09 17:01:08.744] [jointLog] [warning] read f3fefe91-74ae-486c-bf9e-1114ec2c3351 (length 37392) has no trained clipping model
[2025-07-09 17:01:08.744] [jointLog] [warning] read f3fefe91-74ae-486c-bf9e-1114ec2c3351 (length 37392) has no trained clipping model
[2025-07-09 17:01:08.744] [jointLog] [warning] read bc0790f3-4382-4a65-8615-af04e2b379e4 (length 13897 - align length 2884) has no trained error model
[2025-07-09 17:01:08.744] [jointLog] [warning] read bc0790f3-4382-4a65-8615-af04e2b379e4 (length 13897) has no trained clipping model
[2025-07-09 17:01:08.744] [jointLog] [warning] read bc0790f3-4382-4a65-8615-af04e2b379e4 (length 13897) has no trained clipping model
[2025-07-09 17:01:08.744] [jointLog] [warning] read 4294f131-9ffa-45fd-ace9-47335154c8b5 (length 13038 - align length 161) has no trained error model
[2025-07-09 17:01:08.744] [jointLog] [warning] read 4294f131-9ffa-45fd-ace9-47335154c8b5 (length 13038) has no trained clipping model
[2025-07-09 17:01:08.744] [jointLog] [warning] read 4294f131-9ffa-45fd-ace9-47335154c8b5 (length 13038) has no trained clipping model
[2025-07-09 17:01:08.744] [jointLog] [warning] read 8c18de59-6baf-4537-9452-efa2210c254b (length 27123 - align length 65) has no trained error model
[2025-07-09 17:01:08.744] [jointLog] [warning] read 8c18de59-6baf-4537-9452-efa2210c254b (length 27123) has no trained clipping model
[2025-07-09 17:01:08.744] [jointLog] [warning] read 8c18de59-6baf-4537-9452-efa2210c254b (length 27123) has no trained clipping model
[2025-07-09 17:01:08.744] [jointLog] [warning] read e54e637b-56b9-4b5c-829d-049415aaa266 (length 11813) has no trained clipping model
[2025-07-09 17:01:08.744] [jointLog] [warning] read acf7452b-140f-4958-97a7-ea12a33a2e24 (length 29052 - align length 620) has no trained error model
[2025-07-09 17:01:08.744] [jointLog] [warning] read acf7452b-140f-4958-97a7-ea12a33a2e24 (length 29052) has no trained clipping model
[2025-07-09 17:01:08.744] [jointLog] [warning] read acf7452b-140f-4958-97a7-ea12a33a2e24 (length 29052) has no trained clipping model
[2025-07-09 17:01:08.744] [jointLog] [warning] read f11faf67-240b-429a-a4fd-54e95904b583 (length 19391 - align length 1140) has no trained error model
[2025-07-09 17:01:08.744] [jointLog] [warning] read f11faf67-240b-429a-a4fd-54e95904b583 (length 19391) has no trained clipping model
[2025-07-09 17:01:08.744] [jointLog] [warning] read f11faf67-240b-429a-a4fd-54e95904b583 (length 19391) has no trained clipping model
[2025-07-09 17:01:08.744] [jointLog] [warning] read fc575525-ba5d-4345-a070-bce92c227091 (length 18730 - align length 6166) has no trained error model
[2025-07-09 17:01:08.744] [jointLog] [warning] read fc575525-ba5d-4345-a070-bce92c227091 (length 18730) has no trained clipping model
[2025-07-09 17:01:08.744] [jointLog] [warning] read fc575525-ba5d-4345-a070-bce92c227091 (length 18730) has no trained clipping model
[2025-07-09 17:01:08.744] [jointLog] [warning] read d843ee8a-3ec4-4d2b-8848-a9c60dd5738f (length 28190 - align length 787) has no trained error model
[2025-07-09 17:01:08.744] [jointLog] [warning] read d843ee8a-3ec4-4d2b-8848-a9c60dd5738f (length 28190) has no trained clipping model
[2025-07-09 17:01:08.744] [jointLog] [warning] read d843ee8a-3ec4-4d2b-8848-a9c60dd5738f (length 28190) has no trained clipping model
[2025-07-09 17:01:08.744] [jointLog] [warning] read aa9b2c92-b815-47bc-9526-a5278905ab05 (length 29680 - align length 3636) has no trained error model
[2025-07-09 17:01:08.744] [jointLog] [warning] read aa9b2c92-b815-47bc-9526-a5278905ab05 (length 29680) has no trained clipping model
[2025-07-09 17:01:08.744] [jointLog] [warning] read aa9b2c92-b815-47bc-9526-a5278905ab05 (length 29680) has no trained clipping model
[2025-07-09 17:01:08.745] [jointLog] [warning] read 5c3ef13e-2c8f-4e4b-b70d-a8b07413897b (length 10749 - align length 10703) has no trained error model
[2025-07-09 17:01:08.745] [jointLog] [warning] read fc977451-90a0-414d-8e72-4eb8878a1e81 (length 23869 - align length 313) has no trained error model
[2025-07-09 17:01:08.745] [jointLog] [warning] read fc977451-90a0-414d-8e72-4eb8878a1e81 (length 23869) has no trained clipping model
[2025-07-09 17:01:08.745] [jointLog] [warning] read fc977451-90a0-414d-8e72-4eb8878a1e81 (length 23869) has no trained clipping model
[2025-07-09 17:01:08.745] [jointLog] [warning] read 0ec52d1e-5d63-482c-b5e8-80513ce45f7d (length 19290 - align length 128) has no trained error model
[2025-07-09 17:01:08.745] [jointLog] [warning] read 0ec52d1e-5d63-482c-b5e8-80513ce45f7d (length 19290) has no trained clipping model
[2025-07-09 17:01:08.745] [jointLog] [warning] read 0ec52d1e-5d63-482c-b5e8-80513ce45f7d (length 19290) has no trained clipping model
[2025-07-09 17:01:08.745] [jointLog] [warning] read a6175c30-59a5-491f-993b-de58b6ff4aad (length 18363) has no trained clipping model
[2025-07-09 17:01:08.745] [jointLog] [warning] read 9328fb8a-2dbc-4610-96d3-f472382766d9 (length 41992 - align length 52) has no trained error model
[2025-07-09 17:01:08.745] [jointLog] [warning] read 9328fb8a-2dbc-4610-96d3-f472382766d9 (length 41992) has no trained clipping model
[2025-07-09 17:01:08.745] [jointLog] [warning] read 9328fb8a-2dbc-4610-96d3-f472382766d9 (length 41992) has no trained clipping model
[2025-07-09 17:01:08.800] [jointLog] [warning] read 86432b5e-a104-4c8b-9a21-ae9e63742921 (length 10919 - align length 10908) has no trained error model
[2025-07-09 17:01:09.038] [jointLog] [warning] read 43836d1b-6a3a-46df-aef6-66f23b911f5e (length 10343 - align length 10255) has no trained error model
[2025-07-09 17:01:10.018] [jointLog] [warning] read 35d2bd3a-e620-4328-8647-3964186f8021 (length 10781 - align length 10723) has no trained error model
[2025-07-09 17:01:10.062] [jointLog] [warning] read 15ae9a69-057f-400f-9ac8-40dc437e20ab (length 36704 - align length 855) has no trained error model
[2025-07-09 17:01:10.062] [jointLog] [warning] read 15ae9a69-057f-400f-9ac8-40dc437e20ab (length 36704) has no trained clipping model
[2025-07-09 17:01:10.062] [jointLog] [warning] read 15ae9a69-057f-400f-9ac8-40dc437e20ab (length 36704) has no trained clipping model
[2025-07-09 17:01:10.062] [jointLog] [warning] read 4133a19b-e77c-496e-824c-2b352299d31c (length 15321 - align length 5738) has no trained error model
[2025-07-09 17:01:10.062] [jointLog] [warning] read 4133a19b-e77c-496e-824c-2b352299d31c (length 15321) has no trained clipping model
[2025-07-09 17:01:10.062] [jointLog] [warning] read 4133a19b-e77c-496e-824c-2b352299d31c (length 15321) has no trained clipping model
[2025-07-09 17:01:10.062] [jointLog] [warning] read 27f790f2-17e4-451d-a3f9-10bc56316170 (length 17958 - align length 2466) has no trained error model
[2025-07-09 17:01:10.062] [jointLog] [warning] read 27f790f2-17e4-451d-a3f9-10bc56316170 (length 17958) has no trained clipping model
[2025-07-09 17:01:10.062] [jointLog] [warning] read 27f790f2-17e4-451d-a3f9-10bc56316170 (length 17958) has no trained clipping model
[2025-07-09 17:01:10.062] [jointLog] [warning] read 0b6ff392-6556-4056-aa41-00c606bd7fa3 (length 30629 - align length 244) has no trained error model
[2025-07-09 17:01:10.062] [jointLog] [warning] read 0b6ff392-6556-4056-aa41-00c606bd7fa3 (length 30629) has no trained clipping model
[2025-07-09 17:01:10.062] [jointLog] [warning] read 0b6ff392-6556-4056-aa41-00c606bd7fa3 (length 30629) has no trained clipping model
[2025-07-09 17:01:10.062] [jointLog] [warning] read 00dac235-2ca9-4e4c-b311-974007c1e872 (length 15169 - align length 196) has no trained error model
[2025-07-09 17:01:10.062] [jointLog] [warning] read 00dac235-2ca9-4e4c-b311-974007c1e872 (length 15169) has no trained clipping model
[2025-07-09 17:01:10.062] [jointLog] [warning] read 00dac235-2ca9-4e4c-b311-974007c1e872 (length 15169) has no trained clipping model
[2025-07-09 17:01:10.339] [fileLog] [info] quantification processed 10000000 fragments so far

[2025-07-09 17:01:10.620] [jointLog] [warning] read 94870deb-0350-43d2-9a00-f4da9700b6c1 (length 47207 - align length 131) has no trained error model
[2025-07-09 17:01:10.620] [jointLog] [warning] read 94870deb-0350-43d2-9a00-f4da9700b6c1 (length 47207) has no trained clipping model
[2025-07-09 17:01:10.620] [jointLog] [warning] read 94870deb-0350-43d2-9a00-f4da9700b6c1 (length 47207) has no trained clipping model
[2025-07-09 17:01:10.620] [jointLog] [warning] read 82b74544-3927-4feb-9a09-be5a97a0e977 (length 12346) has no trained clipping model
[2025-07-09 17:01:10.620] [jointLog] [warning] read 7eb60f00-b288-4992-b5db-dd07731c55f9 (length 47336 - align length 260) has no trained error model
[2025-07-09 17:01:10.620] [jointLog] [warning] read 7eb60f00-b288-4992-b5db-dd07731c55f9 (length 47336) has no trained clipping model
[2025-07-09 17:01:10.620] [jointLog] [warning] read 7eb60f00-b288-4992-b5db-dd07731c55f9 (length 47336) has no trained clipping model
[2025-07-09 17:01:10.621] [jointLog] [warning] read 791f97d7-bd8d-4090-a630-d9123b178e0d (length 13466 - align length 13278) has no trained error model
[2025-07-09 17:01:10.621] [jointLog] [warning] read 791f97d7-bd8d-4090-a630-d9123b178e0d (length 13466) has no trained clipping model
[2025-07-09 17:01:10.621] [jointLog] [warning] read 791f97d7-bd8d-4090-a630-d9123b178e0d (length 13466) has no trained clipping model
[2025-07-09 17:01:10.621] [jointLog] [warning] read 28f85692-2d36-42fd-afae-855d9badb8ee (length 16830 - align length 521) has no trained error model
[2025-07-09 17:01:10.621] [jointLog] [warning] read 28f85692-2d36-42fd-afae-855d9badb8ee (length 16830) has no trained clipping model
[2025-07-09 17:01:10.621] [jointLog] [warning] read 28f85692-2d36-42fd-afae-855d9badb8ee (length 16830) has no trained clipping model
[2025-07-09 17:01:10.621] [jointLog] [warning] read 95a77db3-71a3-4633-8d5d-4a8eb0ef630e (length 27648 - align length 464) has no trained error model
[2025-07-09 17:01:10.621] [jointLog] [warning] read 95a77db3-71a3-4633-8d5d-4a8eb0ef630e (length 27648) has no trained clipping model
[2025-07-09 17:01:10.621] [jointLog] [warning] read 95a77db3-71a3-4633-8d5d-4a8eb0ef630e (length 27648) has no trained clipping model
[2025-07-09 17:01:10.621] [jointLog] [warning] read 6d25ba91-d1a7-410d-9687-c044eeac56e0 (length 19224 - align length 137) has no trained error model
[2025-07-09 17:01:10.621] [jointLog] [warning] read 6d25ba91-d1a7-410d-9687-c044eeac56e0 (length 19224) has no trained clipping model
[2025-07-09 17:01:10.621] [jointLog] [warning] read 6d25ba91-d1a7-410d-9687-c044eeac56e0 (length 19224) has no trained clipping model
[2025-07-09 17:01:11.151] [jointLog] [warning] read 2ad85723-e888-4d03-8425-0e017f3b7318 (length 35839 - align length 471) has no trained error model
[2025-07-09 17:01:11.151] [jointLog] [warning] read 2ad85723-e888-4d03-8425-0e017f3b7318 (length 35839) has no trained clipping model
[2025-07-09 17:01:11.151] [jointLog] [warning] read 2ad85723-e888-4d03-8425-0e017f3b7318 (length 35839) has no trained clipping model
[2025-07-09 17:01:11.151] [jointLog] [warning] read a54a89c6-4873-4070-b922-ed4e04ad856f (length 22864 - align length 121) has no trained error model
[2025-07-09 17:01:11.151] [jointLog] [warning] read a54a89c6-4873-4070-b922-ed4e04ad856f (length 22864) has no trained clipping model
[2025-07-09 17:01:11.151] [jointLog] [warning] read a54a89c6-4873-4070-b922-ed4e04ad856f (length 22864) has no trained clipping model
[2025-07-09 17:01:11.151] [jointLog] [warning] read a18715a7-7513-46a2-bb59-5bafdaa4f8c0 (length 47325 - align length 1491) has no trained error model
[2025-07-09 17:01:11.151] [jointLog] [warning] read a18715a7-7513-46a2-bb59-5bafdaa4f8c0 (length 47325) has no trained clipping model
[2025-07-09 17:01:11.151] [jointLog] [warning] read a18715a7-7513-46a2-bb59-5bafdaa4f8c0 (length 47325) has no trained clipping model
[2025-07-09 17:01:11.151] [jointLog] [warning] read 389a0274-ceaa-4262-a0c3-d401768ac952 (length 22682 - align length 737) has no trained error model
[2025-07-09 17:01:11.151] [jointLog] [warning] read 389a0274-ceaa-4262-a0c3-d401768ac952 (length 22682) has no trained clipping model
[2025-07-09 17:01:11.151] [jointLog] [warning] read 389a0274-ceaa-4262-a0c3-d401768ac952 (length 22682) has no trained clipping model
[2025-07-09 17:01:11.151] [jointLog] [warning] read 3808658d-4468-4fa5-adb0-84d8007ad28c (length 28812 - align length 141) has no trained error model
[2025-07-09 17:01:11.151] [jointLog] [warning] read 3808658d-4468-4fa5-adb0-84d8007ad28c (length 28812) has no trained clipping model
[2025-07-09 17:01:11.151] [jointLog] [warning] read 3808658d-4468-4fa5-adb0-84d8007ad28c (length 28812) has no trained clipping model
[2025-07-09 17:01:11.151] [jointLog] [warning] read b6e3e5eb-92e8-4472-bc8e-63e7d5114cca (length 15058 - align length 503) has no trained error model
[2025-07-09 17:01:11.151] [jointLog] [warning] read b6e3e5eb-92e8-4472-bc8e-63e7d5114cca (length 15058) has no trained clipping model
[2025-07-09 17:01:11.151] [jointLog] [warning] read b6e3e5eb-92e8-4472-bc8e-63e7d5114cca (length 15058) has no trained clipping model
[2025-07-09 17:01:11.151] [jointLog] [warning] read 0125ebf7-b616-4785-8c1c-076950d55fc7 (length 13153 - align length 781) has no trained error model
[2025-07-09 17:01:11.151] [jointLog] [warning] read 0125ebf7-b616-4785-8c1c-076950d55fc7 (length 13153) has no trained clipping model
[2025-07-09 17:01:11.151] [jointLog] [warning] read 0125ebf7-b616-4785-8c1c-076950d55fc7 (length 13153) has no trained clipping model
[2025-07-09 17:01:13.713] [fileLog] [info] quantification processed 11000000 fragments so far

[2025-07-09 17:01:14.956] [jointLog] [warning] read 11f7e96c-c09d-4a1e-8b81-14b112c7293b (length 11884 - align length 11806) has no trained error model
[2025-07-09 17:01:14.956] [jointLog] [warning] read 11f7e96c-c09d-4a1e-8b81-14b112c7293b (length 11884) has no trained clipping model
[2025-07-09 17:01:15.402] [jointLog] [warning] read d2c8dba8-36dc-43ef-88a3-e2be809ac490 (length 10890 - align length 10813) has no trained error model
[2025-07-09 17:01:16.804] [fileLog] [info] quantification processed 12000000 fragments so far

[2025-07-09 17:01:16.932] [jointLog] [warning] read b6d98547-01de-4d2a-aae5-6bcfbc3a4f8f (length 13851 - align length 301) has no trained error model
[2025-07-09 17:01:16.932] [jointLog] [warning] read b6d98547-01de-4d2a-aae5-6bcfbc3a4f8f (length 13851) has no trained clipping model
[2025-07-09 17:01:16.932] [jointLog] [warning] read b6d98547-01de-4d2a-aae5-6bcfbc3a4f8f (length 13851) has no trained clipping model
[2025-07-09 17:01:16.932] [jointLog] [warning] read 382f08dd-e58e-493b-94b7-4562993164e5 (length 13108 - align length 287) has no trained error model
[2025-07-09 17:01:16.932] [jointLog] [warning] read 382f08dd-e58e-493b-94b7-4562993164e5 (length 13108) has no trained clipping model
[2025-07-09 17:01:16.932] [jointLog] [warning] read 382f08dd-e58e-493b-94b7-4562993164e5 (length 13108) has no trained clipping model
[2025-07-09 17:01:16.932] [jointLog] [warning] read 3e74752e-dc07-4b37-9be1-028a964c4e66 (length 37278 - align length 214) has no trained error model
[2025-07-09 17:01:16.932] [jointLog] [warning] read 3e74752e-dc07-4b37-9be1-028a964c4e66 (length 37278) has no trained clipping model
[2025-07-09 17:01:16.932] [jointLog] [warning] read 3e74752e-dc07-4b37-9be1-028a964c4e66 (length 37278) has no trained clipping model
[2025-07-09 17:01:16.932] [jointLog] [warning] read 17c45115-d7ca-45fb-8748-c0f8d65cf71e (length 21070 - align length 2292) has no trained error model
[2025-07-09 17:01:16.932] [jointLog] [warning] read 17c45115-d7ca-45fb-8748-c0f8d65cf71e (length 21070) has no trained clipping model
[2025-07-09 17:01:16.932] [jointLog] [warning] read 17c45115-d7ca-45fb-8748-c0f8d65cf71e (length 21070) has no trained clipping model
[2025-07-09 17:01:16.932] [jointLog] [warning] read 474034db-5be3-4e88-9317-2eae1743d486 (length 13025 - align length 3623) has no trained error model
[2025-07-09 17:01:16.932] [jointLog] [warning] read 474034db-5be3-4e88-9317-2eae1743d486 (length 13025) has no trained clipping model
[2025-07-09 17:01:16.932] [jointLog] [warning] read 474034db-5be3-4e88-9317-2eae1743d486 (length 13025) has no trained clipping model
[2025-07-09 17:01:16.932] [jointLog] [warning] read 25e63278-4c82-4079-a580-4f5c508cca16 (length 22015 - align length 139) has no trained error model
[2025-07-09 17:01:16.932] [jointLog] [warning] read 25e63278-4c82-4079-a580-4f5c508cca16 (length 22015) has no trained clipping model
[2025-07-09 17:01:16.932] [jointLog] [warning] read 25e63278-4c82-4079-a580-4f5c508cca16 (length 22015) has no trained clipping model
[2025-07-09 17:01:16.932] [jointLog] [warning] read fd0e7c31-757c-4ed5-89ac-9be5b264520a (length 19183) has no trained clipping model
[2025-07-09 17:01:16.932] [jointLog] [warning] read 271b604a-4a8d-4e64-b7bc-dc8418ba6c02 (length 25795 - align length 178) has no trained error model
[2025-07-09 17:01:16.932] [jointLog] [warning] read 271b604a-4a8d-4e64-b7bc-dc8418ba6c02 (length 25795) has no trained clipping model
[2025-07-09 17:01:16.932] [jointLog] [warning] read 271b604a-4a8d-4e64-b7bc-dc8418ba6c02 (length 25795) has no trained clipping model
[2025-07-09 17:01:16.932] [jointLog] [warning] read af277dec-2cc0-4fd5-af94-455d285beb81 (length 26041 - align length 261) has no trained error model
[2025-07-09 17:01:16.932] [jointLog] [warning] read af277dec-2cc0-4fd5-af94-455d285beb81 (length 26041) has no trained clipping model
[2025-07-09 17:01:16.932] [jointLog] [warning] read af277dec-2cc0-4fd5-af94-455d285beb81 (length 26041) has no trained clipping model
[2025-07-09 17:01:16.932] [jointLog] [warning] read 1a700100-f999-4112-9292-6b111ffe8abd (length 29828 - align length 356) has no trained error model
[2025-07-09 17:01:16.932] [jointLog] [warning] read 1a700100-f999-4112-9292-6b111ffe8abd (length 29828) has no trained clipping model
[2025-07-09 17:01:16.932] [jointLog] [warning] read 1a700100-f999-4112-9292-6b111ffe8abd (length 29828) has no trained clipping model
[2025-07-09 17:01:16.932] [jointLog] [warning] read 38cf8382-f8e1-4e41-8e0c-f2596a46e8cc (length 25890 - align length 775) has no trained error model
[2025-07-09 17:01:16.932] [jointLog] [warning] read 38cf8382-f8e1-4e41-8e0c-f2596a46e8cc (length 25890) has no trained clipping model
[2025-07-09 17:01:16.932] [jointLog] [warning] read 38cf8382-f8e1-4e41-8e0c-f2596a46e8cc (length 25890) has no trained clipping model
[2025-07-09 17:01:16.932] [jointLog] [warning] read dfa3c4df-fad9-47b2-aa9e-4b1328702842 (length 40696 - align length 365) has no trained error model
[2025-07-09 17:01:16.932] [jointLog] [warning] read dfa3c4df-fad9-47b2-aa9e-4b1328702842 (length 40696) has no trained clipping model
[2025-07-09 17:01:16.932] [jointLog] [warning] read dfa3c4df-fad9-47b2-aa9e-4b1328702842 (length 40696) has no trained clipping model
[2025-07-09 17:01:16.932] [jointLog] [warning] read a86cdaaf-9ad3-4c2f-8b6c-13aacc2e0c39 (length 35229 - align length 905) has no trained error model
[2025-07-09 17:01:16.932] [jointLog] [warning] read a86cdaaf-9ad3-4c2f-8b6c-13aacc2e0c39 (length 35229) has no trained clipping model
[2025-07-09 17:01:16.932] [jointLog] [warning] read a86cdaaf-9ad3-4c2f-8b6c-13aacc2e0c39 (length 35229) has no trained clipping model
[2025-07-09 17:01:16.932] [jointLog] [warning] read a2f0062c-24fe-4690-834f-f880dc088527 (length 30154 - align length 118) has no trained error model
[2025-07-09 17:01:16.932] [jointLog] [warning] read a2f0062c-24fe-4690-834f-f880dc088527 (length 30154) has no trained clipping model
[2025-07-09 17:01:16.932] [jointLog] [warning] read a2f0062c-24fe-4690-834f-f880dc088527 (length 30154) has no trained clipping model
[2025-07-09 17:01:16.932] [jointLog] [warning] read 153cf1e2-672e-4dc3-bb12-fd364f41d323 (length 35283 - align length 99) has no trained error model
[2025-07-09 17:01:16.932] [jointLog] [warning] read 153cf1e2-672e-4dc3-bb12-fd364f41d323 (length 35283) has no trained clipping model
[2025-07-09 17:01:16.932] [jointLog] [warning] read 153cf1e2-672e-4dc3-bb12-fd364f41d323 (length 35283) has no trained clipping model
[2025-07-09 17:01:16.932] [jointLog] [warning] read 8822c9af-d95a-40b4-8ee1-a1398dafdac2 (length 28160 - align length 265) has no trained error model
[2025-07-09 17:01:16.932] [jointLog] [warning] read 8822c9af-d95a-40b4-8ee1-a1398dafdac2 (length 28160) has no trained clipping model
[2025-07-09 17:01:16.932] [jointLog] [warning] read 8822c9af-d95a-40b4-8ee1-a1398dafdac2 (length 28160) has no trained clipping model
[2025-07-09 17:01:16.932] [jointLog] [warning] read 915156be-311d-44e0-84ad-f1118b2269bd (length 22191 - align length 519) has no trained error model
[2025-07-09 17:01:16.932] [jointLog] [warning] read 915156be-311d-44e0-84ad-f1118b2269bd (length 22191) has no trained clipping model
[2025-07-09 17:01:16.932] [jointLog] [warning] read 915156be-311d-44e0-84ad-f1118b2269bd (length 22191) has no trained clipping model
[2025-07-09 17:01:16.932] [jointLog] [warning] read 50efc7f0-1ad9-4873-b97d-0a6ca9306c51 (length 34044 - align length 122) has no trained error model
[2025-07-09 17:01:16.932] [jointLog] [warning] read 50efc7f0-1ad9-4873-b97d-0a6ca9306c51 (length 34044) has no trained clipping model
[2025-07-09 17:01:16.932] [jointLog] [warning] read 50efc7f0-1ad9-4873-b97d-0a6ca9306c51 (length 34044) has no trained clipping model
[2025-07-09 17:01:16.933] [jointLog] [warning] read 92832912-4e56-4d28-b7cd-e14b8a0ad9bc (length 17418 - align length 397) has no trained error model
[2025-07-09 17:01:16.933] [jointLog] [warning] read 92832912-4e56-4d28-b7cd-e14b8a0ad9bc (length 17418) has no trained clipping model
[2025-07-09 17:01:16.933] [jointLog] [warning] read 92832912-4e56-4d28-b7cd-e14b8a0ad9bc (length 17418) has no trained clipping model
[2025-07-09 17:01:16.933] [jointLog] [warning] read 4d52e078-8ebb-4f55-91da-7b9bbdba2643 (length 19100) has no trained clipping model
[2025-07-09 17:01:16.933] [jointLog] [warning] read 8fa5671d-cbb9-4b49-8bdd-eb6dff8e32eb (length 30990 - align length 1231) has no trained error model
[2025-07-09 17:01:16.933] [jointLog] [warning] read 8fa5671d-cbb9-4b49-8bdd-eb6dff8e32eb (length 30990) has no trained clipping model
[2025-07-09 17:01:16.933] [jointLog] [warning] read 8fa5671d-cbb9-4b49-8bdd-eb6dff8e32eb (length 30990) has no trained clipping model
[2025-07-09 17:01:16.933] [jointLog] [warning] read af25564f-6a11-4811-9c07-70e21bdfdc55 (length 42290 - align length 898) has no trained error model
[2025-07-09 17:01:16.933] [jointLog] [warning] read af25564f-6a11-4811-9c07-70e21bdfdc55 (length 42290) has no trained clipping model
[2025-07-09 17:01:16.933] [jointLog] [warning] read af25564f-6a11-4811-9c07-70e21bdfdc55 (length 42290) has no trained clipping model
[2025-07-09 17:01:16.933] [jointLog] [warning] read 92edfe7a-f9bc-40ce-a2da-0b9cd86a1c2e (length 39423 - align length 1285) has no trained error model
[2025-07-09 17:01:16.933] [jointLog] [warning] read 92edfe7a-f9bc-40ce-a2da-0b9cd86a1c2e (length 39423) has no trained clipping model
[2025-07-09 17:01:16.933] [jointLog] [warning] read 92edfe7a-f9bc-40ce-a2da-0b9cd86a1c2e (length 39423) has no trained clipping model
[2025-07-09 17:01:16.933] [jointLog] [warning] read cd42a206-0cd5-4575-8df7-53b9053f06be (length 14569) has no trained clipping model
[2025-07-09 17:01:16.933] [jointLog] [warning] read a2e24720-8b7c-41af-872a-cfbff21dcfe5 (length 25442 - align length 723) has no trained error model
[2025-07-09 17:01:16.933] [jointLog] [warning] read a2e24720-8b7c-41af-872a-cfbff21dcfe5 (length 25442) has no trained clipping model
[2025-07-09 17:01:16.933] [jointLog] [warning] read a2e24720-8b7c-41af-872a-cfbff21dcfe5 (length 25442) has no trained clipping model
[2025-07-09 17:01:16.933] [jointLog] [warning] read 0d6ad3e1-ba3c-49e2-9fef-de0894606cc0 (length 12870) has no trained clipping model
[2025-07-09 17:01:16.933] [jointLog] [warning] read 54d7683e-57f6-4d41-878e-7dd4e8f98bd2 (length 24805 - align length 1199) has no trained error model
[2025-07-09 17:01:16.933] [jointLog] [warning] read 54d7683e-57f6-4d41-878e-7dd4e8f98bd2 (length 24805) has no trained clipping model
[2025-07-09 17:01:16.933] [jointLog] [warning] read 54d7683e-57f6-4d41-878e-7dd4e8f98bd2 (length 24805) has no trained clipping model
[2025-07-09 17:01:16.933] [jointLog] [warning] read 4f8bdd5c-0cf0-44ac-abd6-388ce31585af (length 30519 - align length 807) has no trained error model
[2025-07-09 17:01:16.933] [jointLog] [warning] read 4f8bdd5c-0cf0-44ac-abd6-388ce31585af (length 30519) has no trained clipping model
[2025-07-09 17:01:16.933] [jointLog] [warning] read 4f8bdd5c-0cf0-44ac-abd6-388ce31585af (length 30519) has no trained clipping model
[2025-07-09 17:01:16.933] [jointLog] [warning] read 010ea449-bef8-4916-a6ee-ca0d6d4bb579 (length 39765 - align length 136) has no trained error model
[2025-07-09 17:01:16.933] [jointLog] [warning] read 010ea449-bef8-4916-a6ee-ca0d6d4bb579 (length 39765) has no trained clipping model
[2025-07-09 17:01:16.933] [jointLog] [warning] read 010ea449-bef8-4916-a6ee-ca0d6d4bb579 (length 39765) has no trained clipping model
[2025-07-09 17:01:16.933] [jointLog] [warning] read 354b68a4-8984-49af-91ed-7f53a314e302 (length 15150 - align length 221) has no trained error model
[2025-07-09 17:01:16.933] [jointLog] [warning] read 354b68a4-8984-49af-91ed-7f53a314e302 (length 15150) has no trained clipping model
[2025-07-09 17:01:16.933] [jointLog] [warning] read 354b68a4-8984-49af-91ed-7f53a314e302 (length 15150) has no trained clipping model
[2025-07-09 17:01:16.933] [jointLog] [warning] read c299e2f7-a445-4835-998d-7bf5a1d0180a (length 25532 - align length 103) has no trained error model
[2025-07-09 17:01:16.933] [jointLog] [warning] read c299e2f7-a445-4835-998d-7bf5a1d0180a (length 25532) has no trained clipping model
[2025-07-09 17:01:16.933] [jointLog] [warning] read c299e2f7-a445-4835-998d-7bf5a1d0180a (length 25532) has no trained clipping model
[2025-07-09 17:01:16.933] [jointLog] [warning] read c6deb751-91cf-4de5-bdac-ace2096283f3 (length 17904 - align length 78) has no trained error model
[2025-07-09 17:01:16.933] [jointLog] [warning] read c6deb751-91cf-4de5-bdac-ace2096283f3 (length 17904) has no trained clipping model
[2025-07-09 17:01:16.933] [jointLog] [warning] read c6deb751-91cf-4de5-bdac-ace2096283f3 (length 17904) has no trained clipping model
[2025-07-09 17:01:16.933] [jointLog] [warning] read b0508760-18f0-4dfa-8cb3-b83c47c16502 (length 37475 - align length 388) has no trained error model
[2025-07-09 17:01:16.933] [jointLog] [warning] read b0508760-18f0-4dfa-8cb3-b83c47c16502 (length 37475) has no trained clipping model
[2025-07-09 17:01:16.933] [jointLog] [warning] read b0508760-18f0-4dfa-8cb3-b83c47c16502 (length 37475) has no trained clipping model
[2025-07-09 17:01:16.933] [jointLog] [warning] read 0b06efea-8edc-4219-be93-68ccec50defe (length 14914 - align length 14827) has no trained error model
[2025-07-09 17:01:16.933] [jointLog] [warning] read 0b06efea-8edc-4219-be93-68ccec50defe (length 14914) has no trained clipping model
[2025-07-09 17:01:16.933] [jointLog] [warning] read 0b06efea-8edc-4219-be93-68ccec50defe (length 14914) has no trained clipping model
[2025-07-09 17:01:16.933] [jointLog] [warning] read 1b3e1288-f9e1-4c27-a93f-37387b1d01f0 (length 15457 - align length 1541) has no trained error model
[2025-07-09 17:01:16.933] [jointLog] [warning] read 1b3e1288-f9e1-4c27-a93f-37387b1d01f0 (length 15457) has no trained clipping model
[2025-07-09 17:01:16.933] [jointLog] [warning] read 1b3e1288-f9e1-4c27-a93f-37387b1d01f0 (length 15457) has no trained clipping model
[2025-07-09 17:01:16.933] [jointLog] [warning] read 1301d869-1510-4960-a932-cc2efcef0091 (length 20691 - align length 941) has no trained error model
[2025-07-09 17:01:16.933] [jointLog] [warning] read 1301d869-1510-4960-a932-cc2efcef0091 (length 20691) has no trained clipping model
[2025-07-09 17:01:16.933] [jointLog] [warning] read 1301d869-1510-4960-a932-cc2efcef0091 (length 20691) has no trained clipping model
[2025-07-09 17:01:16.933] [jointLog] [warning] read 2fa86a5b-b72d-414a-83ca-59276a4ed55f (length 29226 - align length 138) has no trained error model
[2025-07-09 17:01:16.933] [jointLog] [warning] read 2fa86a5b-b72d-414a-83ca-59276a4ed55f (length 29226) has no trained clipping model
[2025-07-09 17:01:16.933] [jointLog] [warning] read 2fa86a5b-b72d-414a-83ca-59276a4ed55f (length 29226) has no trained clipping model
[2025-07-09 17:01:16.933] [jointLog] [warning] read f0f6bfd0-c823-43eb-ae8d-17a99cf44771 (length 37226 - align length 406) has no trained error model
[2025-07-09 17:01:16.933] [jointLog] [warning] read f0f6bfd0-c823-43eb-ae8d-17a99cf44771 (length 37226) has no trained clipping model
[2025-07-09 17:01:16.933] [jointLog] [warning] read f0f6bfd0-c823-43eb-ae8d-17a99cf44771 (length 37226) has no trained clipping model
[2025-07-09 17:01:16.933] [jointLog] [warning] read 49a930fc-f20b-4ac9-8709-856609eb3c85 (length 13674 - align length 312) has no trained error model
[2025-07-09 17:01:16.933] [jointLog] [warning] read 49a930fc-f20b-4ac9-8709-856609eb3c85 (length 13674) has no trained clipping model
[2025-07-09 17:01:16.933] [jointLog] [warning] read 49a930fc-f20b-4ac9-8709-856609eb3c85 (length 13674) has no trained clipping model
[2025-07-09 17:01:16.933] [jointLog] [warning] read 80fa1c67-2e19-4d15-a856-3a418af171fb (length 15312 - align length 66) has no trained error model
[2025-07-09 17:01:16.933] [jointLog] [warning] read 80fa1c67-2e19-4d15-a856-3a418af171fb (length 15312) has no trained clipping model
[2025-07-09 17:01:16.933] [jointLog] [warning] read 80fa1c67-2e19-4d15-a856-3a418af171fb (length 15312) has no trained clipping model
[2025-07-09 17:01:16.933] [jointLog] [warning] read e3f9486a-410e-4ed5-81f3-ce343d930582 (length 43425 - align length 1932) has no trained error model
[2025-07-09 17:01:16.933] [jointLog] [warning] read e3f9486a-410e-4ed5-81f3-ce343d930582 (length 43425) has no trained clipping model
[2025-07-09 17:01:16.933] [jointLog] [warning] read e3f9486a-410e-4ed5-81f3-ce343d930582 (length 43425) has no trained clipping model
[2025-07-09 17:01:16.933] [jointLog] [warning] read 4bc9d9db-131e-4196-9b53-ffc9e6d6bb5e (length 15417 - align length 71) has no trained error model
[2025-07-09 17:01:16.933] [jointLog] [warning] read 4bc9d9db-131e-4196-9b53-ffc9e6d6bb5e (length 15417) has no trained clipping model
[2025-07-09 17:01:16.933] [jointLog] [warning] read 4bc9d9db-131e-4196-9b53-ffc9e6d6bb5e (length 15417) has no trained clipping model
[2025-07-09 17:01:16.933] [jointLog] [warning] read 61f158f5-6e14-4b15-bfea-cd672f5894af (length 11820) has no trained clipping model
[2025-07-09 17:01:16.934] [jointLog] [warning] read ecfb80cb-11c8-4b3e-b128-9467ec2144ba (length 27548 - align length 144) has no trained error model
[2025-07-09 17:01:16.934] [jointLog] [warning] read ecfb80cb-11c8-4b3e-b128-9467ec2144ba (length 27548) has no trained clipping model
[2025-07-09 17:01:16.934] [jointLog] [warning] read ecfb80cb-11c8-4b3e-b128-9467ec2144ba (length 27548) has no trained clipping model
[2025-07-09 17:01:16.934] [jointLog] [warning] read 8181126a-df58-4697-9c6e-a46b898c284e (length 12392) has no trained clipping model
[2025-07-09 17:01:16.934] [jointLog] [warning] read add5eb58-ed62-40ff-9c51-0f8413a9e242 (length 32980 - align length 2580) has no trained error model
[2025-07-09 17:01:16.934] [jointLog] [warning] read add5eb58-ed62-40ff-9c51-0f8413a9e242 (length 32980) has no trained clipping model
[2025-07-09 17:01:16.934] [jointLog] [warning] read add5eb58-ed62-40ff-9c51-0f8413a9e242 (length 32980) has no trained clipping model
[2025-07-09 17:01:16.934] [jointLog] [warning] read d08a93e6-53db-42ca-8c3d-ec2b0e45cc93 (length 38373 - align length 263) has no trained error model
[2025-07-09 17:01:16.934] [jointLog] [warning] read d08a93e6-53db-42ca-8c3d-ec2b0e45cc93 (length 38373) has no trained clipping model
[2025-07-09 17:01:16.934] [jointLog] [warning] read d08a93e6-53db-42ca-8c3d-ec2b0e45cc93 (length 38373) has no trained clipping model
[2025-07-09 17:01:16.934] [jointLog] [warning] read a6f4633e-095f-4803-ad32-8b7d085572ff (length 13729 - align length 115) has no trained error model
[2025-07-09 17:01:16.934] [jointLog] [warning] read a6f4633e-095f-4803-ad32-8b7d085572ff (length 13729) has no trained clipping model
[2025-07-09 17:01:16.934] [jointLog] [warning] read a6f4633e-095f-4803-ad32-8b7d085572ff (length 13729) has no trained clipping model
[2025-07-09 17:01:16.934] [jointLog] [warning] read 399c8b12-3923-43f1-84df-d2291570425c (length 20178 - align length 1853) has no trained error model
[2025-07-09 17:01:16.934] [jointLog] [warning] read 399c8b12-3923-43f1-84df-d2291570425c (length 20178) has no trained clipping model
[2025-07-09 17:01:16.934] [jointLog] [warning] read 399c8b12-3923-43f1-84df-d2291570425c (length 20178) has no trained clipping model
[2025-07-09 17:01:16.934] [jointLog] [warning] read 71150704-9103-4055-9620-2aa9155d70ce (length 13030 - align length 1292) has no trained error model
[2025-07-09 17:01:16.934] [jointLog] [warning] read 71150704-9103-4055-9620-2aa9155d70ce (length 13030) has no trained clipping model
[2025-07-09 17:01:16.934] [jointLog] [warning] read 71150704-9103-4055-9620-2aa9155d70ce (length 13030) has no trained clipping model
[2025-07-09 17:01:16.934] [jointLog] [warning] read 7a568112-3882-4da8-83f8-4e12b2fed51c (length 14255 - align length 439) has no trained error model
[2025-07-09 17:01:16.934] [jointLog] [warning] read 7a568112-3882-4da8-83f8-4e12b2fed51c (length 14255) has no trained clipping model
[2025-07-09 17:01:16.934] [jointLog] [warning] read 7a568112-3882-4da8-83f8-4e12b2fed51c (length 14255) has no trained clipping model
[2025-07-09 17:01:16.934] [jointLog] [warning] read 4ee2b68a-b1e0-466a-8738-6103f1ab0e57 (length 37343 - align length 2346) has no trained error model
[2025-07-09 17:01:16.934] [jointLog] [warning] read 4ee2b68a-b1e0-466a-8738-6103f1ab0e57 (length 37343) has no trained clipping model
[2025-07-09 17:01:16.934] [jointLog] [warning] read 4ee2b68a-b1e0-466a-8738-6103f1ab0e57 (length 37343) has no trained clipping model
[2025-07-09 17:01:16.934] [jointLog] [warning] read e7839bbd-4bce-4be6-8a43-e3c30758a7f8 (length 15633 - align length 494) has no trained error model
[2025-07-09 17:01:16.934] [jointLog] [warning] read e7839bbd-4bce-4be6-8a43-e3c30758a7f8 (length 15633) has no trained clipping model
[2025-07-09 17:01:16.934] [jointLog] [warning] read e7839bbd-4bce-4be6-8a43-e3c30758a7f8 (length 15633) has no trained clipping model
[2025-07-09 17:01:16.934] [jointLog] [warning] read ae81e489-ebb6-4ffa-958e-2322d2393a02 (length 31999 - align length 59) has no trained error model
[2025-07-09 17:01:16.934] [jointLog] [warning] read ae81e489-ebb6-4ffa-958e-2322d2393a02 (length 31999) has no trained clipping model
[2025-07-09 17:01:16.934] [jointLog] [warning] read ae81e489-ebb6-4ffa-958e-2322d2393a02 (length 31999) has no trained clipping model
[2025-07-09 17:01:16.934] [jointLog] [warning] read 570cfed3-aa18-4f16-85eb-64b430224760 (length 12361) has no trained clipping model
[2025-07-09 17:01:16.934] [jointLog] [warning] read 11829f37-7213-44c7-886a-359cc0ceba73 (length 15483 - align length 151) has no trained error model
[2025-07-09 17:01:16.934] [jointLog] [warning] read 11829f37-7213-44c7-886a-359cc0ceba73 (length 15483) has no trained clipping model
[2025-07-09 17:01:16.934] [jointLog] [warning] read 11829f37-7213-44c7-886a-359cc0ceba73 (length 15483) has no trained clipping model
[2025-07-09 17:01:16.934] [jointLog] [warning] read 234d004c-3cb2-4ca4-a63e-9de61cd21a65 (length 42893 - align length 1596) has no trained error model
[2025-07-09 17:01:16.934] [jointLog] [warning] read 234d004c-3cb2-4ca4-a63e-9de61cd21a65 (length 42893) has no trained clipping model
[2025-07-09 17:01:16.934] [jointLog] [warning] read 234d004c-3cb2-4ca4-a63e-9de61cd21a65 (length 42893) has no trained clipping model
[2025-07-09 17:01:16.934] [jointLog] [warning] read b7db7cbc-b3cb-4aa9-882c-eb339dfc8c77 (length 24012 - align length 291) has no trained error model
[2025-07-09 17:01:16.934] [jointLog] [warning] read b7db7cbc-b3cb-4aa9-882c-eb339dfc8c77 (length 24012) has no trained clipping model
[2025-07-09 17:01:16.934] [jointLog] [warning] read b7db7cbc-b3cb-4aa9-882c-eb339dfc8c77 (length 24012) has no trained clipping model
[2025-07-09 17:01:16.934] [jointLog] [warning] read 35556ebd-6425-45fe-babf-765254b5ed6c (length 46283 - align length 320) has no trained error model
[2025-07-09 17:01:16.934] [jointLog] [warning] read 35556ebd-6425-45fe-babf-765254b5ed6c (length 46283) has no trained clipping model
[2025-07-09 17:01:16.934] [jointLog] [warning] read 35556ebd-6425-45fe-babf-765254b5ed6c (length 46283) has no trained clipping model
[2025-07-09 17:01:16.935] [jointLog] [warning] read aaac9487-9c16-4904-8ad8-444429a2ab4c (length 22815 - align length 108) has no trained error model
[2025-07-09 17:01:16.935] [jointLog] [warning] read aaac9487-9c16-4904-8ad8-444429a2ab4c (length 22815) has no trained clipping model
[2025-07-09 17:01:16.935] [jointLog] [warning] read aaac9487-9c16-4904-8ad8-444429a2ab4c (length 22815) has no trained clipping model
[2025-07-09 17:01:16.935] [jointLog] [warning] read 63cb12e3-c2fb-4813-a636-133dfc529ec8 (length 17939 - align length 1808) has no trained error model
[2025-07-09 17:01:16.935] [jointLog] [warning] read 63cb12e3-c2fb-4813-a636-133dfc529ec8 (length 17939) has no trained clipping model
[2025-07-09 17:01:16.935] [jointLog] [warning] read 63cb12e3-c2fb-4813-a636-133dfc529ec8 (length 17939) has no trained clipping model
[2025-07-09 17:01:16.935] [jointLog] [warning] read 9639dc3e-ef47-4d69-aa0d-1b872f25d3ff (length 18320) has no trained clipping model
[2025-07-09 17:01:16.935] [jointLog] [warning] read dde68968-e419-4c0d-8e5d-92f39252e01c (length 39063 - align length 352) has no trained error model
[2025-07-09 17:01:16.935] [jointLog] [warning] read dde68968-e419-4c0d-8e5d-92f39252e01c (length 39063) has no trained clipping model
[2025-07-09 17:01:16.935] [jointLog] [warning] read dde68968-e419-4c0d-8e5d-92f39252e01c (length 39063) has no trained clipping model
[2025-07-09 17:01:16.935] [jointLog] [warning] read 9bd16426-a360-4792-a37f-86dd31bf814c (length 16870 - align length 743) has no trained error model
[2025-07-09 17:01:16.935] [jointLog] [warning] read 9bd16426-a360-4792-a37f-86dd31bf814c (length 16870) has no trained clipping model
[2025-07-09 17:01:16.935] [jointLog] [warning] read 9bd16426-a360-4792-a37f-86dd31bf814c (length 16870) has no trained clipping model
[2025-07-09 17:01:16.935] [jointLog] [warning] read d05d1704-7ddf-4a6b-9896-59797ce8f97f (length 17543 - align length 3322) has no trained error model
[2025-07-09 17:01:16.935] [jointLog] [warning] read d05d1704-7ddf-4a6b-9896-59797ce8f97f (length 17543) has no trained clipping model
[2025-07-09 17:01:16.935] [jointLog] [warning] read d05d1704-7ddf-4a6b-9896-59797ce8f97f (length 17543) has no trained clipping model
[2025-07-09 17:01:16.935] [jointLog] [warning] read bdd4c027-7283-4af9-8ab9-e944ee656f47 (length 25177 - align length 153) has no trained error model
[2025-07-09 17:01:16.935] [jointLog] [warning] read bdd4c027-7283-4af9-8ab9-e944ee656f47 (length 25177) has no trained clipping model
[2025-07-09 17:01:16.935] [jointLog] [warning] read bdd4c027-7283-4af9-8ab9-e944ee656f47 (length 25177) has no trained clipping model
[2025-07-09 17:01:16.935] [jointLog] [warning] read c528e133-018f-4fdb-89ac-18662f0ea83f (length 14280 - align length 65) has no trained error model
[2025-07-09 17:01:16.935] [jointLog] [warning] read c528e133-018f-4fdb-89ac-18662f0ea83f (length 14280) has no trained clipping model
[2025-07-09 17:01:16.935] [jointLog] [warning] read c528e133-018f-4fdb-89ac-18662f0ea83f (length 14280) has no trained clipping model
[2025-07-09 17:01:16.935] [jointLog] [warning] read 558f9174-b525-4d93-aba5-57e3d811cf20 (length 37764) has no trained clipping model
[2025-07-09 17:01:16.935] [jointLog] [warning] read 60fcfcf4-5409-44f8-8186-943f35ef6f72 (length 29296 - align length 371) has no trained error model
[2025-07-09 17:01:16.935] [jointLog] [warning] read 60fcfcf4-5409-44f8-8186-943f35ef6f72 (length 29296) has no trained clipping model
[2025-07-09 17:01:16.935] [jointLog] [warning] read 60fcfcf4-5409-44f8-8186-943f35ef6f72 (length 29296) has no trained clipping model
[2025-07-09 17:01:16.935] [jointLog] [warning] read 9b46f74b-50ed-4046-bad4-4a7a1d31fc40 (length 13417 - align length 553) has no trained error model
[2025-07-09 17:01:16.935] [jointLog] [warning] read 9b46f74b-50ed-4046-bad4-4a7a1d31fc40 (length 13417) has no trained clipping model
[2025-07-09 17:01:16.935] [jointLog] [warning] read 9b46f74b-50ed-4046-bad4-4a7a1d31fc40 (length 13417) has no trained clipping model
[2025-07-09 17:01:16.935] [jointLog] [warning] read 09815c67-7e7b-4989-93de-a27fc96ddd3a (length 27155 - align length 107) has no trained error model
[2025-07-09 17:01:16.935] [jointLog] [warning] read 09815c67-7e7b-4989-93de-a27fc96ddd3a (length 27155) has no trained clipping model
[2025-07-09 17:01:16.935] [jointLog] [warning] read 09815c67-7e7b-4989-93de-a27fc96ddd3a (length 27155) has no trained clipping model
[2025-07-09 17:01:16.935] [jointLog] [warning] read 2aab4086-0b4d-471c-8c14-5d0afacd3f0e (length 28333 - align length 130) has no trained error model
[2025-07-09 17:01:16.935] [jointLog] [warning] read 2aab4086-0b4d-471c-8c14-5d0afacd3f0e (length 28333) has no trained clipping model
[2025-07-09 17:01:16.935] [jointLog] [warning] read 2aab4086-0b4d-471c-8c14-5d0afacd3f0e (length 28333) has no trained clipping model
[2025-07-09 17:01:16.935] [jointLog] [warning] read 180a99b2-6041-4512-a2a9-a4d26f6ff1d9 (length 46786 - align length 310) has no trained error model
[2025-07-09 17:01:16.935] [jointLog] [warning] read 180a99b2-6041-4512-a2a9-a4d26f6ff1d9 (length 46786) has no trained clipping model
[2025-07-09 17:01:16.935] [jointLog] [warning] read 180a99b2-6041-4512-a2a9-a4d26f6ff1d9 (length 46786) has no trained clipping model
[2025-07-09 17:01:16.935] [jointLog] [warning] read ac9c4e39-0be2-4581-a0b6-78e0a46a2b84 (length 36167 - align length 705) has no trained error model
[2025-07-09 17:01:16.935] [jointLog] [warning] read ac9c4e39-0be2-4581-a0b6-78e0a46a2b84 (length 36167) has no trained clipping model
[2025-07-09 17:01:16.935] [jointLog] [warning] read ac9c4e39-0be2-4581-a0b6-78e0a46a2b84 (length 36167) has no trained clipping model
[2025-07-09 17:01:16.935] [jointLog] [warning] read 54d98e34-225f-4472-bedb-247cff23debe (length 42383 - align length 1088) has no trained error model
[2025-07-09 17:01:16.935] [jointLog] [warning] read 54d98e34-225f-4472-bedb-247cff23debe (length 42383) has no trained clipping model
[2025-07-09 17:01:16.935] [jointLog] [warning] read 54d98e34-225f-4472-bedb-247cff23debe (length 42383) has no trained clipping model
[2025-07-09 17:01:16.935] [jointLog] [warning] read 1326b1db-09c5-4fdc-add3-8322aa6b865f (length 21302 - align length 368) has no trained error model
[2025-07-09 17:01:16.935] [jointLog] [warning] read 1326b1db-09c5-4fdc-add3-8322aa6b865f (length 21302) has no trained clipping model
[2025-07-09 17:01:16.935] [jointLog] [warning] read 1326b1db-09c5-4fdc-add3-8322aa6b865f (length 21302) has no trained clipping model
[2025-07-09 17:01:16.935] [jointLog] [warning] read 1230188c-c97c-4eea-a2d1-ab36211c2bbe (length 17100 - align length 256) has no trained error model
[2025-07-09 17:01:16.935] [jointLog] [warning] read 1230188c-c97c-4eea-a2d1-ab36211c2bbe (length 17100) has no trained clipping model
[2025-07-09 17:01:16.935] [jointLog] [warning] read 1230188c-c97c-4eea-a2d1-ab36211c2bbe (length 17100) has no trained clipping model
[2025-07-09 17:01:16.935] [jointLog] [warning] read 63870f18-438c-4b76-b490-296488e69ee1 (length 21071 - align length 661) has no trained error model
[2025-07-09 17:01:16.935] [jointLog] [warning] read 63870f18-438c-4b76-b490-296488e69ee1 (length 21071) has no trained clipping model
[2025-07-09 17:01:16.935] [jointLog] [warning] read 63870f18-438c-4b76-b490-296488e69ee1 (length 21071) has no trained clipping model
[2025-07-09 17:01:16.935] [jointLog] [warning] read 4079da75-2243-45f1-8095-0b50e8ace4f6 (length 41360 - align length 100) has no trained error model
[2025-07-09 17:01:16.935] [jointLog] [warning] read 4079da75-2243-45f1-8095-0b50e8ace4f6 (length 41360) has no trained clipping model
[2025-07-09 17:01:16.935] [jointLog] [warning] read 4079da75-2243-45f1-8095-0b50e8ace4f6 (length 41360) has no trained clipping model
[2025-07-09 17:01:16.935] [jointLog] [warning] read 31d0a48e-1ebf-4ee9-9cf3-00c60c35be9b (length 16642 - align length 518) has no trained error model
[2025-07-09 17:01:16.935] [jointLog] [warning] read 31d0a48e-1ebf-4ee9-9cf3-00c60c35be9b (length 16642) has no trained clipping model
[2025-07-09 17:01:16.935] [jointLog] [warning] read 31d0a48e-1ebf-4ee9-9cf3-00c60c35be9b (length 16642) has no trained clipping model
[2025-07-09 17:01:16.935] [jointLog] [warning] read e58d63d2-28c0-41f6-bf20-5685a97c348b (length 24807 - align length 532) has no trained error model
[2025-07-09 17:01:16.935] [jointLog] [warning] read e58d63d2-28c0-41f6-bf20-5685a97c348b (length 24807) has no trained clipping model
[2025-07-09 17:01:16.935] [jointLog] [warning] read e58d63d2-28c0-41f6-bf20-5685a97c348b (length 24807) has no trained clipping model
[2025-07-09 17:01:16.935] [jointLog] [warning] read c4425301-a733-4db5-ba2f-437b82081594 (length 43698 - align length 538) has no trained error model
[2025-07-09 17:01:16.935] [jointLog] [warning] read c4425301-a733-4db5-ba2f-437b82081594 (length 43698) has no trained clipping model
[2025-07-09 17:01:16.935] [jointLog] [warning] read c4425301-a733-4db5-ba2f-437b82081594 (length 43698) has no trained clipping model
[2025-07-09 17:01:16.935] [jointLog] [warning] read f7454987-318b-4960-843e-daef89f59cd8 (length 31115 - align length 834) has no trained error model
[2025-07-09 17:01:16.935] [jointLog] [warning] read f7454987-318b-4960-843e-daef89f59cd8 (length 31115) has no trained clipping model
[2025-07-09 17:01:16.935] [jointLog] [warning] read f7454987-318b-4960-843e-daef89f59cd8 (length 31115) has no trained clipping model
[2025-07-09 17:01:16.935] [jointLog] [warning] read a1ffa7a5-7226-4c7b-9523-f1dafc2e3d4b (length 34107 - align length 128) has no trained error model
[2025-07-09 17:01:16.935] [jointLog] [warning] read a1ffa7a5-7226-4c7b-9523-f1dafc2e3d4b (length 34107) has no trained clipping model
[2025-07-09 17:01:16.935] [jointLog] [warning] read a1ffa7a5-7226-4c7b-9523-f1dafc2e3d4b (length 34107) has no trained clipping model
[2025-07-09 17:01:16.935] [jointLog] [warning] read ce15950e-0c9c-4d27-925e-5f1534008799 (length 33684 - align length 63) has no trained error model
[2025-07-09 17:01:16.935] [jointLog] [warning] read ce15950e-0c9c-4d27-925e-5f1534008799 (length 33684) has no trained clipping model
[2025-07-09 17:01:16.935] [jointLog] [warning] read ce15950e-0c9c-4d27-925e-5f1534008799 (length 33684) has no trained clipping model
[2025-07-09 17:01:16.935] [jointLog] [warning] read 75161a20-85ad-4915-bfaa-e2b9f043d106 (length 24338 - align length 277) has no trained error model
[2025-07-09 17:01:16.935] [jointLog] [warning] read 75161a20-85ad-4915-bfaa-e2b9f043d106 (length 24338) has no trained clipping model
[2025-07-09 17:01:16.935] [jointLog] [warning] read 75161a20-85ad-4915-bfaa-e2b9f043d106 (length 24338) has no trained clipping model
[2025-07-09 17:01:16.936] [jointLog] [warning] read 64c7c8e2-5a54-43dc-8e78-71e0c8a75516 (length 26024 - align length 200) has no trained error model
[2025-07-09 17:01:16.936] [jointLog] [warning] read 64c7c8e2-5a54-43dc-8e78-71e0c8a75516 (length 26024) has no trained clipping model
[2025-07-09 17:01:16.936] [jointLog] [warning] read 64c7c8e2-5a54-43dc-8e78-71e0c8a75516 (length 26024) has no trained clipping model
[2025-07-09 17:01:16.936] [jointLog] [warning] read d56c0da7-e4e1-4990-981d-817005c0cee7 (length 15144 - align length 148) has no trained error model
[2025-07-09 17:01:16.936] [jointLog] [warning] read d56c0da7-e4e1-4990-981d-817005c0cee7 (length 15144) has no trained clipping model
[2025-07-09 17:01:16.936] [jointLog] [warning] read d56c0da7-e4e1-4990-981d-817005c0cee7 (length 15144) has no trained clipping model
[2025-07-09 17:01:16.936] [jointLog] [warning] read ce105d0f-401a-4d1a-bf55-64996b42b234 (length 38889 - align length 1792) has no trained error model
[2025-07-09 17:01:16.936] [jointLog] [warning] read ce105d0f-401a-4d1a-bf55-64996b42b234 (length 38889) has no trained clipping model
[2025-07-09 17:01:16.936] [jointLog] [warning] read ce105d0f-401a-4d1a-bf55-64996b42b234 (length 38889) has no trained clipping model
[2025-07-09 17:01:16.936] [jointLog] [warning] read e760b2e0-cbd9-4dfb-8294-73d10d6dfa4f (length 13476 - align length 753) has no trained error model
[2025-07-09 17:01:16.936] [jointLog] [warning] read e760b2e0-cbd9-4dfb-8294-73d10d6dfa4f (length 13476) has no trained clipping model
[2025-07-09 17:01:16.936] [jointLog] [warning] read e760b2e0-cbd9-4dfb-8294-73d10d6dfa4f (length 13476) has no trained clipping model
[2025-07-09 17:01:16.936] [jointLog] [warning] read e93210ff-df85-4a33-a70c-8ae611bdb93f (length 45429 - align length 478) has no trained error model
[2025-07-09 17:01:16.936] [jointLog] [warning] read e93210ff-df85-4a33-a70c-8ae611bdb93f (length 45429) has no trained clipping model
[2025-07-09 17:01:16.936] [jointLog] [warning] read e93210ff-df85-4a33-a70c-8ae611bdb93f (length 45429) has no trained clipping model
[2025-07-09 17:01:16.936] [jointLog] [warning] read c9cc9a8c-ed0b-4b1d-ad15-5573b9912e23 (length 26613 - align length 116) has no trained error model
[2025-07-09 17:01:16.936] [jointLog] [warning] read c9cc9a8c-ed0b-4b1d-ad15-5573b9912e23 (length 26613) has no trained clipping model
[2025-07-09 17:01:16.936] [jointLog] [warning] read c9cc9a8c-ed0b-4b1d-ad15-5573b9912e23 (length 26613) has no trained clipping model
[2025-07-09 17:01:16.936] [jointLog] [warning] read cfa6c56a-bc05-4335-81fd-098abde17fd3 (length 31951 - align length 1190) has no trained error model
[2025-07-09 17:01:16.936] [jointLog] [warning] read cfa6c56a-bc05-4335-81fd-098abde17fd3 (length 31951) has no trained clipping model
[2025-07-09 17:01:16.936] [jointLog] [warning] read cfa6c56a-bc05-4335-81fd-098abde17fd3 (length 31951) has no trained clipping model
[2025-07-09 17:01:16.936] [jointLog] [warning] read 3e0883c0-b08f-426d-b9fe-b098dfa6235e (length 41129 - align length 517) has no trained error model
[2025-07-09 17:01:16.936] [jointLog] [warning] read 3e0883c0-b08f-426d-b9fe-b098dfa6235e (length 41129) has no trained clipping model
[2025-07-09 17:01:16.936] [jointLog] [warning] read 3e0883c0-b08f-426d-b9fe-b098dfa6235e (length 41129) has no trained clipping model
[2025-07-09 17:01:16.936] [jointLog] [warning] read 4a1feeff-63db-40a4-ab74-df943d9db0da (length 39350 - align length 58) has no trained error model
[2025-07-09 17:01:16.936] [jointLog] [warning] read 4a1feeff-63db-40a4-ab74-df943d9db0da (length 39350) has no trained clipping model
[2025-07-09 17:01:16.936] [jointLog] [warning] read 4a1feeff-63db-40a4-ab74-df943d9db0da (length 39350) has no trained clipping model
[2025-07-09 17:01:16.936] [jointLog] [warning] read fb57efc8-44cd-489b-80be-387d0e022aa1 (length 18833 - align length 548) has no trained error model
[2025-07-09 17:01:16.936] [jointLog] [warning] read fb57efc8-44cd-489b-80be-387d0e022aa1 (length 18833) has no trained clipping model
[2025-07-09 17:01:16.936] [jointLog] [warning] read fb57efc8-44cd-489b-80be-387d0e022aa1 (length 18833) has no trained clipping model
[2025-07-09 17:01:16.936] [jointLog] [warning] read 65a40995-fe36-438b-8036-0edad7a84ea9 (length 44424 - align length 130) has no trained error model
[2025-07-09 17:01:16.936] [jointLog] [warning] read 65a40995-fe36-438b-8036-0edad7a84ea9 (length 44424) has no trained clipping model
[2025-07-09 17:01:16.936] [jointLog] [warning] read 65a40995-fe36-438b-8036-0edad7a84ea9 (length 44424) has no trained clipping model
[2025-07-09 17:01:16.936] [jointLog] [warning] read 15319d87-ba8d-4641-8897-083259556a15 (length 15144 - align length 432) has no trained error model
[2025-07-09 17:01:16.936] [jointLog] [warning] read 15319d87-ba8d-4641-8897-083259556a15 (length 15144) has no trained clipping model
[2025-07-09 17:01:16.936] [jointLog] [warning] read 15319d87-ba8d-4641-8897-083259556a15 (length 15144) has no trained clipping model
[2025-07-09 17:01:16.936] [jointLog] [warning] read 84622db0-b0d8-47ab-8fd0-c816c787191a (length 28373 - align length 87) has no trained error model
[2025-07-09 17:01:16.936] [jointLog] [warning] read 84622db0-b0d8-47ab-8fd0-c816c787191a (length 28373) has no trained clipping model
[2025-07-09 17:01:16.936] [jointLog] [warning] read 84622db0-b0d8-47ab-8fd0-c816c787191a (length 28373) has no trained clipping model
[2025-07-09 17:01:16.936] [jointLog] [warning] read c28c462f-0a3e-4bce-b26a-2a331dcd636c (length 42369 - align length 389) has no trained error model
[2025-07-09 17:01:16.936] [jointLog] [warning] read c28c462f-0a3e-4bce-b26a-2a331dcd636c (length 42369) has no trained clipping model
[2025-07-09 17:01:16.936] [jointLog] [warning] read c28c462f-0a3e-4bce-b26a-2a331dcd636c (length 42369) has no trained clipping model
[2025-07-09 17:01:16.936] [jointLog] [warning] read 343dd55b-a494-4829-89d5-d69332b8f15c (length 35228 - align length 934) has no trained error model
[2025-07-09 17:01:16.936] [jointLog] [warning] read 343dd55b-a494-4829-89d5-d69332b8f15c (length 35228) has no trained clipping model
[2025-07-09 17:01:16.936] [jointLog] [warning] read 343dd55b-a494-4829-89d5-d69332b8f15c (length 35228) has no trained clipping model
[2025-07-09 17:01:16.937] [jointLog] [warning] read 93b39c25-c2e3-4001-9987-a8ae9f37e281 (length 38090 - align length 2231) has no trained error model
[2025-07-09 17:01:16.937] [jointLog] [warning] read 93b39c25-c2e3-4001-9987-a8ae9f37e281 (length 38090) has no trained clipping model
[2025-07-09 17:01:16.937] [jointLog] [warning] read 93b39c25-c2e3-4001-9987-a8ae9f37e281 (length 38090) has no trained clipping model
[2025-07-09 17:01:16.937] [jointLog] [warning] read 963696bb-71ca-479d-be24-89d6fe3f01bb (length 15656 - align length 2294) has no trained error model
[2025-07-09 17:01:16.937] [jointLog] [warning] read 963696bb-71ca-479d-be24-89d6fe3f01bb (length 15656) has no trained clipping model
[2025-07-09 17:01:16.937] [jointLog] [warning] read 963696bb-71ca-479d-be24-89d6fe3f01bb (length 15656) has no trained clipping model
[2025-07-09 17:01:16.937] [jointLog] [warning] read 7070d1cf-712a-4acb-b42b-c7686331f6d7 (length 14775 - align length 3177) has no trained error model
[2025-07-09 17:01:16.937] [jointLog] [warning] read 7070d1cf-712a-4acb-b42b-c7686331f6d7 (length 14775) has no trained clipping model
[2025-07-09 17:01:16.937] [jointLog] [warning] read 7070d1cf-712a-4acb-b42b-c7686331f6d7 (length 14775) has no trained clipping model
[2025-07-09 17:01:16.937] [jointLog] [warning] read 9ae5ebc6-c031-4fab-b27c-fbe88930add7 (length 23644 - align length 480) has no trained error model
[2025-07-09 17:01:16.937] [jointLog] [warning] read 9ae5ebc6-c031-4fab-b27c-fbe88930add7 (length 23644) has no trained clipping model
[2025-07-09 17:01:16.937] [jointLog] [warning] read 9ae5ebc6-c031-4fab-b27c-fbe88930add7 (length 23644) has no trained clipping model
[2025-07-09 17:01:16.937] [jointLog] [warning] read e949e92c-1d05-4e33-8421-cc2482583fc6 (length 25979 - align length 674) has no trained error model
[2025-07-09 17:01:16.937] [jointLog] [warning] read e949e92c-1d05-4e33-8421-cc2482583fc6 (length 25979) has no trained clipping model
[2025-07-09 17:01:16.937] [jointLog] [warning] read e949e92c-1d05-4e33-8421-cc2482583fc6 (length 25979) has no trained clipping model
[2025-07-09 17:01:16.937] [jointLog] [warning] read 771988c0-e812-4d30-a705-dba67f131c5a (length 30932 - align length 524) has no trained error model
[2025-07-09 17:01:16.937] [jointLog] [warning] read 771988c0-e812-4d30-a705-dba67f131c5a (length 30932) has no trained clipping model
[2025-07-09 17:01:16.937] [jointLog] [warning] read 771988c0-e812-4d30-a705-dba67f131c5a (length 30932) has no trained clipping model
[2025-07-09 17:01:16.937] [jointLog] [warning] read e836b71b-62d5-4712-83fb-a64652d2ecb2 (length 25402 - align length 368) has no trained error model
[2025-07-09 17:01:16.937] [jointLog] [warning] read e836b71b-62d5-4712-83fb-a64652d2ecb2 (length 25402) has no trained clipping model
[2025-07-09 17:01:16.937] [jointLog] [warning] read e836b71b-62d5-4712-83fb-a64652d2ecb2 (length 25402) has no trained clipping model
[2025-07-09 17:01:16.937] [jointLog] [warning] read 77a3101a-9064-47c1-83ab-8e7fef1595c3 (length 13403 - align length 82) has no trained error model
[2025-07-09 17:01:16.937] [jointLog] [warning] read 77a3101a-9064-47c1-83ab-8e7fef1595c3 (length 13403) has no trained clipping model
[2025-07-09 17:01:16.937] [jointLog] [warning] read 77a3101a-9064-47c1-83ab-8e7fef1595c3 (length 13403) has no trained clipping model
[2025-07-09 17:01:16.937] [jointLog] [warning] read 23a79182-3a53-4c2e-abd9-78c1e1a8d250 (length 13054 - align length 365) has no trained error model
[2025-07-09 17:01:16.937] [jointLog] [warning] read 23a79182-3a53-4c2e-abd9-78c1e1a8d250 (length 13054) has no trained clipping model
[2025-07-09 17:01:16.937] [jointLog] [warning] read 23a79182-3a53-4c2e-abd9-78c1e1a8d250 (length 13054) has no trained clipping model
[2025-07-09 17:01:16.937] [jointLog] [warning] read 64010c4b-4dce-4c05-b69e-f80d94b9ad76 (length 26498 - align length 413) has no trained error model
[2025-07-09 17:01:16.937] [jointLog] [warning] read 64010c4b-4dce-4c05-b69e-f80d94b9ad76 (length 26498) has no trained clipping model
[2025-07-09 17:01:16.937] [jointLog] [warning] read 64010c4b-4dce-4c05-b69e-f80d94b9ad76 (length 26498) has no trained clipping model
[2025-07-09 17:01:16.937] [jointLog] [warning] read 284ec9b4-3ca2-4afc-9a8b-ef4231eb2a9d (length 26679 - align length 3322) has no trained error model
[2025-07-09 17:01:16.937] [jointLog] [warning] read 284ec9b4-3ca2-4afc-9a8b-ef4231eb2a9d (length 26679) has no trained clipping model
[2025-07-09 17:01:16.937] [jointLog] [warning] read 284ec9b4-3ca2-4afc-9a8b-ef4231eb2a9d (length 26679) has no trained clipping model
[2025-07-09 17:01:16.937] [jointLog] [warning] read 0b716c1f-dc31-4f7e-aee2-d8ff748d6fc2 (length 25844 - align length 231) has no trained error model
[2025-07-09 17:01:16.937] [jointLog] [warning] read 0b716c1f-dc31-4f7e-aee2-d8ff748d6fc2 (length 25844) has no trained clipping model
[2025-07-09 17:01:16.937] [jointLog] [warning] read 0b716c1f-dc31-4f7e-aee2-d8ff748d6fc2 (length 25844) has no trained clipping model
[2025-07-09 17:01:16.937] [jointLog] [warning] read 7fe8eb54-23ea-4bd7-89f2-ea6819e1f703 (length 26021 - align length 1469) has no trained error model
[2025-07-09 17:01:16.937] [jointLog] [warning] read 7fe8eb54-23ea-4bd7-89f2-ea6819e1f703 (length 26021) has no trained clipping model
[2025-07-09 17:01:16.937] [jointLog] [warning] read 7fe8eb54-23ea-4bd7-89f2-ea6819e1f703 (length 26021) has no trained clipping model
[2025-07-09 17:01:16.937] [jointLog] [warning] read 827cc50d-5ad8-46ec-b9ee-8c906c7d2e92 (length 35103 - align length 329) has no trained error model
[2025-07-09 17:01:16.937] [jointLog] [warning] read 827cc50d-5ad8-46ec-b9ee-8c906c7d2e92 (length 35103) has no trained clipping model
[2025-07-09 17:01:16.937] [jointLog] [warning] read 827cc50d-5ad8-46ec-b9ee-8c906c7d2e92 (length 35103) has no trained clipping model
[2025-07-09 17:01:16.937] [jointLog] [warning] read 1e4deb67-e7bc-4dfe-8213-527f25a1ec93 (length 13758 - align length 81) has no trained error model
[2025-07-09 17:01:16.937] [jointLog] [warning] read 1e4deb67-e7bc-4dfe-8213-527f25a1ec93 (length 13758) has no trained clipping model
[2025-07-09 17:01:16.937] [jointLog] [warning] read 1e4deb67-e7bc-4dfe-8213-527f25a1ec93 (length 13758) has no trained clipping model
[2025-07-09 17:01:16.937] [jointLog] [warning] read 80524ab0-efc1-4ec9-b7dc-537bfe99a4cd (length 12053 - align length 247) has no trained error model
[2025-07-09 17:01:16.937] [jointLog] [warning] read 80524ab0-efc1-4ec9-b7dc-537bfe99a4cd (length 12053) has no trained clipping model
[2025-07-09 17:01:16.937] [jointLog] [warning] read 80524ab0-efc1-4ec9-b7dc-537bfe99a4cd (length 12053) has no trained clipping model
[2025-07-09 17:01:16.937] [jointLog] [warning] read 368b6dbe-50e4-4d89-bae0-866adf55cbeb (length 16901 - align length 131) has no trained error model
[2025-07-09 17:01:16.937] [jointLog] [warning] read 368b6dbe-50e4-4d89-bae0-866adf55cbeb (length 16901) has no trained clipping model
[2025-07-09 17:01:16.937] [jointLog] [warning] read 368b6dbe-50e4-4d89-bae0-866adf55cbeb (length 16901) has no trained clipping model
[2025-07-09 17:01:16.937] [jointLog] [warning] read 57d917d7-9832-407f-a216-bb7ab6afa58b (length 40855 - align length 2672) has no trained error model
[2025-07-09 17:01:16.937] [jointLog] [warning] read 57d917d7-9832-407f-a216-bb7ab6afa58b (length 40855) has no trained clipping model
[2025-07-09 17:01:16.937] [jointLog] [warning] read 57d917d7-9832-407f-a216-bb7ab6afa58b (length 40855) has no trained clipping model
[2025-07-09 17:01:16.937] [jointLog] [warning] read 26cf6ace-506d-48a5-b435-260a907eaf55 (length 14676 - align length 64) has no trained error model
[2025-07-09 17:01:16.937] [jointLog] [warning] read 26cf6ace-506d-48a5-b435-260a907eaf55 (length 14676) has no trained clipping model
[2025-07-09 17:01:16.937] [jointLog] [warning] read 26cf6ace-506d-48a5-b435-260a907eaf55 (length 14676) has no trained clipping model
[2025-07-09 17:01:16.938] [jointLog] [warning] read e3fcac61-9c0f-4df3-84a6-facccf47627e (length 32903 - align length 348) has no trained error model
[2025-07-09 17:01:16.938] [jointLog] [warning] read e3fcac61-9c0f-4df3-84a6-facccf47627e (length 32903) has no trained clipping model
[2025-07-09 17:01:16.938] [jointLog] [warning] read e3fcac61-9c0f-4df3-84a6-facccf47627e (length 32903) has no trained clipping model
[2025-07-09 17:01:16.938] [jointLog] [warning] read 03b9a9e6-3e59-4f47-82d8-26af2a43e2a4 (length 28584 - align length 655) has no trained error model
[2025-07-09 17:01:16.938] [jointLog] [warning] read 03b9a9e6-3e59-4f47-82d8-26af2a43e2a4 (length 28584) has no trained clipping model
[2025-07-09 17:01:16.938] [jointLog] [warning] read 03b9a9e6-3e59-4f47-82d8-26af2a43e2a4 (length 28584) has no trained clipping model
[2025-07-09 17:01:16.938] [jointLog] [warning] read edab6cdb-e05f-44a6-8c47-9766c611e837 (length 13078 - align length 1102) has no trained error model
[2025-07-09 17:01:16.938] [jointLog] [warning] read edab6cdb-e05f-44a6-8c47-9766c611e837 (length 13078) has no trained clipping model
[2025-07-09 17:01:16.938] [jointLog] [warning] read edab6cdb-e05f-44a6-8c47-9766c611e837 (length 13078) has no trained clipping model
[2025-07-09 17:01:16.938] [jointLog] [warning] read 250797b0-ed49-4eb9-82a2-af54639ace69 (length 18183 - align length 880) has no trained error model
[2025-07-09 17:01:16.938] [jointLog] [warning] read 250797b0-ed49-4eb9-82a2-af54639ace69 (length 18183) has no trained clipping model
[2025-07-09 17:01:16.938] [jointLog] [warning] read 250797b0-ed49-4eb9-82a2-af54639ace69 (length 18183) has no trained clipping model
[2025-07-09 17:01:16.938] [jointLog] [warning] read d3b770d4-2f46-4898-8215-5147a0a4e94f (length 29886 - align length 1508) has no trained error model
[2025-07-09 17:01:16.938] [jointLog] [warning] read d3b770d4-2f46-4898-8215-5147a0a4e94f (length 29886) has no trained clipping model
[2025-07-09 17:01:16.938] [jointLog] [warning] read d3b770d4-2f46-4898-8215-5147a0a4e94f (length 29886) has no trained clipping model
[2025-07-09 17:01:16.938] [jointLog] [warning] read 5e08965f-7856-4774-9da5-c73cb3edfd32 (length 12301) has no trained clipping model
[2025-07-09 17:01:16.938] [jointLog] [warning] read 59e714ab-7b20-4287-981c-338b1e250d13 (length 16926 - align length 123) has no trained error model
[2025-07-09 17:01:16.938] [jointLog] [warning] read 59e714ab-7b20-4287-981c-338b1e250d13 (length 16926) has no trained clipping model
[2025-07-09 17:01:16.938] [jointLog] [warning] read 59e714ab-7b20-4287-981c-338b1e250d13 (length 16926) has no trained clipping model
[2025-07-09 17:01:16.938] [jointLog] [warning] read deed3aaf-257b-4266-979d-cb9c9fe3158a (length 41151 - align length 170) has no trained error model
[2025-07-09 17:01:16.938] [jointLog] [warning] read deed3aaf-257b-4266-979d-cb9c9fe3158a (length 41151) has no trained clipping model
[2025-07-09 17:01:16.938] [jointLog] [warning] read deed3aaf-257b-4266-979d-cb9c9fe3158a (length 41151) has no trained clipping model
[2025-07-09 17:01:16.938] [jointLog] [warning] read f5c4b6e1-e3fa-418b-b36a-c5a5764eac78 (length 25404 - align length 676) has no trained error model
[2025-07-09 17:01:16.938] [jointLog] [warning] read f5c4b6e1-e3fa-418b-b36a-c5a5764eac78 (length 25404) has no trained clipping model
[2025-07-09 17:01:16.938] [jointLog] [warning] read f5c4b6e1-e3fa-418b-b36a-c5a5764eac78 (length 25404) has no trained clipping model
[2025-07-09 17:01:16.938] [jointLog] [warning] read d79ff885-5eb5-4d92-963a-e1beb3e5a969 (length 19699 - align length 252) has no trained error model
[2025-07-09 17:01:16.938] [jointLog] [warning] read d79ff885-5eb5-4d92-963a-e1beb3e5a969 (length 19699) has no trained clipping model
[2025-07-09 17:01:16.938] [jointLog] [warning] read d79ff885-5eb5-4d92-963a-e1beb3e5a969 (length 19699) has no trained clipping model
[2025-07-09 17:01:16.938] [jointLog] [warning] read 73de9c7c-34f6-43ee-84c2-ab5c31cfffea (length 29312) has no trained clipping model
[2025-07-09 17:01:16.938] [jointLog] [warning] read 46e8e41c-e90e-499d-9bac-6c3012c0f37e (length 13981) has no trained clipping model
[2025-07-09 17:01:16.938] [jointLog] [warning] read c12b25df-9ddd-4b77-b8da-359b8ff398ee (length 38969 - align length 248) has no trained error model
[2025-07-09 17:01:16.938] [jointLog] [warning] read c12b25df-9ddd-4b77-b8da-359b8ff398ee (length 38969) has no trained clipping model
[2025-07-09 17:01:16.938] [jointLog] [warning] read c12b25df-9ddd-4b77-b8da-359b8ff398ee (length 38969) has no trained clipping model
[2025-07-09 17:01:16.938] [jointLog] [warning] read aa8bbc14-e268-4f1c-8944-2547961a1505 (length 20452 - align length 478) has no trained error model
[2025-07-09 17:01:16.938] [jointLog] [warning] read aa8bbc14-e268-4f1c-8944-2547961a1505 (length 20452) has no trained clipping model
[2025-07-09 17:01:16.938] [jointLog] [warning] read aa8bbc14-e268-4f1c-8944-2547961a1505 (length 20452) has no trained clipping model
[2025-07-09 17:01:16.938] [jointLog] [warning] read 3643caf1-3775-4fa9-b22f-379f3da8d5ed (length 13755 - align length 881) has no trained error model
[2025-07-09 17:01:16.938] [jointLog] [warning] read 3643caf1-3775-4fa9-b22f-379f3da8d5ed (length 13755) has no trained clipping model
[2025-07-09 17:01:16.938] [jointLog] [warning] read 3643caf1-3775-4fa9-b22f-379f3da8d5ed (length 13755) has no trained clipping model
[2025-07-09 17:01:16.938] [jointLog] [warning] read 037f21b3-c800-46e0-8fec-61157efab677 (length 22753 - align length 153) has no trained error model
[2025-07-09 17:01:16.938] [jointLog] [warning] read 037f21b3-c800-46e0-8fec-61157efab677 (length 22753) has no trained clipping model
[2025-07-09 17:01:16.938] [jointLog] [warning] read 037f21b3-c800-46e0-8fec-61157efab677 (length 22753) has no trained clipping model
[2025-07-09 17:01:16.938] [jointLog] [warning] read 0c653523-126f-49ad-a0ac-52c3f58780b1 (length 14609 - align length 1691) has no trained error model
[2025-07-09 17:01:16.938] [jointLog] [warning] read 0c653523-126f-49ad-a0ac-52c3f58780b1 (length 14609) has no trained clipping model
[2025-07-09 17:01:16.938] [jointLog] [warning] read 0c653523-126f-49ad-a0ac-52c3f58780b1 (length 14609) has no trained clipping model
[2025-07-09 17:01:16.938] [jointLog] [warning] read 86036335-6cd9-4ec4-9668-46f50ee11088 (length 24551 - align length 7284) has no trained error model
[2025-07-09 17:01:16.938] [jointLog] [warning] read 86036335-6cd9-4ec4-9668-46f50ee11088 (length 24551) has no trained clipping model
[2025-07-09 17:01:16.938] [jointLog] [warning] read 86036335-6cd9-4ec4-9668-46f50ee11088 (length 24551) has no trained clipping model
[2025-07-09 17:01:16.938] [jointLog] [warning] read a0c75cb9-be6b-4988-b165-a456946c90fe (length 21235 - align length 835) has no trained error model
[2025-07-09 17:01:16.938] [jointLog] [warning] read a0c75cb9-be6b-4988-b165-a456946c90fe (length 21235) has no trained clipping model
[2025-07-09 17:01:16.938] [jointLog] [warning] read a0c75cb9-be6b-4988-b165-a456946c90fe (length 21235) has no trained clipping model
[2025-07-09 17:01:16.938] [jointLog] [warning] read 057209b4-79c2-46b7-a291-9b8676eb176c (length 14948 - align length 304) has no trained error model
[2025-07-09 17:01:16.938] [jointLog] [warning] read 057209b4-79c2-46b7-a291-9b8676eb176c (length 14948) has no trained clipping model
[2025-07-09 17:01:16.938] [jointLog] [warning] read 057209b4-79c2-46b7-a291-9b8676eb176c (length 14948) has no trained clipping model
[2025-07-09 17:01:16.938] [jointLog] [warning] read 719de176-3eea-408e-9f62-307322902152 (length 12022 - align length 248) has no trained error model
[2025-07-09 17:01:16.938] [jointLog] [warning] read 719de176-3eea-408e-9f62-307322902152 (length 12022) has no trained clipping model
[2025-07-09 17:01:16.938] [jointLog] [warning] read 719de176-3eea-408e-9f62-307322902152 (length 12022) has no trained clipping model
[2025-07-09 17:01:16.938] [jointLog] [warning] read 137ed26f-7be4-44a1-b142-c45e57a3334b (length 30841 - align length 1037) has no trained error model
[2025-07-09 17:01:16.938] [jointLog] [warning] read 137ed26f-7be4-44a1-b142-c45e57a3334b (length 30841) has no trained clipping model
[2025-07-09 17:01:16.938] [jointLog] [warning] read 137ed26f-7be4-44a1-b142-c45e57a3334b (length 30841) has no trained clipping model
[2025-07-09 17:01:16.938] [jointLog] [warning] read 1690f92c-b651-4683-b9f1-2e109fd5cd9a (length 22254 - align length 534) has no trained error model
[2025-07-09 17:01:16.938] [jointLog] [warning] read 1690f92c-b651-4683-b9f1-2e109fd5cd9a (length 22254) has no trained clipping model
[2025-07-09 17:01:16.938] [jointLog] [warning] read 1690f92c-b651-4683-b9f1-2e109fd5cd9a (length 22254) has no trained clipping model
[2025-07-09 17:01:16.939] [jointLog] [warning] read 6270162e-ac56-4ca6-8bf8-3ab22710a53f (length 21917 - align length 70) has no trained error model
[2025-07-09 17:01:16.939] [jointLog] [warning] read 6270162e-ac56-4ca6-8bf8-3ab22710a53f (length 21917) has no trained clipping model
[2025-07-09 17:01:16.939] [jointLog] [warning] read 6270162e-ac56-4ca6-8bf8-3ab22710a53f (length 21917) has no trained clipping model
[2025-07-09 17:01:16.939] [jointLog] [warning] read 812369bf-6530-4c26-b9a3-3fa536fe4488 (length 14756 - align length 124) has no trained error model
[2025-07-09 17:01:16.939] [jointLog] [warning] read 812369bf-6530-4c26-b9a3-3fa536fe4488 (length 14756) has no trained clipping model
[2025-07-09 17:01:16.939] [jointLog] [warning] read 812369bf-6530-4c26-b9a3-3fa536fe4488 (length 14756) has no trained clipping model
[2025-07-09 17:01:16.939] [jointLog] [warning] read 969e717b-faf7-4c83-a53d-59e232bb5061 (length 37354 - align length 79) has no trained error model
[2025-07-09 17:01:16.939] [jointLog] [warning] read 969e717b-faf7-4c83-a53d-59e232bb5061 (length 37354) has no trained clipping model
[2025-07-09 17:01:16.939] [jointLog] [warning] read 969e717b-faf7-4c83-a53d-59e232bb5061 (length 37354) has no trained clipping model
[2025-07-09 17:01:16.939] [jointLog] [warning] read e66b67cb-ada8-4b7a-9274-5aae12e901df (length 15107 - align length 1258) has no trained error model
[2025-07-09 17:01:16.939] [jointLog] [warning] read e66b67cb-ada8-4b7a-9274-5aae12e901df (length 15107) has no trained clipping model
[2025-07-09 17:01:16.939] [jointLog] [warning] read e66b67cb-ada8-4b7a-9274-5aae12e901df (length 15107) has no trained clipping model
[2025-07-09 17:01:16.939] [jointLog] [warning] read abc3187c-472f-4b58-83b2-8355c8287605 (length 42566 - align length 293) has no trained error model
[2025-07-09 17:01:16.939] [jointLog] [warning] read abc3187c-472f-4b58-83b2-8355c8287605 (length 42566) has no trained clipping model
[2025-07-09 17:01:16.939] [jointLog] [warning] read abc3187c-472f-4b58-83b2-8355c8287605 (length 42566) has no trained clipping model
[2025-07-09 17:01:16.939] [jointLog] [warning] read f2418848-b5c0-4238-ac3a-c1cd20389bd5 (length 47282 - align length 360) has no trained error model
[2025-07-09 17:01:16.939] [jointLog] [warning] read f2418848-b5c0-4238-ac3a-c1cd20389bd5 (length 47282) has no trained clipping model
[2025-07-09 17:01:16.939] [jointLog] [warning] read f2418848-b5c0-4238-ac3a-c1cd20389bd5 (length 47282) has no trained clipping model
[2025-07-09 17:01:16.939] [jointLog] [warning] read 2c95d118-750c-4612-b8f9-67b28925fc52 (length 18865 - align length 351) has no trained error model
[2025-07-09 17:01:16.939] [jointLog] [warning] read 2c95d118-750c-4612-b8f9-67b28925fc52 (length 18865) has no trained clipping model
[2025-07-09 17:01:16.939] [jointLog] [warning] read 2c95d118-750c-4612-b8f9-67b28925fc52 (length 18865) has no trained clipping model
[2025-07-09 17:01:16.939] [jointLog] [warning] read 35031f5f-b097-4f68-b4fd-d3e3b9fae803 (length 22037 - align length 784) has no trained error model
[2025-07-09 17:01:16.939] [jointLog] [warning] read 35031f5f-b097-4f68-b4fd-d3e3b9fae803 (length 22037) has no trained clipping model
[2025-07-09 17:01:16.939] [jointLog] [warning] read 35031f5f-b097-4f68-b4fd-d3e3b9fae803 (length 22037) has no trained clipping model
[2025-07-09 17:01:16.939] [jointLog] [warning] read bc26288e-e384-4bbd-9b28-b2439d1f8c26 (length 45592 - align length 593) has no trained error model
[2025-07-09 17:01:16.939] [jointLog] [warning] read bc26288e-e384-4bbd-9b28-b2439d1f8c26 (length 45592) has no trained clipping model
[2025-07-09 17:01:16.939] [jointLog] [warning] read bc26288e-e384-4bbd-9b28-b2439d1f8c26 (length 45592) has no trained clipping model
[2025-07-09 17:01:16.939] [jointLog] [warning] read 92b0cf49-1ea4-4703-b826-24a2e859bf48 (length 28436) has no trained clipping model
[2025-07-09 17:01:16.939] [jointLog] [warning] read 3ecb2355-97ae-4d48-972e-8ecc5c959fbb (length 14859 - align length 14687) has no trained error model
[2025-07-09 17:01:16.939] [jointLog] [warning] read dea1bb33-775e-448d-b426-d6068869c3fd (length 18853 - align length 248) has no trained error model
[2025-07-09 17:01:16.939] [jointLog] [warning] read dea1bb33-775e-448d-b426-d6068869c3fd (length 18853) has no trained clipping model
[2025-07-09 17:01:16.939] [jointLog] [warning] read dea1bb33-775e-448d-b426-d6068869c3fd (length 18853) has no trained clipping model
[2025-07-09 17:01:16.939] [jointLog] [warning] read a123a33d-58ac-44cf-a81a-28ede1be001f (length 24805 - align length 569) has no trained error model
[2025-07-09 17:01:16.939] [jointLog] [warning] read a123a33d-58ac-44cf-a81a-28ede1be001f (length 24805) has no trained clipping model
[2025-07-09 17:01:16.939] [jointLog] [warning] read a123a33d-58ac-44cf-a81a-28ede1be001f (length 24805) has no trained clipping model
[2025-07-09 17:01:16.939] [jointLog] [warning] read df073040-b616-4ffb-9177-3656c5ef3e2b (length 39049 - align length 519) has no trained error model
[2025-07-09 17:01:16.939] [jointLog] [warning] read df073040-b616-4ffb-9177-3656c5ef3e2b (length 39049) has no trained clipping model
[2025-07-09 17:01:16.939] [jointLog] [warning] read df073040-b616-4ffb-9177-3656c5ef3e2b (length 39049) has no trained clipping model
[2025-07-09 17:01:16.939] [jointLog] [warning] read 1761ad76-4d69-4a7c-9d31-638fda4c4fbf (length 12028 - align length 517) has no trained error model
[2025-07-09 17:01:16.939] [jointLog] [warning] read 1761ad76-4d69-4a7c-9d31-638fda4c4fbf (length 12028) has no trained clipping model
[2025-07-09 17:01:16.939] [jointLog] [warning] read 1761ad76-4d69-4a7c-9d31-638fda4c4fbf (length 12028) has no trained clipping model
[2025-07-09 17:01:16.939] [jointLog] [warning] read 795f321d-1d1f-4b02-997a-0b1b795f8253 (length 18097 - align length 374) has no trained error model
[2025-07-09 17:01:16.939] [jointLog] [warning] read 795f321d-1d1f-4b02-997a-0b1b795f8253 (length 18097) has no trained clipping model
[2025-07-09 17:01:16.939] [jointLog] [warning] read 795f321d-1d1f-4b02-997a-0b1b795f8253 (length 18097) has no trained clipping model
[2025-07-09 17:01:16.939] [jointLog] [warning] read 08b05296-ac01-4973-8d4d-90e02b619a9b (length 40184 - align length 299) has no trained error model
[2025-07-09 17:01:16.939] [jointLog] [warning] read 08b05296-ac01-4973-8d4d-90e02b619a9b (length 40184) has no trained clipping model
[2025-07-09 17:01:16.939] [jointLog] [warning] read 08b05296-ac01-4973-8d4d-90e02b619a9b (length 40184) has no trained clipping model
[2025-07-09 17:01:16.939] [jointLog] [warning] read dbba8001-bffe-46b0-a348-e9ff35346c5a (length 45834 - align length 4279) has no trained error model
[2025-07-09 17:01:16.939] [jointLog] [warning] read dbba8001-bffe-46b0-a348-e9ff35346c5a (length 45834) has no trained clipping model
[2025-07-09 17:01:16.939] [jointLog] [warning] read dbba8001-bffe-46b0-a348-e9ff35346c5a (length 45834) has no trained clipping model
[2025-07-09 17:01:16.939] [jointLog] [warning] read 8e6e376d-fb28-404d-a6d4-2c23af77ab46 (length 13468 - align length 846) has no trained error model
[2025-07-09 17:01:16.939] [jointLog] [warning] read 8e6e376d-fb28-404d-a6d4-2c23af77ab46 (length 13468) has no trained clipping model
[2025-07-09 17:01:16.939] [jointLog] [warning] read 8e6e376d-fb28-404d-a6d4-2c23af77ab46 (length 13468) has no trained clipping model
[2025-07-09 17:01:16.939] [jointLog] [warning] read 8be60c5a-a741-4f18-8b14-b3c6baefa9c7 (length 21145) has no trained clipping model
[2025-07-09 17:01:16.939] [jointLog] [warning] read 03c9fb2e-14af-4596-986a-da96d266d71e (length 13787 - align length 528) has no trained error model
[2025-07-09 17:01:16.939] [jointLog] [warning] read 03c9fb2e-14af-4596-986a-da96d266d71e (length 13787) has no trained clipping model
[2025-07-09 17:01:16.939] [jointLog] [warning] read 03c9fb2e-14af-4596-986a-da96d266d71e (length 13787) has no trained clipping model
[2025-07-09 17:01:16.939] [jointLog] [warning] read 41793251-79d1-42a9-8298-06d6f94b7889 (length 14990 - align length 337) has no trained error model
[2025-07-09 17:01:16.939] [jointLog] [warning] read 41793251-79d1-42a9-8298-06d6f94b7889 (length 14990) has no trained clipping model
[2025-07-09 17:01:16.939] [jointLog] [warning] read 41793251-79d1-42a9-8298-06d6f94b7889 (length 14990) has no trained clipping model
[2025-07-09 17:01:16.939] [jointLog] [warning] read ea8bc9d4-4e07-4ad1-846b-344f4d6ff0d7 (length 14525) has no trained clipping model
[2025-07-09 17:01:16.939] [jointLog] [warning] read 8b6a2442-4560-4a7f-ad07-a3e7843e7501 (length 12339) has no trained clipping model
[2025-07-09 17:01:16.939] [jointLog] [warning] read e7df676e-3d74-443d-903e-441d0636674c (length 17276 - align length 1158) has no trained error model
[2025-07-09 17:01:16.939] [jointLog] [warning] read e7df676e-3d74-443d-903e-441d0636674c (length 17276) has no trained clipping model
[2025-07-09 17:01:16.939] [jointLog] [warning] read e7df676e-3d74-443d-903e-441d0636674c (length 17276) has no trained clipping model
[2025-07-09 17:01:16.940] [jointLog] [warning] read 603d5117-a03b-470e-a509-430c424b3bab (length 17936 - align length 106) has no trained error model
[2025-07-09 17:01:16.940] [jointLog] [warning] read 603d5117-a03b-470e-a509-430c424b3bab (length 17936) has no trained clipping model
[2025-07-09 17:01:16.940] [jointLog] [warning] read 603d5117-a03b-470e-a509-430c424b3bab (length 17936) has no trained clipping model
[2025-07-09 17:01:16.940] [jointLog] [warning] read 390288ac-9368-4d77-8223-d172c329c12c (length 15473 - align length 2481) has no trained error model
[2025-07-09 17:01:16.940] [jointLog] [warning] read 390288ac-9368-4d77-8223-d172c329c12c (length 15473) has no trained clipping model
[2025-07-09 17:01:16.940] [jointLog] [warning] read 390288ac-9368-4d77-8223-d172c329c12c (length 15473) has no trained clipping model
[2025-07-09 17:01:16.940] [jointLog] [warning] read cde92dfa-3347-4862-8d40-170da1e60d46 (length 46357 - align length 873) has no trained error model
[2025-07-09 17:01:16.940] [jointLog] [warning] read cde92dfa-3347-4862-8d40-170da1e60d46 (length 46357) has no trained clipping model
[2025-07-09 17:01:16.940] [jointLog] [warning] read cde92dfa-3347-4862-8d40-170da1e60d46 (length 46357) has no trained clipping model
[2025-07-09 17:01:16.940] [jointLog] [warning] read fbcdfa2c-bec3-4408-8eda-50233661c255 (length 27273 - align length 1285) has no trained error model
[2025-07-09 17:01:16.940] [jointLog] [warning] read fbcdfa2c-bec3-4408-8eda-50233661c255 (length 27273) has no trained clipping model
[2025-07-09 17:01:16.940] [jointLog] [warning] read fbcdfa2c-bec3-4408-8eda-50233661c255 (length 27273) has no trained clipping model
[2025-07-09 17:01:16.940] [jointLog] [warning] read f9eae36e-05fe-43ae-b08d-230f34fe4cde (length 25169 - align length 383) has no trained error model
[2025-07-09 17:01:16.940] [jointLog] [warning] read f9eae36e-05fe-43ae-b08d-230f34fe4cde (length 25169) has no trained clipping model
[2025-07-09 17:01:16.940] [jointLog] [warning] read f9eae36e-05fe-43ae-b08d-230f34fe4cde (length 25169) has no trained clipping model
[2025-07-09 17:01:16.940] [jointLog] [warning] read 523c0e17-ecf7-452c-b767-0140ac5ba405 (length 46797 - align length 314) has no trained error model
[2025-07-09 17:01:16.940] [jointLog] [warning] read 523c0e17-ecf7-452c-b767-0140ac5ba405 (length 46797) has no trained clipping model
[2025-07-09 17:01:16.940] [jointLog] [warning] read 523c0e17-ecf7-452c-b767-0140ac5ba405 (length 46797) has no trained clipping model
[2025-07-09 17:01:16.940] [jointLog] [warning] read 26582581-ac39-43dd-bd77-5c2c84b8a5e4 (length 43865 - align length 364) has no trained error model
[2025-07-09 17:01:16.940] [jointLog] [warning] read 26582581-ac39-43dd-bd77-5c2c84b8a5e4 (length 43865) has no trained clipping model
[2025-07-09 17:01:16.940] [jointLog] [warning] read 26582581-ac39-43dd-bd77-5c2c84b8a5e4 (length 43865) has no trained clipping model
[2025-07-09 17:01:16.940] [jointLog] [warning] read 8da6eed9-73fe-4f2b-8755-5a7c680ca9ee (length 38318 - align length 109) has no trained error model
[2025-07-09 17:01:16.940] [jointLog] [warning] read 8da6eed9-73fe-4f2b-8755-5a7c680ca9ee (length 38318) has no trained clipping model
[2025-07-09 17:01:16.940] [jointLog] [warning] read 8da6eed9-73fe-4f2b-8755-5a7c680ca9ee (length 38318) has no trained clipping model
[2025-07-09 17:01:16.940] [jointLog] [warning] read f283a447-0667-4365-91a2-1fc4269db83e (length 40551 - align length 3568) has no trained error model
[2025-07-09 17:01:16.940] [jointLog] [warning] read f283a447-0667-4365-91a2-1fc4269db83e (length 40551) has no trained clipping model
[2025-07-09 17:01:16.940] [jointLog] [warning] read f283a447-0667-4365-91a2-1fc4269db83e (length 40551) has no trained clipping model
[2025-07-09 17:01:16.940] [jointLog] [warning] read 9067db83-cbdc-4676-b7fe-9fd820cc6e4c (length 48388 - align length 120) has no trained error model
[2025-07-09 17:01:16.940] [jointLog] [warning] read 9067db83-cbdc-4676-b7fe-9fd820cc6e4c (length 48388) has no trained clipping model
[2025-07-09 17:01:16.940] [jointLog] [warning] read 9067db83-cbdc-4676-b7fe-9fd820cc6e4c (length 48388) has no trained clipping model
[2025-07-09 17:01:16.940] [jointLog] [warning] read 67ec8162-03c6-44a4-b5c2-daaf584bcda9 (length 35645 - align length 541) has no trained error model
[2025-07-09 17:01:16.940] [jointLog] [warning] read 67ec8162-03c6-44a4-b5c2-daaf584bcda9 (length 35645) has no trained clipping model
[2025-07-09 17:01:16.940] [jointLog] [warning] read 67ec8162-03c6-44a4-b5c2-daaf584bcda9 (length 35645) has no trained clipping model
[2025-07-09 17:01:16.940] [jointLog] [warning] read 6c7505b4-0f8d-4768-8d52-8ff5bddaec89 (length 31092 - align length 165) has no trained error model
[2025-07-09 17:01:16.940] [jointLog] [warning] read 6c7505b4-0f8d-4768-8d52-8ff5bddaec89 (length 31092) has no trained clipping model
[2025-07-09 17:01:16.940] [jointLog] [warning] read 6c7505b4-0f8d-4768-8d52-8ff5bddaec89 (length 31092) has no trained clipping model
[2025-07-09 17:01:16.940] [jointLog] [warning] read 2ee99d93-5bb8-4c7f-8de9-970ae6cbadef (length 24350 - align length 141) has no trained error model
[2025-07-09 17:01:16.940] [jointLog] [warning] read 2ee99d93-5bb8-4c7f-8de9-970ae6cbadef (length 24350) has no trained clipping model
[2025-07-09 17:01:16.940] [jointLog] [warning] read 2ee99d93-5bb8-4c7f-8de9-970ae6cbadef (length 24350) has no trained clipping model
[2025-07-09 17:01:16.940] [jointLog] [warning] read c11206a7-a5b5-4b7d-be98-cf3ca884188d (length 27023 - align length 124) has no trained error model
[2025-07-09 17:01:16.940] [jointLog] [warning] read c11206a7-a5b5-4b7d-be98-cf3ca884188d (length 27023) has no trained clipping model
[2025-07-09 17:01:16.940] [jointLog] [warning] read c11206a7-a5b5-4b7d-be98-cf3ca884188d (length 27023) has no trained clipping model
[2025-07-09 17:01:16.940] [jointLog] [warning] read 172f30ba-3152-4069-bcff-3d28cbe1c119 (length 35759 - align length 294) has no trained error model
[2025-07-09 17:01:16.940] [jointLog] [warning] read 172f30ba-3152-4069-bcff-3d28cbe1c119 (length 35759) has no trained clipping model
[2025-07-09 17:01:16.940] [jointLog] [warning] read 172f30ba-3152-4069-bcff-3d28cbe1c119 (length 35759) has no trained clipping model
[2025-07-09 17:01:16.940] [jointLog] [warning] read c47384f6-b7ab-4fd4-9dc0-ad7c93074cba (length 23192 - align length 648) has no trained error model
[2025-07-09 17:01:16.940] [jointLog] [warning] read c47384f6-b7ab-4fd4-9dc0-ad7c93074cba (length 23192) has no trained clipping model
[2025-07-09 17:01:16.940] [jointLog] [warning] read c47384f6-b7ab-4fd4-9dc0-ad7c93074cba (length 23192) has no trained clipping model
[2025-07-09 17:01:16.941] [jointLog] [warning] read 16b7a3b2-1ae9-4e51-bbff-98b8357604bf (length 29552 - align length 65) has no trained error model
[2025-07-09 17:01:16.941] [jointLog] [warning] read 16b7a3b2-1ae9-4e51-bbff-98b8357604bf (length 29552) has no trained clipping model
[2025-07-09 17:01:16.941] [jointLog] [warning] read 16b7a3b2-1ae9-4e51-bbff-98b8357604bf (length 29552) has no trained clipping model
[2025-07-09 17:01:16.941] [jointLog] [warning] read 6269f4e9-e63f-4ed2-945d-621259cb27c0 (length 12098 - align length 454) has no trained error model
[2025-07-09 17:01:16.941] [jointLog] [warning] read 6269f4e9-e63f-4ed2-945d-621259cb27c0 (length 12098) has no trained clipping model
[2025-07-09 17:01:16.941] [jointLog] [warning] read 6269f4e9-e63f-4ed2-945d-621259cb27c0 (length 12098) has no trained clipping model
[2025-07-09 17:01:16.941] [jointLog] [warning] read a16b4f92-b94c-4701-ab59-ae49ee44b966 (length 16973 - align length 375) has no trained error model
[2025-07-09 17:01:16.941] [jointLog] [warning] read a16b4f92-b94c-4701-ab59-ae49ee44b966 (length 16973) has no trained clipping model
[2025-07-09 17:01:16.941] [jointLog] [warning] read a16b4f92-b94c-4701-ab59-ae49ee44b966 (length 16973) has no trained clipping model
[2025-07-09 17:01:16.941] [jointLog] [warning] read edc93935-2fd9-45e3-871b-c42d21e863c6 (length 18184 - align length 78) has no trained error model
[2025-07-09 17:01:16.941] [jointLog] [warning] read edc93935-2fd9-45e3-871b-c42d21e863c6 (length 18184) has no trained clipping model
[2025-07-09 17:01:16.941] [jointLog] [warning] read edc93935-2fd9-45e3-871b-c42d21e863c6 (length 18184) has no trained clipping model
[2025-07-09 17:01:16.941] [jointLog] [warning] read ed4b5921-183c-4a72-8eb0-96ee8bdbd31c (length 36329 - align length 160) has no trained error model
[2025-07-09 17:01:16.941] [jointLog] [warning] read ed4b5921-183c-4a72-8eb0-96ee8bdbd31c (length 36329) has no trained clipping model
[2025-07-09 17:01:16.941] [jointLog] [warning] read ed4b5921-183c-4a72-8eb0-96ee8bdbd31c (length 36329) has no trained clipping model
[2025-07-09 17:01:16.941] [jointLog] [warning] read c2905e60-3e7e-4319-a92d-2bc05a4359f4 (length 11855) has no trained clipping model
[2025-07-09 17:01:16.941] [jointLog] [warning] read bb6606e5-ac77-45a0-abb9-b55aee16cc19 (length 18035 - align length 574) has no trained error model
[2025-07-09 17:01:16.941] [jointLog] [warning] read bb6606e5-ac77-45a0-abb9-b55aee16cc19 (length 18035) has no trained clipping model
[2025-07-09 17:01:16.941] [jointLog] [warning] read bb6606e5-ac77-45a0-abb9-b55aee16cc19 (length 18035) has no trained clipping model
[2025-07-09 17:01:16.941] [jointLog] [warning] read 35c53465-4f17-4468-bb3c-68195b782587 (length 28079 - align length 150) has no trained error model
[2025-07-09 17:01:16.941] [jointLog] [warning] read 35c53465-4f17-4468-bb3c-68195b782587 (length 28079) has no trained clipping model
[2025-07-09 17:01:16.941] [jointLog] [warning] read 35c53465-4f17-4468-bb3c-68195b782587 (length 28079) has no trained clipping model
[2025-07-09 17:01:16.941] [jointLog] [warning] read 2d55c69b-9793-423f-b8c1-d33e4aa13dc9 (length 21054 - align length 355) has no trained error model
[2025-07-09 17:01:16.941] [jointLog] [warning] read 2d55c69b-9793-423f-b8c1-d33e4aa13dc9 (length 21054) has no trained clipping model
[2025-07-09 17:01:16.941] [jointLog] [warning] read 2d55c69b-9793-423f-b8c1-d33e4aa13dc9 (length 21054) has no trained clipping model
[2025-07-09 17:01:16.941] [jointLog] [warning] read 34d68ae5-d848-4eb7-8c6b-5c5d7aa85a76 (length 18448 - align length 235) has no trained error model
[2025-07-09 17:01:16.941] [jointLog] [warning] read 34d68ae5-d848-4eb7-8c6b-5c5d7aa85a76 (length 18448) has no trained clipping model
[2025-07-09 17:01:16.941] [jointLog] [warning] read 34d68ae5-d848-4eb7-8c6b-5c5d7aa85a76 (length 18448) has no trained clipping model
[2025-07-09 17:01:16.941] [jointLog] [warning] read 1471db5b-6a9c-4ad9-8a65-e792ca881fe6 (length 22089 - align length 175) has no trained error model
[2025-07-09 17:01:16.941] [jointLog] [warning] read 1471db5b-6a9c-4ad9-8a65-e792ca881fe6 (length 22089) has no trained clipping model
[2025-07-09 17:01:16.941] [jointLog] [warning] read 1471db5b-6a9c-4ad9-8a65-e792ca881fe6 (length 22089) has no trained clipping model
[2025-07-09 17:01:16.941] [jointLog] [warning] read 1eba6377-1ad0-4e3d-ae75-3d5b8dc0236f (length 13924) has no trained clipping model
[2025-07-09 17:01:16.941] [jointLog] [warning] read 953e26a3-563d-48d3-b519-2095f241eedc (length 34753 - align length 1168) has no trained error model
[2025-07-09 17:01:16.941] [jointLog] [warning] read 953e26a3-563d-48d3-b519-2095f241eedc (length 34753) has no trained clipping model
[2025-07-09 17:01:16.941] [jointLog] [warning] read 953e26a3-563d-48d3-b519-2095f241eedc (length 34753) has no trained clipping model
[2025-07-09 17:01:17.808] [jointLog] [warning] read 7a1995ee-17b1-4e44-a102-d2315c93617b (length 13900 - align length 13867) has no trained error model
[2025-07-09 17:01:17.808] [jointLog] [warning] read 7a1995ee-17b1-4e44-a102-d2315c93617b (length 13900) has no trained clipping model
[2025-07-09 17:01:19.673] [jointLog] [warning] read c663004c-eb71-4340-896c-3c89390320c0 (length 21539 - align length 63) has no trained error model
[2025-07-09 17:01:19.673] [jointLog] [warning] read c663004c-eb71-4340-896c-3c89390320c0 (length 21539) has no trained clipping model
[2025-07-09 17:01:19.673] [jointLog] [warning] read c663004c-eb71-4340-896c-3c89390320c0 (length 21539) has no trained clipping model
[2025-07-09 17:01:19.673] [jointLog] [warning] read ddd5da6b-823a-4e7d-b3ea-f0ac54cfe214 (length 14906 - align length 61) has no trained error model
[2025-07-09 17:01:19.673] [jointLog] [warning] read ddd5da6b-823a-4e7d-b3ea-f0ac54cfe214 (length 14906) has no trained clipping model
[2025-07-09 17:01:19.673] [jointLog] [warning] read ddd5da6b-823a-4e7d-b3ea-f0ac54cfe214 (length 14906) has no trained clipping model
[2025-07-09 17:01:19.673] [jointLog] [warning] read 8e6f364e-bfce-4556-9270-48a1684a1bbb (length 12536 - align length 601) has no trained error model
[2025-07-09 17:01:19.673] [jointLog] [warning] read 8e6f364e-bfce-4556-9270-48a1684a1bbb (length 12536) has no trained clipping model
[2025-07-09 17:01:19.673] [jointLog] [warning] read 8e6f364e-bfce-4556-9270-48a1684a1bbb (length 12536) has no trained clipping model
[2025-07-09 17:01:19.673] [jointLog] [warning] read 788ccfd9-d50e-480c-b893-f0adfcc2a4cd (length 12396) has no trained clipping model
[2025-07-09 17:01:19.673] [jointLog] [warning] read 8173002c-6480-47a1-ae32-3bc190ba37be (length 41449 - align length 135) has no trained error model
[2025-07-09 17:01:19.673] [jointLog] [warning] read 8173002c-6480-47a1-ae32-3bc190ba37be (length 41449) has no trained clipping model
[2025-07-09 17:01:19.673] [jointLog] [warning] read 8173002c-6480-47a1-ae32-3bc190ba37be (length 41449) has no trained clipping model
[2025-07-09 17:01:19.673] [jointLog] [warning] read c150e6ad-e047-4ad9-984a-32e17a5bce37 (length 18881 - align length 457) has no trained error model
[2025-07-09 17:01:19.673] [jointLog] [warning] read c150e6ad-e047-4ad9-984a-32e17a5bce37 (length 18881) has no trained clipping model
[2025-07-09 17:01:19.673] [jointLog] [warning] read c150e6ad-e047-4ad9-984a-32e17a5bce37 (length 18881) has no trained clipping model
[2025-07-09 17:01:19.673] [jointLog] [warning] read 13b47838-7bb6-41ed-8ea0-2f5405aff08a (length 39352 - align length 4564) has no trained error model
[2025-07-09 17:01:19.673] [jointLog] [warning] read 13b47838-7bb6-41ed-8ea0-2f5405aff08a (length 39352) has no trained clipping model
[2025-07-09 17:01:19.673] [jointLog] [warning] read 13b47838-7bb6-41ed-8ea0-2f5405aff08a (length 39352) has no trained clipping model
[2025-07-09 17:01:20.209] [fileLog] [info] quantification processed 13000000 fragments so far

[2025-07-09 17:01:20.525] [jointLog] [warning] read baff86d7-0db6-45b9-a163-3e560640ef5e (length 10929 - align length 10888) has no trained error model
[2025-07-09 17:01:20.868] [jointLog] [warning] read 0911705c-f9c7-4b90-bf69-69878d512cc2 (length 12870 - align length 12864) has no trained error model
[2025-07-09 17:01:20.868] [jointLog] [warning] read 0911705c-f9c7-4b90-bf69-69878d512cc2 (length 12870) has no trained clipping model
[2025-07-09 17:01:23.037] [jointLog] [warning] read 1b9e4f80-fd97-408e-a5d1-1cafcf0be942 (length 10988 - align length 10980) has no trained error model
[2025-07-09 17:01:23.299] [jointLog] [warning] read a4c5878a-f195-44dc-9f84-bf36869aebfb (length 10810 - align length 10783) has no trained error model
[2025-07-09 17:01:23.359] [jointLog] [warning] read eb34797d-babd-4d92-a5ae-db6feba54f00 (length 12397) has no trained clipping model
[2025-07-09 17:01:23.364] [fileLog] [info] quantification processed 14000000 fragments so far

[2025-07-09 17:01:24.022] [jointLog] [warning] read ad0b643d-5770-4158-85d5-ca7fc5a9a633 (length 10953 - align length 10705) has no trained error model
[2025-07-09 17:01:25.406] [jointLog] [warning] read a0254f63-5e22-42a1-bf10-20a6fc2811a6 (length 12833 - align length 12662) has no trained error model
[2025-07-09 17:01:25.406] [jointLog] [warning] read a0254f63-5e22-42a1-bf10-20a6fc2811a6 (length 12833) has no trained clipping model
[2025-07-09 17:01:26.737] [fileLog] [info] quantification processed 15000000 fragments so far

[2025-07-09 17:01:27.109] [jointLog] [warning] read 62eea871-5ca8-4f1a-82c4-fa94748d2564 (length 45571 - align length 56) has no trained error model
[2025-07-09 17:01:27.109] [jointLog] [warning] read 62eea871-5ca8-4f1a-82c4-fa94748d2564 (length 45571) has no trained clipping model
[2025-07-09 17:01:27.109] [jointLog] [warning] read 62eea871-5ca8-4f1a-82c4-fa94748d2564 (length 45571) has no trained clipping model
[2025-07-09 17:01:27.109] [jointLog] [warning] read f007e18f-b4cb-478c-bfee-2f7be699948e (length 27065 - align length 511) has no trained error model
[2025-07-09 17:01:27.109] [jointLog] [warning] read f007e18f-b4cb-478c-bfee-2f7be699948e (length 27065) has no trained clipping model
[2025-07-09 17:01:27.109] [jointLog] [warning] read f007e18f-b4cb-478c-bfee-2f7be699948e (length 27065) has no trained clipping model
[2025-07-09 17:01:27.109] [jointLog] [warning] read 190d2872-36de-4ecd-9959-b83c3b1e288c (length 31850 - align length 562) has no trained error model
[2025-07-09 17:01:27.109] [jointLog] [warning] read 190d2872-36de-4ecd-9959-b83c3b1e288c (length 31850) has no trained clipping model
[2025-07-09 17:01:27.109] [jointLog] [warning] read 190d2872-36de-4ecd-9959-b83c3b1e288c (length 31850) has no trained clipping model
[2025-07-09 17:01:27.110] [jointLog] [warning] read b9985ebd-e4d0-4ad9-96c3-77e73909e983 (length 14229 - align length 199) has no trained error model
[2025-07-09 17:01:27.110] [jointLog] [warning] read b9985ebd-e4d0-4ad9-96c3-77e73909e983 (length 14229) has no trained clipping model
[2025-07-09 17:01:27.110] [jointLog] [warning] read b9985ebd-e4d0-4ad9-96c3-77e73909e983 (length 14229) has no trained clipping model
[2025-07-09 17:01:27.110] [jointLog] [warning] read 55d69e94-07d4-47f0-871f-827ee3f35797 (length 14094 - align length 14030) has no trained error model
[2025-07-09 17:01:27.110] [jointLog] [warning] read 77896f60-8726-40ab-a2ac-0925d153a5bd (length 24234 - align length 471) has no trained error model
[2025-07-09 17:01:27.110] [jointLog] [warning] read 77896f60-8726-40ab-a2ac-0925d153a5bd (length 24234) has no trained clipping model
[2025-07-09 17:01:27.110] [jointLog] [warning] read 77896f60-8726-40ab-a2ac-0925d153a5bd (length 24234) has no trained clipping model
[2025-07-09 17:01:27.110] [jointLog] [warning] read 8a135164-03e7-46c7-b7bc-d2194dd397f0 (length 26168 - align length 227) has no trained error model
[2025-07-09 17:01:27.110] [jointLog] [warning] read 8a135164-03e7-46c7-b7bc-d2194dd397f0 (length 26168) has no trained clipping model
[2025-07-09 17:01:27.110] [jointLog] [warning] read 8a135164-03e7-46c7-b7bc-d2194dd397f0 (length 26168) has no trained clipping model
[2025-07-09 17:01:27.110] [jointLog] [warning] read bbba7bd7-23af-4c94-8c61-32ffa6c6916b (length 15164 - align length 163) has no trained error model
[2025-07-09 17:01:27.110] [jointLog] [warning] read bbba7bd7-23af-4c94-8c61-32ffa6c6916b (length 15164) has no trained clipping model
[2025-07-09 17:01:27.110] [jointLog] [warning] read bbba7bd7-23af-4c94-8c61-32ffa6c6916b (length 15164) has no trained clipping model
[2025-07-09 17:01:29.156] [jointLog] [warning] read 68272c46-9f8b-4037-88fd-8b1317c301e6 (length 13012 - align length 12934) has no trained error model
[2025-07-09 17:01:29.156] [jointLog] [warning] read 68272c46-9f8b-4037-88fd-8b1317c301e6 (length 13012) has no trained clipping model
[2025-07-09 17:01:29.156] [jointLog] [warning] read 68272c46-9f8b-4037-88fd-8b1317c301e6 (length 13012) has no trained clipping model
[2025-07-09 17:01:29.358] [jointLog] [warning] read 17d06730-d98a-4234-b618-12b688446711 (length 39147 - align length 104) has no trained error model
[2025-07-09 17:01:29.358] [jointLog] [warning] read 17d06730-d98a-4234-b618-12b688446711 (length 39147) has no trained clipping model
[2025-07-09 17:01:29.358] [jointLog] [warning] read 17d06730-d98a-4234-b618-12b688446711 (length 39147) has no trained clipping model
[2025-07-09 17:01:29.358] [jointLog] [warning] read d101ae6d-4c36-46e6-ba9b-c388852c9d99 (length 14752 - align length 539) has no trained error model
[2025-07-09 17:01:29.358] [jointLog] [warning] read d101ae6d-4c36-46e6-ba9b-c388852c9d99 (length 14752) has no trained clipping model
[2025-07-09 17:01:29.358] [jointLog] [warning] read d101ae6d-4c36-46e6-ba9b-c388852c9d99 (length 14752) has no trained clipping model
[2025-07-09 17:01:29.358] [jointLog] [warning] read c3424c1b-53a6-45be-9bc6-a03c9f8bbfc0 (length 34568 - align length 763) has no trained error model
[2025-07-09 17:01:29.358] [jointLog] [warning] read c3424c1b-53a6-45be-9bc6-a03c9f8bbfc0 (length 34568) has no trained clipping model
[2025-07-09 17:01:29.358] [jointLog] [warning] read c3424c1b-53a6-45be-9bc6-a03c9f8bbfc0 (length 34568) has no trained clipping model
[2025-07-09 17:01:29.358] [jointLog] [warning] read 285122b2-6a28-4bf9-9a88-45e531bc6d29 (length 14772 - align length 828) has no trained error model
[2025-07-09 17:01:29.358] [jointLog] [warning] read 285122b2-6a28-4bf9-9a88-45e531bc6d29 (length 14772) has no trained clipping model
[2025-07-09 17:01:29.358] [jointLog] [warning] read 285122b2-6a28-4bf9-9a88-45e531bc6d29 (length 14772) has no trained clipping model
[2025-07-09 17:01:29.358] [jointLog] [warning] read e0963c2c-f72e-4c78-b3f3-334d6bef9905 (length 13371 - align length 13371) has no trained error model
[2025-07-09 17:01:29.358] [jointLog] [warning] read f24b3778-e3ae-47e7-a9ef-6f328a2d0808 (length 46690 - align length 990) has no trained error model
[2025-07-09 17:01:29.358] [jointLog] [warning] read f24b3778-e3ae-47e7-a9ef-6f328a2d0808 (length 46690) has no trained clipping model
[2025-07-09 17:01:29.358] [jointLog] [warning] read f24b3778-e3ae-47e7-a9ef-6f328a2d0808 (length 46690) has no trained clipping model
[2025-07-09 17:01:29.358] [jointLog] [warning] read 94f41ab3-da54-42a1-82c8-1c549ed099fb (length 39644 - align length 457) has no trained error model
[2025-07-09 17:01:29.358] [jointLog] [warning] read 94f41ab3-da54-42a1-82c8-1c549ed099fb (length 39644) has no trained clipping model
[2025-07-09 17:01:29.358] [jointLog] [warning] read 94f41ab3-da54-42a1-82c8-1c549ed099fb (length 39644) has no trained clipping model
[2025-07-09 17:01:29.358] [jointLog] [warning] read 20179f51-e29a-4515-a56a-071cea254fa9 (length 28289 - align length 60) has no trained error model
[2025-07-09 17:01:29.358] [jointLog] [warning] read 20179f51-e29a-4515-a56a-071cea254fa9 (length 28289) has no trained clipping model
[2025-07-09 17:01:29.358] [jointLog] [warning] read 20179f51-e29a-4515-a56a-071cea254fa9 (length 28289) has no trained clipping model
[2025-07-09 17:01:29.358] [jointLog] [warning] read 2ac3375f-3f90-4c59-b115-06ef4c624b37 (length 28071 - align length 241) has no trained error model
[2025-07-09 17:01:29.358] [jointLog] [warning] read 2ac3375f-3f90-4c59-b115-06ef4c624b37 (length 28071) has no trained clipping model
[2025-07-09 17:01:29.358] [jointLog] [warning] read 2ac3375f-3f90-4c59-b115-06ef4c624b37 (length 28071) has no trained clipping model
[2025-07-09 17:01:29.358] [jointLog] [warning] read 16812f72-fd48-45ca-bc80-67484bd3fab1 (length 13114 - align length 446) has no trained error model
[2025-07-09 17:01:29.358] [jointLog] [warning] read 16812f72-fd48-45ca-bc80-67484bd3fab1 (length 13114) has no trained clipping model
[2025-07-09 17:01:29.358] [jointLog] [warning] read 16812f72-fd48-45ca-bc80-67484bd3fab1 (length 13114) has no trained clipping model
[2025-07-09 17:01:29.358] [jointLog] [warning] read be272aac-9fa8-4694-811d-9931ce5b663c (length 12561 - align length 87) has no trained error model
[2025-07-09 17:01:29.358] [jointLog] [warning] read be272aac-9fa8-4694-811d-9931ce5b663c (length 12561) has no trained clipping model
[2025-07-09 17:01:29.358] [jointLog] [warning] read be272aac-9fa8-4694-811d-9931ce5b663c (length 12561) has no trained clipping model
[2025-07-09 17:01:29.358] [jointLog] [warning] read beca3cc3-7ecc-4390-8664-7d6657efefb5 (length 31188 - align length 817) has no trained error model
[2025-07-09 17:01:29.358] [jointLog] [warning] read beca3cc3-7ecc-4390-8664-7d6657efefb5 (length 31188) has no trained clipping model
[2025-07-09 17:01:29.358] [jointLog] [warning] read beca3cc3-7ecc-4390-8664-7d6657efefb5 (length 31188) has no trained clipping model
[2025-07-09 17:01:29.358] [jointLog] [warning] read fbda3a5d-cb0a-44ea-bcde-c6e356b65361 (length 16631 - align length 1891) has no trained error model
[2025-07-09 17:01:29.358] [jointLog] [warning] read fbda3a5d-cb0a-44ea-bcde-c6e356b65361 (length 16631) has no trained clipping model
[2025-07-09 17:01:29.358] [jointLog] [warning] read fbda3a5d-cb0a-44ea-bcde-c6e356b65361 (length 16631) has no trained clipping model
[2025-07-09 17:01:29.358] [jointLog] [warning] read b7f470d8-b12d-4526-a0af-2f842918397e (length 22555 - align length 926) has no trained error model
[2025-07-09 17:01:29.358] [jointLog] [warning] read b7f470d8-b12d-4526-a0af-2f842918397e (length 22555) has no trained clipping model
[2025-07-09 17:01:29.358] [jointLog] [warning] read b7f470d8-b12d-4526-a0af-2f842918397e (length 22555) has no trained clipping model
[2025-07-09 17:01:29.358] [jointLog] [warning] read 0f8d682e-55d8-4167-8fc6-e19222c50086 (length 13081 - align length 84) has no trained error model
[2025-07-09 17:01:29.358] [jointLog] [warning] read 0f8d682e-55d8-4167-8fc6-e19222c50086 (length 13081) has no trained clipping model
[2025-07-09 17:01:29.358] [jointLog] [warning] read 0f8d682e-55d8-4167-8fc6-e19222c50086 (length 13081) has no trained clipping model
[2025-07-09 17:01:29.358] [jointLog] [warning] read 35a31e09-a35d-40b0-b91f-f1f1834121e0 (length 17517 - align length 87) has no trained error model
[2025-07-09 17:01:29.358] [jointLog] [warning] read 35a31e09-a35d-40b0-b91f-f1f1834121e0 (length 17517) has no trained clipping model
[2025-07-09 17:01:29.358] [jointLog] [warning] read 35a31e09-a35d-40b0-b91f-f1f1834121e0 (length 17517) has no trained clipping model
[2025-07-09 17:01:29.358] [jointLog] [warning] read 8d4642b8-cb70-486f-97fc-69658ca74be0 (length 15138 - align length 312) has no trained error model
[2025-07-09 17:01:29.358] [jointLog] [warning] read 8d4642b8-cb70-486f-97fc-69658ca74be0 (length 15138) has no trained clipping model
[2025-07-09 17:01:29.358] [jointLog] [warning] read 8d4642b8-cb70-486f-97fc-69658ca74be0 (length 15138) has no trained clipping model
[2025-07-09 17:01:29.358] [jointLog] [warning] read 9d990e04-2f71-42cc-bc2b-6199dcda72e6 (length 17790 - align length 265) has no trained error model
[2025-07-09 17:01:29.358] [jointLog] [warning] read 9d990e04-2f71-42cc-bc2b-6199dcda72e6 (length 17790) has no trained clipping model
[2025-07-09 17:01:29.358] [jointLog] [warning] read 9d990e04-2f71-42cc-bc2b-6199dcda72e6 (length 17790) has no trained clipping model
[2025-07-09 17:01:29.358] [jointLog] [warning] read 6408c515-067c-4565-aca7-5afe9257475d (length 42529 - align length 124) has no trained error model
[2025-07-09 17:01:29.358] [jointLog] [warning] read 6408c515-067c-4565-aca7-5afe9257475d (length 42529) has no trained clipping model
[2025-07-09 17:01:29.358] [jointLog] [warning] read 6408c515-067c-4565-aca7-5afe9257475d (length 42529) has no trained clipping model
[2025-07-09 17:01:29.358] [jointLog] [warning] read 88361fe9-9b11-4684-9fd6-cb6838ecdcee (length 37486 - align length 968) has no trained error model
[2025-07-09 17:01:29.358] [jointLog] [warning] read 88361fe9-9b11-4684-9fd6-cb6838ecdcee (length 37486) has no trained clipping model
[2025-07-09 17:01:29.358] [jointLog] [warning] read 88361fe9-9b11-4684-9fd6-cb6838ecdcee (length 37486) has no trained clipping model
[2025-07-09 17:01:29.358] [jointLog] [warning] read 6dd211f5-391d-40ab-94ee-e656fea9b1c7 (length 29040 - align length 2146) has no trained error model
[2025-07-09 17:01:29.358] [jointLog] [warning] read 6dd211f5-391d-40ab-94ee-e656fea9b1c7 (length 29040) has no trained clipping model
[2025-07-09 17:01:29.358] [jointLog] [warning] read 6dd211f5-391d-40ab-94ee-e656fea9b1c7 (length 29040) has no trained clipping model
[2025-07-09 17:01:29.358] [jointLog] [warning] read 3033c920-2e39-4304-b8af-67c34ad1af48 (length 26873) has no trained clipping model
[2025-07-09 17:01:29.358] [jointLog] [warning] read 29aa1d32-61f9-4b97-aa78-31ba3d774168 (length 17918 - align length 2029) has no trained error model
[2025-07-09 17:01:29.358] [jointLog] [warning] read 29aa1d32-61f9-4b97-aa78-31ba3d774168 (length 17918) has no trained clipping model
[2025-07-09 17:01:29.358] [jointLog] [warning] read 29aa1d32-61f9-4b97-aa78-31ba3d774168 (length 17918) has no trained clipping model
[2025-07-09 17:01:29.358] [jointLog] [warning] read 64d232af-2e92-4569-80fc-b23acdd7c98f (length 20905 - align length 682) has no trained error model
[2025-07-09 17:01:29.358] [jointLog] [warning] read 64d232af-2e92-4569-80fc-b23acdd7c98f (length 20905) has no trained clipping model
[2025-07-09 17:01:29.358] [jointLog] [warning] read 64d232af-2e92-4569-80fc-b23acdd7c98f (length 20905) has no trained clipping model
[2025-07-09 17:01:29.359] [jointLog] [warning] read 11fc3833-1fc1-45f8-8667-fd4f86b29d44 (length 14782 - align length 908) has no trained error model
[2025-07-09 17:01:29.359] [jointLog] [warning] read 11fc3833-1fc1-45f8-8667-fd4f86b29d44 (length 14782) has no trained clipping model
[2025-07-09 17:01:29.359] [jointLog] [warning] read 11fc3833-1fc1-45f8-8667-fd4f86b29d44 (length 14782) has no trained clipping model
[2025-07-09 17:01:29.359] [jointLog] [warning] read 049519e8-d965-45fc-b0dc-4d8563794923 (length 30345 - align length 1341) has no trained error model
[2025-07-09 17:01:29.359] [jointLog] [warning] read 049519e8-d965-45fc-b0dc-4d8563794923 (length 30345) has no trained clipping model
[2025-07-09 17:01:29.359] [jointLog] [warning] read 049519e8-d965-45fc-b0dc-4d8563794923 (length 30345) has no trained clipping model
[2025-07-09 17:01:29.359] [jointLog] [warning] read 1de184b3-2fb8-4c60-bd8d-140f50a4118d (length 48626 - align length 244) has no trained error model
[2025-07-09 17:01:29.359] [jointLog] [warning] read 1de184b3-2fb8-4c60-bd8d-140f50a4118d (length 48626) has no trained clipping model
[2025-07-09 17:01:29.359] [jointLog] [warning] read 1de184b3-2fb8-4c60-bd8d-140f50a4118d (length 48626) has no trained clipping model
[2025-07-09 17:01:29.359] [jointLog] [warning] read 629a7856-9520-410f-bbeb-7d8d7cc20ca4 (length 24590 - align length 1110) has no trained error model
[2025-07-09 17:01:29.359] [jointLog] [warning] read 629a7856-9520-410f-bbeb-7d8d7cc20ca4 (length 24590) has no trained clipping model
[2025-07-09 17:01:29.359] [jointLog] [warning] read 629a7856-9520-410f-bbeb-7d8d7cc20ca4 (length 24590) has no trained clipping model
[2025-07-09 17:01:29.359] [jointLog] [warning] read 1aa34d5c-51c6-4d92-a436-0de500078a1a (length 17784 - align length 494) has no trained error model
[2025-07-09 17:01:29.359] [jointLog] [warning] read 1aa34d5c-51c6-4d92-a436-0de500078a1a (length 17784) has no trained clipping model
[2025-07-09 17:01:29.359] [jointLog] [warning] read 1aa34d5c-51c6-4d92-a436-0de500078a1a (length 17784) has no trained clipping model
[2025-07-09 17:01:29.365] [jointLog] [warning] read 790866a9-781d-4233-94cc-d89079606a54 (length 17462 - align length 812) has no trained error model
[2025-07-09 17:01:29.365] [jointLog] [warning] read 790866a9-781d-4233-94cc-d89079606a54 (length 17462) has no trained clipping model
[2025-07-09 17:01:29.365] [jointLog] [warning] read 790866a9-781d-4233-94cc-d89079606a54 (length 17462) has no trained clipping model
[2025-07-09 17:01:30.119] [fileLog] [info] quantification processed 16000000 fragments so far

[2025-07-09 17:01:29.867] [jointLog] [warning] read 70941df1-daa3-4b22-aaf9-464e4c84ed9a (length 12456 - align length 12413) has no trained error model
[2025-07-09 17:01:30.049] [jointLog] [warning] read 041f52c6-f4cc-4eb4-867a-8e8b342b4f05 (length 33249 - align length 128) has no trained error model
[2025-07-09 17:01:30.049] [jointLog] [warning] read 041f52c6-f4cc-4eb4-867a-8e8b342b4f05 (length 33249) has no trained clipping model
[2025-07-09 17:01:30.049] [jointLog] [warning] read 041f52c6-f4cc-4eb4-867a-8e8b342b4f05 (length 33249) has no trained clipping model
[2025-07-09 17:01:30.049] [jointLog] [warning] read 949706dd-bd9f-44d2-b4a6-f8229fb599f4 (length 19052 - align length 2494) has no trained error model
[2025-07-09 17:01:30.049] [jointLog] [warning] read 949706dd-bd9f-44d2-b4a6-f8229fb599f4 (length 19052) has no trained clipping model
[2025-07-09 17:01:30.049] [jointLog] [warning] read 949706dd-bd9f-44d2-b4a6-f8229fb599f4 (length 19052) has no trained clipping model
[2025-07-09 17:01:30.050] [jointLog] [warning] read 3dc17174-0057-44ba-8aa8-588a729ea379 (length 35248 - align length 1364) has no trained error model
[2025-07-09 17:01:30.050] [jointLog] [warning] read 3dc17174-0057-44ba-8aa8-588a729ea379 (length 35248) has no trained clipping model
[2025-07-09 17:01:30.050] [jointLog] [warning] read 3dc17174-0057-44ba-8aa8-588a729ea379 (length 35248) has no trained clipping model
[2025-07-09 17:01:30.050] [jointLog] [warning] read f71999c5-2d76-4321-a410-ffdda8c43d34 (length 38307 - align length 844) has no trained error model
[2025-07-09 17:01:30.050] [jointLog] [warning] read f71999c5-2d76-4321-a410-ffdda8c43d34 (length 38307) has no trained clipping model
[2025-07-09 17:01:30.050] [jointLog] [warning] read f71999c5-2d76-4321-a410-ffdda8c43d34 (length 38307) has no trained clipping model
[2025-07-09 17:01:30.050] [jointLog] [warning] read 094447f8-0720-4250-ae08-e519ad2410b7 (length 11820) has no trained clipping model
[2025-07-09 17:01:30.050] [jointLog] [warning] read 49235f46-91ea-4a12-a336-bd5ee9c3aba6 (length 24394 - align length 672) has no trained error model
[2025-07-09 17:01:30.050] [jointLog] [warning] read 49235f46-91ea-4a12-a336-bd5ee9c3aba6 (length 24394) has no trained clipping model
[2025-07-09 17:01:30.050] [jointLog] [warning] read 49235f46-91ea-4a12-a336-bd5ee9c3aba6 (length 24394) has no trained clipping model
[2025-07-09 17:01:30.050] [jointLog] [warning] read b9d006c9-eaa1-43f3-96af-32e654f67e13 (length 16886 - align length 353) has no trained error model
[2025-07-09 17:01:30.050] [jointLog] [warning] read b9d006c9-eaa1-43f3-96af-32e654f67e13 (length 16886) has no trained clipping model
[2025-07-09 17:01:30.050] [jointLog] [warning] read b9d006c9-eaa1-43f3-96af-32e654f67e13 (length 16886) has no trained clipping model
[2025-07-09 17:01:30.050] [jointLog] [warning] read 533b768b-7c1c-496d-83fe-079ffbf8d252 (length 18110 - align length 2696) has no trained error model
[2025-07-09 17:01:30.050] [jointLog] [warning] read 533b768b-7c1c-496d-83fe-079ffbf8d252 (length 18110) has no trained clipping model
[2025-07-09 17:01:30.050] [jointLog] [warning] read 533b768b-7c1c-496d-83fe-079ffbf8d252 (length 18110) has no trained clipping model
[2025-07-09 17:01:30.050] [jointLog] [warning] read ee367ed6-7a75-4351-99eb-0f52cc142146 (length 13173 - align length 13121) has no trained error model
[2025-07-09 17:01:30.050] [jointLog] [warning] read ee367ed6-7a75-4351-99eb-0f52cc142146 (length 13173) has no trained clipping model
[2025-07-09 17:01:30.050] [jointLog] [warning] read ee367ed6-7a75-4351-99eb-0f52cc142146 (length 13173) has no trained clipping model
[2025-07-09 17:01:30.050] [jointLog] [warning] read 830795c7-ca9d-4432-b1f5-73a886e46da0 (length 29419 - align length 355) has no trained error model
[2025-07-09 17:01:30.050] [jointLog] [warning] read 830795c7-ca9d-4432-b1f5-73a886e46da0 (length 29419) has no trained clipping model
[2025-07-09 17:01:30.050] [jointLog] [warning] read 830795c7-ca9d-4432-b1f5-73a886e46da0 (length 29419) has no trained clipping model
[2025-07-09 17:01:30.050] [jointLog] [warning] read f5885751-730d-4876-b164-78fb38b46db9 (length 22843 - align length 1056) has no trained error model
[2025-07-09 17:01:30.050] [jointLog] [warning] read f5885751-730d-4876-b164-78fb38b46db9 (length 22843) has no trained clipping model
[2025-07-09 17:01:30.050] [jointLog] [warning] read f5885751-730d-4876-b164-78fb38b46db9 (length 22843) has no trained clipping model
[2025-07-09 17:01:30.050] [jointLog] [warning] read 0689245e-ca26-4ee0-9b17-f4c399a15acc (length 40260 - align length 1352) has no trained error model
[2025-07-09 17:01:30.050] [jointLog] [warning] read 0689245e-ca26-4ee0-9b17-f4c399a15acc (length 40260) has no trained clipping model
[2025-07-09 17:01:30.050] [jointLog] [warning] read 0689245e-ca26-4ee0-9b17-f4c399a15acc (length 40260) has no trained clipping model
[2025-07-09 17:01:30.050] [jointLog] [warning] read ad4178a4-7b44-4248-a922-e1f98636097c (length 17112 - align length 889) has no trained error model
[2025-07-09 17:01:30.050] [jointLog] [warning] read ad4178a4-7b44-4248-a922-e1f98636097c (length 17112) has no trained clipping model
[2025-07-09 17:01:30.050] [jointLog] [warning] read ad4178a4-7b44-4248-a922-e1f98636097c (length 17112) has no trained clipping model
[2025-07-09 17:01:30.050] [jointLog] [warning] read 844ca7c0-3983-4e12-975f-ca465f1bc9f6 (length 28712 - align length 422) has no trained error model
[2025-07-09 17:01:30.050] [jointLog] [warning] read 844ca7c0-3983-4e12-975f-ca465f1bc9f6 (length 28712) has no trained clipping model
[2025-07-09 17:01:30.050] [jointLog] [warning] read 844ca7c0-3983-4e12-975f-ca465f1bc9f6 (length 28712) has no trained clipping model
[2025-07-09 17:01:30.050] [jointLog] [warning] read 348ef136-4556-4b03-83c7-2bba5b6de1cb (length 47966 - align length 126) has no trained error model
[2025-07-09 17:01:30.050] [jointLog] [warning] read 348ef136-4556-4b03-83c7-2bba5b6de1cb (length 47966) has no trained clipping model
[2025-07-09 17:01:30.050] [jointLog] [warning] read 348ef136-4556-4b03-83c7-2bba5b6de1cb (length 47966) has no trained clipping model
[2025-07-09 17:01:30.050] [jointLog] [warning] read 5cbbe2f1-e011-43d6-88a7-855f24131838 (length 17791 - align length 50) has no trained error model
[2025-07-09 17:01:30.050] [jointLog] [warning] read 5cbbe2f1-e011-43d6-88a7-855f24131838 (length 17791) has no trained clipping model
[2025-07-09 17:01:30.050] [jointLog] [warning] read 5cbbe2f1-e011-43d6-88a7-855f24131838 (length 17791) has no trained clipping model
[2025-07-09 17:01:30.050] [jointLog] [warning] read e379c31d-9c6f-41d9-86eb-8f5dcccdede6 (length 12805) has no trained clipping model
[2025-07-09 17:01:30.050] [jointLog] [warning] read 39ba2693-3d70-4dd5-b0d7-7c46cf513b78 (length 38952 - align length 1088) has no trained error model
[2025-07-09 17:01:30.050] [jointLog] [warning] read 39ba2693-3d70-4dd5-b0d7-7c46cf513b78 (length 38952) has no trained clipping model
[2025-07-09 17:01:30.050] [jointLog] [warning] read 39ba2693-3d70-4dd5-b0d7-7c46cf513b78 (length 38952) has no trained clipping model
[2025-07-09 17:01:30.050] [jointLog] [warning] read 7d58b85f-886a-423e-a09a-090048109a54 (length 27412 - align length 723) has no trained error model
[2025-07-09 17:01:30.050] [jointLog] [warning] read 7d58b85f-886a-423e-a09a-090048109a54 (length 27412) has no trained clipping model
[2025-07-09 17:01:30.050] [jointLog] [warning] read 7d58b85f-886a-423e-a09a-090048109a54 (length 27412) has no trained clipping model
[2025-07-09 17:01:30.050] [jointLog] [warning] read a41fc43e-eb89-4bdd-9e67-35a58d622e3a (length 29993 - align length 54) has no trained error model
[2025-07-09 17:01:30.050] [jointLog] [warning] read a41fc43e-eb89-4bdd-9e67-35a58d622e3a (length 29993) has no trained clipping model
[2025-07-09 17:01:30.050] [jointLog] [warning] read a41fc43e-eb89-4bdd-9e67-35a58d622e3a (length 29993) has no trained clipping model
[2025-07-09 17:01:30.050] [jointLog] [warning] read 30461357-0861-40e0-a1d4-750f5ae53f32 (length 14241 - align length 806) has no trained error model
[2025-07-09 17:01:30.050] [jointLog] [warning] read 30461357-0861-40e0-a1d4-750f5ae53f32 (length 14241) has no trained clipping model
[2025-07-09 17:01:30.050] [jointLog] [warning] read 30461357-0861-40e0-a1d4-750f5ae53f32 (length 14241) has no trained clipping model
[2025-07-09 17:01:30.051] [jointLog] [warning] read 312f9eb2-917c-4656-b55c-c02f5ee3462b (length 13779 - align length 272) has no trained error model
[2025-07-09 17:01:30.051] [jointLog] [warning] read 312f9eb2-917c-4656-b55c-c02f5ee3462b (length 13779) has no trained clipping model
[2025-07-09 17:01:30.051] [jointLog] [warning] read 312f9eb2-917c-4656-b55c-c02f5ee3462b (length 13779) has no trained clipping model
[2025-07-09 17:01:30.051] [jointLog] [warning] read 7874c3fc-e453-44a1-ac9b-4a3788956cda (length 19932 - align length 307) has no trained error model
[2025-07-09 17:01:30.051] [jointLog] [warning] read 7874c3fc-e453-44a1-ac9b-4a3788956cda (length 19932) has no trained clipping model
[2025-07-09 17:01:30.051] [jointLog] [warning] read 7874c3fc-e453-44a1-ac9b-4a3788956cda (length 19932) has no trained clipping model
[2025-07-09 17:01:30.051] [jointLog] [warning] read a86a4205-9f9e-4bd7-89d9-38cbefe2ac55 (length 27406 - align length 840) has no trained error model
[2025-07-09 17:01:30.051] [jointLog] [warning] read a86a4205-9f9e-4bd7-89d9-38cbefe2ac55 (length 27406) has no trained clipping model
[2025-07-09 17:01:30.051] [jointLog] [warning] read a86a4205-9f9e-4bd7-89d9-38cbefe2ac55 (length 27406) has no trained clipping model
[2025-07-09 17:01:30.051] [jointLog] [warning] read 4b387af6-4f50-48df-9ef5-d0a860086bc4 (length 37323 - align length 1881) has no trained error model
[2025-07-09 17:01:30.051] [jointLog] [warning] read 4b387af6-4f50-48df-9ef5-d0a860086bc4 (length 37323) has no trained clipping model
[2025-07-09 17:01:30.051] [jointLog] [warning] read 4b387af6-4f50-48df-9ef5-d0a860086bc4 (length 37323) has no trained clipping model
[2025-07-09 17:01:30.051] [jointLog] [warning] read 2e67f23c-bfe7-43ad-991e-2f43928a9350 (length 37687 - align length 259) has no trained error model
[2025-07-09 17:01:30.051] [jointLog] [warning] read 2e67f23c-bfe7-43ad-991e-2f43928a9350 (length 37687) has no trained clipping model
[2025-07-09 17:01:30.051] [jointLog] [warning] read 2e67f23c-bfe7-43ad-991e-2f43928a9350 (length 37687) has no trained clipping model
[2025-07-09 17:01:30.051] [jointLog] [warning] read 1b292662-3e3e-475d-9895-b3ab7c98017c (length 14213 - align length 14172) has no trained error model
[2025-07-09 17:01:30.051] [jointLog] [warning] read 1b292662-3e3e-475d-9895-b3ab7c98017c (length 14213) has no trained clipping model
[2025-07-09 17:01:30.051] [jointLog] [warning] read 1b292662-3e3e-475d-9895-b3ab7c98017c (length 14213) has no trained clipping model
[2025-07-09 17:01:30.051] [jointLog] [warning] read c95eb933-6460-40d1-9627-c21fc0da688e (length 12397) has no trained clipping model
[2025-07-09 17:01:30.051] [jointLog] [warning] read e07eac46-2aa3-4b07-9f3e-f9dd193c6627 (length 39237 - align length 1653) has no trained error model
[2025-07-09 17:01:30.051] [jointLog] [warning] read e07eac46-2aa3-4b07-9f3e-f9dd193c6627 (length 39237) has no trained clipping model
[2025-07-09 17:01:30.051] [jointLog] [warning] read e07eac46-2aa3-4b07-9f3e-f9dd193c6627 (length 39237) has no trained clipping model
[2025-07-09 17:01:30.676] [jointLog] [warning] read fc3cd38f-ff1d-4de0-a405-c1adc9babeba (length 12217 - align length 12142) has no trained error model
[2025-07-09 17:01:32.082] [jointLog] [warning] read be0adb29-bd66-4090-9c48-07e28f62119d (length 10933 - align length 10859) has no trained error model
[2025-07-09 17:01:33.377] [fileLog] [info] quantification processed 17000000 fragments so far

[2025-07-09 17:01:35.038] [jointLog] [warning] read 0999e47f-d8e3-4445-8d5a-da0ab2248ef4 (length 11394 - align length 11333) has no trained error model
[2025-07-09 17:01:36.017] [jointLog] [warning] read d042fccd-5e0d-4df7-a384-50c62f51f97e (length 12788 - align length 12707) has no trained error model
[2025-07-09 17:01:36.610] [fileLog] [info] quantification processed 18000000 fragments so far

[2025-07-09 17:01:37.006] [jointLog] [warning] read 100fce18-b95a-4756-aa63-0652a21d0433 (length 12456 - align length 12403) has no trained error model
[2025-07-09 17:01:38.321] [jointLog] [warning] read 11add966-4afb-47d7-bdb8-d7b3f05141e4 (length 11070 - align length 10839) has no trained error model
[2025-07-09 17:01:38.919] [jointLog] [info] Thread saw mini-batch with a maximum of 15.40% zero probability fragments
[2025-07-09 17:01:38.919] [jointLog] [info] Thread saw mini-batch with a maximum of 7.30% zero probability fragments
[2025-07-09 17:01:38.920] [jointLog] [info] Thread saw mini-batch with a maximum of 10.40% zero probability fragments
[2025-07-09 17:01:38.925] [jointLog] [info] Thread saw mini-batch with a maximum of 14.60% zero probability fragments
[2025-07-09 17:01:38.933] [jointLog] [info] Thread saw mini-batch with a maximum of 7.90% zero probability fragments
[2025-07-09 17:01:38.934] [jointLog] [info] 


Completed first pass through the alignment file.
Total # of mapped reads : 18725777
# of uniquely mapped reads : 18366148
# ambiguously mapped reads : 359629



[2025-07-09 17:01:38.972] [jointLog] [info] Computed 50,533 rich equivalence classes for further processing
[2025-07-09 17:01:38.972] [jointLog] [info] Counted 17,859,662 total reads in the equivalence classes 
[2025-07-09 17:01:38.974] [jointLog] [info] starting optimizer
[2025-07-09 17:01:39.028] [jointLog] [info] Marked 0 weighted equivalence classes as degenerate
[2025-07-09 17:01:39.032] [jointLog] [info] iteration = 0 | max rel diff. = 283.16
[2025-07-09 17:01:38.919] [fileLog] [info] quantification processed 18725777 fragments so far

[2025-07-09 17:01:39.369] [jointLog] [info] iteration = 100 | max rel diff. = 2.13193e-16
[2025-07-09 17:01:39.380] [jointLog] [info] finished optimizer
[2025-07-09 17:01:39.380] [jointLog] [info] writing output
