[2025-07-09 17:11:19.007] [jointLog] [info] setting maxHashResizeThreads to 10
[2025-07-09 17:11:19.007] [jointLog] [info] Fragment incompatibility prior below threshold.  Incompatible fragments will be ignored.
[2025-07-09 17:11:19.130] [jointLog] [info] numQuantThreads = 5
[2025-07-09 17:11:21.205] [jointLog] [info] replaced 0 non-ACGT nucleotides with random nucleotides
[2025-07-09 17:11:21.352] [jointLog] [warning] read 3314bb2e-0bb8-4f1d-89f1-3e0fcf6660b7 (length 2082 - align length 2082) has no trained error model
[2025-07-09 17:11:21.352] [jointLog] [warning] read 3314bb2e-0bb8-4f1d-89f1-3e0fcf6660b7 (length 2082) has no trained clipping model
[2025-07-09 17:11:21.352] [jointLog] [warning] read 3314bb2e-0bb8-4f1d-89f1-3e0fcf6660b7 (length 2082) has no trained clipping model
[2025-07-09 17:11:21.352] [jointLog] [warning] read 7395d153-1296-48f9-a805-d6db81a90bbb (length 2011) has no trained clipping model
[2025-07-09 17:11:21.352] [jointLog] [warning] read 7395d153-1296-48f9-a805-d6db81a90bbb (length 2011) has no trained clipping model
[2025-07-09 17:11:21.352] [jointLog] [warning] read 15065704-55de-4edb-abfb-ccda44e1b9a4 (length 2049) has no trained clipping model
[2025-07-09 17:11:21.352] [jointLog] [warning] read 15065704-55de-4edb-abfb-ccda44e1b9a4 (length 2049) has no trained clipping model
[2025-07-09 17:11:21.352] [jointLog] [warning] read b0a7bc08-f507-4d30-a35c-17b4781b670d (length 2026) has no trained clipping model
[2025-07-09 17:11:21.352] [jointLog] [warning] read ef264590-5eab-4b69-bc8a-a076a8e32810 (length 2336 - align length 2327) has no trained error model
[2025-07-09 17:11:21.352] [jointLog] [warning] read ef264590-5eab-4b69-bc8a-a076a8e32810 (length 2336) has no trained clipping model
[2025-07-09 17:11:21.352] [jointLog] [warning] read ef264590-5eab-4b69-bc8a-a076a8e32810 (length 2336) has no trained clipping model
[2025-07-09 17:11:21.352] [jointLog] [warning] read 2bbf2255-a2f0-46e0-a471-fcd885cb458a (length 2672 - align length 2646) has no trained error model
[2025-07-09 17:11:21.352] [jointLog] [warning] read 2bbf2255-a2f0-46e0-a471-fcd885cb458a (length 2672) has no trained clipping model
[2025-07-09 17:11:21.352] [jointLog] [warning] read 2bbf2255-a2f0-46e0-a471-fcd885cb458a (length 2672) has no trained clipping model
[2025-07-09 17:11:21.353] [jointLog] [warning] read 50579311-fd43-4d51-bf8e-d9705a0f3ed6 (length 2399) has no trained clipping model
[2025-07-09 17:11:21.353] [jointLog] [warning] read ca22fa5e-9e6b-4cfb-a784-b9577219b690 (length 2170 - align length 2142) has no trained error model
[2025-07-09 17:11:21.353] [jointLog] [warning] read ca22fa5e-9e6b-4cfb-a784-b9577219b690 (length 2170) has no trained clipping model
[2025-07-09 17:11:21.353] [jointLog] [warning] read ca22fa5e-9e6b-4cfb-a784-b9577219b690 (length 2170) has no trained clipping model
[2025-07-09 17:11:21.353] [jointLog] [warning] read bc592d32-3a7b-4ec3-abd8-f8fdfc0acd74 (length 1934 - align length 1899) has no trained error model
[2025-07-09 17:11:21.353] [jointLog] [warning] read bc592d32-3a7b-4ec3-abd8-f8fdfc0acd74 (length 1934) has no trained clipping model
[2025-07-09 17:11:21.353] [jointLog] [warning] read bc592d32-3a7b-4ec3-abd8-f8fdfc0acd74 (length 1934) has no trained clipping model
[2025-07-09 17:11:21.354] [jointLog] [warning] read ecf4179a-6e1a-493f-b0ad-57d28e891672 (length 1960 - align length 1957) has no trained error model
[2025-07-09 17:11:21.354] [jointLog] [warning] read ecf4179a-6e1a-493f-b0ad-57d28e891672 (length 1960) has no trained clipping model
[2025-07-09 17:11:21.354] [jointLog] [warning] read 935201b7-3df3-4a3a-81f2-52e10aa77387 (length 1999) has no trained clipping model
[2025-07-09 17:11:21.354] [jointLog] [warning] read 27f4e8bf-c776-40e5-850a-802d42fcc712 (length 2319 - align length 2291) has no trained error model
[2025-07-09 17:11:21.354] [jointLog] [warning] read e4a9bd27-9d8f-4731-a2be-ec4fabf6e6da (length 1850 - align length 1778) has no trained error model
[2025-07-09 17:11:21.354] [jointLog] [warning] read e4a9bd27-9d8f-4731-a2be-ec4fabf6e6da (length 1850) has no trained clipping model
[2025-07-09 17:11:21.354] [jointLog] [warning] read e4a9bd27-9d8f-4731-a2be-ec4fabf6e6da (length 1850) has no trained clipping model
[2025-07-09 17:11:21.354] [jointLog] [warning] read 4b72edf2-0780-4c96-ba49-35554c1ee046 (length 2555 - align length 2555) has no trained error model
[2025-07-09 17:11:21.354] [jointLog] [warning] read 4b72edf2-0780-4c96-ba49-35554c1ee046 (length 2555) has no trained clipping model
[2025-07-09 17:11:21.354] [jointLog] [warning] read 4b72edf2-0780-4c96-ba49-35554c1ee046 (length 2555) has no trained clipping model
[2025-07-09 17:11:21.355] [jointLog] [warning] read e7f97c36-e02b-4fb6-8635-9cc2fef2b00d (length 1940) has no trained clipping model
[2025-07-09 17:11:21.355] [jointLog] [warning] read b5ad83dd-f83b-4ab2-844d-0084be68b7bb (length 2243 - align length 2242) has no trained error model
[2025-07-09 17:11:21.355] [jointLog] [warning] read b5ad83dd-f83b-4ab2-844d-0084be68b7bb (length 2243) has no trained clipping model
[2025-07-09 17:11:21.355] [jointLog] [warning] read b5ad83dd-f83b-4ab2-844d-0084be68b7bb (length 2243) has no trained clipping model
[2025-07-09 17:11:21.355] [jointLog] [warning] read f0524a92-eebb-400b-9ae5-c0867f2e2821 (length 1805) has no trained clipping model
[2025-07-09 17:11:21.355] [jointLog] [warning] read 3cf5ce18-9d14-4ae5-95fa-27dee820bbee (length 1866) has no trained clipping model
[2025-07-09 17:11:21.355] [jointLog] [warning] read 6db66adc-e88c-47b3-acd8-1d09b41e056d (length 2492 - align length 1842) has no trained error model
[2025-07-09 17:11:21.355] [jointLog] [warning] read 6db66adc-e88c-47b3-acd8-1d09b41e056d (length 2492) has no trained clipping model
[2025-07-09 17:11:21.355] [jointLog] [warning] read 6db66adc-e88c-47b3-acd8-1d09b41e056d (length 2492) has no trained clipping model
[2025-07-09 17:11:21.355] [jointLog] [warning] read 75ab3189-8fab-49b8-80cd-838195c9fc17 (length 2458 - align length 2433) has no trained error model
[2025-07-09 17:11:21.355] [jointLog] [warning] read 67a6c538-db7d-4fac-a8fe-d1aa8b3abb27 (length 2914 - align length 2615) has no trained error model
[2025-07-09 17:11:21.355] [jointLog] [warning] read 67a6c538-db7d-4fac-a8fe-d1aa8b3abb27 (length 2914) has no trained clipping model
[2025-07-09 17:11:21.355] [jointLog] [warning] read 67a6c538-db7d-4fac-a8fe-d1aa8b3abb27 (length 2914) has no trained clipping model
[2025-07-09 17:11:21.355] [jointLog] [warning] read 38a85c82-fcbe-4b2e-a921-ea30c37b41fb (length 2896 - align length 2817) has no trained error model
[2025-07-09 17:11:21.355] [jointLog] [warning] read 38a85c82-fcbe-4b2e-a921-ea30c37b41fb (length 2896) has no trained clipping model
[2025-07-09 17:11:21.355] [jointLog] [warning] read 38a85c82-fcbe-4b2e-a921-ea30c37b41fb (length 2896) has no trained clipping model
[2025-07-09 17:11:21.356] [jointLog] [warning] read 99f71705-f1c0-4dd7-9bad-5c39adf1efa3 (length 3693 - align length 3669) has no trained error model
[2025-07-09 17:11:21.356] [jointLog] [warning] read 99f71705-f1c0-4dd7-9bad-5c39adf1efa3 (length 3693) has no trained clipping model
[2025-07-09 17:11:21.356] [jointLog] [warning] read 99f71705-f1c0-4dd7-9bad-5c39adf1efa3 (length 3693) has no trained clipping model
[2025-07-09 17:11:21.356] [jointLog] [warning] read 61735140-90a0-4858-9058-60ca40716cda (length 2220) has no trained clipping model
[2025-07-09 17:11:21.356] [jointLog] [warning] read db29b2b2-11d7-4644-9d53-8b4c7564197a (length 4159 - align length 4073) has no trained error model
[2025-07-09 17:11:21.356] [jointLog] [warning] read db29b2b2-11d7-4644-9d53-8b4c7564197a (length 4159) has no trained clipping model
[2025-07-09 17:11:21.356] [jointLog] [warning] read db29b2b2-11d7-4644-9d53-8b4c7564197a (length 4159) has no trained clipping model
[2025-07-09 17:11:21.356] [jointLog] [warning] read e7f0f5b9-4692-4510-95e2-18a2ddc12405 (length 2120) has no trained clipping model
[2025-07-09 17:11:21.356] [jointLog] [warning] read 98accd13-e9ca-40ea-87f3-fb1f0b74b340 (length 2581) has no trained clipping model
[2025-07-09 17:11:21.356] [jointLog] [warning] read 98accd13-e9ca-40ea-87f3-fb1f0b74b340 (length 2581) has no trained clipping model
[2025-07-09 17:11:21.357] [jointLog] [warning] read 89253837-fe19-4d4b-b590-60c32d742373 (length 3734 - align length 3690) has no trained error model
[2025-07-09 17:11:21.357] [jointLog] [warning] read 89253837-fe19-4d4b-b590-60c32d742373 (length 3734) has no trained clipping model
[2025-07-09 17:11:21.357] [jointLog] [warning] read 89253837-fe19-4d4b-b590-60c32d742373 (length 3734) has no trained clipping model
[2025-07-09 17:11:21.357] [jointLog] [warning] read b1ffda30-1ca9-499b-a8c1-3d4275b519a8 (length 2140) has no trained clipping model
[2025-07-09 17:11:21.357] [jointLog] [warning] read 5e83c9af-d186-4097-b193-8572902c5dd1 (length 3377 - align length 3375) has no trained error model
[2025-07-09 17:11:21.357] [jointLog] [warning] read 5e83c9af-d186-4097-b193-8572902c5dd1 (length 3377) has no trained clipping model
[2025-07-09 17:11:21.357] [jointLog] [warning] read 5e83c9af-d186-4097-b193-8572902c5dd1 (length 3377) has no trained clipping model
[2025-07-09 17:11:21.357] [jointLog] [warning] read 2ac6d046-e38d-4299-a307-89d2b066dc75 (length 2101) has no trained clipping model
[2025-07-09 17:11:21.359] [jointLog] [warning] read 048cac9b-0384-4ac8-bb4e-a97919c77b6c (length 2500) has no trained clipping model
[2025-07-09 17:11:21.359] [jointLog] [warning] read 69303a66-8792-4887-a720-12fe1bf02037 (length 3442 - align length 3431) has no trained error model
[2025-07-09 17:11:21.359] [jointLog] [warning] read 69303a66-8792-4887-a720-12fe1bf02037 (length 3442) has no trained clipping model
[2025-07-09 17:11:21.359] [jointLog] [warning] read 69303a66-8792-4887-a720-12fe1bf02037 (length 3442) has no trained clipping model
[2025-07-09 17:11:21.359] [jointLog] [warning] read a165878d-23d0-4aec-95d6-95cfbfc83025 (length 3297 - align length 3236) has no trained error model
[2025-07-09 17:11:21.359] [jointLog] [warning] read a165878d-23d0-4aec-95d6-95cfbfc83025 (length 3297) has no trained clipping model
[2025-07-09 17:11:21.359] [jointLog] [warning] read a165878d-23d0-4aec-95d6-95cfbfc83025 (length 3297) has no trained clipping model
[2025-07-09 17:11:21.359] [jointLog] [warning] read 2f98723e-c956-442e-8756-9952187c20d0 (length 2537) has no trained clipping model
[2025-07-09 17:11:21.359] [jointLog] [warning] read 8b834b23-606a-4801-9393-9ff01b90933f (length 3079 - align length 3040) has no trained error model
[2025-07-09 17:11:21.359] [jointLog] [warning] read 8b834b23-606a-4801-9393-9ff01b90933f (length 3079) has no trained clipping model
[2025-07-09 17:11:21.359] [jointLog] [warning] read 8b834b23-606a-4801-9393-9ff01b90933f (length 3079) has no trained clipping model
[2025-07-09 17:11:21.359] [jointLog] [warning] read ca2cc3de-6666-402b-907d-202b2864d5ef (length 3916 - align length 3683) has no trained error model
[2025-07-09 17:11:21.359] [jointLog] [warning] read ca2cc3de-6666-402b-907d-202b2864d5ef (length 3916) has no trained clipping model
[2025-07-09 17:11:21.359] [jointLog] [warning] read ca2cc3de-6666-402b-907d-202b2864d5ef (length 3916) has no trained clipping model
[2025-07-09 17:11:21.359] [jointLog] [warning] read 1b9f817b-79b7-4dd3-8426-73fb15075cb7 (length 2925 - align length 2921) has no trained error model
[2025-07-09 17:11:21.360] [jointLog] [warning] read 5586d030-48a7-4bea-905e-e1dd5bfff8f1 (length 3943 - align length 3943) has no trained error model
[2025-07-09 17:11:21.361] [jointLog] [warning] read 5586d030-48a7-4bea-905e-e1dd5bfff8f1 (length 3943) has no trained clipping model
[2025-07-09 17:11:21.361] [jointLog] [warning] read 255a3e1c-1e27-4a0b-8f04-80478493c232 (length 2704 - align length 2688) has no trained error model
[2025-07-09 17:11:21.361] [jointLog] [warning] read 255a3e1c-1e27-4a0b-8f04-80478493c232 (length 2704) has no trained clipping model
[2025-07-09 17:11:21.361] [jointLog] [warning] read 255a3e1c-1e27-4a0b-8f04-80478493c232 (length 2704) has no trained clipping model
[2025-07-09 17:11:21.362] [jointLog] [warning] read af7c82a1-bd7f-46a5-9db6-103d9e505146 (length 2737 - align length 2716) has no trained error model
[2025-07-09 17:11:21.362] [jointLog] [warning] read af7c82a1-bd7f-46a5-9db6-103d9e505146 (length 2737) has no trained clipping model
[2025-07-09 17:11:21.363] [jointLog] [warning] read 08f6d0a7-363a-4de9-b395-d4c395f2c67c (length 2785) has no trained clipping model
[2025-07-09 17:11:21.363] [jointLog] [warning] read d6c882a2-7177-47dc-b260-48bd394cabdd (length 5418 - align length 5278) has no trained error model
[2025-07-09 17:11:21.363] [jointLog] [warning] read d6c882a2-7177-47dc-b260-48bd394cabdd (length 5418) has no trained clipping model
[2025-07-09 17:11:21.363] [jointLog] [warning] read d6c882a2-7177-47dc-b260-48bd394cabdd (length 5418) has no trained clipping model
[2025-07-09 17:11:21.364] [jointLog] [warning] read fb4ebc8e-5a0b-458c-b890-fcb317f068c5 (length 3607 - align length 3550) has no trained error model
[2025-07-09 17:11:21.364] [jointLog] [warning] read 9622a802-4f79-46df-ad57-7b258f16f64d (length 3008) has no trained clipping model
[2025-07-09 17:11:21.365] [jointLog] [warning] read f65aa7a0-c89f-4b85-a893-dc4b4114a370 (length 3138 - align length 3043) has no trained error model
[2025-07-09 17:11:21.365] [jointLog] [warning] read f65aa7a0-c89f-4b85-a893-dc4b4114a370 (length 3138) has no trained clipping model
[2025-07-09 17:11:21.365] [jointLog] [warning] read f65aa7a0-c89f-4b85-a893-dc4b4114a370 (length 3138) has no trained clipping model
[2025-07-09 17:11:21.365] [jointLog] [warning] read a15d2254-beca-4219-b10e-b19b1ae3cbb9 (length 3862 - align length 3287) has no trained error model
[2025-07-09 17:11:21.365] [jointLog] [warning] read a15d2254-beca-4219-b10e-b19b1ae3cbb9 (length 3862) has no trained clipping model
[2025-07-09 17:11:21.365] [jointLog] [warning] read a15d2254-beca-4219-b10e-b19b1ae3cbb9 (length 3862) has no trained clipping model
[2025-07-09 17:11:21.366] [jointLog] [warning] read 54ec0f29-06ba-4a62-805e-3507ca98d477 (length 3260) has no trained clipping model
[2025-07-09 17:11:21.367] [jointLog] [warning] read a5231379-51a9-4113-9d01-892070c435b0 (length 3211 - align length 3169) has no trained error model
[2025-07-09 17:11:21.367] [jointLog] [warning] read a5231379-51a9-4113-9d01-892070c435b0 (length 3211) has no trained clipping model
[2025-07-09 17:11:21.367] [jointLog] [warning] read 616b7bcc-c125-42c3-a107-4601f725abae (length 5361 - align length 5344) has no trained error model
[2025-07-09 17:11:21.367] [jointLog] [warning] read 616b7bcc-c125-42c3-a107-4601f725abae (length 5361) has no trained clipping model
[2025-07-09 17:11:21.367] [jointLog] [warning] read 616b7bcc-c125-42c3-a107-4601f725abae (length 5361) has no trained clipping model
[2025-07-09 17:11:21.367] [jointLog] [warning] read a1c90705-d277-4520-b4a9-95ff98df79ff (length 5097 - align length 5067) has no trained error model
[2025-07-09 17:11:21.367] [jointLog] [warning] read a1c90705-d277-4520-b4a9-95ff98df79ff (length 5097) has no trained clipping model
[2025-07-09 17:11:21.367] [jointLog] [warning] read a1c90705-d277-4520-b4a9-95ff98df79ff (length 5097) has no trained clipping model
[2025-07-09 17:11:21.368] [jointLog] [warning] read 06fe7784-6bb1-4cec-827e-877c904a937e (length 3257) has no trained clipping model
[2025-07-09 17:11:21.369] [jointLog] [warning] read bac1ca7b-ac0f-4cbc-a883-2782e171d1c5 (length 4078 - align length 3975) has no trained error model
[2025-07-09 17:11:21.369] [jointLog] [warning] read bac1ca7b-ac0f-4cbc-a883-2782e171d1c5 (length 4078) has no trained clipping model
[2025-07-09 17:11:21.369] [jointLog] [warning] read bac1ca7b-ac0f-4cbc-a883-2782e171d1c5 (length 4078) has no trained clipping model
[2025-07-09 17:11:21.370] [jointLog] [warning] read c4b85b25-ab0d-4780-90ba-fb3d5fc6eac8 (length 3949) has no trained clipping model
[2025-07-09 17:11:21.370] [jointLog] [warning] read e0fdc2f3-f1ba-4702-8e2d-dda19b93fe1f (length 3819 - align length 3803) has no trained error model
[2025-07-09 17:11:21.370] [jointLog] [warning] read 37e99dea-11a1-4da7-ac54-5659ae3aa228 (length 3570 - align length 3502) has no trained error model
[2025-07-09 17:11:21.370] [jointLog] [warning] read 37e99dea-11a1-4da7-ac54-5659ae3aa228 (length 3570) has no trained clipping model
[2025-07-09 17:11:21.370] [jointLog] [warning] read 37e99dea-11a1-4da7-ac54-5659ae3aa228 (length 3570) has no trained clipping model
[2025-07-09 17:11:21.371] [jointLog] [warning] read cdea124c-8c7f-4ef4-bd08-702302788e2f (length 2791) has no trained clipping model
[2025-07-09 17:11:21.371] [jointLog] [warning] read 01a15d94-fed3-4454-9d10-6fb0e89f0012 (length 3736 - align length 3724) has no trained error model
[2025-07-09 17:11:21.371] [jointLog] [warning] read 06f91b3a-1746-40a7-90f4-4926927c7ce8 (length 4618 - align length 4593) has no trained error model
[2025-07-09 17:11:21.371] [jointLog] [warning] read 06f91b3a-1746-40a7-90f4-4926927c7ce8 (length 4618) has no trained clipping model
[2025-07-09 17:11:21.371] [jointLog] [warning] read 06f91b3a-1746-40a7-90f4-4926927c7ce8 (length 4618) has no trained clipping model
[2025-07-09 17:11:21.372] [jointLog] [warning] read 4b7f0a24-a307-4a2b-aedd-a2c463cdef28 (length 4790 - align length 4790) has no trained error model
[2025-07-09 17:11:21.372] [jointLog] [warning] read 4b7f0a24-a307-4a2b-aedd-a2c463cdef28 (length 4790) has no trained clipping model
[2025-07-09 17:11:21.372] [jointLog] [warning] read 4b7f0a24-a307-4a2b-aedd-a2c463cdef28 (length 4790) has no trained clipping model
[2025-07-09 17:11:21.374] [jointLog] [warning] read 9758a3ff-b8ec-4dfb-85ac-8bc7cbc14929 (length 4123) has no trained clipping model
[2025-07-09 17:11:21.374] [jointLog] [warning] read 5f77efc8-563b-49d5-aebe-d92139df57e7 (length 3938) has no trained clipping model
[2025-07-09 17:11:21.376] [jointLog] [warning] read b9515a6c-5134-4cc3-a4dd-359586dafbcf (length 4526 - align length 4516) has no trained error model
[2025-07-09 17:11:21.376] [jointLog] [warning] read b9515a6c-5134-4cc3-a4dd-359586dafbcf (length 4526) has no trained clipping model
[2025-07-09 17:11:21.376] [jointLog] [warning] read b9515a6c-5134-4cc3-a4dd-359586dafbcf (length 4526) has no trained clipping model
[2025-07-09 17:11:21.376] [jointLog] [warning] read 8e910c4f-247d-4174-9516-8b9255f7d29a (length 3342) has no trained clipping model
[2025-07-09 17:11:21.377] [jointLog] [warning] read 25e13935-7a65-4d2d-9c75-4b6e9bf5f1e3 (length 4394 - align length 4388) has no trained error model
[2025-07-09 17:11:21.377] [jointLog] [warning] read 25e13935-7a65-4d2d-9c75-4b6e9bf5f1e3 (length 4394) has no trained clipping model
[2025-07-09 17:11:21.377] [jointLog] [warning] read 25e13935-7a65-4d2d-9c75-4b6e9bf5f1e3 (length 4394) has no trained clipping model
[2025-07-09 17:11:21.380] [jointLog] [warning] read e4ecd5b9-a8d9-4bf5-bd49-f5ba0fa93e6d (length 5768 - align length 5768) has no trained error model
[2025-07-09 17:11:21.380] [jointLog] [warning] read e4ecd5b9-a8d9-4bf5-bd49-f5ba0fa93e6d (length 5768) has no trained clipping model
[2025-07-09 17:11:21.380] [jointLog] [warning] read e4ecd5b9-a8d9-4bf5-bd49-f5ba0fa93e6d (length 5768) has no trained clipping model
[2025-07-09 17:11:21.380] [jointLog] [warning] read 11c83980-0c6b-4abb-aa9a-d79aa5326f3c (length 3561) has no trained clipping model
[2025-07-09 17:11:21.380] [jointLog] [warning] read 04b3d3c9-3320-45c6-be4a-e2a7a0adacb6 (length 5559 - align length 5475) has no trained error model
[2025-07-09 17:11:21.380] [jointLog] [warning] read 04b3d3c9-3320-45c6-be4a-e2a7a0adacb6 (length 5559) has no trained clipping model
[2025-07-09 17:11:21.380] [jointLog] [warning] read 04b3d3c9-3320-45c6-be4a-e2a7a0adacb6 (length 5559) has no trained clipping model
[2025-07-09 17:11:21.380] [jointLog] [warning] read 60208149-257f-4b41-b263-bc0cffefb4c1 (length 4507 - align length 4453) has no trained error model
[2025-07-09 17:11:21.381] [jointLog] [warning] read 873b516e-7882-46a7-ad2d-91fdbebc8490 (length 4299 - align length 4015) has no trained error model
[2025-07-09 17:11:21.381] [jointLog] [warning] read 873b516e-7882-46a7-ad2d-91fdbebc8490 (length 4299) has no trained clipping model
[2025-07-09 17:11:21.381] [jointLog] [warning] read 873b516e-7882-46a7-ad2d-91fdbebc8490 (length 4299) has no trained clipping model
[2025-07-09 17:11:21.381] [jointLog] [warning] read 32e84a0f-e1fd-49ab-91ad-34e839f549d5 (length 4343 - align length 4101) has no trained error model
[2025-07-09 17:11:21.381] [jointLog] [warning] read 32e84a0f-e1fd-49ab-91ad-34e839f549d5 (length 4343) has no trained clipping model
[2025-07-09 17:11:21.383] [jointLog] [warning] read dc8180c5-2951-48a2-a8c7-a26f8beac986 (length 6152 - align length 6049) has no trained error model
[2025-07-09 17:11:21.383] [jointLog] [warning] read dc8180c5-2951-48a2-a8c7-a26f8beac986 (length 6152) has no trained clipping model
[2025-07-09 17:11:21.383] [jointLog] [warning] read dc8180c5-2951-48a2-a8c7-a26f8beac986 (length 6152) has no trained clipping model
[2025-07-09 17:11:21.383] [jointLog] [warning] read 7a7005eb-6418-445f-987e-9efc149d5ae1 (length 4221 - align length 4221) has no trained error model
[2025-07-09 17:11:21.384] [jointLog] [warning] read a5e3a2cc-a1a1-477c-b39c-8252ded533b6 (length 5580 - align length 5580) has no trained error model
[2025-07-09 17:11:21.384] [jointLog] [warning] read 482689aa-c82e-4958-b8a2-60793992f58a (length 4117 - align length 4111) has no trained error model
[2025-07-09 17:11:21.385] [jointLog] [warning] read 871c698d-6004-4419-9c97-f092b45dfe8b (length 6832 - align length 6722) has no trained error model
[2025-07-09 17:11:21.385] [jointLog] [warning] read 871c698d-6004-4419-9c97-f092b45dfe8b (length 6832) has no trained clipping model
[2025-07-09 17:11:21.385] [jointLog] [warning] read 871c698d-6004-4419-9c97-f092b45dfe8b (length 6832) has no trained clipping model
[2025-07-09 17:11:21.385] [jointLog] [warning] read 3258be63-4c2c-4ba8-872b-9d5e84a9cf7d (length 4318) has no trained clipping model
[2025-07-09 17:11:21.387] [jointLog] [warning] read 207f41a5-8695-4172-8c49-d2c1ebcfa69d (length 6453 - align length 6453) has no trained error model
[2025-07-09 17:11:21.387] [jointLog] [warning] read 207f41a5-8695-4172-8c49-d2c1ebcfa69d (length 6453) has no trained clipping model
[2025-07-09 17:11:21.387] [jointLog] [warning] read 207f41a5-8695-4172-8c49-d2c1ebcfa69d (length 6453) has no trained clipping model
[2025-07-09 17:11:21.388] [jointLog] [warning] read d6cb722d-0af3-44bd-896a-6b314c7f589a (length 5042) has no trained clipping model
[2025-07-09 17:11:21.389] [jointLog] [warning] read ff8161fc-1f3b-4451-9f6d-1b460834726d (length 5627 - align length 5610) has no trained error model
[2025-07-09 17:11:21.389] [jointLog] [warning] read ff8161fc-1f3b-4451-9f6d-1b460834726d (length 5627) has no trained clipping model
[2025-07-09 17:11:21.389] [jointLog] [warning] read ff8161fc-1f3b-4451-9f6d-1b460834726d (length 5627) has no trained clipping model
[2025-07-09 17:11:21.390] [jointLog] [warning] read 19d056af-1777-4702-b859-c8dcb1c3886e (length 4883 - align length 3552) has no trained error model
[2025-07-09 17:11:21.390] [jointLog] [warning] read 19d056af-1777-4702-b859-c8dcb1c3886e (length 4883) has no trained clipping model
[2025-07-09 17:11:21.390] [jointLog] [warning] read 19d056af-1777-4702-b859-c8dcb1c3886e (length 4883) has no trained clipping model
[2025-07-09 17:11:21.390] [jointLog] [warning] read a8cf8795-bc64-4ee6-8a1e-95c792b9cef3 (length 4653 - align length 4607) has no trained error model
[2025-07-09 17:11:21.394] [jointLog] [warning] read ce075130-2a04-4c0c-97ad-beb5346542c9 (length 7615 - align length 7606) has no trained error model
[2025-07-09 17:11:21.394] [jointLog] [warning] read ce075130-2a04-4c0c-97ad-beb5346542c9 (length 7615) has no trained clipping model
[2025-07-09 17:11:21.394] [jointLog] [warning] read ce075130-2a04-4c0c-97ad-beb5346542c9 (length 7615) has no trained clipping model
[2025-07-09 17:11:21.397] [jointLog] [warning] read b00b8975-0b00-413e-9111-5402a1400303 (length 5905 - align length 5767) has no trained error model
[2025-07-09 17:11:21.397] [jointLog] [warning] read b00b8975-0b00-413e-9111-5402a1400303 (length 5905) has no trained clipping model
[2025-07-09 17:11:21.397] [jointLog] [warning] read b00b8975-0b00-413e-9111-5402a1400303 (length 5905) has no trained clipping model
[2025-07-09 17:11:21.399] [jointLog] [warning] read f40b5173-3eab-4524-ac34-c0632c61ebe2 (length 5250 - align length 5221) has no trained error model
[2025-07-09 17:11:21.399] [jointLog] [warning] read f40b5173-3eab-4524-ac34-c0632c61ebe2 (length 5250) has no trained clipping model
[2025-07-09 17:11:21.399] [jointLog] [warning] read f40b5173-3eab-4524-ac34-c0632c61ebe2 (length 5250) has no trained clipping model
[2025-07-09 17:11:21.403] [jointLog] [warning] read 0178fe4f-ba58-410a-8788-d5553a0901fb (length 4410 - align length 4393) has no trained error model
[2025-07-09 17:11:21.403] [jointLog] [warning] read 0178fe4f-ba58-410a-8788-d5553a0901fb (length 4410) has no trained clipping model
[2025-07-09 17:11:21.403] [jointLog] [warning] read 0178fe4f-ba58-410a-8788-d5553a0901fb (length 4410) has no trained clipping model
[2025-07-09 17:11:21.404] [jointLog] [warning] read 3c3f7609-7106-47f2-bec1-e5388e73f4bf (length 5306) has no trained clipping model
[2025-07-09 17:11:21.406] [jointLog] [warning] read 935f3879-fb69-4057-9504-b4227031da4c (length 5686) has no trained clipping model
[2025-07-09 17:11:21.411] [jointLog] [warning] read ed4b2928-3d18-4a09-ac21-e821744d0357 (length 4871 - align length 4865) has no trained error model
[2025-07-09 17:11:21.414] [jointLog] [warning] read 973bf854-6849-448e-8ce9-9181a6adfa93 (length 5903 - align length 5901) has no trained error model
[2025-07-09 17:11:21.424] [jointLog] [warning] read 4431d3f0-9df8-43d6-af94-20b33aca65b6 (length 7248 - align length 7084) has no trained error model
[2025-07-09 17:11:21.424] [jointLog] [warning] read 4431d3f0-9df8-43d6-af94-20b33aca65b6 (length 7248) has no trained clipping model
[2025-07-09 17:11:21.424] [jointLog] [warning] read 4431d3f0-9df8-43d6-af94-20b33aca65b6 (length 7248) has no trained clipping model
[2025-07-09 17:11:21.426] [jointLog] [warning] (in update()) CIGAR string for read [968b6a56-1b14-4b24-a486-6154330dced2] seems inconsistent. It implied an error rate greater than 1: 1.35788 0.000587372 0.00234949
[2025-07-09 17:11:21.428] [jointLog] [warning] read c5ce9ed2-2fb1-4b68-ade9-96b9682b1ff7 (length 5169 - align length 5088) has no trained error model
[2025-07-09 17:11:21.428] [jointLog] [warning] read c5ce9ed2-2fb1-4b68-ade9-96b9682b1ff7 (length 5169) has no trained clipping model
[2025-07-09 17:11:21.428] [jointLog] [warning] read c5ce9ed2-2fb1-4b68-ade9-96b9682b1ff7 (length 5169) has no trained clipping model
[2025-07-09 17:11:21.432] [jointLog] [warning] read 3ad227fd-903f-4954-8615-b6a0e9f7c7c0 (length 4707) has no trained clipping model
[2025-07-09 17:11:21.432] [jointLog] [warning] read 3ad227fd-903f-4954-8615-b6a0e9f7c7c0 (length 4707) has no trained clipping model
[2025-07-09 17:11:21.432] [jointLog] [warning] read df516c95-70fb-4049-8289-be544d631a32 (length 5201) has no trained clipping model
[2025-07-09 17:11:21.432] [jointLog] [info] Automatically detected most likely library type as SF

[2025-07-09 17:11:21.434] [jointLog] [warning] read bd23cc78-533f-4e18-a2e2-9b65686f6428 (length 4700) has no trained clipping model
[2025-07-09 17:11:21.438] [jointLog] [warning] read 25c3f6f9-1bda-4649-af4e-571bdf0fe1d4 (length 6887 - align length 6836) has no trained error model
[2025-07-09 17:11:21.438] [jointLog] [warning] read 25c3f6f9-1bda-4649-af4e-571bdf0fe1d4 (length 6887) has no trained clipping model
[2025-07-09 17:11:21.442] [jointLog] [warning] read 9293a857-7b6d-455a-b906-389f6ce658b8 (length 4967 - align length 4913) has no trained error model
[2025-07-09 17:11:21.442] [jointLog] [warning] read 9293a857-7b6d-455a-b906-389f6ce658b8 (length 4967) has no trained clipping model
[2025-07-09 17:11:21.442] [jointLog] [warning] read 9293a857-7b6d-455a-b906-389f6ce658b8 (length 4967) has no trained clipping model
[2025-07-09 17:11:21.444] [jointLog] [warning] read 8b5c2894-5d7a-4ee7-ae3e-363948bb28ce (length 6236 - align length 128) has no trained error model
[2025-07-09 17:11:21.444] [jointLog] [warning] read 8b5c2894-5d7a-4ee7-ae3e-363948bb28ce (length 6236) has no trained clipping model
[2025-07-09 17:11:21.444] [jointLog] [warning] read 8b5c2894-5d7a-4ee7-ae3e-363948bb28ce (length 6236) has no trained clipping model
[2025-07-09 17:11:21.451] [jointLog] [warning] read e5222e52-b85f-4551-906a-7c972d9e90b8 (length 5297) has no trained clipping model
[2025-07-09 17:11:21.452] [jointLog] [warning] read 1011efc0-e803-4d0a-9b2e-531da092da55 (length 7637 - align length 7243) has no trained error model
[2025-07-09 17:11:21.452] [jointLog] [warning] read de3d8c77-ebf8-4149-b019-311be65f3dda (length 8679 - align length 1100) has no trained error model
[2025-07-09 17:11:21.452] [jointLog] [warning] read de3d8c77-ebf8-4149-b019-311be65f3dda (length 8679) has no trained clipping model
[2025-07-09 17:11:21.452] [jointLog] [warning] read de3d8c77-ebf8-4149-b019-311be65f3dda (length 8679) has no trained clipping model
[2025-07-09 17:11:21.454] [jointLog] [warning] read 06221c1c-4919-4e7f-becd-cf29cd39eddf (length 5376) has no trained clipping model
[2025-07-09 17:11:21.455] [jointLog] [warning] read 6e0d1ae6-7fd9-4bae-8625-1fd25539a992 (length 7134 - align length 6888) has no trained error model
[2025-07-09 17:11:21.455] [jointLog] [warning] read 6e0d1ae6-7fd9-4bae-8625-1fd25539a992 (length 7134) has no trained clipping model
[2025-07-09 17:11:21.455] [jointLog] [warning] read 6e0d1ae6-7fd9-4bae-8625-1fd25539a992 (length 7134) has no trained clipping model
[2025-07-09 17:11:21.456] [jointLog] [warning] read 0d0ea538-4889-400f-9fe4-c4140b20abb0 (length 7064 - align length 6851) has no trained error model
[2025-07-09 17:11:21.456] [jointLog] [warning] read 0d0ea538-4889-400f-9fe4-c4140b20abb0 (length 7064) has no trained clipping model
[2025-07-09 17:11:21.456] [jointLog] [warning] read 0d0ea538-4889-400f-9fe4-c4140b20abb0 (length 7064) has no trained clipping model
[2025-07-09 17:11:21.465] [jointLog] [warning] read 0e3a1a6f-30fd-4745-8f91-36f34c4beeec (length 6461) has no trained clipping model
[2025-07-09 17:11:21.465] [jointLog] [warning] read 0e3a1a6f-30fd-4745-8f91-36f34c4beeec (length 6461) has no trained clipping model
[2025-07-09 17:11:21.469] [jointLog] [warning] read 9c57939c-c04f-4025-a6fc-855b08077bd3 (length 9873 - align length 9868) has no trained error model
[2025-07-09 17:11:21.469] [jointLog] [warning] read 9c57939c-c04f-4025-a6fc-855b08077bd3 (length 9873) has no trained clipping model
[2025-07-09 17:11:21.469] [jointLog] [warning] read 9c57939c-c04f-4025-a6fc-855b08077bd3 (length 9873) has no trained clipping model
[2025-07-09 17:11:21.471] [jointLog] [warning] read c7e3e7b4-ecda-4947-8a3b-a40d53f3d47e (length 7234 - align length 7234) has no trained error model
[2025-07-09 17:11:21.483] [jointLog] [warning] read 1b4f6ab5-aa83-4d91-b05c-ec513a263916 (length 5184 - align length 5126) has no trained error model
[2025-07-09 17:11:21.483] [jointLog] [warning] read 1b4f6ab5-aa83-4d91-b05c-ec513a263916 (length 5184) has no trained clipping model
[2025-07-09 17:11:21.493] [jointLog] [warning] read 190fa40e-ce31-4731-9433-9d3468d1b84c (length 5759) has no trained clipping model
[2025-07-09 17:11:21.493] [jointLog] [warning] read 190fa40e-ce31-4731-9433-9d3468d1b84c (length 5759) has no trained clipping model
[2025-07-09 17:11:21.496] [jointLog] [warning] read 2fae7a76-0260-41b8-893d-1b4f032e420c (length 7019 - align length 6923) has no trained error model
[2025-07-09 17:11:21.497] [jointLog] [warning] read 005cb348-4be3-4a73-970e-059566be6a49 (length 6220 - align length 6211) has no trained error model
[2025-07-09 17:11:21.499] [jointLog] [warning] read 2885a71d-98aa-423c-bc3e-e148b7601202 (length 9058 - align length 9044) has no trained error model
[2025-07-09 17:11:21.499] [jointLog] [warning] read 2885a71d-98aa-423c-bc3e-e148b7601202 (length 9058) has no trained clipping model
[2025-07-09 17:11:21.499] [jointLog] [warning] read 2885a71d-98aa-423c-bc3e-e148b7601202 (length 9058) has no trained clipping model
[2025-07-09 17:11:21.504] [jointLog] [warning] read 2afd45a8-6005-4e21-9d99-f4393ea5124f (length 5667) has no trained clipping model
[2025-07-09 17:11:21.511] [jointLog] [warning] read 4869f2e3-5179-4653-8766-3766aa5ee265 (length 5232) has no trained clipping model
[2025-07-09 17:11:21.515] [jointLog] [warning] read 4d13d9c4-a385-456a-b05b-d3db5a176d0c (length 8605 - align length 8473) has no trained error model
[2025-07-09 17:11:21.521] [jointLog] [warning] read e9bd53d2-d44b-47c3-9b5d-156268b76330 (length 6705 - align length 6705) has no trained error model
[2025-07-09 17:11:21.521] [jointLog] [warning] read e9bd53d2-d44b-47c3-9b5d-156268b76330 (length 6705) has no trained clipping model
[2025-07-09 17:11:21.521] [jointLog] [warning] read e9bd53d2-d44b-47c3-9b5d-156268b76330 (length 6705) has no trained clipping model
[2025-07-09 17:11:21.523] [jointLog] [warning] read 70e6ff48-4af6-45ca-95a3-1662b9269058 (length 6894) has no trained clipping model
[2025-07-09 17:11:21.528] [jointLog] [warning] read 370d4e67-1871-4966-9bed-172f482e1dd2 (length 6081 - align length 1069) has no trained error model
[2025-07-09 17:11:21.528] [jointLog] [warning] read 370d4e67-1871-4966-9bed-172f482e1dd2 (length 6081) has no trained clipping model
[2025-07-09 17:11:21.528] [jointLog] [warning] read 370d4e67-1871-4966-9bed-172f482e1dd2 (length 6081) has no trained clipping model
[2025-07-09 17:11:21.538] [jointLog] [warning] read 4754556e-b871-496d-b34a-575201d292d9 (length 5698) has no trained clipping model
[2025-07-09 17:11:21.544] [jointLog] [warning] read b602414b-fbf1-4fc6-99d1-9491e8229753 (length 6599 - align length 373) has no trained error model
[2025-07-09 17:11:21.544] [jointLog] [warning] read b602414b-fbf1-4fc6-99d1-9491e8229753 (length 6599) has no trained clipping model
[2025-07-09 17:11:21.544] [jointLog] [warning] read b602414b-fbf1-4fc6-99d1-9491e8229753 (length 6599) has no trained clipping model
[2025-07-09 17:11:21.552] [jointLog] [warning] read 5cb4cb94-25d6-4ddc-9ea7-900a7a81282a (length 7641 - align length 7566) has no trained error model
[2025-07-09 17:11:21.554] [jointLog] [warning] read 48666f73-9e5e-4b44-b13e-d401fea82909 (length 14081 - align length 174) has no trained error model
[2025-07-09 17:11:21.554] [jointLog] [warning] read 48666f73-9e5e-4b44-b13e-d401fea82909 (length 14081) has no trained clipping model
[2025-07-09 17:11:21.554] [jointLog] [warning] read 48666f73-9e5e-4b44-b13e-d401fea82909 (length 14081) has no trained clipping model
[2025-07-09 17:11:21.557] [jointLog] [warning] read f7c112ac-b8e0-4088-8124-8e0aa74407da (length 6477 - align length 6393) has no trained error model
[2025-07-09 17:11:21.557] [jointLog] [warning] read f7c112ac-b8e0-4088-8124-8e0aa74407da (length 6477) has no trained clipping model
[2025-07-09 17:11:21.570] [jointLog] [warning] read 29d93b6d-298d-4a80-a8dd-c5bd0f16790b (length 9988 - align length 2899) has no trained error model
[2025-07-09 17:11:21.570] [jointLog] [warning] read 29d93b6d-298d-4a80-a8dd-c5bd0f16790b (length 9988) has no trained clipping model
[2025-07-09 17:11:21.570] [jointLog] [warning] read 29d93b6d-298d-4a80-a8dd-c5bd0f16790b (length 9988) has no trained clipping model
[2025-07-09 17:11:21.573] [jointLog] [warning] read 42b665c7-80b9-4387-9059-1ef02c6cfdc0 (length 7425 - align length 7397) has no trained error model
[2025-07-09 17:11:21.573] [jointLog] [warning] read 42b665c7-80b9-4387-9059-1ef02c6cfdc0 (length 7425) has no trained clipping model
[2025-07-09 17:11:21.573] [jointLog] [warning] read 42b665c7-80b9-4387-9059-1ef02c6cfdc0 (length 7425) has no trained clipping model
[2025-07-09 17:11:21.574] [jointLog] [warning] read 2ae3f270-9c1e-4411-add5-d990910b8727 (length 6385 - align length 6373) has no trained error model
[2025-07-09 17:11:21.574] [jointLog] [warning] read 2ae3f270-9c1e-4411-add5-d990910b8727 (length 6385) has no trained clipping model
[2025-07-09 17:11:21.574] [jointLog] [warning] read 2ae3f270-9c1e-4411-add5-d990910b8727 (length 6385) has no trained clipping model
[2025-07-09 17:11:21.577] [jointLog] [warning] read d381bbf3-0595-479b-8804-5b26fede49d9 (length 8532 - align length 8493) has no trained error model
[2025-07-09 17:11:21.577] [jointLog] [warning] read d381bbf3-0595-479b-8804-5b26fede49d9 (length 8532) has no trained clipping model
[2025-07-09 17:11:21.577] [jointLog] [warning] read d381bbf3-0595-479b-8804-5b26fede49d9 (length 8532) has no trained clipping model
[2025-07-09 17:11:21.577] [jointLog] [warning] read 532db680-2894-48f7-866a-c0cc9e30ac18 (length 9367 - align length 9311) has no trained error model
[2025-07-09 17:11:21.577] [jointLog] [warning] read 532db680-2894-48f7-866a-c0cc9e30ac18 (length 9367) has no trained clipping model
[2025-07-09 17:11:21.577] [jointLog] [warning] read 532db680-2894-48f7-866a-c0cc9e30ac18 (length 9367) has no trained clipping model
[2025-07-09 17:11:21.579] [jointLog] [warning] read 8feef6ca-75a4-496c-bee3-2f3c6034f223 (length 6020) has no trained clipping model
[2025-07-09 17:11:21.583] [jointLog] [warning] read b10303a7-550f-41a6-b54b-d8f77ab6f818 (length 7575 - align length 3393) has no trained error model
[2025-07-09 17:11:21.583] [jointLog] [warning] read b10303a7-550f-41a6-b54b-d8f77ab6f818 (length 7575) has no trained clipping model
[2025-07-09 17:11:21.583] [jointLog] [warning] read b10303a7-550f-41a6-b54b-d8f77ab6f818 (length 7575) has no trained clipping model
[2025-07-09 17:11:21.584] [jointLog] [warning] read 1d82c956-d323-4b5b-9bec-aa4866269e08 (length 6547 - align length 6547) has no trained error model
[2025-07-09 17:11:21.590] [jointLog] [warning] read b425c4c7-64cd-4578-a51a-54f12cb04676 (length 5204) has no trained clipping model
[2025-07-09 17:11:21.594] [jointLog] [warning] read 326e1fe3-275e-4318-b455-0482a810ea23 (length 5602) has no trained clipping model
[2025-07-09 17:11:21.599] [jointLog] [warning] read aeee0210-c14b-47ff-ab6b-72e57ee6472d (length 6886) has no trained clipping model
[2025-07-09 17:11:21.610] [jointLog] [warning] read b3446dd4-f112-4449-bb98-723776224bf3 (length 7568 - align length 7436) has no trained error model
[2025-07-09 17:11:21.624] [jointLog] [warning] read 7cf0bf5c-522e-4e8f-afa6-9d059f20c04d (length 5275) has no trained clipping model
[2025-07-09 17:11:21.624] [jointLog] [warning] read 8f9d83ec-e9b8-41a7-9a44-2bb369712c20 (length 7012 - align length 6946) has no trained error model
[2025-07-09 17:11:21.629] [jointLog] [warning] (in update()) CIGAR string for read [baff657e-324b-43ca-9a00-7775e4c6c6b6] seems inconsistent. It implied an error rate greater than 1: 1.27635 0.0013844 0.0484541
[2025-07-09 17:11:21.649] [jointLog] [warning] read 5576e293-6481-413a-82d3-fd3dc8884f24 (length 5856 - align length 5792) has no trained error model
[2025-07-09 17:11:21.649] [jointLog] [warning] read 5576e293-6481-413a-82d3-fd3dc8884f24 (length 5856) has no trained clipping model
[2025-07-09 17:11:21.649] [jointLog] [warning] read 5576e293-6481-413a-82d3-fd3dc8884f24 (length 5856) has no trained clipping model
[2025-07-09 17:11:21.658] [jointLog] [warning] read 440ad412-63d2-4084-8a84-80366ec7bc10 (length 6133 - align length 6133) has no trained error model
[2025-07-09 17:11:21.669] [jointLog] [warning] read f3f8e30d-3355-46a5-9d03-70a49226c808 (length 8412 - align length 8204) has no trained error model
[2025-07-09 17:11:21.669] [jointLog] [warning] read f3f8e30d-3355-46a5-9d03-70a49226c808 (length 8412) has no trained clipping model
[2025-07-09 17:11:21.669] [jointLog] [warning] read f3f8e30d-3355-46a5-9d03-70a49226c808 (length 8412) has no trained clipping model
[2025-07-09 17:11:21.672] [jointLog] [warning] read c6b752aa-b20b-40f2-a6fb-40b9619ae88a (length 8128 - align length 8108) has no trained error model
[2025-07-09 17:11:21.672] [jointLog] [warning] read c6b752aa-b20b-40f2-a6fb-40b9619ae88a (length 8128) has no trained clipping model
[2025-07-09 17:11:21.672] [jointLog] [warning] read c6b752aa-b20b-40f2-a6fb-40b9619ae88a (length 8128) has no trained clipping model
[2025-07-09 17:11:21.344] [fileLog] [info] quantification processed 0 fragments so far

[2025-07-09 17:11:21.701] [jointLog] [warning] read ce78b531-6026-450f-b7a3-eab815f18dff (length 9644 - align length 9566) has no trained error model
[2025-07-09 17:11:21.701] [jointLog] [warning] read ce78b531-6026-450f-b7a3-eab815f18dff (length 9644) has no trained clipping model
[2025-07-09 17:11:21.701] [jointLog] [warning] read ce78b531-6026-450f-b7a3-eab815f18dff (length 9644) has no trained clipping model
[2025-07-09 17:11:21.733] [jointLog] [warning] read 63931268-fda6-4b11-91d6-1c1e26e80142 (length 9299 - align length 121) has no trained error model
[2025-07-09 17:11:21.733] [jointLog] [warning] read 63931268-fda6-4b11-91d6-1c1e26e80142 (length 9299) has no trained clipping model
[2025-07-09 17:11:21.733] [jointLog] [warning] read 63931268-fda6-4b11-91d6-1c1e26e80142 (length 9299) has no trained clipping model
[2025-07-09 17:11:21.745] [jointLog] [warning] read ceb7e7d4-7be3-4839-a92c-b631457eb4c6 (length 7383 - align length 7383) has no trained error model
[2025-07-09 17:11:21.745] [jointLog] [warning] read ceb7e7d4-7be3-4839-a92c-b631457eb4c6 (length 7383) has no trained clipping model
[2025-07-09 17:11:21.745] [jointLog] [warning] read ceb7e7d4-7be3-4839-a92c-b631457eb4c6 (length 7383) has no trained clipping model
[2025-07-09 17:11:21.762] [jointLog] [warning] read 913848ec-fb71-4edf-8765-a9312a1cd44f (length 10096 - align length 10084) has no trained error model
[2025-07-09 17:11:21.762] [jointLog] [warning] read 913848ec-fb71-4edf-8765-a9312a1cd44f (length 10096) has no trained clipping model
[2025-07-09 17:11:21.762] [jointLog] [warning] read 913848ec-fb71-4edf-8765-a9312a1cd44f (length 10096) has no trained clipping model
[2025-07-09 17:11:21.774] [jointLog] [warning] (in update()) CIGAR string for read [05d03065-0eea-4a76-a61e-47014e351be5] seems inconsistent. It implied an error rate greater than 1: 1.17604 0.0153322 0.0459966
[2025-07-09 17:11:21.777] [jointLog] [warning] read 05cb1955-e76a-4804-9439-28c4fc83a09c (length 5297) has no trained clipping model
[2025-07-09 17:11:21.780] [jointLog] [warning] read 24cdff9c-b9f8-4a2d-a6c7-f8f5d535f3c4 (length 8202 - align length 8098) has no trained error model
[2025-07-09 17:11:21.780] [jointLog] [warning] read 24cdff9c-b9f8-4a2d-a6c7-f8f5d535f3c4 (length 8202) has no trained clipping model
[2025-07-09 17:11:21.780] [jointLog] [warning] read 24cdff9c-b9f8-4a2d-a6c7-f8f5d535f3c4 (length 8202) has no trained clipping model
[2025-07-09 17:11:21.783] [jointLog] [warning] (in update()) CIGAR string for read [124329bd-709a-42a1-93d5-8c085e5b2572] seems inconsistent. It implied an error rate greater than 1: 1.07044 0.0131062 0.0380079
[2025-07-09 17:11:21.804] [jointLog] [warning] (in update()) CIGAR string for read [48886acb-c849-429d-9f3e-fecafbe4698e] seems inconsistent. It implied an error rate greater than 1: 1.13835 0.00862069 0.00689655
[2025-07-09 17:11:21.806] [jointLog] [warning] read 649c3033-b602-42dc-bf77-dec92b569346 (length 8402 - align length 8354) has no trained error model
[2025-07-09 17:11:21.846] [jointLog] [warning] read 9cc70387-13af-416c-941d-66facc44ea84 (length 6901 - align length 3568) has no trained error model
[2025-07-09 17:11:21.846] [jointLog] [warning] read 9cc70387-13af-416c-941d-66facc44ea84 (length 6901) has no trained clipping model
[2025-07-09 17:11:21.846] [jointLog] [warning] read 9cc70387-13af-416c-941d-66facc44ea84 (length 6901) has no trained clipping model
[2025-07-09 17:11:21.850] [jointLog] [warning] read 48ec5bd9-5f1d-4049-bb1d-f4a5a8a3caa5 (length 8042 - align length 8021) has no trained error model
[2025-07-09 17:11:21.850] [jointLog] [warning] read 48ec5bd9-5f1d-4049-bb1d-f4a5a8a3caa5 (length 8042) has no trained clipping model
[2025-07-09 17:11:21.850] [jointLog] [warning] read 48ec5bd9-5f1d-4049-bb1d-f4a5a8a3caa5 (length 8042) has no trained clipping model
[2025-07-09 17:11:21.855] [jointLog] [warning] read 4c96db51-ec33-4755-af32-9be83e6d47f7 (length 6740) has no trained clipping model
[2025-07-09 17:11:21.855] [jointLog] [warning] read 4c96db51-ec33-4755-af32-9be83e6d47f7 (length 6740) has no trained clipping model
[2025-07-09 17:11:21.862] [jointLog] [warning] read 85f9796d-5262-4284-af23-18ae1d90a260 (length 6778) has no trained clipping model
[2025-07-09 17:11:21.865] [jointLog] [warning] read 5b8e33f7-af22-4fdf-9446-b2880e831994 (length 7418) has no trained clipping model
[2025-07-09 17:11:21.870] [jointLog] [warning] read d2216cd4-d189-43f4-ae11-ef92a4a3e88d (length 8093 - align length 7992) has no trained error model
[2025-07-09 17:11:21.875] [jointLog] [warning] read 3507f923-b2cd-4a31-a199-f3df0102d256 (length 6623 - align length 6604) has no trained error model
[2025-07-09 17:11:21.875] [jointLog] [warning] read 3507f923-b2cd-4a31-a199-f3df0102d256 (length 6623) has no trained clipping model
[2025-07-09 17:11:21.875] [jointLog] [warning] read 3507f923-b2cd-4a31-a199-f3df0102d256 (length 6623) has no trained clipping model
[2025-07-09 17:11:21.892] [jointLog] [warning] read 0fd5e867-dc9c-408c-9c1b-23bbd1065e8e (length 5938 - align length 5888) has no trained error model
[2025-07-09 17:11:21.893] [jointLog] [warning] read 35b471e7-750c-4f4d-aef2-d3bc918dd0fd (length 6669) has no trained clipping model
[2025-07-09 17:11:21.905] [jointLog] [warning] (in update()) CIGAR string for read [8d748242-80fa-4106-a559-9b93cc00f10d] seems inconsistent. It implied an error rate greater than 1: 1.12441 0.0147465 0.00368664
[2025-07-09 17:11:21.956] [jointLog] [warning] (in update()) CIGAR string for read [5d4195fa-b024-4dee-a3df-b1af69b0c7d0] seems inconsistent. It implied an error rate greater than 1: 1.21053 0.00371747 0.00743494
[2025-07-09 17:11:21.969] [jointLog] [warning] read b1df499d-5195-4cd5-9587-3ac3bab56a4c (length 7994 - align length 1242) has no trained error model
[2025-07-09 17:11:21.969] [jointLog] [warning] read b1df499d-5195-4cd5-9587-3ac3bab56a4c (length 7994) has no trained clipping model
[2025-07-09 17:11:21.969] [jointLog] [warning] read b1df499d-5195-4cd5-9587-3ac3bab56a4c (length 7994) has no trained clipping model
[2025-07-09 17:11:21.977] [jointLog] [warning] (in update()) CIGAR string for read [2a2b653c-9e8c-4821-9e34-480a39ca455d] seems inconsistent. It implied an error rate greater than 1: 1.14462 0.00324675 0.0762987
[2025-07-09 17:11:22.005] [jointLog] [warning] (in update()) CIGAR string for read [9aefa89d-f72b-4344-954e-60af289b2ed7] seems inconsistent. It implied an error rate greater than 1: 1.08784 0.00833333 0.005
[2025-07-09 17:11:22.042] [jointLog] [warning] (in update()) CIGAR string for read [7eb84221-a05a-42e4-96be-bb65e3fe1b29] seems inconsistent. It implied an error rate greater than 1: 2.09566 0 0.00539811
[2025-07-09 17:11:22.054] [jointLog] [warning] read 96f02eaf-7d93-4cd8-a513-199fb4c821cd (length 10290 - align length 10229) has no trained error model
[2025-07-09 17:11:22.054] [jointLog] [warning] read 96f02eaf-7d93-4cd8-a513-199fb4c821cd (length 10290) has no trained clipping model
[2025-07-09 17:11:22.054] [jointLog] [warning] read 96f02eaf-7d93-4cd8-a513-199fb4c821cd (length 10290) has no trained clipping model
[2025-07-09 17:11:22.058] [jointLog] [warning] read 15b42c42-25ff-451a-a677-00f952d0a454 (length 6940 - align length 6900) has no trained error model
[2025-07-09 17:11:22.058] [jointLog] [warning] read ec15a523-f695-472e-b946-c1ab4db63c14 (length 7155 - align length 7133) has no trained error model
[2025-07-09 17:11:22.060] [jointLog] [warning] read 859b0b9d-7ae6-4a77-af15-9def818e5d59 (length 8786 - align length 8719) has no trained error model
[2025-07-09 17:11:22.060] [jointLog] [warning] read 859b0b9d-7ae6-4a77-af15-9def818e5d59 (length 8786) has no trained clipping model
[2025-07-09 17:11:22.060] [jointLog] [warning] read 859b0b9d-7ae6-4a77-af15-9def818e5d59 (length 8786) has no trained clipping model
[2025-07-09 17:11:22.076] [jointLog] [warning] read 64c0c699-e041-4a98-b5d6-4e10b53a8223 (length 8166 - align length 7863) has no trained error model
[2025-07-09 17:11:22.076] [jointLog] [warning] read 64c0c699-e041-4a98-b5d6-4e10b53a8223 (length 8166) has no trained clipping model
[2025-07-09 17:11:22.086] [jointLog] [warning] read 5c587788-3111-4e41-a7ea-ef056eb1d1d4 (length 8269) has no trained clipping model
[2025-07-09 17:11:22.093] [jointLog] [warning] read 70704f51-f43f-43df-b7b2-70268c2faed4 (length 9287 - align length 9218) has no trained error model
[2025-07-09 17:11:22.093] [jointLog] [warning] read 70704f51-f43f-43df-b7b2-70268c2faed4 (length 9287) has no trained clipping model
[2025-07-09 17:11:22.094] [jointLog] [warning] (in update()) CIGAR string for read [acd0a486-3987-4d06-bb9b-8fcea2f962e8] seems inconsistent. It implied an error rate greater than 1: 2.49708 0.00041684 0
[2025-07-09 17:11:22.120] [jointLog] [warning] (in update()) CIGAR string for read [b4888dcb-66d8-42b9-8cdd-2ffed961fa4e] seems inconsistent. It implied an error rate greater than 1: 1.13636 0.0152542 0.0152542
[2025-07-09 17:11:22.131] [jointLog] [warning] read 16e3093d-db12-4585-87ad-905cdd463c5e (length 8378 - align length 8352) has no trained error model
[2025-07-09 17:11:22.131] [jointLog] [warning] read 16e3093d-db12-4585-87ad-905cdd463c5e (length 8378) has no trained clipping model
[2025-07-09 17:11:22.131] [jointLog] [warning] read 16e3093d-db12-4585-87ad-905cdd463c5e (length 8378) has no trained clipping model
[2025-07-09 17:11:22.144] [jointLog] [warning] read 09c7c823-990e-4370-9912-47e34059a1be (length 10055) has no trained clipping model
[2025-07-09 17:11:22.153] [jointLog] [warning] read dcfb3043-59f4-43ca-a651-ca54942ef6e0 (length 7424) has no trained clipping model
[2025-07-09 17:11:22.156] [jointLog] [warning] read 27db90d2-0d8c-414d-b6b8-f3cbd47ab2b4 (length 10108 - align length 10052) has no trained error model
[2025-07-09 17:11:22.156] [jointLog] [warning] read 27db90d2-0d8c-414d-b6b8-f3cbd47ab2b4 (length 10108) has no trained clipping model
[2025-07-09 17:11:22.156] [jointLog] [warning] read 27db90d2-0d8c-414d-b6b8-f3cbd47ab2b4 (length 10108) has no trained clipping model
[2025-07-09 17:11:22.167] [jointLog] [warning] read 498d19d0-4a63-4f1b-b53e-b7737735c662 (length 10544 - align length 3472) has no trained error model
[2025-07-09 17:11:22.167] [jointLog] [warning] read 498d19d0-4a63-4f1b-b53e-b7737735c662 (length 10544) has no trained clipping model
[2025-07-09 17:11:22.167] [jointLog] [warning] read 498d19d0-4a63-4f1b-b53e-b7737735c662 (length 10544) has no trained clipping model
[2025-07-09 17:11:22.220] [jointLog] [warning] read 3bb2d616-43e7-4820-8a53-6630eb827bbe (length 8992 - align length 8899) has no trained error model
[2025-07-09 17:11:22.220] [jointLog] [warning] read 3bb2d616-43e7-4820-8a53-6630eb827bbe (length 8992) has no trained clipping model
[2025-07-09 17:11:22.220] [jointLog] [warning] read 3bb2d616-43e7-4820-8a53-6630eb827bbe (length 8992) has no trained clipping model
[2025-07-09 17:11:22.256] [jointLog] [warning] read 4ff5b8ed-77c1-4fac-a645-d275c7f1cdef (length 10205 - align length 10134) has no trained error model
[2025-07-09 17:11:22.256] [jointLog] [warning] read 4ff5b8ed-77c1-4fac-a645-d275c7f1cdef (length 10205) has no trained clipping model
[2025-07-09 17:11:22.258] [jointLog] [warning] (in update()) CIGAR string for read [01c3efe8-12cb-4c0d-b019-d4e51f30631d] seems inconsistent. It implied an error rate greater than 1: 1.48251 0 0.0261316
[2025-07-09 17:11:22.288] [jointLog] [warning] read 11dffeb8-c3bd-4da9-8b68-df50d3beef05 (length 11216 - align length 7238) has no trained error model
[2025-07-09 17:11:22.288] [jointLog] [warning] read 11dffeb8-c3bd-4da9-8b68-df50d3beef05 (length 11216) has no trained clipping model
[2025-07-09 17:11:22.288] [jointLog] [warning] read 11dffeb8-c3bd-4da9-8b68-df50d3beef05 (length 11216) has no trained clipping model
[2025-07-09 17:11:22.299] [jointLog] [warning] (in update()) CIGAR string for read [6125144e-9d55-4682-b1e7-75ddd981875e] seems inconsistent. It implied an error rate greater than 1: 1.32768 0.00803043 0.0194421
[2025-07-09 17:11:22.341] [jointLog] [warning] read b4fc4c4a-912a-4e8c-a358-ca637a85b6af (length 7316) has no trained clipping model
[2025-07-09 17:11:22.341] [jointLog] [warning] read b4fc4c4a-912a-4e8c-a358-ca637a85b6af (length 7316) has no trained clipping model
[2025-07-09 17:11:22.380] [jointLog] [warning] read f8b32861-f2ab-405c-8338-581f03221fad (length 8239) has no trained clipping model
[2025-07-09 17:11:22.383] [jointLog] [warning] (in update()) CIGAR string for read [17ed4ba5-6372-4a15-9aa1-1e1af1dd767c] seems inconsistent. It implied an error rate greater than 1: 1.34873 0 0.00468658
[2025-07-09 17:11:22.392] [jointLog] [warning] read 6d68999a-1430-4b8c-86a8-cf898e2bdec2 (length 9726 - align length 9726) has no trained error model
[2025-07-09 17:11:22.392] [jointLog] [warning] read 6d68999a-1430-4b8c-86a8-cf898e2bdec2 (length 9726) has no trained clipping model
[2025-07-09 17:11:22.392] [jointLog] [warning] read 6d68999a-1430-4b8c-86a8-cf898e2bdec2 (length 9726) has no trained clipping model
[2025-07-09 17:11:22.438] [jointLog] [warning] read b134e390-347d-4f34-a29f-e4305854c547 (length 7933) has no trained clipping model
[2025-07-09 17:11:22.448] [jointLog] [warning] read e76289b4-f8a1-4f66-8ea5-3c830d928908 (length 10163 - align length 9600) has no trained error model
[2025-07-09 17:11:22.448] [jointLog] [warning] read e76289b4-f8a1-4f66-8ea5-3c830d928908 (length 10163) has no trained clipping model
[2025-07-09 17:11:22.481] [jointLog] [warning] read 97280331-3885-4000-90e1-8a1e52ccc121 (length 7338) has no trained clipping model
[2025-07-09 17:11:22.515] [jointLog] [warning] read 996dbb7a-eae5-4c19-bea4-ef4aa913c1a6 (length 7870 - align length 7850) has no trained error model
[2025-07-09 17:11:22.515] [jointLog] [warning] read 996dbb7a-eae5-4c19-bea4-ef4aa913c1a6 (length 7870) has no trained clipping model
[2025-07-09 17:11:22.515] [jointLog] [warning] read 996dbb7a-eae5-4c19-bea4-ef4aa913c1a6 (length 7870) has no trained clipping model
[2025-07-09 17:11:22.590] [jointLog] [warning] read 510f89fd-4e11-4342-afe2-009a4d12b5d1 (length 7813 - align length 7726) has no trained error model
[2025-07-09 17:11:22.590] [jointLog] [warning] read 510f89fd-4e11-4342-afe2-009a4d12b5d1 (length 7813) has no trained clipping model
[2025-07-09 17:11:22.618] [jointLog] [warning] (in update()) CIGAR string for read [3a7b7b22-0eac-4d5c-a719-2978e50c2a58] seems inconsistent. It implied an error rate greater than 1: 1.03671 0.00132979 0.0930851
[2025-07-09 17:11:22.628] [jointLog] [warning] read 6939f298-fe9f-4675-9e72-35e06088064d (length 7363) has no trained clipping model
[2025-07-09 17:11:22.679] [jointLog] [warning] read fb9734a2-7ea3-45d4-a1c8-b2288f67c862 (length 10189 - align length 9983) has no trained error model
[2025-07-09 17:11:22.692] [jointLog] [warning] (in update()) CIGAR string for read [ed60d7f8-dadb-42d0-a5f5-f11c9c43d5ff] seems inconsistent. It implied an error rate greater than 1: 1.34999 0 0.00555231
[2025-07-09 17:11:22.703] [jointLog] [warning] read 9dfe3cae-5379-474c-ae5f-da6574e1a925 (length 8315) has no trained clipping model
[2025-07-09 17:11:22.764] [jointLog] [warning] read d98a2675-5340-4064-8285-ea387cbd0420 (length 9124 - align length 940) has no trained error model
[2025-07-09 17:11:22.764] [jointLog] [warning] read d98a2675-5340-4064-8285-ea387cbd0420 (length 9124) has no trained clipping model
[2025-07-09 17:11:22.764] [jointLog] [warning] read d98a2675-5340-4064-8285-ea387cbd0420 (length 9124) has no trained clipping model
[2025-07-09 17:11:22.766] [jointLog] [warning] read b34bfcd2-f2a0-4a5e-9d03-61d0c94650f5 (length 10953 - align length 10847) has no trained error model
[2025-07-09 17:11:22.766] [jointLog] [warning] read b34bfcd2-f2a0-4a5e-9d03-61d0c94650f5 (length 10953) has no trained clipping model
[2025-07-09 17:11:22.766] [jointLog] [warning] read b34bfcd2-f2a0-4a5e-9d03-61d0c94650f5 (length 10953) has no trained clipping model
[2025-07-09 17:11:22.783] [jointLog] [warning] (in update()) CIGAR string for read [4696b5dd-a987-4f69-a214-dd2fb385b7d4] seems inconsistent. It implied an error rate greater than 1: 1.2969 0 0.00603622
[2025-07-09 17:11:22.819] [jointLog] [warning] read c4cf17fe-f880-49d3-8770-60e01f7901d9 (length 8543) has no trained clipping model
[2025-07-09 17:11:22.847] [jointLog] [warning] (in update()) CIGAR string for read [a449b00b-dd2c-4b03-919c-12afcab04c8b] seems inconsistent. It implied an error rate greater than 1: 1.35928 0 0.0122771
[2025-07-09 17:11:22.878] [jointLog] [warning] read cdacc769-8e34-4398-bf93-0af851c351b8 (length 7717 - align length 7715) has no trained error model
[2025-07-09 17:11:22.878] [jointLog] [warning] read cdacc769-8e34-4398-bf93-0af851c351b8 (length 7717) has no trained clipping model
[2025-07-09 17:11:22.878] [jointLog] [warning] read cdacc769-8e34-4398-bf93-0af851c351b8 (length 7717) has no trained clipping model
[2025-07-09 17:11:22.902] [jointLog] [warning] read f4da8e7e-7b25-4a63-9097-70d9725f8b19 (length 11321 - align length 11263) has no trained error model
[2025-07-09 17:11:22.902] [jointLog] [warning] read f4da8e7e-7b25-4a63-9097-70d9725f8b19 (length 11321) has no trained clipping model
[2025-07-09 17:11:22.902] [jointLog] [warning] read f4da8e7e-7b25-4a63-9097-70d9725f8b19 (length 11321) has no trained clipping model
[2025-07-09 17:11:22.950] [jointLog] [warning] (in update()) CIGAR string for read [08671cab-1780-4991-aa5a-fbcb98a67806] seems inconsistent. It implied an error rate greater than 1: 1.12412 0 0.0510524
[2025-07-09 17:11:22.968] [jointLog] [warning] read 5229cdb8-286e-4038-9d62-e65f06d20ca4 (length 8559 - align length 8503) has no trained error model
[2025-07-09 17:11:23.053] [jointLog] [warning] read 7ecfe4c0-44cb-4aab-9dc9-76035daaaa6a (length 9301 - align length 9151) has no trained error model
[2025-07-09 17:11:23.073] [jointLog] [warning] read cc302ed8-5195-42a0-ac50-4e84fa509027 (length 7760) has no trained clipping model
[2025-07-09 17:11:23.118] [jointLog] [warning] (in update()) CIGAR string for read [5ee8f0ab-f780-473c-9094-ae28b2cb87d6] seems inconsistent. It implied an error rate greater than 1: 1.11522 0.0133749 0.0347749
[2025-07-09 17:11:23.154] [jointLog] [warning] (in update()) CIGAR string for read [2e1ce831-e1f7-4bc2-9288-b467c6456d3c] seems inconsistent. It implied an error rate greater than 1: 1.34675 0 0.00642336
[2025-07-09 17:11:23.251] [jointLog] [warning] read a91cf738-36ce-4f6f-9c1f-fd77c91dc2fb (length 9364 - align length 8994) has no trained error model
[2025-07-09 17:11:23.251] [jointLog] [warning] (in update()) CIGAR string for read [1a36345f-5ee1-46ee-9ba6-a93dbea7c8af] seems inconsistent. It implied an error rate greater than 1: 1.01507 0.0106195 0.0495575
[2025-07-09 17:11:23.278] [jointLog] [warning] read b4f4d9d1-29ab-44c3-bff8-c4e1270db4f7 (length 9522 - align length 1444) has no trained error model
[2025-07-09 17:11:23.278] [jointLog] [warning] read b4f4d9d1-29ab-44c3-bff8-c4e1270db4f7 (length 9522) has no trained clipping model
[2025-07-09 17:11:23.278] [jointLog] [warning] read b4f4d9d1-29ab-44c3-bff8-c4e1270db4f7 (length 9522) has no trained clipping model
[2025-07-09 17:11:23.312] [jointLog] [warning] (in update()) CIGAR string for read [1478e09e-c15e-46f6-b55c-50a331235834] seems inconsistent. It implied an error rate greater than 1: 1.34654 0.00349345 0.00436681
[2025-07-09 17:11:23.325] [jointLog] [warning] read 70bfb675-a53f-431d-8c9e-28cab3f312a3 (length 10546) has no trained clipping model
[2025-07-09 17:11:23.343] [jointLog] [warning] read e4d5561c-72bc-48b7-9a01-0e0b85aeb1a9 (length 13126 - align length 11558) has no trained error model
[2025-07-09 17:11:23.343] [jointLog] [warning] read e4d5561c-72bc-48b7-9a01-0e0b85aeb1a9 (length 13126) has no trained clipping model
[2025-07-09 17:11:23.343] [jointLog] [warning] read e4d5561c-72bc-48b7-9a01-0e0b85aeb1a9 (length 13126) has no trained clipping model
[2025-07-09 17:11:22.952] [fileLog] [info] quantification processed 1000000 fragments so far

[2025-07-09 17:11:23.499] [jointLog] [warning] read c1f7cceb-6832-4edd-995f-ba09d7514b58 (length 9471 - align length 9429) has no trained error model
[2025-07-09 17:11:23.499] [jointLog] [warning] read c1f7cceb-6832-4edd-995f-ba09d7514b58 (length 9471) has no trained clipping model
[2025-07-09 17:11:23.499] [jointLog] [warning] read c1f7cceb-6832-4edd-995f-ba09d7514b58 (length 9471) has no trained clipping model
[2025-07-09 17:11:23.502] [jointLog] [warning] read 642cc775-a6a7-4ccc-9908-dd87e21967e2 (length 8938 - align length 8916) has no trained error model
[2025-07-09 17:11:23.673] [jointLog] [warning] read 7484c958-5e02-49b5-b4b1-2b8b1e739f0c (length 12207 - align length 10055) has no trained error model
[2025-07-09 17:11:23.673] [jointLog] [warning] read 7484c958-5e02-49b5-b4b1-2b8b1e739f0c (length 12207) has no trained clipping model
[2025-07-09 17:11:23.673] [jointLog] [warning] read 7484c958-5e02-49b5-b4b1-2b8b1e739f0c (length 12207) has no trained clipping model
[2025-07-09 17:11:23.693] [jointLog] [warning] (in update()) CIGAR string for read [d401b578-536c-4e60-86f7-9c1d30e1f364] seems inconsistent. It implied an error rate greater than 1: 1.37169 0 0.00679268
[2025-07-09 17:11:23.790] [jointLog] [warning] (in update()) CIGAR string for read [9affd481-dad2-42e2-90ab-2402122756dd] seems inconsistent. It implied an error rate greater than 1: 1.78123 0.000361272 0.0220376
[2025-07-09 17:11:23.837] [jointLog] [warning] (in update()) CIGAR string for read [1fb85901-699d-4213-872d-4461f5037ca4] seems inconsistent. It implied an error rate greater than 1: 1.34568 0 0.00351494
[2025-07-09 17:11:23.844] [jointLog] [warning] (in update()) CIGAR string for read [099cf7b2-1bb3-45b5-8165-33fbd5dbf66e] seems inconsistent. It implied an error rate greater than 1: 1.35233 0 0
[2025-07-09 17:11:23.903] [jointLog] [warning] read 3c617051-6c29-4db7-9e72-9f5c82716cd0 (length 8836 - align length 8788) has no trained error model
[2025-07-09 17:11:23.903] [jointLog] [warning] read 3c617051-6c29-4db7-9e72-9f5c82716cd0 (length 8836) has no trained clipping model
[2025-07-09 17:11:23.903] [jointLog] [warning] read 3c617051-6c29-4db7-9e72-9f5c82716cd0 (length 8836) has no trained clipping model
[2025-07-09 17:11:23.942] [jointLog] [warning] (in update()) CIGAR string for read [44def9b8-a495-497b-bd19-0e3c91cd926a] seems inconsistent. It implied an error rate greater than 1: 1.37366 0 0.000594177
[2025-07-09 17:11:24.029] [jointLog] [warning] (in update()) CIGAR string for read [106e7656-0e1f-48a5-a518-9de2a2b2828b] seems inconsistent. It implied an error rate greater than 1: 1.19048 0.0123457 0.0246914
[2025-07-09 17:11:24.036] [jointLog] [warning] (in update()) CIGAR string for read [ded202ef-cbec-49cb-a14a-ccf8e4145c4f] seems inconsistent. It implied an error rate greater than 1: 1.08054 0.00151745 0.0940819
[2025-07-09 17:11:24.076] [jointLog] [warning] (in update()) CIGAR string for read [5402c2c9-50f8-4660-8566-28fbb19a9377] seems inconsistent. It implied an error rate greater than 1: 1.35181 0 0.00586338
[2025-07-09 17:11:24.114] [jointLog] [warning] read 2e1a2b8e-bc20-4fc6-b6f5-b5c438e4bb40 (length 8770 - align length 8618) has no trained error model
[2025-07-09 17:11:24.114] [jointLog] [warning] read 2e1a2b8e-bc20-4fc6-b6f5-b5c438e4bb40 (length 8770) has no trained clipping model
[2025-07-09 17:11:24.350] [jointLog] [warning] read 409408e6-fb26-46e5-be39-330926717335 (length 10480 - align length 509) has no trained error model
[2025-07-09 17:11:24.350] [jointLog] [warning] read 409408e6-fb26-46e5-be39-330926717335 (length 10480) has no trained clipping model
[2025-07-09 17:11:24.350] [jointLog] [warning] read 409408e6-fb26-46e5-be39-330926717335 (length 10480) has no trained clipping model
[2025-07-09 17:11:24.475] [jointLog] [warning] read 423cd97c-ba52-4662-b491-4517e417de94 (length 13253 - align length 13183) has no trained error model
[2025-07-09 17:11:24.475] [jointLog] [warning] read 423cd97c-ba52-4662-b491-4517e417de94 (length 13253) has no trained clipping model
[2025-07-09 17:11:24.475] [jointLog] [warning] read 423cd97c-ba52-4662-b491-4517e417de94 (length 13253) has no trained clipping model
[2025-07-09 17:11:24.565] [jointLog] [warning] read 7f5d4b8a-cd03-4250-9c24-5d63aaf170cf (length 12565 - align length 10912) has no trained error model
[2025-07-09 17:11:24.565] [jointLog] [warning] read 7f5d4b8a-cd03-4250-9c24-5d63aaf170cf (length 12565) has no trained clipping model
[2025-07-09 17:11:24.565] [jointLog] [warning] read 7f5d4b8a-cd03-4250-9c24-5d63aaf170cf (length 12565) has no trained clipping model
[2025-07-09 17:11:24.566] [jointLog] [warning] (in update()) CIGAR string for read [10d02398-dbce-4c79-9eef-f8497f3620b6] seems inconsistent. It implied an error rate greater than 1: 1.35765 0 0
[2025-07-09 17:11:24.739] [jointLog] [warning] (in update()) CIGAR string for read [d9df67f9-be43-476f-90ee-8762ffde45bd] seems inconsistent. It implied an error rate greater than 1: 1.01685 0 0.0356967
[2025-07-09 17:11:24.782] [jointLog] [warning] (in update()) CIGAR string for read [237331ef-d8d4-4d4e-b6f5-fd5c49096c8f] seems inconsistent. It implied an error rate greater than 1: 1.13908 0.0149502 0.0415282
[2025-07-09 17:11:24.824] [jointLog] [warning] read edd03d32-6941-4e21-b4ce-a1db1622f7ba (length 8877) has no trained clipping model
[2025-07-09 17:11:24.883] [jointLog] [warning] (in update()) CIGAR string for read [abd36728-9ea4-4a3e-9870-ce46ece944bc] seems inconsistent. It implied an error rate greater than 1: 1.10955 0 0.00255591
[2025-07-09 17:11:24.884] [jointLog] [warning] (in update()) CIGAR string for read [68034ef1-bcd7-4777-b87b-53f12e89b75d] seems inconsistent. It implied an error rate greater than 1: 1.08027 0.00449102 0.100299
[2025-07-09 17:11:24.978] [jointLog] [warning] (in update()) CIGAR string for read [a6693a4c-82e3-4291-8339-5f084303133a] seems inconsistent. It implied an error rate greater than 1: 1.00598 0.000416493 0.0245731
[2025-07-09 17:11:25.053] [jointLog] [warning] (in update()) CIGAR string for read [fef5b5da-c9d2-4325-b6dd-aef22cf5f045] seems inconsistent. It implied an error rate greater than 1: 1.37117 0.000293427 0.0123239
[2025-07-09 17:11:25.079] [jointLog] [warning] (in update()) CIGAR string for read [a08c43c4-1957-4520-b956-e3a6b7a24f3f] seems inconsistent. It implied an error rate greater than 1: 1.1358 0.0154905 0.00860585
[2025-07-09 17:11:25.085] [jointLog] [warning] (in update()) CIGAR string for read [c6ad962b-32dd-4dbf-83a2-335f9868246e] seems inconsistent. It implied an error rate greater than 1: 1.35554 0.0011782 0.00382916
[2025-07-09 17:11:24.899] [fileLog] [info] quantification processed 2000000 fragments so far

[2025-07-09 17:11:25.136] [jointLog] [warning] (in update()) CIGAR string for read [c629ba2e-ee41-4e41-9912-157a28890838] seems inconsistent. It implied an error rate greater than 1: 1.23282 0.0119454 0.0938567
[2025-07-09 17:11:25.158] [jointLog] [warning] read a216b417-3486-4180-a13a-b8e223acc2f4 (length 9443) has no trained clipping model
[2025-07-09 17:11:25.172] [jointLog] [warning] (in update()) CIGAR string for read [6c9b3fb8-18dd-4173-8535-04e066235dcc] seems inconsistent. It implied an error rate greater than 1: 1.18033 0.0159574 0.0106383
[2025-07-09 17:11:25.174] [jointLog] [warning] (in update()) CIGAR string for read [8ffaee25-67d9-49c6-b560-cf9998e46096] seems inconsistent. It implied an error rate greater than 1: 1.62452 0 0.0349702
[2025-07-09 17:11:25.222] [jointLog] [warning] (in update()) CIGAR string for read [5910e6df-f1b1-4549-870c-a34220d1c163] seems inconsistent. It implied an error rate greater than 1: 1.15356 0.000996016 0.0747012
[2025-07-09 17:11:25.358] [jointLog] [warning] (in update()) CIGAR string for read [f96d8f51-bfe0-4fd1-82ff-ebb9f2e29e76] seems inconsistent. It implied an error rate greater than 1: 1.36521 0 0.00914994
[2025-07-09 17:11:25.361] [jointLog] [warning] (in update()) CIGAR string for read [332606bc-07fa-4946-95bb-18b64ba6204c] seems inconsistent. It implied an error rate greater than 1: 1.27404 0 0.0100215
[2025-07-09 17:11:25.411] [jointLog] [warning] read b3525c76-861e-4574-8599-fe78c8496a86 (length 10022) has no trained clipping model
[2025-07-09 17:11:25.545] [jointLog] [warning] read 6c392a2c-4458-45dd-b03a-3d38473b7066 (length 11904 - align length 11904) has no trained error model
[2025-07-09 17:11:25.545] [jointLog] [warning] read 6c392a2c-4458-45dd-b03a-3d38473b7066 (length 11904) has no trained clipping model
[2025-07-09 17:11:25.545] [jointLog] [warning] read 6c392a2c-4458-45dd-b03a-3d38473b7066 (length 11904) has no trained clipping model
[2025-07-09 17:11:25.575] [jointLog] [warning] (in update()) CIGAR string for read [13f5ba60-c28d-42ce-94ad-b7b708a0c086] seems inconsistent. It implied an error rate greater than 1: 1.34593 0 0.0157368
[2025-07-09 17:11:25.610] [jointLog] [warning] read b0f80758-01a6-4005-9384-174ae575bf72 (length 8895) has no trained clipping model
[2025-07-09 17:11:25.622] [jointLog] [warning] read e0e88c33-2a1e-47c2-96b9-36cf21fa37aa (length 12208 - align length 12140) has no trained error model
[2025-07-09 17:11:25.740] [jointLog] [warning] (in update()) CIGAR string for read [df1a9f7b-1ac4-452c-ae27-1765eade5bd5] seems inconsistent. It implied an error rate greater than 1: 1.1358 0.0152801 0.0220713
[2025-07-09 17:11:25.840] [jointLog] [warning] read 805d3710-1d7c-4fe5-ad3e-6faedcda497f (length 9763) has no trained clipping model
[2025-07-09 17:11:25.840] [jointLog] [warning] read 805d3710-1d7c-4fe5-ad3e-6faedcda497f (length 9763) has no trained clipping model
[2025-07-09 17:11:26.051] [jointLog] [warning] read aad1b89a-42b3-4f72-a6e5-f1f1cd5e1146 (length 10789 - align length 10738) has no trained error model
[2025-07-09 17:11:26.051] [jointLog] [warning] read aad1b89a-42b3-4f72-a6e5-f1f1cd5e1146 (length 10789) has no trained clipping model
[2025-07-09 17:11:26.051] [jointLog] [warning] read aad1b89a-42b3-4f72-a6e5-f1f1cd5e1146 (length 10789) has no trained clipping model
[2025-07-09 17:11:26.140] [jointLog] [warning] (in update()) CIGAR string for read [3dc3c5df-f1ac-4fa3-9878-9bc64e1d01df] seems inconsistent. It implied an error rate greater than 1: 1.34705 0.00408282 0.00349956
[2025-07-09 17:11:26.183] [jointLog] [warning] read 519f00d2-df5d-4f8f-9022-659f13582324 (length 10921) has no trained clipping model
[2025-07-09 17:11:26.198] [jointLog] [warning] (in update()) CIGAR string for read [2bd98437-42b9-4f6b-b3d5-d003574f04ec] seems inconsistent. It implied an error rate greater than 1: 1.37287 0 0.00327576
[2025-07-09 17:11:26.275] [jointLog] [warning] (in update()) CIGAR string for read [c61dc5fb-9f8d-4ca6-afdc-2f0bd0f785b9] seems inconsistent. It implied an error rate greater than 1: 1.3806 0 0.0213263
[2025-07-09 17:11:26.349] [jointLog] [warning] read 46bc6b9a-c86f-42b5-b302-37b282cb63f4 (length 8889) has no trained clipping model
[2025-07-09 17:11:26.374] [jointLog] [warning] (in update()) CIGAR string for read [217a29c3-ca78-40ac-bbf1-b53fc26ce442] seems inconsistent. It implied an error rate greater than 1: 1.36595 0 0.0014806
[2025-07-09 17:11:26.420] [jointLog] [warning] read b37bcec9-af2d-4001-9e93-207de5fa7e85 (length 9762) has no trained clipping model
[2025-07-09 17:11:26.585] [jointLog] [warning] (in update()) CIGAR string for read [242bc7af-d44f-4ab8-ba7f-d8c1a26a8501] seems inconsistent. It implied an error rate greater than 1: 1.75956 0.2375 0
[2025-07-09 17:11:26.747] [jointLog] [warning] (in update()) CIGAR string for read [3ed5df87-9b3e-4125-bebf-6ea9cd238650] seems inconsistent. It implied an error rate greater than 1: 1.34605 0 0.0184385
[2025-07-09 17:11:26.752] [jointLog] [warning] (in update()) CIGAR string for read [4fdfff1a-a2e5-4c71-a233-aa90cfa439aa] seems inconsistent. It implied an error rate greater than 1: 1.35001 0 0.0113504
[2025-07-09 17:11:26.774] [fileLog] [info] quantification processed 3000000 fragments so far

[2025-07-09 17:11:26.795] [jointLog] [warning] (in update()) CIGAR string for read [66ab567f-2651-421f-8e5d-3543c0652da1] seems inconsistent. It implied an error rate greater than 1: 1.35796 0.000289519 0.0162131
[2025-07-09 17:11:26.833] [jointLog] [warning] (in update()) CIGAR string for read [afde652e-de5f-44a8-8d74-9c436685199d] seems inconsistent. It implied an error rate greater than 1: 1.36361 0 0.00590145
[2025-07-09 17:11:26.868] [jointLog] [warning] (in update()) CIGAR string for read [fbc706f4-e8f9-43ba-aa76-b626beac1e7a] seems inconsistent. It implied an error rate greater than 1: 1.09122 0.00995025 0.00829187
[2025-07-09 17:11:26.878] [jointLog] [warning] (in update()) CIGAR string for read [b39b109b-647e-4bf2-9273-a91165a40c33] seems inconsistent. It implied an error rate greater than 1: 1.35765 0 0.00384047
[2025-07-09 17:11:26.888] [jointLog] [warning] read add5c166-f62e-4497-b505-c71a51ddd8b0 (length 10396 - align length 3135) has no trained error model
[2025-07-09 17:11:26.888] [jointLog] [warning] read add5c166-f62e-4497-b505-c71a51ddd8b0 (length 10396) has no trained clipping model
[2025-07-09 17:11:26.888] [jointLog] [warning] read add5c166-f62e-4497-b505-c71a51ddd8b0 (length 10396) has no trained clipping model
[2025-07-09 17:11:26.950] [jointLog] [warning] (in update()) CIGAR string for read [c4563c5b-3ce3-4614-a12e-619cc475151a] seems inconsistent. It implied an error rate greater than 1: 1.34752 0.00115574 0.0144467
[2025-07-09 17:11:27.058] [jointLog] [warning] read 6512885d-b10b-48eb-8b7c-7fce41fa123a (length 11821 - align length 11627) has no trained error model
[2025-07-09 17:11:27.058] [jointLog] [warning] read 6512885d-b10b-48eb-8b7c-7fce41fa123a (length 11821) has no trained clipping model
[2025-07-09 17:11:27.058] [jointLog] [warning] read 6512885d-b10b-48eb-8b7c-7fce41fa123a (length 11821) has no trained clipping model
[2025-07-09 17:11:27.082] [jointLog] [warning] (in update()) CIGAR string for read [de20ec19-d87f-4252-82c8-080d25ebe5af] seems inconsistent. It implied an error rate greater than 1: 1.32491 0.01748 0.00291333
[2025-07-09 17:11:27.131] [jointLog] [warning] (in update()) CIGAR string for read [447912e8-eb1c-43ef-a713-526fde6b6171] seems inconsistent. It implied an error rate greater than 1: 1.14536 0.00507614 0.0287648
[2025-07-09 17:11:27.162] [jointLog] [warning] (in update()) CIGAR string for read [e4172689-46bb-4d36-a6e0-f62a64656fca] seems inconsistent. It implied an error rate greater than 1: 1.35928 0 0.0148688
[2025-07-09 17:11:27.199] [jointLog] [warning] (in update()) CIGAR string for read [2d975b06-9626-4df6-8fad-cfb649f0ad82] seems inconsistent. It implied an error rate greater than 1: 1.35993 0 0.00499853
[2025-07-09 17:11:27.209] [jointLog] [warning] read 07ac6820-d5f1-4384-88c7-cc3f8ab5c185 (length 12150 - align length 12150) has no trained error model
[2025-07-09 17:11:27.209] [jointLog] [warning] read 07ac6820-d5f1-4384-88c7-cc3f8ab5c185 (length 12150) has no trained clipping model
[2025-07-09 17:11:27.209] [jointLog] [warning] read 07ac6820-d5f1-4384-88c7-cc3f8ab5c185 (length 12150) has no trained clipping model
[2025-07-09 17:11:27.301] [jointLog] [warning] (in update()) CIGAR string for read [f8183613-b828-4aa9-a177-b0b29824a709] seems inconsistent. It implied an error rate greater than 1: 1.39018 0 0.0839232
[2025-07-09 17:11:27.373] [jointLog] [warning] (in update()) CIGAR string for read [e3d6e2dc-3642-463c-894f-4940a5c24c75] seems inconsistent. It implied an error rate greater than 1: 1.34458 0.000581226 0.00929962
[2025-07-09 17:11:27.378] [jointLog] [warning] (in update()) CIGAR string for read [03ad33f2-e492-48f1-a919-b13ac431f730] seems inconsistent. It implied an error rate greater than 1: 1.1706 0.0122592 0.0227671
[2025-07-09 17:11:27.515] [jointLog] [warning] (in update()) CIGAR string for read [f1ad4d24-dfa6-4512-9162-70533bf884fc] seems inconsistent. It implied an error rate greater than 1: 1.26763 0 0.0658845
[2025-07-09 17:11:27.569] [jointLog] [warning] (in update()) CIGAR string for read [9e4f2cf6-5ac8-47ed-93c9-e3f4f2db563f] seems inconsistent. It implied an error rate greater than 1: 1.28286 0.000976086 0.0707662
[2025-07-09 17:11:27.664] [jointLog] [warning] read eace2138-5f61-4306-adec-a398c54d6228 (length 12570 - align length 12555) has no trained error model
[2025-07-09 17:11:27.942] [jointLog] [warning] (in update()) CIGAR string for read [b5d3504a-5cfa-414c-977d-f532afc3b75a] seems inconsistent. It implied an error rate greater than 1: 2.16667 0.00277778 0.000555556
[2025-07-09 17:11:27.999] [jointLog] [warning] (in update()) CIGAR string for read [485d34bd-5892-4834-93cc-f38d76f4b108] seems inconsistent. It implied an error rate greater than 1: 1.35287 0 0.011069
[2025-07-09 17:11:28.017] [jointLog] [warning] (in update()) CIGAR string for read [f599404b-cf4a-4e15-808c-ced6f00e504f] seems inconsistent. It implied an error rate greater than 1: 1.05502 0.00627943 0.0235479
[2025-07-09 17:11:28.094] [jointLog] [warning] read eb1f86d9-0df0-451f-8344-88812c05d650 (length 12029 - align length 11980) has no trained error model
[2025-07-09 17:11:28.094] [jointLog] [warning] read eb1f86d9-0df0-451f-8344-88812c05d650 (length 12029) has no trained clipping model
[2025-07-09 17:11:28.094] [jointLog] [warning] read eb1f86d9-0df0-451f-8344-88812c05d650 (length 12029) has no trained clipping model
[2025-07-09 17:11:28.187] [jointLog] [warning] read f697f906-82cc-4be4-b32e-157df7dcac6f (length 10311) has no trained clipping model
[2025-07-09 17:11:28.194] [jointLog] [warning] read ed2de6cd-fb95-4131-8ae5-41c977343fdb (length 10855 - align length 4303) has no trained error model
[2025-07-09 17:11:28.194] [jointLog] [warning] read ed2de6cd-fb95-4131-8ae5-41c977343fdb (length 10855) has no trained clipping model
[2025-07-09 17:11:28.194] [jointLog] [warning] read ed2de6cd-fb95-4131-8ae5-41c977343fdb (length 10855) has no trained clipping model
[2025-07-09 17:11:28.240] [jointLog] [warning] read 1e82be88-22e8-4928-b4e3-10c095a6c82a (length 10276) has no trained clipping model
[2025-07-09 17:11:28.308] [jointLog] [warning] read 9bdb50bc-f89f-4eef-8488-26031961a6ae (length 10586 - align length 10517) has no trained error model
[2025-07-09 17:11:28.423] [jointLog] [warning] (in update()) CIGAR string for read [2d05ccdf-3d9b-4790-9b45-724ef78995ef] seems inconsistent. It implied an error rate greater than 1: 1.30766 0 0.0246046
[2025-07-09 17:11:28.618] [jointLog] [warning] (in update()) CIGAR string for read [e7d4c2f6-a316-4e90-ab1e-cf27ca00d94a] seems inconsistent. It implied an error rate greater than 1: 1.37261 0.0017673 0.0132548
[2025-07-09 17:11:28.636] [jointLog] [warning] (in update()) CIGAR string for read [53a4e707-1dd8-4897-b3d0-26e3fc70a11c] seems inconsistent. It implied an error rate greater than 1: 1.36188 0.00029656 0.00237248
[2025-07-09 17:11:28.672] [jointLog] [warning] (in update()) CIGAR string for read [55a042a7-9771-4f23-b656-26737fe6c530] seems inconsistent. It implied an error rate greater than 1: 1.36501 0 0.0146327
[2025-07-09 17:11:28.645] [fileLog] [info] quantification processed 4000000 fragments so far

[2025-07-09 17:11:28.992] [jointLog] [warning] (in update()) CIGAR string for read [8b152d80-6f00-4855-ba8d-bd478dbf0e6f] seems inconsistent. It implied an error rate greater than 1: 1.13527 0.00470958 0.0784929
[2025-07-09 17:11:29.133] [jointLog] [warning] (in update()) CIGAR string for read [caa36e0e-8aca-4bd7-9fd1-26a988f71d0f] seems inconsistent. It implied an error rate greater than 1: 1.35029 0 0.00380897
[2025-07-09 17:11:29.208] [jointLog] [warning] (in update()) CIGAR string for read [d485ecb9-a976-4392-8b18-07c26cb74dc6] seems inconsistent. It implied an error rate greater than 1: 1.35805 0 0.000885478
[2025-07-09 17:11:29.250] [jointLog] [warning] (in update()) CIGAR string for read [f3fd6bb1-ccb0-4e30-a413-375a5ad45f89] seems inconsistent. It implied an error rate greater than 1: 1.04258 0.00682128 0
[2025-07-09 17:11:29.287] [jointLog] [warning] read 42a415b0-8b3c-49f7-9c6d-7d9b0301a5fa (length 11548 - align length 11287) has no trained error model
[2025-07-09 17:11:29.287] [jointLog] [warning] read 42a415b0-8b3c-49f7-9c6d-7d9b0301a5fa (length 11548) has no trained clipping model
[2025-07-09 17:11:29.287] [jointLog] [warning] read 42a415b0-8b3c-49f7-9c6d-7d9b0301a5fa (length 11548) has no trained clipping model
[2025-07-09 17:11:29.291] [jointLog] [warning] (in update()) CIGAR string for read [ecd26593-5c5e-48ea-b0a5-a4b8ce07b733] seems inconsistent. It implied an error rate greater than 1: 1.06481 0.0181488 0.00181488
[2025-07-09 17:11:29.421] [jointLog] [warning] (in update()) CIGAR string for read [53c23a7e-9426-44fd-bb5c-6be0783c98ff] seems inconsistent. It implied an error rate greater than 1: 1.3505 0 0.00585138
[2025-07-09 17:11:29.494] [jointLog] [warning] (in update()) CIGAR string for read [f9263d85-d7fe-4c21-a798-f17ffd1ba173] seems inconsistent. It implied an error rate greater than 1: 1.35076 0 0
[2025-07-09 17:11:29.663] [jointLog] [warning] read fe8c1d5e-5e92-49fc-9119-2b6a412af538 (length 11976) has no trained clipping model
[2025-07-09 17:11:29.663] [jointLog] [warning] read fe8c1d5e-5e92-49fc-9119-2b6a412af538 (length 11976) has no trained clipping model
[2025-07-09 17:11:29.703] [jointLog] [warning] read 5e3a95bb-0fc4-45a7-83ab-ed0f9a852afb (length 11016 - align length 9922) has no trained error model
[2025-07-09 17:11:29.703] [jointLog] [warning] read 5e3a95bb-0fc4-45a7-83ab-ed0f9a852afb (length 11016) has no trained clipping model
[2025-07-09 17:11:29.703] [jointLog] [warning] read 5e3a95bb-0fc4-45a7-83ab-ed0f9a852afb (length 11016) has no trained clipping model
[2025-07-09 17:11:29.745] [jointLog] [warning] (in update()) CIGAR string for read [46fcbd83-5f73-4ccb-a9e6-61876c3b39e3] seems inconsistent. It implied an error rate greater than 1: 1.068 0 0.0261697
[2025-07-09 17:11:29.758] [jointLog] [warning] (in update()) CIGAR string for read [d0661677-0d3f-4b82-b5e2-1a99121ac5db] seems inconsistent. It implied an error rate greater than 1: 1.35784 0 0.0159791
[2025-07-09 17:11:29.985] [jointLog] [warning] read 5689f744-0395-4a65-a2a1-d2a3dfd324ac (length 11605 - align length 11353) has no trained error model
[2025-07-09 17:11:29.985] [jointLog] [warning] read 5689f744-0395-4a65-a2a1-d2a3dfd324ac (length 11605) has no trained clipping model
[2025-07-09 17:11:29.985] [jointLog] [warning] read 5689f744-0395-4a65-a2a1-d2a3dfd324ac (length 11605) has no trained clipping model
[2025-07-09 17:11:30.027] [jointLog] [warning] read 7700b42b-817d-437d-bdb1-2a6648b6612e (length 10620 - align length 1188) has no trained error model
[2025-07-09 17:11:30.027] [jointLog] [warning] read 7700b42b-817d-437d-bdb1-2a6648b6612e (length 10620) has no trained clipping model
[2025-07-09 17:11:30.027] [jointLog] [warning] read 7700b42b-817d-437d-bdb1-2a6648b6612e (length 10620) has no trained clipping model
[2025-07-09 17:11:30.133] [jointLog] [warning] (in update()) CIGAR string for read [12470f16-fdf9-4907-867a-1a6712fccbc0] seems inconsistent. It implied an error rate greater than 1: 1.22386 0 0.0133495
[2025-07-09 17:11:30.135] [jointLog] [warning] (in update()) CIGAR string for read [7fedfc57-539c-4b04-99b9-5779ef95e345] seems inconsistent. It implied an error rate greater than 1: 1.26828 0.000471032 0.0268488
[2025-07-09 17:11:30.202] [jointLog] [warning] (in update()) CIGAR string for read [05409c4a-a730-493c-af32-5531743c7f40] seems inconsistent. It implied an error rate greater than 1: 1.34596 0.00321732 0.00087745
[2025-07-09 17:11:30.458] [jointLog] [warning] (in update()) CIGAR string for read [6f38bb17-9ad9-4419-9d3f-931fed7a4f3b] seems inconsistent. It implied an error rate greater than 1: 2.53529 0 0
[2025-07-09 17:11:30.566] [jointLog] [warning] (in update()) CIGAR string for read [a4e7c436-19be-451d-b19f-2c0268a1219e] seems inconsistent. It implied an error rate greater than 1: 1.27671 0.000318167 0.0200445
[2025-07-09 17:11:30.624] [jointLog] [warning] read 21de7a32-c325-486b-8713-ed48a04585cd (length 11656) has no trained clipping model
[2025-07-09 17:11:30.631] [jointLog] [warning] (in update()) CIGAR string for read [e5ea7df9-6fff-4c2b-8a52-9cfee01994cf] seems inconsistent. It implied an error rate greater than 1: 1.35481 0.00145645 0.00844742
[2025-07-09 17:11:30.631] [jointLog] [warning] (in update()) CIGAR string for read [c9ce85aa-0588-4305-8cdd-fab1dceff717] seems inconsistent. It implied an error rate greater than 1: 1.19318 0.146245 0.158103
[2025-07-09 17:11:30.425] [fileLog] [info] quantification processed 5000000 fragments so far

[2025-07-09 17:11:30.708] [jointLog] [warning] (in update()) CIGAR string for read [64953376-bc79-4899-9890-42f398c6a985] seems inconsistent. It implied an error rate greater than 1: 1.35657 0.000587199 0.00557839
[2025-07-09 17:11:30.897] [jointLog] [warning] (in update()) CIGAR string for read [55322e51-c7a3-4984-a9d3-78d4e0b0fcf1] seems inconsistent. It implied an error rate greater than 1: 1.10099 0.0142793 0.0356983
[2025-07-09 17:11:30.956] [jointLog] [warning] (in update()) CIGAR string for read [a1919f22-360b-4c98-8033-72de49405b40] seems inconsistent. It implied an error rate greater than 1: 1.19967 0.00469851 0.0422866
[2025-07-09 17:11:31.024] [jointLog] [warning] (in update()) CIGAR string for read [592fabc3-5e18-4cfb-9dc3-3454b2391788] seems inconsistent. It implied an error rate greater than 1: 1.27715 0.014742 0.0632678
[2025-07-09 17:11:31.047] [jointLog] [warning] (in update()) CIGAR string for read [76d1f4f8-8a41-46fc-8961-c3a930421180] seems inconsistent. It implied an error rate greater than 1: 1.38157 0 0.013037
[2025-07-09 17:11:31.151] [jointLog] [warning] (in update()) CIGAR string for read [2650bec8-3c88-49ea-adf6-16f47064a425] seems inconsistent. It implied an error rate greater than 1: 1.35767 0 0.00762687
[2025-07-09 17:11:31.152] [jointLog] [warning] (in update()) CIGAR string for read [0d56c817-4346-459f-9602-c1aee8657b0c] seems inconsistent. It implied an error rate greater than 1: 1.12535 0.0137994 0.0101196
[2025-07-09 17:11:31.154] [jointLog] [warning] (in update()) CIGAR string for read [1b862bf7-02d6-4bb4-9ab4-aaeb45d40b39] seems inconsistent. It implied an error rate greater than 1: 1.37285 0.000591191 0.00206917
[2025-07-09 17:11:31.283] [jointLog] [warning] (in update()) CIGAR string for read [8e02181d-6add-423f-b0ad-e6aa34514cf1] seems inconsistent. It implied an error rate greater than 1: 1.36589 0 0
[2025-07-09 17:11:31.395] [jointLog] [warning] read 7a9576c8-973a-4999-98ac-550a773d929f (length 12646 - align length 12606) has no trained error model
[2025-07-09 17:11:31.395] [jointLog] [warning] read 7a9576c8-973a-4999-98ac-550a773d929f (length 12646) has no trained clipping model
[2025-07-09 17:11:31.395] [jointLog] [warning] read 7a9576c8-973a-4999-98ac-550a773d929f (length 12646) has no trained clipping model
[2025-07-09 17:11:31.573] [jointLog] [warning] (in update()) CIGAR string for read [3c0f3eb2-03f1-4976-acb1-6221627ab272] seems inconsistent. It implied an error rate greater than 1: 1.34831 0.000292826 0.00263543
[2025-07-09 17:11:31.635] [jointLog] [warning] read d7da6fc4-8431-48d1-9504-2ad6d5a5cf57 (length 12819 - align length 12784) has no trained error model
[2025-07-09 17:11:31.635] [jointLog] [warning] read d7da6fc4-8431-48d1-9504-2ad6d5a5cf57 (length 12819) has no trained clipping model
[2025-07-09 17:11:31.635] [jointLog] [warning] read d7da6fc4-8431-48d1-9504-2ad6d5a5cf57 (length 12819) has no trained clipping model
[2025-07-09 17:11:31.741] [jointLog] [warning] read fac05fd4-22cb-466f-b381-66735000212e (length 11072 - align length 11012) has no trained error model
[2025-07-09 17:11:31.857] [jointLog] [warning] (in update()) CIGAR string for read [4145a323-4f98-48d4-b90c-622050b04690] seems inconsistent. It implied an error rate greater than 1: 1.11589 0 0.0185304
[2025-07-09 17:11:31.887] [jointLog] [warning] read b86474ee-aef2-4045-a2c8-1e413a53db55 (length 11123 - align length 7929) has no trained error model
[2025-07-09 17:11:31.887] [jointLog] [warning] read b86474ee-aef2-4045-a2c8-1e413a53db55 (length 11123) has no trained clipping model
[2025-07-09 17:11:31.887] [jointLog] [warning] read b86474ee-aef2-4045-a2c8-1e413a53db55 (length 11123) has no trained clipping model
[2025-07-09 17:11:31.889] [fileLog] [info] quantification processed 6000000 fragments so far

[2025-07-09 17:11:32.009] [jointLog] [warning] (in update()) CIGAR string for read [f255eb27-b407-490b-aa4f-5a9290accd88] seems inconsistent. It implied an error rate greater than 1: 1.29685 0.000941176 0.0272941
[2025-07-09 17:11:32.065] [jointLog] [warning] (in update()) CIGAR string for read [daa02b84-0773-4373-8245-d6133e10babc] seems inconsistent. It implied an error rate greater than 1: 1.08652 0.00798722 0.0319489
[2025-07-09 17:11:32.081] [jointLog] [warning] (in update()) CIGAR string for read [1fdb9a97-1cd9-4b6d-9369-92f3f5a1734b] seems inconsistent. It implied an error rate greater than 1: 1.09727 0.00334448 0.0167224
[2025-07-09 17:11:32.132] [jointLog] [warning] (in update()) CIGAR string for read [fba39200-6c85-4c27-b843-834482e8e789] seems inconsistent. It implied an error rate greater than 1: 1.34893 0 0.00234811
[2025-07-09 17:11:32.221] [jointLog] [warning] read a24e7c90-1a99-48e4-82f6-dbd3b797d796 (length 12450 - align length 12448) has no trained error model
[2025-07-09 17:11:32.221] [jointLog] [warning] read a24e7c90-1a99-48e4-82f6-dbd3b797d796 (length 12450) has no trained clipping model
[2025-07-09 17:11:32.221] [jointLog] [warning] read a24e7c90-1a99-48e4-82f6-dbd3b797d796 (length 12450) has no trained clipping model
[2025-07-09 17:11:32.234] [jointLog] [warning] (in update()) CIGAR string for read [ee7fb3a6-0358-4274-b0a5-c6d77013e10f] seems inconsistent. It implied an error rate greater than 1: 1.13462 0.00345423 0.00863558
[2025-07-09 17:11:32.242] [jointLog] [warning] (in update()) CIGAR string for read [4f64cb89-b35d-4a92-9273-d285d9509b77] seems inconsistent. It implied an error rate greater than 1: 1.52721 0 0
[2025-07-09 17:11:32.253] [jointLog] [warning] read 0d155e19-51f3-42d8-9623-3ca583a66e07 (length 11179 - align length 11179) has no trained error model
[2025-07-09 17:11:32.378] [jointLog] [warning] read 34e974b5-3935-4649-8010-53bbc8508bae (length 11702 - align length 958) has no trained error model
[2025-07-09 17:11:32.378] [jointLog] [warning] read 34e974b5-3935-4649-8010-53bbc8508bae (length 11702) has no trained clipping model
[2025-07-09 17:11:32.378] [jointLog] [warning] read 34e974b5-3935-4649-8010-53bbc8508bae (length 11702) has no trained clipping model
[2025-07-09 17:11:32.410] [jointLog] [warning] (in update()) CIGAR string for read [8a0884d9-6573-4834-8205-4a7e67bcbede] seems inconsistent. It implied an error rate greater than 1: 1.04006 0.0309278 0.0360825
[2025-07-09 17:11:32.433] [jointLog] [warning] (in update()) CIGAR string for read [3f8ff813-a6db-4c3b-87b2-238cfe38ea65] seems inconsistent. It implied an error rate greater than 1: 1.0443 0.25 0.0805085
[2025-07-09 17:11:32.474] [jointLog] [warning] (in update()) CIGAR string for read [620d07a3-e690-47a5-a67f-d3b9d272cd2b] seems inconsistent. It implied an error rate greater than 1: 2.23463 0.00145914 0.00145914
[2025-07-09 17:11:32.627] [jointLog] [warning] read c4ddc9a2-5652-4cc1-bc9e-f0e71e9dc963 (length 12088 - align length 12085) has no trained error model
[2025-07-09 17:11:32.627] [jointLog] [warning] read c4ddc9a2-5652-4cc1-bc9e-f0e71e9dc963 (length 12088) has no trained clipping model
[2025-07-09 17:11:32.682] [jointLog] [warning] read aecb2832-5249-4d0a-a52a-0d5f24cae3b6 (length 13388 - align length 376) has no trained error model
[2025-07-09 17:11:32.682] [jointLog] [warning] read aecb2832-5249-4d0a-a52a-0d5f24cae3b6 (length 13388) has no trained clipping model
[2025-07-09 17:11:32.682] [jointLog] [warning] read aecb2832-5249-4d0a-a52a-0d5f24cae3b6 (length 13388) has no trained clipping model
[2025-07-09 17:11:32.887] [jointLog] [warning] (in update()) CIGAR string for read [50c902ae-95bb-47b9-961c-0977e8179470] seems inconsistent. It implied an error rate greater than 1: 1.35168 0.000584795 0.00584795
[2025-07-09 17:11:33.008] [jointLog] [warning] read a633d7f9-5680-454d-a178-2c416d5a018c (length 12766 - align length 2500) has no trained error model
[2025-07-09 17:11:33.008] [jointLog] [warning] read a633d7f9-5680-454d-a178-2c416d5a018c (length 12766) has no trained clipping model
[2025-07-09 17:11:33.008] [jointLog] [warning] read a633d7f9-5680-454d-a178-2c416d5a018c (length 12766) has no trained clipping model
[2025-07-09 17:11:33.076] [jointLog] [warning] read c780cee4-b2cf-4e14-8439-9686ab378b18 (length 10515 - align length 10448) has no trained error model
[2025-07-09 17:11:33.488] [fileLog] [info] quantification processed 7000000 fragments so far

[2025-07-09 17:11:33.448] [jointLog] [warning] read 2e367fe2-fdb1-4603-ac07-f5b4943e573b (length 10637 - align length 10637) has no trained error model
[2025-07-09 17:11:33.497] [jointLog] [warning] read a17d9f18-4242-4087-b5f7-b192e84cd8d2 (length 11501) has no trained clipping model
[2025-07-09 17:11:33.700] [jointLog] [warning] read c8e2deb1-1a80-494b-a89b-9c306ea21654 (length 12457 - align length 12390) has no trained error model
[2025-07-09 17:11:33.700] [jointLog] [warning] read c8e2deb1-1a80-494b-a89b-9c306ea21654 (length 12457) has no trained clipping model
[2025-07-09 17:11:33.947] [jointLog] [warning] read 54836a79-b522-4049-8734-a28b923135d3 (length 12196) has no trained clipping model
[2025-07-09 17:11:33.947] [jointLog] [warning] read 54836a79-b522-4049-8734-a28b923135d3 (length 12196) has no trained clipping model
[2025-07-09 17:11:33.968] [jointLog] [warning] read d4d9846b-23b7-4632-9d27-f0287050596f (length 10339 - align length 10320) has no trained error model
[2025-07-09 17:11:34.035] [jointLog] [warning] read db4b9350-baf8-4125-9f2d-88dbfc9565e8 (length 11870 - align length 11842) has no trained error model
[2025-07-09 17:11:34.183] [jointLog] [warning] read 104aa499-d52d-4493-8876-045aacc52845 (length 12710 - align length 12703) has no trained error model
[2025-07-09 17:11:34.183] [jointLog] [warning] read 104aa499-d52d-4493-8876-045aacc52845 (length 12710) has no trained clipping model
[2025-07-09 17:11:34.183] [jointLog] [warning] read 104aa499-d52d-4493-8876-045aacc52845 (length 12710) has no trained clipping model
[2025-07-09 17:11:34.396] [jointLog] [warning] read 958dde92-ae85-4b88-83fc-e66fcf8f1999 (length 10752 - align length 10689) has no trained error model
[2025-07-09 17:11:34.659] [jointLog] [warning] read b31fc191-6e15-4708-8f05-5223320cbd3b (length 10710 - align length 10694) has no trained error model
[2025-07-09 17:11:34.774] [jointLog] [warning] read a01df289-521f-4df1-83c9-f8ec61d86f1e (length 10674 - align length 10609) has no trained error model
[2025-07-09 17:11:34.809] [jointLog] [warning] read 0864a17b-0bf1-406a-986f-479b54e3bb00 (length 10635 - align length 10619) has no trained error model
[2025-07-09 17:11:35.025] [jointLog] [warning] read 750233f5-e26e-408a-8f14-08d90858ee92 (length 11754) has no trained clipping model
[2025-07-09 17:11:35.135] [fileLog] [info] quantification processed 8000000 fragments so far

[2025-07-09 17:11:35.715] [jointLog] [warning] read 4c4b669d-6c8d-4ab1-8cb9-6df480a5c146 (length 13759 - align length 13759) has no trained error model
[2025-07-09 17:11:35.715] [jointLog] [warning] read 4c4b669d-6c8d-4ab1-8cb9-6df480a5c146 (length 13759) has no trained clipping model
[2025-07-09 17:11:35.715] [jointLog] [warning] read 4c4b669d-6c8d-4ab1-8cb9-6df480a5c146 (length 13759) has no trained clipping model
[2025-07-09 17:11:35.719] [jointLog] [warning] read c133f214-d64f-456a-b26b-72c28695c4f1 (length 11420 - align length 11178) has no trained error model
[2025-07-09 17:11:35.719] [jointLog] [warning] read c133f214-d64f-456a-b26b-72c28695c4f1 (length 11420) has no trained clipping model
[2025-07-09 17:11:35.719] [jointLog] [warning] read c133f214-d64f-456a-b26b-72c28695c4f1 (length 11420) has no trained clipping model
[2025-07-09 17:11:35.822] [jointLog] [warning] read 8a6fe954-89cd-47bf-a2e8-5809f4762d1b (length 13430 - align length 13380) has no trained error model
[2025-07-09 17:11:35.822] [jointLog] [warning] read 8a6fe954-89cd-47bf-a2e8-5809f4762d1b (length 13430) has no trained clipping model
[2025-07-09 17:11:35.822] [jointLog] [warning] read 8a6fe954-89cd-47bf-a2e8-5809f4762d1b (length 13430) has no trained clipping model
[2025-07-09 17:11:36.255] [jointLog] [warning] read d5a3e132-a1de-4efb-8e75-2b6f170d911d (length 13995 - align length 13906) has no trained error model
[2025-07-09 17:11:36.255] [jointLog] [warning] read d5a3e132-a1de-4efb-8e75-2b6f170d911d (length 13995) has no trained clipping model
[2025-07-09 17:11:36.255] [jointLog] [warning] read d5a3e132-a1de-4efb-8e75-2b6f170d911d (length 13995) has no trained clipping model
[2025-07-09 17:11:36.517] [jointLog] [warning] read 5ea99345-ae81-4b45-a999-8a6666db9676 (length 13058 - align length 3113) has no trained error model
[2025-07-09 17:11:36.517] [jointLog] [warning] read 5ea99345-ae81-4b45-a999-8a6666db9676 (length 13058) has no trained clipping model
[2025-07-09 17:11:36.517] [jointLog] [warning] read 5ea99345-ae81-4b45-a999-8a6666db9676 (length 13058) has no trained clipping model
[2025-07-09 17:11:36.573] [jointLog] [warning] read ae435407-05e7-43f6-b9c9-3cd95c287392 (length 13693 - align length 13681) has no trained error model
[2025-07-09 17:11:36.573] [jointLog] [warning] read ae435407-05e7-43f6-b9c9-3cd95c287392 (length 13693) has no trained clipping model
[2025-07-09 17:11:36.573] [jointLog] [warning] read ae435407-05e7-43f6-b9c9-3cd95c287392 (length 13693) has no trained clipping model
[2025-07-09 17:11:36.648] [jointLog] [warning] read 6268846a-8612-4d03-8ed0-0c0bbd40ea9d (length 10669 - align length 10668) has no trained error model
[2025-07-09 17:11:36.714] [jointLog] [warning] read 5da4f547-1bf5-4067-b032-1da383198d47 (length 10424 - align length 10334) has no trained error model
[2025-07-09 17:11:36.844] [jointLog] [warning] read bc8146f0-ed87-4e0b-ba2f-82d31b5eadad (length 12957 - align length 12862) has no trained error model
[2025-07-09 17:11:36.844] [jointLog] [warning] read bc8146f0-ed87-4e0b-ba2f-82d31b5eadad (length 12957) has no trained clipping model
[2025-07-09 17:11:36.844] [jointLog] [warning] read bc8146f0-ed87-4e0b-ba2f-82d31b5eadad (length 12957) has no trained clipping model
[2025-07-09 17:11:36.581] [fileLog] [info] quantification processed 9000000 fragments so far

[2025-07-09 17:11:37.343] [jointLog] [warning] read c9b6fb05-295f-44ad-908b-128a21d23cc0 (length 71539 - align length 527) has no trained error model
[2025-07-09 17:11:37.343] [jointLog] [warning] read c9b6fb05-295f-44ad-908b-128a21d23cc0 (length 71539) has no trained clipping model
[2025-07-09 17:11:37.343] [jointLog] [warning] read c9b6fb05-295f-44ad-908b-128a21d23cc0 (length 71539) has no trained clipping model
[2025-07-09 17:11:37.343] [jointLog] [warning] read 171403ea-3f9d-4b1d-bc55-d31d37e49baf (length 23970 - align length 1916) has no trained error model
[2025-07-09 17:11:37.343] [jointLog] [warning] read 171403ea-3f9d-4b1d-bc55-d31d37e49baf (length 23970) has no trained clipping model
[2025-07-09 17:11:37.343] [jointLog] [warning] read 171403ea-3f9d-4b1d-bc55-d31d37e49baf (length 23970) has no trained clipping model
[2025-07-09 17:11:37.343] [jointLog] [warning] read cf80ec51-eb73-4876-90df-849fc925e929 (length 23856 - align length 128) has no trained error model
[2025-07-09 17:11:37.343] [jointLog] [warning] read cf80ec51-eb73-4876-90df-849fc925e929 (length 23856) has no trained clipping model
[2025-07-09 17:11:37.343] [jointLog] [warning] read cf80ec51-eb73-4876-90df-849fc925e929 (length 23856) has no trained clipping model
[2025-07-09 17:11:37.344] [jointLog] [warning] read 7de1580a-d252-4647-b7be-0632075e525c (length 13518 - align length 602) has no trained error model
[2025-07-09 17:11:37.344] [jointLog] [warning] read 7de1580a-d252-4647-b7be-0632075e525c (length 13518) has no trained clipping model
[2025-07-09 17:11:37.344] [jointLog] [warning] read 7de1580a-d252-4647-b7be-0632075e525c (length 13518) has no trained clipping model
[2025-07-09 17:11:37.344] [jointLog] [warning] read 488b901f-68b3-493d-8f64-de03a93dbcd3 (length 17021 - align length 215) has no trained error model
[2025-07-09 17:11:37.344] [jointLog] [warning] read 488b901f-68b3-493d-8f64-de03a93dbcd3 (length 17021) has no trained clipping model
[2025-07-09 17:11:37.344] [jointLog] [warning] read 488b901f-68b3-493d-8f64-de03a93dbcd3 (length 17021) has no trained clipping model
[2025-07-09 17:11:37.344] [jointLog] [warning] read 23652be3-8239-4de5-ba2a-7e01780a7dc2 (length 16148 - align length 561) has no trained error model
[2025-07-09 17:11:37.344] [jointLog] [warning] read 23652be3-8239-4de5-ba2a-7e01780a7dc2 (length 16148) has no trained clipping model
[2025-07-09 17:11:37.344] [jointLog] [warning] read 23652be3-8239-4de5-ba2a-7e01780a7dc2 (length 16148) has no trained clipping model
[2025-07-09 17:11:37.344] [jointLog] [warning] read 65c8021b-393d-4206-acc5-07c5872c52d4 (length 41093 - align length 129) has no trained error model
[2025-07-09 17:11:37.344] [jointLog] [warning] read 65c8021b-393d-4206-acc5-07c5872c52d4 (length 41093) has no trained clipping model
[2025-07-09 17:11:37.344] [jointLog] [warning] read 65c8021b-393d-4206-acc5-07c5872c52d4 (length 41093) has no trained clipping model
[2025-07-09 17:11:37.344] [jointLog] [warning] read f3f9b070-6b3b-41f2-9c2b-c713688c0d35 (length 43569 - align length 77) has no trained error model
[2025-07-09 17:11:37.344] [jointLog] [warning] read f3f9b070-6b3b-41f2-9c2b-c713688c0d35 (length 43569) has no trained clipping model
[2025-07-09 17:11:37.344] [jointLog] [warning] read f3f9b070-6b3b-41f2-9c2b-c713688c0d35 (length 43569) has no trained clipping model
[2025-07-09 17:11:37.344] [jointLog] [warning] read 81a9fb9d-5e1d-4508-8748-6466abf84350 (length 53416 - align length 2682) has no trained error model
[2025-07-09 17:11:37.344] [jointLog] [warning] read 81a9fb9d-5e1d-4508-8748-6466abf84350 (length 53416) has no trained clipping model
[2025-07-09 17:11:37.344] [jointLog] [warning] read 81a9fb9d-5e1d-4508-8748-6466abf84350 (length 53416) has no trained clipping model
[2025-07-09 17:11:37.344] [jointLog] [warning] read c928121c-6a48-4a5c-9efd-bb2f12766e0f (length 17660 - align length 1922) has no trained error model
[2025-07-09 17:11:37.344] [jointLog] [warning] read c928121c-6a48-4a5c-9efd-bb2f12766e0f (length 17660) has no trained clipping model
[2025-07-09 17:11:37.344] [jointLog] [warning] read c928121c-6a48-4a5c-9efd-bb2f12766e0f (length 17660) has no trained clipping model
[2025-07-09 17:11:37.344] [jointLog] [warning] read d38e5578-2b5e-4000-b2d7-37678f8df3ee (length 15755 - align length 3357) has no trained error model
[2025-07-09 17:11:37.344] [jointLog] [warning] read d38e5578-2b5e-4000-b2d7-37678f8df3ee (length 15755) has no trained clipping model
[2025-07-09 17:11:37.344] [jointLog] [warning] read d38e5578-2b5e-4000-b2d7-37678f8df3ee (length 15755) has no trained clipping model
[2025-07-09 17:11:37.344] [jointLog] [warning] read 30cb0b70-9638-42c2-8fcc-2c59d59df1b8 (length 16468 - align length 5003) has no trained error model
[2025-07-09 17:11:37.344] [jointLog] [warning] read 30cb0b70-9638-42c2-8fcc-2c59d59df1b8 (length 16468) has no trained clipping model
[2025-07-09 17:11:37.344] [jointLog] [warning] read 30cb0b70-9638-42c2-8fcc-2c59d59df1b8 (length 16468) has no trained clipping model
[2025-07-09 17:11:37.344] [jointLog] [warning] read dc87a0be-c9de-43ce-8ce5-b551c6431acd (length 13048 - align length 12941) has no trained error model
[2025-07-09 17:11:37.344] [jointLog] [warning] read dc87a0be-c9de-43ce-8ce5-b551c6431acd (length 13048) has no trained clipping model
[2025-07-09 17:11:37.344] [jointLog] [warning] read dc87a0be-c9de-43ce-8ce5-b551c6431acd (length 13048) has no trained clipping model
[2025-07-09 17:11:37.344] [jointLog] [warning] read ce060385-cc71-4753-951c-e898bd70684b (length 31007 - align length 2354) has no trained error model
[2025-07-09 17:11:37.344] [jointLog] [warning] read ce060385-cc71-4753-951c-e898bd70684b (length 31007) has no trained clipping model
[2025-07-09 17:11:37.344] [jointLog] [warning] read ce060385-cc71-4753-951c-e898bd70684b (length 31007) has no trained clipping model
[2025-07-09 17:11:37.344] [jointLog] [warning] read 40533685-52f3-450f-a2cd-d1d0ae31c87d (length 49615 - align length 988) has no trained error model
[2025-07-09 17:11:37.344] [jointLog] [warning] read 40533685-52f3-450f-a2cd-d1d0ae31c87d (length 49615) has no trained clipping model
[2025-07-09 17:11:37.344] [jointLog] [warning] read 40533685-52f3-450f-a2cd-d1d0ae31c87d (length 49615) has no trained clipping model
[2025-07-09 17:11:37.345] [jointLog] [warning] read c973558e-8ba1-4c2e-a83e-d188c9a5e3e4 (length 19203 - align length 939) has no trained error model
[2025-07-09 17:11:37.345] [jointLog] [warning] read c973558e-8ba1-4c2e-a83e-d188c9a5e3e4 (length 19203) has no trained clipping model
[2025-07-09 17:11:37.345] [jointLog] [warning] read c973558e-8ba1-4c2e-a83e-d188c9a5e3e4 (length 19203) has no trained clipping model
[2025-07-09 17:11:37.345] [jointLog] [warning] read ac46c611-9b26-497d-84f3-bffec3844b26 (length 20671 - align length 1255) has no trained error model
[2025-07-09 17:11:37.345] [jointLog] [warning] read ac46c611-9b26-497d-84f3-bffec3844b26 (length 20671) has no trained clipping model
[2025-07-09 17:11:37.345] [jointLog] [warning] read ac46c611-9b26-497d-84f3-bffec3844b26 (length 20671) has no trained clipping model
[2025-07-09 17:11:37.345] [jointLog] [warning] read bdab934f-6dbe-44d2-8035-a0a5a60af246 (length 37086 - align length 261) has no trained error model
[2025-07-09 17:11:37.345] [jointLog] [warning] read bdab934f-6dbe-44d2-8035-a0a5a60af246 (length 37086) has no trained clipping model
[2025-07-09 17:11:37.345] [jointLog] [warning] read bdab934f-6dbe-44d2-8035-a0a5a60af246 (length 37086) has no trained clipping model
[2025-07-09 17:11:37.345] [jointLog] [warning] read 8b2a679f-fca2-4a1a-aa2a-485cbb9e6af5 (length 65994 - align length 297) has no trained error model
[2025-07-09 17:11:37.345] [jointLog] [warning] read 8b2a679f-fca2-4a1a-aa2a-485cbb9e6af5 (length 65994) has no trained clipping model
[2025-07-09 17:11:37.345] [jointLog] [warning] read 8b2a679f-fca2-4a1a-aa2a-485cbb9e6af5 (length 65994) has no trained clipping model
[2025-07-09 17:11:37.345] [jointLog] [warning] read f142fe96-0fce-4b6a-ae7d-6da0c6dcb016 (length 11501) has no trained clipping model
[2025-07-09 17:11:37.345] [jointLog] [warning] read 9db0676c-4b14-40ed-b545-aa1f71df1000 (length 12160) has no trained clipping model
[2025-07-09 17:11:37.345] [jointLog] [warning] read 9db0676c-4b14-40ed-b545-aa1f71df1000 (length 12160) has no trained clipping model
[2025-07-09 17:11:37.345] [jointLog] [warning] read 5740302b-6d93-4f4c-8793-ca4767ac63da (length 80904 - align length 1165) has no trained error model
[2025-07-09 17:11:37.345] [jointLog] [warning] read 5740302b-6d93-4f4c-8793-ca4767ac63da (length 80904) has no trained clipping model
[2025-07-09 17:11:37.345] [jointLog] [warning] read 5740302b-6d93-4f4c-8793-ca4767ac63da (length 80904) has no trained clipping model
[2025-07-09 17:11:37.345] [jointLog] [warning] read 55a2586f-2e9f-4042-a279-5a25ef46a032 (length 14619 - align length 120) has no trained error model
[2025-07-09 17:11:37.345] [jointLog] [warning] read 55a2586f-2e9f-4042-a279-5a25ef46a032 (length 14619) has no trained clipping model
[2025-07-09 17:11:37.345] [jointLog] [warning] read 55a2586f-2e9f-4042-a279-5a25ef46a032 (length 14619) has no trained clipping model
[2025-07-09 17:11:37.345] [jointLog] [warning] read 80bb0f98-7e14-45df-8cf9-3821d20e6596 (length 13987 - align length 1407) has no trained error model
[2025-07-09 17:11:37.345] [jointLog] [warning] read 80bb0f98-7e14-45df-8cf9-3821d20e6596 (length 13987) has no trained clipping model
[2025-07-09 17:11:37.345] [jointLog] [warning] read 80bb0f98-7e14-45df-8cf9-3821d20e6596 (length 13987) has no trained clipping model
[2025-07-09 17:11:37.345] [jointLog] [warning] read b7291d1e-3732-4809-ac71-3cd6fcd3f1cf (length 17810 - align length 369) has no trained error model
[2025-07-09 17:11:37.345] [jointLog] [warning] read b7291d1e-3732-4809-ac71-3cd6fcd3f1cf (length 17810) has no trained clipping model
[2025-07-09 17:11:37.345] [jointLog] [warning] read b7291d1e-3732-4809-ac71-3cd6fcd3f1cf (length 17810) has no trained clipping model
[2025-07-09 17:11:37.345] [jointLog] [warning] read a8f264b6-7c23-4569-96f9-37a0aa159450 (length 13744 - align length 91) has no trained error model
[2025-07-09 17:11:37.345] [jointLog] [warning] read a8f264b6-7c23-4569-96f9-37a0aa159450 (length 13744) has no trained clipping model
[2025-07-09 17:11:37.345] [jointLog] [warning] read a8f264b6-7c23-4569-96f9-37a0aa159450 (length 13744) has no trained clipping model
[2025-07-09 17:11:37.345] [jointLog] [warning] read eaf756b0-982a-442f-9e0e-3f9c5e96f7ab (length 113713 - align length 147) has no trained error model
[2025-07-09 17:11:37.345] [jointLog] [warning] read eaf756b0-982a-442f-9e0e-3f9c5e96f7ab (length 113713) has no trained clipping model
[2025-07-09 17:11:37.345] [jointLog] [warning] read eaf756b0-982a-442f-9e0e-3f9c5e96f7ab (length 113713) has no trained clipping model
[2025-07-09 17:11:37.346] [jointLog] [warning] read 44e55117-35ca-494b-833c-d6b5f62a9679 (length 11958) has no trained clipping model
[2025-07-09 17:11:37.346] [jointLog] [warning] read a9a88cbf-5d63-4ee2-8683-81dfdf5f7b09 (length 11978) has no trained clipping model
[2025-07-09 17:11:37.346] [jointLog] [warning] read 5e0d3d36-eb96-446f-bdfe-67792ea1351e (length 30113 - align length 1692) has no trained error model
[2025-07-09 17:11:37.346] [jointLog] [warning] read 5e0d3d36-eb96-446f-bdfe-67792ea1351e (length 30113) has no trained clipping model
[2025-07-09 17:11:37.346] [jointLog] [warning] read 5e0d3d36-eb96-446f-bdfe-67792ea1351e (length 30113) has no trained clipping model
[2025-07-09 17:11:37.346] [jointLog] [warning] read 5b892a5a-8b8f-4da1-bf8e-44dd817981e9 (length 19507 - align length 2330) has no trained error model
[2025-07-09 17:11:37.346] [jointLog] [warning] read 5b892a5a-8b8f-4da1-bf8e-44dd817981e9 (length 19507) has no trained clipping model
[2025-07-09 17:11:37.346] [jointLog] [warning] read 5b892a5a-8b8f-4da1-bf8e-44dd817981e9 (length 19507) has no trained clipping model
[2025-07-09 17:11:37.346] [jointLog] [warning] read ee0df97d-7922-4b58-861b-0e954ea489f7 (length 17224 - align length 765) has no trained error model
[2025-07-09 17:11:37.346] [jointLog] [warning] read ee0df97d-7922-4b58-861b-0e954ea489f7 (length 17224) has no trained clipping model
[2025-07-09 17:11:37.346] [jointLog] [warning] read ee0df97d-7922-4b58-861b-0e954ea489f7 (length 17224) has no trained clipping model
[2025-07-09 17:11:37.346] [jointLog] [warning] read dd67f737-4696-4a65-8dee-0d19abb95fa3 (length 15011 - align length 4579) has no trained error model
[2025-07-09 17:11:37.346] [jointLog] [warning] read dd67f737-4696-4a65-8dee-0d19abb95fa3 (length 15011) has no trained clipping model
[2025-07-09 17:11:37.346] [jointLog] [warning] read dd67f737-4696-4a65-8dee-0d19abb95fa3 (length 15011) has no trained clipping model
[2025-07-09 17:11:37.346] [jointLog] [warning] read fc2b6400-8025-4ad5-8747-bfcbb00dc760 (length 25454 - align length 484) has no trained error model
[2025-07-09 17:11:37.346] [jointLog] [warning] read fc2b6400-8025-4ad5-8747-bfcbb00dc760 (length 25454) has no trained clipping model
[2025-07-09 17:11:37.346] [jointLog] [warning] read fc2b6400-8025-4ad5-8747-bfcbb00dc760 (length 25454) has no trained clipping model
[2025-07-09 17:11:37.346] [jointLog] [warning] read e7f4ece1-5b52-4aed-92f5-806e2c7e6986 (length 68503 - align length 4310) has no trained error model
[2025-07-09 17:11:37.346] [jointLog] [warning] read e7f4ece1-5b52-4aed-92f5-806e2c7e6986 (length 68503) has no trained clipping model
[2025-07-09 17:11:37.346] [jointLog] [warning] read e7f4ece1-5b52-4aed-92f5-806e2c7e6986 (length 68503) has no trained clipping model
[2025-07-09 17:11:37.346] [jointLog] [warning] read 78eadca8-f172-45d0-baad-98ea1fe804c6 (length 74222 - align length 1235) has no trained error model
[2025-07-09 17:11:37.346] [jointLog] [warning] read 78eadca8-f172-45d0-baad-98ea1fe804c6 (length 74222) has no trained clipping model
[2025-07-09 17:11:37.346] [jointLog] [warning] read 78eadca8-f172-45d0-baad-98ea1fe804c6 (length 74222) has no trained clipping model
[2025-07-09 17:11:37.346] [jointLog] [warning] read 3ae6d763-91d6-4afc-b607-3ab9e8f31938 (length 68307 - align length 618) has no trained error model
[2025-07-09 17:11:37.346] [jointLog] [warning] read 3ae6d763-91d6-4afc-b607-3ab9e8f31938 (length 68307) has no trained clipping model
[2025-07-09 17:11:37.346] [jointLog] [warning] read 3ae6d763-91d6-4afc-b607-3ab9e8f31938 (length 68307) has no trained clipping model
[2025-07-09 17:11:37.346] [jointLog] [warning] read 4c3ff1d0-af1e-4a41-a4fe-8884540e741f (length 19889 - align length 369) has no trained error model
[2025-07-09 17:11:37.346] [jointLog] [warning] read 4c3ff1d0-af1e-4a41-a4fe-8884540e741f (length 19889) has no trained clipping model
[2025-07-09 17:11:37.346] [jointLog] [warning] read 4c3ff1d0-af1e-4a41-a4fe-8884540e741f (length 19889) has no trained clipping model
[2025-07-09 17:11:37.346] [jointLog] [warning] read 2f242c12-4fc6-49ab-a211-c507f351a612 (length 263340 - align length 253) has no trained error model
[2025-07-09 17:11:37.346] [jointLog] [warning] read 2f242c12-4fc6-49ab-a211-c507f351a612 (length 263340) has no trained clipping model
[2025-07-09 17:11:37.346] [jointLog] [warning] read 2f242c12-4fc6-49ab-a211-c507f351a612 (length 263340) has no trained clipping model
[2025-07-09 17:11:37.346] [jointLog] [warning] read c01988c1-9449-4bb8-96bc-be428d009bd4 (length 142405 - align length 458) has no trained error model
[2025-07-09 17:11:37.346] [jointLog] [warning] read c01988c1-9449-4bb8-96bc-be428d009bd4 (length 142405) has no trained clipping model
[2025-07-09 17:11:37.346] [jointLog] [warning] read c01988c1-9449-4bb8-96bc-be428d009bd4 (length 142405) has no trained clipping model
[2025-07-09 17:11:37.346] [jointLog] [warning] read 9e5e58cc-fb2d-42db-b3c7-d5afe6611591 (length 18890 - align length 625) has no trained error model
[2025-07-09 17:11:37.346] [jointLog] [warning] read 9e5e58cc-fb2d-42db-b3c7-d5afe6611591 (length 18890) has no trained clipping model
[2025-07-09 17:11:37.346] [jointLog] [warning] read 9e5e58cc-fb2d-42db-b3c7-d5afe6611591 (length 18890) has no trained clipping model
[2025-07-09 17:11:37.346] [jointLog] [warning] read 161010a9-2279-4a81-b7bd-4d50fbbf94f9 (length 14176 - align length 4376) has no trained error model
[2025-07-09 17:11:37.346] [jointLog] [warning] read 161010a9-2279-4a81-b7bd-4d50fbbf94f9 (length 14176) has no trained clipping model
[2025-07-09 17:11:37.346] [jointLog] [warning] read 161010a9-2279-4a81-b7bd-4d50fbbf94f9 (length 14176) has no trained clipping model
[2025-07-09 17:11:37.346] [jointLog] [warning] read 2b74704e-eae0-43ab-8029-e6105ceeb6d8 (length 28775 - align length 4269) has no trained error model
[2025-07-09 17:11:37.346] [jointLog] [warning] read 2b74704e-eae0-43ab-8029-e6105ceeb6d8 (length 28775) has no trained clipping model
[2025-07-09 17:11:37.346] [jointLog] [warning] read 2b74704e-eae0-43ab-8029-e6105ceeb6d8 (length 28775) has no trained clipping model
[2025-07-09 17:11:37.346] [jointLog] [warning] read b6cfb2a0-6c22-4717-a5ec-b06cecc8b193 (length 55719 - align length 96) has no trained error model
[2025-07-09 17:11:37.346] [jointLog] [warning] read b6cfb2a0-6c22-4717-a5ec-b06cecc8b193 (length 55719) has no trained clipping model
[2025-07-09 17:11:37.346] [jointLog] [warning] read b6cfb2a0-6c22-4717-a5ec-b06cecc8b193 (length 55719) has no trained clipping model
[2025-07-09 17:11:37.346] [jointLog] [warning] read cef3814f-e0db-4174-a354-35df75fd741b (length 32310 - align length 106) has no trained error model
[2025-07-09 17:11:37.346] [jointLog] [warning] read cef3814f-e0db-4174-a354-35df75fd741b (length 32310) has no trained clipping model
[2025-07-09 17:11:37.346] [jointLog] [warning] read cef3814f-e0db-4174-a354-35df75fd741b (length 32310) has no trained clipping model
[2025-07-09 17:11:37.346] [jointLog] [warning] read b7f70264-1411-43c5-9cbd-31aba8a48596 (length 11558) has no trained clipping model
[2025-07-09 17:11:37.346] [jointLog] [warning] read 2bc4cbd0-e988-4e5a-b174-5159c280a53d (length 27559 - align length 83) has no trained error model
[2025-07-09 17:11:37.346] [jointLog] [warning] read 2bc4cbd0-e988-4e5a-b174-5159c280a53d (length 27559) has no trained clipping model
[2025-07-09 17:11:37.346] [jointLog] [warning] read 2bc4cbd0-e988-4e5a-b174-5159c280a53d (length 27559) has no trained clipping model
[2025-07-09 17:11:37.347] [jointLog] [warning] read 2edeff58-54e4-45a0-a650-9c7f86d2f20a (length 150032 - align length 469) has no trained error model
[2025-07-09 17:11:37.347] [jointLog] [warning] read 2edeff58-54e4-45a0-a650-9c7f86d2f20a (length 150032) has no trained clipping model
[2025-07-09 17:11:37.347] [jointLog] [warning] read 2edeff58-54e4-45a0-a650-9c7f86d2f20a (length 150032) has no trained clipping model
[2025-07-09 17:11:37.347] [jointLog] [warning] read 7c0c843f-a643-49a6-83b6-662f0c3dc28b (length 28717 - align length 3470) has no trained error model
[2025-07-09 17:11:37.347] [jointLog] [warning] read 7c0c843f-a643-49a6-83b6-662f0c3dc28b (length 28717) has no trained clipping model
[2025-07-09 17:11:37.347] [jointLog] [warning] read 7c0c843f-a643-49a6-83b6-662f0c3dc28b (length 28717) has no trained clipping model
[2025-07-09 17:11:37.347] [jointLog] [warning] read 3cdbc380-aee4-4316-ae16-ba8403cde810 (length 52593 - align length 541) has no trained error model
[2025-07-09 17:11:37.347] [jointLog] [warning] read 3cdbc380-aee4-4316-ae16-ba8403cde810 (length 52593) has no trained clipping model
[2025-07-09 17:11:37.347] [jointLog] [warning] read 3cdbc380-aee4-4316-ae16-ba8403cde810 (length 52593) has no trained clipping model
[2025-07-09 17:11:37.347] [jointLog] [warning] read f790304a-fb15-4753-955e-0d1a4167ff1b (length 22388 - align length 261) has no trained error model
[2025-07-09 17:11:37.347] [jointLog] [warning] read f790304a-fb15-4753-955e-0d1a4167ff1b (length 22388) has no trained clipping model
[2025-07-09 17:11:37.347] [jointLog] [warning] read f790304a-fb15-4753-955e-0d1a4167ff1b (length 22388) has no trained clipping model
[2025-07-09 17:11:37.347] [jointLog] [warning] read d66fe37d-f4ee-45e9-8bfd-e854e7e9a4ab (length 25183 - align length 1793) has no trained error model
[2025-07-09 17:11:37.347] [jointLog] [warning] read d66fe37d-f4ee-45e9-8bfd-e854e7e9a4ab (length 25183) has no trained clipping model
[2025-07-09 17:11:37.347] [jointLog] [warning] read d66fe37d-f4ee-45e9-8bfd-e854e7e9a4ab (length 25183) has no trained clipping model
[2025-07-09 17:11:37.347] [jointLog] [warning] read 24e48eea-4afc-485f-8364-b41e758ae42c (length 68581 - align length 471) has no trained error model
[2025-07-09 17:11:37.347] [jointLog] [warning] read 24e48eea-4afc-485f-8364-b41e758ae42c (length 68581) has no trained clipping model
[2025-07-09 17:11:37.347] [jointLog] [warning] read 24e48eea-4afc-485f-8364-b41e758ae42c (length 68581) has no trained clipping model
[2025-07-09 17:11:37.347] [jointLog] [warning] read 9b975338-6748-417d-a7e7-6b901b1e948b (length 27372 - align length 344) has no trained error model
[2025-07-09 17:11:37.347] [jointLog] [warning] read 9b975338-6748-417d-a7e7-6b901b1e948b (length 27372) has no trained clipping model
[2025-07-09 17:11:37.347] [jointLog] [warning] read 9b975338-6748-417d-a7e7-6b901b1e948b (length 27372) has no trained clipping model
[2025-07-09 17:11:37.347] [jointLog] [warning] read 490f03a3-1793-4bc2-8224-ed172046b9c8 (length 110110 - align length 136) has no trained error model
[2025-07-09 17:11:37.347] [jointLog] [warning] read 490f03a3-1793-4bc2-8224-ed172046b9c8 (length 110110) has no trained clipping model
[2025-07-09 17:11:37.347] [jointLog] [warning] read 490f03a3-1793-4bc2-8224-ed172046b9c8 (length 110110) has no trained clipping model
[2025-07-09 17:11:37.347] [jointLog] [warning] read 5dbff54d-8015-40c3-9d99-d8975caed249 (length 58175 - align length 213) has no trained error model
[2025-07-09 17:11:37.347] [jointLog] [warning] read 5dbff54d-8015-40c3-9d99-d8975caed249 (length 58175) has no trained clipping model
[2025-07-09 17:11:37.347] [jointLog] [warning] read 5dbff54d-8015-40c3-9d99-d8975caed249 (length 58175) has no trained clipping model
[2025-07-09 17:11:37.347] [jointLog] [warning] read b727eddc-0dd2-4a45-9058-a215eb33ddec (length 27437 - align length 1355) has no trained error model
[2025-07-09 17:11:37.347] [jointLog] [warning] read b727eddc-0dd2-4a45-9058-a215eb33ddec (length 27437) has no trained clipping model
[2025-07-09 17:11:37.347] [jointLog] [warning] read b727eddc-0dd2-4a45-9058-a215eb33ddec (length 27437) has no trained clipping model
[2025-07-09 17:11:37.347] [jointLog] [warning] read 35e89176-cfa0-4bb6-936a-781375133c01 (length 95030 - align length 356) has no trained error model
[2025-07-09 17:11:37.347] [jointLog] [warning] read 35e89176-cfa0-4bb6-936a-781375133c01 (length 95030) has no trained clipping model
[2025-07-09 17:11:37.347] [jointLog] [warning] read 35e89176-cfa0-4bb6-936a-781375133c01 (length 95030) has no trained clipping model
[2025-07-09 17:11:37.347] [jointLog] [warning] read 6809369a-51d9-4284-9d5e-3c0f26fd0655 (length 14446 - align length 14281) has no trained error model
[2025-07-09 17:11:37.347] [jointLog] [warning] read 6809369a-51d9-4284-9d5e-3c0f26fd0655 (length 14446) has no trained clipping model
[2025-07-09 17:11:37.347] [jointLog] [warning] read 6809369a-51d9-4284-9d5e-3c0f26fd0655 (length 14446) has no trained clipping model
[2025-07-09 17:11:37.347] [jointLog] [warning] read e5f8385b-19e0-41b3-aa0b-2b2e884f0774 (length 11736) has no trained clipping model
[2025-07-09 17:11:37.347] [jointLog] [warning] read 08a8a48a-9723-48f6-b331-f80e2cafb1d0 (length 37241 - align length 655) has no trained error model
[2025-07-09 17:11:37.347] [jointLog] [warning] read 08a8a48a-9723-48f6-b331-f80e2cafb1d0 (length 37241) has no trained clipping model
[2025-07-09 17:11:37.347] [jointLog] [warning] read 08a8a48a-9723-48f6-b331-f80e2cafb1d0 (length 37241) has no trained clipping model
[2025-07-09 17:11:37.347] [jointLog] [warning] read 0e8c2dda-1f75-4a17-988e-c8df2677abab (length 129250 - align length 465) has no trained error model
[2025-07-09 17:11:37.347] [jointLog] [warning] read 0e8c2dda-1f75-4a17-988e-c8df2677abab (length 129250) has no trained clipping model
[2025-07-09 17:11:37.347] [jointLog] [warning] read 0e8c2dda-1f75-4a17-988e-c8df2677abab (length 129250) has no trained clipping model
[2025-07-09 17:11:37.347] [jointLog] [warning] read b54eeff4-9916-4788-9bea-c673082927fe (length 16097 - align length 468) has no trained error model
[2025-07-09 17:11:37.347] [jointLog] [warning] read b54eeff4-9916-4788-9bea-c673082927fe (length 16097) has no trained clipping model
[2025-07-09 17:11:37.347] [jointLog] [warning] read b54eeff4-9916-4788-9bea-c673082927fe (length 16097) has no trained clipping model
[2025-07-09 17:11:37.347] [jointLog] [warning] read 78c7d7de-759f-43dc-b43d-6dacedc0d1b6 (length 11415 - align length 9556) has no trained error model
[2025-07-09 17:11:37.347] [jointLog] [warning] read 78c7d7de-759f-43dc-b43d-6dacedc0d1b6 (length 11415) has no trained clipping model
[2025-07-09 17:11:37.347] [jointLog] [warning] read 78c7d7de-759f-43dc-b43d-6dacedc0d1b6 (length 11415) has no trained clipping model
[2025-07-09 17:11:37.347] [jointLog] [warning] read 2c351287-1318-4f16-894b-bc64b4f6aca8 (length 15312 - align length 405) has no trained error model
[2025-07-09 17:11:37.347] [jointLog] [warning] read 2c351287-1318-4f16-894b-bc64b4f6aca8 (length 15312) has no trained clipping model
[2025-07-09 17:11:37.347] [jointLog] [warning] read 2c351287-1318-4f16-894b-bc64b4f6aca8 (length 15312) has no trained clipping model
[2025-07-09 17:11:37.347] [jointLog] [warning] read fc0f5094-97b0-4da6-aa73-76b38a4b88b7 (length 26698 - align length 1425) has no trained error model
[2025-07-09 17:11:37.347] [jointLog] [warning] read fc0f5094-97b0-4da6-aa73-76b38a4b88b7 (length 26698) has no trained clipping model
[2025-07-09 17:11:37.347] [jointLog] [warning] read fc0f5094-97b0-4da6-aa73-76b38a4b88b7 (length 26698) has no trained clipping model
[2025-07-09 17:11:37.348] [jointLog] [warning] read 9d7c5573-3af9-4993-9366-2a4530059d8d (length 43994 - align length 62) has no trained error model
[2025-07-09 17:11:37.348] [jointLog] [warning] read 9d7c5573-3af9-4993-9366-2a4530059d8d (length 43994) has no trained clipping model
[2025-07-09 17:11:37.348] [jointLog] [warning] read 9d7c5573-3af9-4993-9366-2a4530059d8d (length 43994) has no trained clipping model
[2025-07-09 17:11:37.348] [jointLog] [warning] read ef41c35a-a3d1-47dd-aed5-b9ecb780048f (length 15910 - align length 1074) has no trained error model
[2025-07-09 17:11:37.348] [jointLog] [warning] read ef41c35a-a3d1-47dd-aed5-b9ecb780048f (length 15910) has no trained clipping model
[2025-07-09 17:11:37.348] [jointLog] [warning] read ef41c35a-a3d1-47dd-aed5-b9ecb780048f (length 15910) has no trained clipping model
[2025-07-09 17:11:37.348] [jointLog] [warning] read d8721e35-2a1b-4b52-a954-95c49573b5bb (length 37252 - align length 536) has no trained error model
[2025-07-09 17:11:37.348] [jointLog] [warning] read d8721e35-2a1b-4b52-a954-95c49573b5bb (length 37252) has no trained clipping model
[2025-07-09 17:11:37.348] [jointLog] [warning] read d8721e35-2a1b-4b52-a954-95c49573b5bb (length 37252) has no trained clipping model
[2025-07-09 17:11:37.348] [jointLog] [warning] read 1ecc59d0-aa4d-4b97-a258-453f4a262684 (length 22397 - align length 3110) has no trained error model
[2025-07-09 17:11:37.348] [jointLog] [warning] read 1ecc59d0-aa4d-4b97-a258-453f4a262684 (length 22397) has no trained clipping model
[2025-07-09 17:11:37.348] [jointLog] [warning] read 1ecc59d0-aa4d-4b97-a258-453f4a262684 (length 22397) has no trained clipping model
[2025-07-09 17:11:37.348] [jointLog] [warning] read 6fa9ede0-e981-41b6-a030-fb74bd1af625 (length 34326 - align length 275) has no trained error model
[2025-07-09 17:11:37.348] [jointLog] [warning] read 6fa9ede0-e981-41b6-a030-fb74bd1af625 (length 34326) has no trained clipping model
[2025-07-09 17:11:37.348] [jointLog] [warning] read 6fa9ede0-e981-41b6-a030-fb74bd1af625 (length 34326) has no trained clipping model
[2025-07-09 17:11:37.348] [jointLog] [warning] read 213ab884-ef06-4bef-aff5-b99fade00bb9 (length 132185 - align length 1951) has no trained error model
[2025-07-09 17:11:37.348] [jointLog] [warning] read 213ab884-ef06-4bef-aff5-b99fade00bb9 (length 132185) has no trained clipping model
[2025-07-09 17:11:37.348] [jointLog] [warning] read 213ab884-ef06-4bef-aff5-b99fade00bb9 (length 132185) has no trained clipping model
[2025-07-09 17:11:37.348] [jointLog] [warning] read 028886d5-1582-4fd5-9467-36f48697b5e5 (length 299256 - align length 85) has no trained error model
[2025-07-09 17:11:37.348] [jointLog] [warning] read 028886d5-1582-4fd5-9467-36f48697b5e5 (length 299256) has no trained clipping model
[2025-07-09 17:11:37.348] [jointLog] [warning] read 028886d5-1582-4fd5-9467-36f48697b5e5 (length 299256) has no trained clipping model
[2025-07-09 17:11:37.348] [jointLog] [warning] read f3b4f253-2beb-4b22-a4ad-5af61493b813 (length 125183 - align length 120) has no trained error model
[2025-07-09 17:11:37.348] [jointLog] [warning] read f3b4f253-2beb-4b22-a4ad-5af61493b813 (length 125183) has no trained clipping model
[2025-07-09 17:11:37.348] [jointLog] [warning] read f3b4f253-2beb-4b22-a4ad-5af61493b813 (length 125183) has no trained clipping model
[2025-07-09 17:11:37.348] [jointLog] [warning] read d7806bc7-eb15-4e01-9299-8c1983fcfbb3 (length 22427 - align length 1681) has no trained error model
[2025-07-09 17:11:37.348] [jointLog] [warning] read d7806bc7-eb15-4e01-9299-8c1983fcfbb3 (length 22427) has no trained clipping model
[2025-07-09 17:11:37.348] [jointLog] [warning] read d7806bc7-eb15-4e01-9299-8c1983fcfbb3 (length 22427) has no trained clipping model
[2025-07-09 17:11:37.348] [jointLog] [warning] read 6bc184e4-787f-487e-89f3-bf679c02c234 (length 30140 - align length 1178) has no trained error model
[2025-07-09 17:11:37.348] [jointLog] [warning] read 6bc184e4-787f-487e-89f3-bf679c02c234 (length 30140) has no trained clipping model
[2025-07-09 17:11:37.348] [jointLog] [warning] read 6bc184e4-787f-487e-89f3-bf679c02c234 (length 30140) has no trained clipping model
[2025-07-09 17:11:37.348] [jointLog] [warning] read 06bf8a1d-42ca-4408-9980-31f9a60bb79b (length 11936) has no trained clipping model
[2025-07-09 17:11:37.348] [jointLog] [warning] read d57991f1-8b70-43c1-adbb-4d8999695497 (length 80899 - align length 908) has no trained error model
[2025-07-09 17:11:37.348] [jointLog] [warning] read d57991f1-8b70-43c1-adbb-4d8999695497 (length 80899) has no trained clipping model
[2025-07-09 17:11:37.348] [jointLog] [warning] read d57991f1-8b70-43c1-adbb-4d8999695497 (length 80899) has no trained clipping model
[2025-07-09 17:11:37.348] [jointLog] [warning] read deefb282-e0dc-4084-ad01-e486b5239aad (length 17008 - align length 557) has no trained error model
[2025-07-09 17:11:37.348] [jointLog] [warning] read deefb282-e0dc-4084-ad01-e486b5239aad (length 17008) has no trained clipping model
[2025-07-09 17:11:37.348] [jointLog] [warning] read deefb282-e0dc-4084-ad01-e486b5239aad (length 17008) has no trained clipping model
[2025-07-09 17:11:37.349] [jointLog] [warning] read 1fdabbea-d296-4001-a01d-9b2d91201019 (length 12741 - align length 1255) has no trained error model
[2025-07-09 17:11:37.349] [jointLog] [warning] read 1fdabbea-d296-4001-a01d-9b2d91201019 (length 12741) has no trained clipping model
[2025-07-09 17:11:37.349] [jointLog] [warning] read 1fdabbea-d296-4001-a01d-9b2d91201019 (length 12741) has no trained clipping model
[2025-07-09 17:11:37.349] [jointLog] [warning] read 66bfc0f9-3700-4e99-bd93-a2bc471f007f (length 96168 - align length 83) has no trained error model
[2025-07-09 17:11:37.349] [jointLog] [warning] read 66bfc0f9-3700-4e99-bd93-a2bc471f007f (length 96168) has no trained clipping model
[2025-07-09 17:11:37.349] [jointLog] [warning] read 66bfc0f9-3700-4e99-bd93-a2bc471f007f (length 96168) has no trained clipping model
[2025-07-09 17:11:37.349] [jointLog] [warning] read 73a44543-fe14-4ba4-acee-e6fc3c9df6a1 (length 15746 - align length 15736) has no trained error model
[2025-07-09 17:11:37.349] [jointLog] [warning] read 73a44543-fe14-4ba4-acee-e6fc3c9df6a1 (length 15746) has no trained clipping model
[2025-07-09 17:11:37.349] [jointLog] [warning] read 73a44543-fe14-4ba4-acee-e6fc3c9df6a1 (length 15746) has no trained clipping model
[2025-07-09 17:11:37.349] [jointLog] [warning] read ef17e254-3671-4e91-b296-56a71b8110ab (length 13751 - align length 96) has no trained error model
[2025-07-09 17:11:37.349] [jointLog] [warning] read ef17e254-3671-4e91-b296-56a71b8110ab (length 13751) has no trained clipping model
[2025-07-09 17:11:37.349] [jointLog] [warning] read ef17e254-3671-4e91-b296-56a71b8110ab (length 13751) has no trained clipping model
[2025-07-09 17:11:37.349] [jointLog] [warning] read d1e798db-6849-4ef1-9d23-c4f6186117d2 (length 63011 - align length 1899) has no trained error model
[2025-07-09 17:11:37.349] [jointLog] [warning] read d1e798db-6849-4ef1-9d23-c4f6186117d2 (length 63011) has no trained clipping model
[2025-07-09 17:11:37.349] [jointLog] [warning] read d1e798db-6849-4ef1-9d23-c4f6186117d2 (length 63011) has no trained clipping model
[2025-07-09 17:11:37.349] [jointLog] [warning] read 49353970-ff0b-4048-8190-985c5c9b32b2 (length 23106 - align length 992) has no trained error model
[2025-07-09 17:11:37.349] [jointLog] [warning] read 49353970-ff0b-4048-8190-985c5c9b32b2 (length 23106) has no trained clipping model
[2025-07-09 17:11:37.349] [jointLog] [warning] read 49353970-ff0b-4048-8190-985c5c9b32b2 (length 23106) has no trained clipping model
[2025-07-09 17:11:37.349] [jointLog] [warning] read 12a6a821-ad75-4dae-9f1f-750bb87ed414 (length 28554 - align length 56) has no trained error model
[2025-07-09 17:11:37.349] [jointLog] [warning] read 12a6a821-ad75-4dae-9f1f-750bb87ed414 (length 28554) has no trained clipping model
[2025-07-09 17:11:37.349] [jointLog] [warning] read 12a6a821-ad75-4dae-9f1f-750bb87ed414 (length 28554) has no trained clipping model
[2025-07-09 17:11:37.349] [jointLog] [warning] read 970e6527-5383-4e25-935b-fa34977c26ca (length 15834 - align length 498) has no trained error model
[2025-07-09 17:11:37.349] [jointLog] [warning] read 970e6527-5383-4e25-935b-fa34977c26ca (length 15834) has no trained clipping model
[2025-07-09 17:11:37.349] [jointLog] [warning] read 970e6527-5383-4e25-935b-fa34977c26ca (length 15834) has no trained clipping model
[2025-07-09 17:11:37.349] [jointLog] [warning] read b7a5221f-335c-45e4-8b16-f613455348f2 (length 41340 - align length 3771) has no trained error model
[2025-07-09 17:11:37.349] [jointLog] [warning] read b7a5221f-335c-45e4-8b16-f613455348f2 (length 41340) has no trained clipping model
[2025-07-09 17:11:37.349] [jointLog] [warning] read b7a5221f-335c-45e4-8b16-f613455348f2 (length 41340) has no trained clipping model
[2025-07-09 17:11:37.349] [jointLog] [warning] read edffd9a8-0950-406c-a668-7dbbffa764bd (length 56140 - align length 1076) has no trained error model
[2025-07-09 17:11:37.349] [jointLog] [warning] read edffd9a8-0950-406c-a668-7dbbffa764bd (length 56140) has no trained clipping model
[2025-07-09 17:11:37.349] [jointLog] [warning] read edffd9a8-0950-406c-a668-7dbbffa764bd (length 56140) has no trained clipping model
[2025-07-09 17:11:37.349] [jointLog] [warning] read 43af38ea-2b88-4507-ad21-84cb6a39d967 (length 15589 - align length 126) has no trained error model
[2025-07-09 17:11:37.349] [jointLog] [warning] read 43af38ea-2b88-4507-ad21-84cb6a39d967 (length 15589) has no trained clipping model
[2025-07-09 17:11:37.349] [jointLog] [warning] read 43af38ea-2b88-4507-ad21-84cb6a39d967 (length 15589) has no trained clipping model
[2025-07-09 17:11:37.349] [jointLog] [warning] read 45a4acca-9464-41d3-98c6-6c4319e85ffd (length 46706 - align length 107) has no trained error model
[2025-07-09 17:11:37.349] [jointLog] [warning] read 45a4acca-9464-41d3-98c6-6c4319e85ffd (length 46706) has no trained clipping model
[2025-07-09 17:11:37.349] [jointLog] [warning] read 45a4acca-9464-41d3-98c6-6c4319e85ffd (length 46706) has no trained clipping model
[2025-07-09 17:11:37.349] [jointLog] [warning] read 59c28659-1aa2-4390-ae44-dc96b1f939d0 (length 15351 - align length 301) has no trained error model
[2025-07-09 17:11:37.349] [jointLog] [warning] read 59c28659-1aa2-4390-ae44-dc96b1f939d0 (length 15351) has no trained clipping model
[2025-07-09 17:11:37.349] [jointLog] [warning] read 59c28659-1aa2-4390-ae44-dc96b1f939d0 (length 15351) has no trained clipping model
[2025-07-09 17:11:37.349] [jointLog] [warning] read 26406a67-ee4a-4287-9e2a-44072ac2059b (length 15708 - align length 15650) has no trained error model
[2025-07-09 17:11:37.349] [jointLog] [warning] read 26406a67-ee4a-4287-9e2a-44072ac2059b (length 15708) has no trained clipping model
[2025-07-09 17:11:37.349] [jointLog] [warning] read 26406a67-ee4a-4287-9e2a-44072ac2059b (length 15708) has no trained clipping model
[2025-07-09 17:11:37.349] [jointLog] [warning] read b5714590-4bce-4229-a797-b8781dbe97b2 (length 16146 - align length 1373) has no trained error model
[2025-07-09 17:11:37.349] [jointLog] [warning] read b5714590-4bce-4229-a797-b8781dbe97b2 (length 16146) has no trained clipping model
[2025-07-09 17:11:37.349] [jointLog] [warning] read b5714590-4bce-4229-a797-b8781dbe97b2 (length 16146) has no trained clipping model
[2025-07-09 17:11:37.349] [jointLog] [warning] read cfbdf98f-d4f4-46d7-b2b9-3f1089e37813 (length 21575 - align length 1191) has no trained error model
[2025-07-09 17:11:37.349] [jointLog] [warning] read cfbdf98f-d4f4-46d7-b2b9-3f1089e37813 (length 21575) has no trained clipping model
[2025-07-09 17:11:37.349] [jointLog] [warning] read cfbdf98f-d4f4-46d7-b2b9-3f1089e37813 (length 21575) has no trained clipping model
[2025-07-09 17:11:37.349] [jointLog] [warning] read a3eea6f3-83ce-41f8-8c90-f00316cf33f7 (length 49534 - align length 1638) has no trained error model
[2025-07-09 17:11:37.349] [jointLog] [warning] read a3eea6f3-83ce-41f8-8c90-f00316cf33f7 (length 49534) has no trained clipping model
[2025-07-09 17:11:37.349] [jointLog] [warning] read a3eea6f3-83ce-41f8-8c90-f00316cf33f7 (length 49534) has no trained clipping model
[2025-07-09 17:11:37.349] [jointLog] [warning] read 5657058a-f36a-4a47-8259-b6691c7716fb (length 13116 - align length 13052) has no trained error model
[2025-07-09 17:11:37.349] [jointLog] [warning] read 435ae4e6-838d-480e-a8ae-c558e6f13e7f (length 29326 - align length 429) has no trained error model
[2025-07-09 17:11:37.349] [jointLog] [warning] read 435ae4e6-838d-480e-a8ae-c558e6f13e7f (length 29326) has no trained clipping model
[2025-07-09 17:11:37.349] [jointLog] [warning] read 435ae4e6-838d-480e-a8ae-c558e6f13e7f (length 29326) has no trained clipping model
[2025-07-09 17:11:37.349] [jointLog] [warning] read 2e20f0ae-3f8f-49b8-84d9-697bc13640e1 (length 18440 - align length 4249) has no trained error model
[2025-07-09 17:11:37.349] [jointLog] [warning] read 2e20f0ae-3f8f-49b8-84d9-697bc13640e1 (length 18440) has no trained clipping model
[2025-07-09 17:11:37.349] [jointLog] [warning] read 2e20f0ae-3f8f-49b8-84d9-697bc13640e1 (length 18440) has no trained clipping model
[2025-07-09 17:11:37.349] [jointLog] [warning] read 2e579a6e-c426-4a27-bbfc-e54ddd2afc67 (length 15532 - align length 13802) has no trained error model
[2025-07-09 17:11:37.349] [jointLog] [warning] read 2e579a6e-c426-4a27-bbfc-e54ddd2afc67 (length 15532) has no trained clipping model
[2025-07-09 17:11:37.349] [jointLog] [warning] read 2e579a6e-c426-4a27-bbfc-e54ddd2afc67 (length 15532) has no trained clipping model
[2025-07-09 17:11:37.350] [jointLog] [warning] read 4aa3310a-c146-46dd-8293-cfb02b701fce (length 129900 - align length 1660) has no trained error model
[2025-07-09 17:11:37.350] [jointLog] [warning] read 4aa3310a-c146-46dd-8293-cfb02b701fce (length 129900) has no trained clipping model
[2025-07-09 17:11:37.350] [jointLog] [warning] read 4aa3310a-c146-46dd-8293-cfb02b701fce (length 129900) has no trained clipping model
[2025-07-09 17:11:37.350] [jointLog] [warning] read 0d7a4fbd-4154-4b74-9587-260061595f58 (length 25639 - align length 172) has no trained error model
[2025-07-09 17:11:37.350] [jointLog] [warning] read 0d7a4fbd-4154-4b74-9587-260061595f58 (length 25639) has no trained clipping model
[2025-07-09 17:11:37.350] [jointLog] [warning] read 0d7a4fbd-4154-4b74-9587-260061595f58 (length 25639) has no trained clipping model
[2025-07-09 17:11:37.350] [jointLog] [warning] read 922095c5-967d-4906-8c03-c1a24d8543c1 (length 245627 - align length 1655) has no trained error model
[2025-07-09 17:11:37.350] [jointLog] [warning] read 922095c5-967d-4906-8c03-c1a24d8543c1 (length 245627) has no trained clipping model
[2025-07-09 17:11:37.350] [jointLog] [warning] read 922095c5-967d-4906-8c03-c1a24d8543c1 (length 245627) has no trained clipping model
[2025-07-09 17:11:37.350] [jointLog] [warning] read 1d4f7d7b-761e-4301-a158-1e68f4fb30bd (length 84785 - align length 1599) has no trained error model
[2025-07-09 17:11:37.350] [jointLog] [warning] read 1d4f7d7b-761e-4301-a158-1e68f4fb30bd (length 84785) has no trained clipping model
[2025-07-09 17:11:37.350] [jointLog] [warning] read 1d4f7d7b-761e-4301-a158-1e68f4fb30bd (length 84785) has no trained clipping model
[2025-07-09 17:11:37.350] [jointLog] [warning] read 771c9dfe-786e-4023-82e6-e658751fe1f7 (length 15851 - align length 1352) has no trained error model
[2025-07-09 17:11:37.350] [jointLog] [warning] read 771c9dfe-786e-4023-82e6-e658751fe1f7 (length 15851) has no trained clipping model
[2025-07-09 17:11:37.350] [jointLog] [warning] read 771c9dfe-786e-4023-82e6-e658751fe1f7 (length 15851) has no trained clipping model
[2025-07-09 17:11:37.350] [jointLog] [warning] read 1606f556-483e-4500-9357-62a5218b082a (length 12891) has no trained clipping model
[2025-07-09 17:11:37.351] [jointLog] [warning] read f289735c-a952-4b39-a6f1-39e8341417c7 (length 13770 - align length 603) has no trained error model
[2025-07-09 17:11:37.351] [jointLog] [warning] read f289735c-a952-4b39-a6f1-39e8341417c7 (length 13770) has no trained clipping model
[2025-07-09 17:11:37.351] [jointLog] [warning] read f289735c-a952-4b39-a6f1-39e8341417c7 (length 13770) has no trained clipping model
[2025-07-09 17:11:37.351] [jointLog] [warning] read c08ac4ae-b5e0-44a4-8dc5-5351c68e3368 (length 11479 - align length 2065) has no trained error model
[2025-07-09 17:11:37.351] [jointLog] [warning] read c08ac4ae-b5e0-44a4-8dc5-5351c68e3368 (length 11479) has no trained clipping model
[2025-07-09 17:11:37.351] [jointLog] [warning] read c08ac4ae-b5e0-44a4-8dc5-5351c68e3368 (length 11479) has no trained clipping model
[2025-07-09 17:11:37.351] [jointLog] [warning] read 8ea3204b-2a66-4634-a9a8-e14cc25f2877 (length 11996) has no trained clipping model
[2025-07-09 17:11:37.351] [jointLog] [warning] read cb21706c-e8c4-49f3-a994-3fa91a070ebf (length 16274 - align length 169) has no trained error model
[2025-07-09 17:11:37.351] [jointLog] [warning] read cb21706c-e8c4-49f3-a994-3fa91a070ebf (length 16274) has no trained clipping model
[2025-07-09 17:11:37.351] [jointLog] [warning] read cb21706c-e8c4-49f3-a994-3fa91a070ebf (length 16274) has no trained clipping model
[2025-07-09 17:11:37.351] [jointLog] [warning] read d3251583-b5ca-4374-8c66-da69b1e57d55 (length 23275 - align length 389) has no trained error model
[2025-07-09 17:11:37.351] [jointLog] [warning] read d3251583-b5ca-4374-8c66-da69b1e57d55 (length 23275) has no trained clipping model
[2025-07-09 17:11:37.351] [jointLog] [warning] read d3251583-b5ca-4374-8c66-da69b1e57d55 (length 23275) has no trained clipping model
[2025-07-09 17:11:37.351] [jointLog] [warning] read bcd21876-a98b-422a-8088-8cfb5ab83ffd (length 31007 - align length 1337) has no trained error model
[2025-07-09 17:11:37.351] [jointLog] [warning] read bcd21876-a98b-422a-8088-8cfb5ab83ffd (length 31007) has no trained clipping model
[2025-07-09 17:11:37.351] [jointLog] [warning] read bcd21876-a98b-422a-8088-8cfb5ab83ffd (length 31007) has no trained clipping model
[2025-07-09 17:11:38.135] [fileLog] [info] quantification processed 10000000 fragments so far

[2025-07-09 17:11:37.776] [jointLog] [warning] read f8539825-8ce0-4c4a-a9ff-6046a2e59a63 (length 14400 - align length 14334) has no trained error model
[2025-07-09 17:11:37.776] [jointLog] [warning] read f8539825-8ce0-4c4a-a9ff-6046a2e59a63 (length 14400) has no trained clipping model
[2025-07-09 17:11:37.776] [jointLog] [warning] read f8539825-8ce0-4c4a-a9ff-6046a2e59a63 (length 14400) has no trained clipping model
[2025-07-09 17:11:37.797] [jointLog] [warning] read 73e86bb6-7461-44f4-ab09-d92d7adaeb26 (length 10806 - align length 10657) has no trained error model
[2025-07-09 17:11:38.003] [jointLog] [warning] read 1c7b2260-9ebb-4ca1-9a76-6ac762767322 (length 11767) has no trained clipping model
[2025-07-09 17:11:38.435] [jointLog] [warning] read 92c62ba2-a0d3-41d8-9a39-adba7e432b08 (length 11923 - align length 11735) has no trained error model
[2025-07-09 17:11:38.435] [jointLog] [warning] read 92c62ba2-a0d3-41d8-9a39-adba7e432b08 (length 11923) has no trained clipping model
[2025-07-09 17:11:38.646] [jointLog] [warning] read 30462466-7c96-4d6f-bce9-a08b205c5eca (length 42954 - align length 324) has no trained error model
[2025-07-09 17:11:38.646] [jointLog] [warning] read 30462466-7c96-4d6f-bce9-a08b205c5eca (length 42954) has no trained clipping model
[2025-07-09 17:11:38.646] [jointLog] [warning] read 30462466-7c96-4d6f-bce9-a08b205c5eca (length 42954) has no trained clipping model
[2025-07-09 17:11:38.646] [jointLog] [warning] read 7d0b6d64-2da4-4275-b7d4-4e0760532a0c (length 55729 - align length 1282) has no trained error model
[2025-07-09 17:11:38.646] [jointLog] [warning] read 7d0b6d64-2da4-4275-b7d4-4e0760532a0c (length 55729) has no trained clipping model
[2025-07-09 17:11:38.646] [jointLog] [warning] read 7d0b6d64-2da4-4275-b7d4-4e0760532a0c (length 55729) has no trained clipping model
[2025-07-09 17:11:38.646] [jointLog] [warning] read 6fb30959-265d-4955-b4a6-54d428620494 (length 30299 - align length 90) has no trained error model
[2025-07-09 17:11:38.646] [jointLog] [warning] read 6fb30959-265d-4955-b4a6-54d428620494 (length 30299) has no trained clipping model
[2025-07-09 17:11:38.646] [jointLog] [warning] read 6fb30959-265d-4955-b4a6-54d428620494 (length 30299) has no trained clipping model
[2025-07-09 17:11:38.646] [jointLog] [warning] read df766306-ebfb-4309-8b22-c5c528ce8a21 (length 15059 - align length 644) has no trained error model
[2025-07-09 17:11:38.646] [jointLog] [warning] read df766306-ebfb-4309-8b22-c5c528ce8a21 (length 15059) has no trained clipping model
[2025-07-09 17:11:38.646] [jointLog] [warning] read df766306-ebfb-4309-8b22-c5c528ce8a21 (length 15059) has no trained clipping model
[2025-07-09 17:11:38.646] [jointLog] [warning] read 01d6f080-541c-4211-ab44-22971033b23c (length 12832) has no trained clipping model
[2025-07-09 17:11:38.646] [jointLog] [warning] read 3b04100e-e76a-4f44-8818-a192ede769f1 (length 15187 - align length 367) has no trained error model
[2025-07-09 17:11:38.646] [jointLog] [warning] read 3b04100e-e76a-4f44-8818-a192ede769f1 (length 15187) has no trained clipping model
[2025-07-09 17:11:38.646] [jointLog] [warning] read 3b04100e-e76a-4f44-8818-a192ede769f1 (length 15187) has no trained clipping model
[2025-07-09 17:11:38.646] [jointLog] [warning] read 390c6d96-c4be-4ff2-b794-1b48dee3950e (length 144852 - align length 146) has no trained error model
[2025-07-09 17:11:38.646] [jointLog] [warning] read 390c6d96-c4be-4ff2-b794-1b48dee3950e (length 144852) has no trained clipping model
[2025-07-09 17:11:38.646] [jointLog] [warning] read 390c6d96-c4be-4ff2-b794-1b48dee3950e (length 144852) has no trained clipping model
[2025-07-09 17:11:38.646] [jointLog] [warning] read 5acf445f-44f0-4575-b234-20063d92b949 (length 39519 - align length 498) has no trained error model
[2025-07-09 17:11:38.646] [jointLog] [warning] read 5acf445f-44f0-4575-b234-20063d92b949 (length 39519) has no trained clipping model
[2025-07-09 17:11:38.646] [jointLog] [warning] read 5acf445f-44f0-4575-b234-20063d92b949 (length 39519) has no trained clipping model
[2025-07-09 17:11:38.646] [jointLog] [warning] read a5401647-5bee-43d7-a3b6-4e47144bf60a (length 86990 - align length 617) has no trained error model
[2025-07-09 17:11:38.646] [jointLog] [warning] read a5401647-5bee-43d7-a3b6-4e47144bf60a (length 86990) has no trained clipping model
[2025-07-09 17:11:38.646] [jointLog] [warning] read a5401647-5bee-43d7-a3b6-4e47144bf60a (length 86990) has no trained clipping model
[2025-07-09 17:11:38.646] [jointLog] [warning] read de6e2f13-36f7-439c-85a2-02e3ec93e434 (length 18368 - align length 1303) has no trained error model
[2025-07-09 17:11:38.646] [jointLog] [warning] read de6e2f13-36f7-439c-85a2-02e3ec93e434 (length 18368) has no trained clipping model
[2025-07-09 17:11:38.646] [jointLog] [warning] read de6e2f13-36f7-439c-85a2-02e3ec93e434 (length 18368) has no trained clipping model
[2025-07-09 17:11:38.646] [jointLog] [warning] read 5f6102f6-70cc-462e-bc80-a0eb0759579f (length 59706 - align length 3793) has no trained error model
[2025-07-09 17:11:38.646] [jointLog] [warning] read 5f6102f6-70cc-462e-bc80-a0eb0759579f (length 59706) has no trained clipping model
[2025-07-09 17:11:38.646] [jointLog] [warning] read 5f6102f6-70cc-462e-bc80-a0eb0759579f (length 59706) has no trained clipping model
[2025-07-09 17:11:38.646] [jointLog] [warning] read 07ebfa51-624b-4cbd-9c67-ab692e79570c (length 97485 - align length 57) has no trained error model
[2025-07-09 17:11:38.646] [jointLog] [warning] read 07ebfa51-624b-4cbd-9c67-ab692e79570c (length 97485) has no trained clipping model
[2025-07-09 17:11:38.646] [jointLog] [warning] read 07ebfa51-624b-4cbd-9c67-ab692e79570c (length 97485) has no trained clipping model
[2025-07-09 17:11:38.652] [jointLog] [warning] read 3d1de9b2-0601-4ad4-bf9b-6359f755a9f1 (length 18600 - align length 362) has no trained error model
[2025-07-09 17:11:38.652] [jointLog] [warning] read 3d1de9b2-0601-4ad4-bf9b-6359f755a9f1 (length 18600) has no trained clipping model
[2025-07-09 17:11:38.652] [jointLog] [warning] read 3d1de9b2-0601-4ad4-bf9b-6359f755a9f1 (length 18600) has no trained clipping model
[2025-07-09 17:11:38.652] [jointLog] [warning] read 7a4d0e90-c27d-44c9-8b87-83b51aa96487 (length 26277 - align length 366) has no trained error model
[2025-07-09 17:11:38.652] [jointLog] [warning] read 7a4d0e90-c27d-44c9-8b87-83b51aa96487 (length 26277) has no trained clipping model
[2025-07-09 17:11:38.652] [jointLog] [warning] read 7a4d0e90-c27d-44c9-8b87-83b51aa96487 (length 26277) has no trained clipping model
[2025-07-09 17:11:38.652] [jointLog] [warning] read 26710b2e-f55b-4c40-aac5-7aa6147eb35f (length 45252 - align length 2893) has no trained error model
[2025-07-09 17:11:38.652] [jointLog] [warning] read 26710b2e-f55b-4c40-aac5-7aa6147eb35f (length 45252) has no trained clipping model
[2025-07-09 17:11:38.652] [jointLog] [warning] read 26710b2e-f55b-4c40-aac5-7aa6147eb35f (length 45252) has no trained clipping model
[2025-07-09 17:11:38.652] [jointLog] [warning] read aa3f05ea-31b1-42c8-8ae3-48cc117a0a20 (length 40114 - align length 239) has no trained error model
[2025-07-09 17:11:38.652] [jointLog] [warning] read aa3f05ea-31b1-42c8-8ae3-48cc117a0a20 (length 40114) has no trained clipping model
[2025-07-09 17:11:38.652] [jointLog] [warning] read aa3f05ea-31b1-42c8-8ae3-48cc117a0a20 (length 40114) has no trained clipping model
[2025-07-09 17:11:38.652] [jointLog] [warning] read aa7240b4-f95b-473b-85e3-a593d9200926 (length 18424 - align length 1167) has no trained error model
[2025-07-09 17:11:38.652] [jointLog] [warning] read aa7240b4-f95b-473b-85e3-a593d9200926 (length 18424) has no trained clipping model
[2025-07-09 17:11:38.652] [jointLog] [warning] read aa7240b4-f95b-473b-85e3-a593d9200926 (length 18424) has no trained clipping model
[2025-07-09 17:11:38.652] [jointLog] [warning] read b8e3a68a-41cf-44df-a85b-d7fc24490d30 (length 23326 - align length 1237) has no trained error model
[2025-07-09 17:11:38.652] [jointLog] [warning] read b8e3a68a-41cf-44df-a85b-d7fc24490d30 (length 23326) has no trained clipping model
[2025-07-09 17:11:38.652] [jointLog] [warning] read b8e3a68a-41cf-44df-a85b-d7fc24490d30 (length 23326) has no trained clipping model
[2025-07-09 17:11:38.652] [jointLog] [warning] read 6b4f7730-72c4-495d-8b2f-b0516128471d (length 35763 - align length 989) has no trained error model
[2025-07-09 17:11:38.652] [jointLog] [warning] read 6b4f7730-72c4-495d-8b2f-b0516128471d (length 35763) has no trained clipping model
[2025-07-09 17:11:38.652] [jointLog] [warning] read 6b4f7730-72c4-495d-8b2f-b0516128471d (length 35763) has no trained clipping model
[2025-07-09 17:11:38.652] [jointLog] [warning] read d5b0e7a9-b1d3-4396-bd54-02d22e539a02 (length 103470 - align length 360) has no trained error model
[2025-07-09 17:11:38.652] [jointLog] [warning] read d5b0e7a9-b1d3-4396-bd54-02d22e539a02 (length 103470) has no trained clipping model
[2025-07-09 17:11:38.652] [jointLog] [warning] read d5b0e7a9-b1d3-4396-bd54-02d22e539a02 (length 103470) has no trained clipping model
[2025-07-09 17:11:38.652] [jointLog] [warning] read 1acd5e22-b412-474b-b60e-b350898d546f (length 12311 - align length 12197) has no trained error model
[2025-07-09 17:11:38.652] [jointLog] [warning] read 1acd5e22-b412-474b-b60e-b350898d546f (length 12311) has no trained clipping model
[2025-07-09 17:11:38.652] [jointLog] [warning] read 1acd5e22-b412-474b-b60e-b350898d546f (length 12311) has no trained clipping model
[2025-07-09 17:11:38.652] [jointLog] [warning] read cbfc0184-2a3e-4484-8d06-61f52af46cd3 (length 35327 - align length 1355) has no trained error model
[2025-07-09 17:11:38.652] [jointLog] [warning] read cbfc0184-2a3e-4484-8d06-61f52af46cd3 (length 35327) has no trained clipping model
[2025-07-09 17:11:38.652] [jointLog] [warning] read cbfc0184-2a3e-4484-8d06-61f52af46cd3 (length 35327) has no trained clipping model
[2025-07-09 17:11:38.652] [jointLog] [warning] read 3adca65a-5e86-4e31-a6ff-5732076fc6d6 (length 25771 - align length 369) has no trained error model
[2025-07-09 17:11:38.652] [jointLog] [warning] read 3adca65a-5e86-4e31-a6ff-5732076fc6d6 (length 25771) has no trained clipping model
[2025-07-09 17:11:38.652] [jointLog] [warning] read 3adca65a-5e86-4e31-a6ff-5732076fc6d6 (length 25771) has no trained clipping model
[2025-07-09 17:11:38.652] [jointLog] [warning] read b5635fd6-0ded-4cbf-ba73-acc6062568a0 (length 37249 - align length 359) has no trained error model
[2025-07-09 17:11:38.652] [jointLog] [warning] read b5635fd6-0ded-4cbf-ba73-acc6062568a0 (length 37249) has no trained clipping model
[2025-07-09 17:11:38.652] [jointLog] [warning] read b5635fd6-0ded-4cbf-ba73-acc6062568a0 (length 37249) has no trained clipping model
[2025-07-09 17:11:38.652] [jointLog] [warning] read 6128ddc8-1190-4662-95ae-bc9133d8f0be (length 61642 - align length 464) has no trained error model
[2025-07-09 17:11:38.652] [jointLog] [warning] read 6128ddc8-1190-4662-95ae-bc9133d8f0be (length 61642) has no trained clipping model
[2025-07-09 17:11:38.652] [jointLog] [warning] read 6128ddc8-1190-4662-95ae-bc9133d8f0be (length 61642) has no trained clipping model
[2025-07-09 17:11:38.652] [jointLog] [warning] read 73175d30-a187-4bba-8651-78770b1bea2f (length 13334 - align length 13277) has no trained error model
[2025-07-09 17:11:38.652] [jointLog] [warning] read 30e4f064-957e-4f3e-b81c-858b22e22705 (length 13956 - align length 1195) has no trained error model
[2025-07-09 17:11:38.652] [jointLog] [warning] read 30e4f064-957e-4f3e-b81c-858b22e22705 (length 13956) has no trained clipping model
[2025-07-09 17:11:38.652] [jointLog] [warning] read 30e4f064-957e-4f3e-b81c-858b22e22705 (length 13956) has no trained clipping model
[2025-07-09 17:11:38.652] [jointLog] [warning] read 00042f8b-b425-46cb-9367-1964db48d9a6 (length 18369 - align length 923) has no trained error model
[2025-07-09 17:11:38.652] [jointLog] [warning] read 00042f8b-b425-46cb-9367-1964db48d9a6 (length 18369) has no trained clipping model
[2025-07-09 17:11:38.652] [jointLog] [warning] read 00042f8b-b425-46cb-9367-1964db48d9a6 (length 18369) has no trained clipping model
[2025-07-09 17:11:38.652] [jointLog] [warning] read 8edc3734-3cf7-41e9-8794-1e5f68410b2b (length 49823 - align length 73) has no trained error model
[2025-07-09 17:11:38.652] [jointLog] [warning] read 8edc3734-3cf7-41e9-8794-1e5f68410b2b (length 49823) has no trained clipping model
[2025-07-09 17:11:38.652] [jointLog] [warning] read 8edc3734-3cf7-41e9-8794-1e5f68410b2b (length 49823) has no trained clipping model
[2025-07-09 17:11:38.652] [jointLog] [warning] read b3e5e077-53ba-4f76-8a14-4dcc3dadf364 (length 32580 - align length 414) has no trained error model
[2025-07-09 17:11:38.652] [jointLog] [warning] read b3e5e077-53ba-4f76-8a14-4dcc3dadf364 (length 32580) has no trained clipping model
[2025-07-09 17:11:38.652] [jointLog] [warning] read b3e5e077-53ba-4f76-8a14-4dcc3dadf364 (length 32580) has no trained clipping model
[2025-07-09 17:11:38.652] [jointLog] [warning] read 54bd2ce9-a4b1-49fd-8240-8ec721938170 (length 28165 - align length 533) has no trained error model
[2025-07-09 17:11:38.652] [jointLog] [warning] read 54bd2ce9-a4b1-49fd-8240-8ec721938170 (length 28165) has no trained clipping model
[2025-07-09 17:11:38.652] [jointLog] [warning] read 54bd2ce9-a4b1-49fd-8240-8ec721938170 (length 28165) has no trained clipping model
[2025-07-09 17:11:38.652] [jointLog] [warning] read dd4f1abb-329a-4c7c-bd23-0b3b7cff8e94 (length 50453 - align length 1273) has no trained error model
[2025-07-09 17:11:38.652] [jointLog] [warning] read dd4f1abb-329a-4c7c-bd23-0b3b7cff8e94 (length 50453) has no trained clipping model
[2025-07-09 17:11:38.652] [jointLog] [warning] read dd4f1abb-329a-4c7c-bd23-0b3b7cff8e94 (length 50453) has no trained clipping model
[2025-07-09 17:11:38.652] [jointLog] [warning] read ec8fe679-38c3-48f8-89f7-ef558af4815d (length 15548 - align length 653) has no trained error model
[2025-07-09 17:11:38.652] [jointLog] [warning] read ec8fe679-38c3-48f8-89f7-ef558af4815d (length 15548) has no trained clipping model
[2025-07-09 17:11:38.652] [jointLog] [warning] read ec8fe679-38c3-48f8-89f7-ef558af4815d (length 15548) has no trained clipping model
[2025-07-09 17:11:38.652] [jointLog] [warning] read b995b8ab-222f-43fc-96e7-145291e8c5c3 (length 42841 - align length 2639) has no trained error model
[2025-07-09 17:11:38.652] [jointLog] [warning] read b995b8ab-222f-43fc-96e7-145291e8c5c3 (length 42841) has no trained clipping model
[2025-07-09 17:11:38.652] [jointLog] [warning] read b995b8ab-222f-43fc-96e7-145291e8c5c3 (length 42841) has no trained clipping model
[2025-07-09 17:11:38.652] [jointLog] [warning] read a6a8f2a9-4ee9-4961-9679-51443aecf26e (length 14392 - align length 3434) has no trained error model
[2025-07-09 17:11:38.652] [jointLog] [warning] read a6a8f2a9-4ee9-4961-9679-51443aecf26e (length 14392) has no trained clipping model
[2025-07-09 17:11:38.652] [jointLog] [warning] read a6a8f2a9-4ee9-4961-9679-51443aecf26e (length 14392) has no trained clipping model
[2025-07-09 17:11:38.653] [jointLog] [warning] read ccf029d1-d212-4b71-a9a5-a26891afc802 (length 13657 - align length 1037) has no trained error model
[2025-07-09 17:11:38.653] [jointLog] [warning] read ccf029d1-d212-4b71-a9a5-a26891afc802 (length 13657) has no trained clipping model
[2025-07-09 17:11:38.653] [jointLog] [warning] read ccf029d1-d212-4b71-a9a5-a26891afc802 (length 13657) has no trained clipping model
[2025-07-09 17:11:38.653] [jointLog] [warning] read 06b9b469-119c-471c-9f78-d811c74f021e (length 12888) has no trained clipping model
[2025-07-09 17:11:38.653] [jointLog] [warning] read c92a4171-b0c2-4dc5-a206-5ec4e5416ef4 (length 19082 - align length 117) has no trained error model
[2025-07-09 17:11:38.653] [jointLog] [warning] read c92a4171-b0c2-4dc5-a206-5ec4e5416ef4 (length 19082) has no trained clipping model
[2025-07-09 17:11:38.653] [jointLog] [warning] read c92a4171-b0c2-4dc5-a206-5ec4e5416ef4 (length 19082) has no trained clipping model
[2025-07-09 17:11:38.653] [jointLog] [warning] read 5a7e680e-808d-46c3-b5ac-ae323cb781c9 (length 153939 - align length 595) has no trained error model
[2025-07-09 17:11:38.653] [jointLog] [warning] read 5a7e680e-808d-46c3-b5ac-ae323cb781c9 (length 153939) has no trained clipping model
[2025-07-09 17:11:38.653] [jointLog] [warning] read 5a7e680e-808d-46c3-b5ac-ae323cb781c9 (length 153939) has no trained clipping model
[2025-07-09 17:11:38.653] [jointLog] [warning] read ef611d56-6487-4e3f-aa16-7caba938c1f0 (length 13410 - align length 13183) has no trained error model
[2025-07-09 17:11:38.653] [jointLog] [warning] read ef611d56-6487-4e3f-aa16-7caba938c1f0 (length 13410) has no trained clipping model
[2025-07-09 17:11:38.653] [jointLog] [warning] read ef611d56-6487-4e3f-aa16-7caba938c1f0 (length 13410) has no trained clipping model
[2025-07-09 17:11:38.653] [jointLog] [warning] read 7ac9a60c-8368-45ac-8f5b-7733d57ee3e2 (length 114124 - align length 249) has no trained error model
[2025-07-09 17:11:38.653] [jointLog] [warning] read 7ac9a60c-8368-45ac-8f5b-7733d57ee3e2 (length 114124) has no trained clipping model
[2025-07-09 17:11:38.653] [jointLog] [warning] read 7ac9a60c-8368-45ac-8f5b-7733d57ee3e2 (length 114124) has no trained clipping model
[2025-07-09 17:11:38.653] [jointLog] [warning] read 24975811-25d4-4dc2-bb2f-d7be1d17d80b (length 11594) has no trained clipping model
[2025-07-09 17:11:38.653] [jointLog] [warning] read 549d8f5d-cdac-4aae-ab0f-ec3941a6862a (length 159435 - align length 850) has no trained error model
[2025-07-09 17:11:38.653] [jointLog] [warning] read 549d8f5d-cdac-4aae-ab0f-ec3941a6862a (length 159435) has no trained clipping model
[2025-07-09 17:11:38.653] [jointLog] [warning] read 549d8f5d-cdac-4aae-ab0f-ec3941a6862a (length 159435) has no trained clipping model
[2025-07-09 17:11:38.653] [jointLog] [warning] read fa217218-3b02-4e75-ac1a-5f1768faa6e2 (length 17847 - align length 293) has no trained error model
[2025-07-09 17:11:38.653] [jointLog] [warning] read fa217218-3b02-4e75-ac1a-5f1768faa6e2 (length 17847) has no trained clipping model
[2025-07-09 17:11:38.653] [jointLog] [warning] read fa217218-3b02-4e75-ac1a-5f1768faa6e2 (length 17847) has no trained clipping model
[2025-07-09 17:11:38.653] [jointLog] [warning] read 26c42cc8-c7aa-4c76-bbc0-ed0cb75c19b3 (length 13969 - align length 13902) has no trained error model
[2025-07-09 17:11:38.653] [jointLog] [warning] read 26c42cc8-c7aa-4c76-bbc0-ed0cb75c19b3 (length 13969) has no trained clipping model
[2025-07-09 17:11:38.653] [jointLog] [warning] read 26c42cc8-c7aa-4c76-bbc0-ed0cb75c19b3 (length 13969) has no trained clipping model
[2025-07-09 17:11:38.653] [jointLog] [warning] read 23eb82b8-7c8e-42c8-9414-e8c86d3629f4 (length 14739 - align length 14706) has no trained error model
[2025-07-09 17:11:38.653] [jointLog] [warning] read 23eb82b8-7c8e-42c8-9414-e8c86d3629f4 (length 14739) has no trained clipping model
[2025-07-09 17:11:38.653] [jointLog] [warning] read 23eb82b8-7c8e-42c8-9414-e8c86d3629f4 (length 14739) has no trained clipping model
[2025-07-09 17:11:38.653] [jointLog] [warning] read 9d37ba34-8cd0-41e8-a82d-aaa89cebd8ab (length 48959 - align length 374) has no trained error model
[2025-07-09 17:11:38.653] [jointLog] [warning] read 9d37ba34-8cd0-41e8-a82d-aaa89cebd8ab (length 48959) has no trained clipping model
[2025-07-09 17:11:38.653] [jointLog] [warning] read 9d37ba34-8cd0-41e8-a82d-aaa89cebd8ab (length 48959) has no trained clipping model
[2025-07-09 17:11:38.653] [jointLog] [warning] read 982f7b3d-6da9-4f70-b133-d447fea33a96 (length 13567 - align length 13493) has no trained error model
[2025-07-09 17:11:38.653] [jointLog] [warning] read 982f7b3d-6da9-4f70-b133-d447fea33a96 (length 13567) has no trained clipping model
[2025-07-09 17:11:38.653] [jointLog] [warning] read 982f7b3d-6da9-4f70-b133-d447fea33a96 (length 13567) has no trained clipping model
[2025-07-09 17:11:38.653] [jointLog] [warning] read 9f3d9db7-395f-45ae-a998-92811eaeac3f (length 15170 - align length 858) has no trained error model
[2025-07-09 17:11:38.653] [jointLog] [warning] read 9f3d9db7-395f-45ae-a998-92811eaeac3f (length 15170) has no trained clipping model
[2025-07-09 17:11:38.653] [jointLog] [warning] read 9f3d9db7-395f-45ae-a998-92811eaeac3f (length 15170) has no trained clipping model
[2025-07-09 17:11:38.653] [jointLog] [warning] read 87c4a187-fcbb-4884-83ea-1323e2b5b55e (length 69010 - align length 130) has no trained error model
[2025-07-09 17:11:38.653] [jointLog] [warning] read 87c4a187-fcbb-4884-83ea-1323e2b5b55e (length 69010) has no trained clipping model
[2025-07-09 17:11:38.653] [jointLog] [warning] read 87c4a187-fcbb-4884-83ea-1323e2b5b55e (length 69010) has no trained clipping model
[2025-07-09 17:11:38.653] [jointLog] [warning] read 1418e1e2-c49b-465b-a0f9-b443537c3387 (length 21787 - align length 121) has no trained error model
[2025-07-09 17:11:38.653] [jointLog] [warning] read 1418e1e2-c49b-465b-a0f9-b443537c3387 (length 21787) has no trained clipping model
[2025-07-09 17:11:38.653] [jointLog] [warning] read 1418e1e2-c49b-465b-a0f9-b443537c3387 (length 21787) has no trained clipping model
[2025-07-09 17:11:38.653] [jointLog] [warning] read e89c8489-e12c-483e-9a19-b309648af422 (length 38771 - align length 228) has no trained error model
[2025-07-09 17:11:38.653] [jointLog] [warning] read e89c8489-e12c-483e-9a19-b309648af422 (length 38771) has no trained clipping model
[2025-07-09 17:11:38.653] [jointLog] [warning] read e89c8489-e12c-483e-9a19-b309648af422 (length 38771) has no trained clipping model
[2025-07-09 17:11:38.653] [jointLog] [warning] read e0ca9d13-133b-4741-839d-cb506399cf72 (length 46320 - align length 383) has no trained error model
[2025-07-09 17:11:38.653] [jointLog] [warning] read e0ca9d13-133b-4741-839d-cb506399cf72 (length 46320) has no trained clipping model
[2025-07-09 17:11:38.653] [jointLog] [warning] read e0ca9d13-133b-4741-839d-cb506399cf72 (length 46320) has no trained clipping model
[2025-07-09 17:11:38.653] [jointLog] [warning] read 626954b4-75d8-4f7c-a6de-25d02336cd58 (length 19031 - align length 318) has no trained error model
[2025-07-09 17:11:38.653] [jointLog] [warning] read 626954b4-75d8-4f7c-a6de-25d02336cd58 (length 19031) has no trained clipping model
[2025-07-09 17:11:38.653] [jointLog] [warning] read 626954b4-75d8-4f7c-a6de-25d02336cd58 (length 19031) has no trained clipping model
[2025-07-09 17:11:38.653] [jointLog] [warning] read de1ff48f-fe8e-402c-82bc-d72f36ca68ee (length 15336 - align length 263) has no trained error model
[2025-07-09 17:11:38.653] [jointLog] [warning] read de1ff48f-fe8e-402c-82bc-d72f36ca68ee (length 15336) has no trained clipping model
[2025-07-09 17:11:38.653] [jointLog] [warning] read de1ff48f-fe8e-402c-82bc-d72f36ca68ee (length 15336) has no trained clipping model
[2025-07-09 17:11:38.653] [jointLog] [warning] read 69724c47-ed09-4e3a-9ce4-4213beccd525 (length 17024 - align length 228) has no trained error model
[2025-07-09 17:11:38.653] [jointLog] [warning] read 69724c47-ed09-4e3a-9ce4-4213beccd525 (length 17024) has no trained clipping model
[2025-07-09 17:11:38.653] [jointLog] [warning] read 69724c47-ed09-4e3a-9ce4-4213beccd525 (length 17024) has no trained clipping model
[2025-07-09 17:11:38.653] [jointLog] [warning] read 9d6d11e6-9f7d-4226-bf54-914fd7a629b4 (length 78081 - align length 122) has no trained error model
[2025-07-09 17:11:38.653] [jointLog] [warning] read 9d6d11e6-9f7d-4226-bf54-914fd7a629b4 (length 78081) has no trained clipping model
[2025-07-09 17:11:38.653] [jointLog] [warning] read 9d6d11e6-9f7d-4226-bf54-914fd7a629b4 (length 78081) has no trained clipping model
[2025-07-09 17:11:38.653] [jointLog] [warning] read 1d8f7fdd-60bd-4000-aab8-96925d13543b (length 59823 - align length 497) has no trained error model
[2025-07-09 17:11:38.653] [jointLog] [warning] read 1d8f7fdd-60bd-4000-aab8-96925d13543b (length 59823) has no trained clipping model
[2025-07-09 17:11:38.653] [jointLog] [warning] read 1d8f7fdd-60bd-4000-aab8-96925d13543b (length 59823) has no trained clipping model
[2025-07-09 17:11:38.653] [jointLog] [warning] read 3cb006ed-aea9-4297-bb5c-4a2f6c85b1d0 (length 36561 - align length 1445) has no trained error model
[2025-07-09 17:11:38.653] [jointLog] [warning] read 3cb006ed-aea9-4297-bb5c-4a2f6c85b1d0 (length 36561) has no trained clipping model
[2025-07-09 17:11:38.653] [jointLog] [warning] read 3cb006ed-aea9-4297-bb5c-4a2f6c85b1d0 (length 36561) has no trained clipping model
[2025-07-09 17:11:38.653] [jointLog] [warning] read f9c9dbd7-f09f-46cd-a8dd-8f70fd77eafe (length 26562 - align length 1154) has no trained error model
[2025-07-09 17:11:38.653] [jointLog] [warning] read f9c9dbd7-f09f-46cd-a8dd-8f70fd77eafe (length 26562) has no trained clipping model
[2025-07-09 17:11:38.653] [jointLog] [warning] read f9c9dbd7-f09f-46cd-a8dd-8f70fd77eafe (length 26562) has no trained clipping model
[2025-07-09 17:11:38.653] [jointLog] [warning] read 6ed7000e-27b0-4c03-83df-004cea629718 (length 12105) has no trained clipping model
[2025-07-09 17:11:38.653] [jointLog] [warning] read 6ed7000e-27b0-4c03-83df-004cea629718 (length 12105) has no trained clipping model
[2025-07-09 17:11:38.653] [jointLog] [warning] read 963e635e-a245-46e4-a5bb-62e9fe02a1da (length 15321 - align length 884) has no trained error model
[2025-07-09 17:11:38.653] [jointLog] [warning] read 963e635e-a245-46e4-a5bb-62e9fe02a1da (length 15321) has no trained clipping model
[2025-07-09 17:11:38.653] [jointLog] [warning] read 963e635e-a245-46e4-a5bb-62e9fe02a1da (length 15321) has no trained clipping model
[2025-07-09 17:11:38.653] [jointLog] [warning] read 0002a48f-c9b4-41eb-ae25-9d615180d369 (length 39673 - align length 196) has no trained error model
[2025-07-09 17:11:38.653] [jointLog] [warning] read 0002a48f-c9b4-41eb-ae25-9d615180d369 (length 39673) has no trained clipping model
[2025-07-09 17:11:38.653] [jointLog] [warning] read 0002a48f-c9b4-41eb-ae25-9d615180d369 (length 39673) has no trained clipping model
[2025-07-09 17:11:38.653] [jointLog] [warning] read d9cd9f07-b802-4257-8e35-e59a9320a592 (length 25193 - align length 2507) has no trained error model
[2025-07-09 17:11:38.653] [jointLog] [warning] read d9cd9f07-b802-4257-8e35-e59a9320a592 (length 25193) has no trained clipping model
[2025-07-09 17:11:38.653] [jointLog] [warning] read d9cd9f07-b802-4257-8e35-e59a9320a592 (length 25193) has no trained clipping model
[2025-07-09 17:11:38.653] [jointLog] [warning] read d311a36b-e90a-47d5-a4b9-7781aae7fa2a (length 81939 - align length 1340) has no trained error model
[2025-07-09 17:11:38.653] [jointLog] [warning] read d311a36b-e90a-47d5-a4b9-7781aae7fa2a (length 81939) has no trained clipping model
[2025-07-09 17:11:38.653] [jointLog] [warning] read d311a36b-e90a-47d5-a4b9-7781aae7fa2a (length 81939) has no trained clipping model
[2025-07-09 17:11:38.653] [jointLog] [warning] read 53a1ec36-3399-45ae-a3c6-e7d96a4a97cc (length 50558 - align length 1497) has no trained error model
[2025-07-09 17:11:38.653] [jointLog] [warning] read 53a1ec36-3399-45ae-a3c6-e7d96a4a97cc (length 50558) has no trained clipping model
[2025-07-09 17:11:38.653] [jointLog] [warning] read 53a1ec36-3399-45ae-a3c6-e7d96a4a97cc (length 50558) has no trained clipping model
[2025-07-09 17:11:38.653] [jointLog] [warning] read eaac8959-e4a5-4bcf-a549-a86fceeb98d0 (length 23063 - align length 1593) has no trained error model
[2025-07-09 17:11:38.653] [jointLog] [warning] read eaac8959-e4a5-4bcf-a549-a86fceeb98d0 (length 23063) has no trained clipping model
[2025-07-09 17:11:38.653] [jointLog] [warning] read eaac8959-e4a5-4bcf-a549-a86fceeb98d0 (length 23063) has no trained clipping model
[2025-07-09 17:11:38.653] [jointLog] [warning] read 5cdccc41-45b4-4407-8070-ffae7632f1c0 (length 65342 - align length 1707) has no trained error model
[2025-07-09 17:11:38.653] [jointLog] [warning] read 5cdccc41-45b4-4407-8070-ffae7632f1c0 (length 65342) has no trained clipping model
[2025-07-09 17:11:38.653] [jointLog] [warning] read 5cdccc41-45b4-4407-8070-ffae7632f1c0 (length 65342) has no trained clipping model
[2025-07-09 17:11:38.653] [jointLog] [warning] read e92a4d7d-09bf-45ed-ad58-b23b7b66faf8 (length 17397 - align length 2031) has no trained error model
[2025-07-09 17:11:38.653] [jointLog] [warning] read e92a4d7d-09bf-45ed-ad58-b23b7b66faf8 (length 17397) has no trained clipping model
[2025-07-09 17:11:38.653] [jointLog] [warning] read e92a4d7d-09bf-45ed-ad58-b23b7b66faf8 (length 17397) has no trained clipping model
[2025-07-09 17:11:38.653] [jointLog] [warning] read 4eea3742-4ae1-4418-b60d-615f54685bf1 (length 17087 - align length 363) has no trained error model
[2025-07-09 17:11:38.653] [jointLog] [warning] read 4eea3742-4ae1-4418-b60d-615f54685bf1 (length 17087) has no trained clipping model
[2025-07-09 17:11:38.653] [jointLog] [warning] read 4eea3742-4ae1-4418-b60d-615f54685bf1 (length 17087) has no trained clipping model
[2025-07-09 17:11:38.653] [jointLog] [warning] read b8a96428-7976-4bfa-bb12-ab9ff4ca2ed2 (length 33491 - align length 1925) has no trained error model
[2025-07-09 17:11:38.653] [jointLog] [warning] read b8a96428-7976-4bfa-bb12-ab9ff4ca2ed2 (length 33491) has no trained clipping model
[2025-07-09 17:11:38.653] [jointLog] [warning] read b8a96428-7976-4bfa-bb12-ab9ff4ca2ed2 (length 33491) has no trained clipping model
[2025-07-09 17:11:38.654] [jointLog] [warning] read c1f83cf4-60af-4200-822d-afc1c6c31c26 (length 18694 - align length 1733) has no trained error model
[2025-07-09 17:11:38.654] [jointLog] [warning] read c1f83cf4-60af-4200-822d-afc1c6c31c26 (length 18694) has no trained clipping model
[2025-07-09 17:11:38.654] [jointLog] [warning] read c1f83cf4-60af-4200-822d-afc1c6c31c26 (length 18694) has no trained clipping model
[2025-07-09 17:11:38.654] [jointLog] [warning] read 68ccc2f9-1bb1-44ca-9cfa-983cab153a0c (length 44939 - align length 1407) has no trained error model
[2025-07-09 17:11:38.654] [jointLog] [warning] read 68ccc2f9-1bb1-44ca-9cfa-983cab153a0c (length 44939) has no trained clipping model
[2025-07-09 17:11:38.654] [jointLog] [warning] read 68ccc2f9-1bb1-44ca-9cfa-983cab153a0c (length 44939) has no trained clipping model
[2025-07-09 17:11:38.654] [jointLog] [warning] read 4604f8cb-0a40-4e58-9f56-e9021d56da0a (length 12992 - align length 831) has no trained error model
[2025-07-09 17:11:38.654] [jointLog] [warning] read 4604f8cb-0a40-4e58-9f56-e9021d56da0a (length 12992) has no trained clipping model
[2025-07-09 17:11:38.654] [jointLog] [warning] read 4604f8cb-0a40-4e58-9f56-e9021d56da0a (length 12992) has no trained clipping model
[2025-07-09 17:11:38.654] [jointLog] [warning] read 2572c234-dbd9-404a-beb5-4dce6e1937ed (length 11790) has no trained clipping model
[2025-07-09 17:11:38.654] [jointLog] [warning] read 93237ddb-c15c-47d3-a839-7343eea3b7fc (length 12401) has no trained clipping model
[2025-07-09 17:11:38.654] [jointLog] [warning] read f02dc81e-b3fc-4e2f-b990-8aaefd6d4722 (length 67819 - align length 207) has no trained error model
[2025-07-09 17:11:38.654] [jointLog] [warning] read f02dc81e-b3fc-4e2f-b990-8aaefd6d4722 (length 67819) has no trained clipping model
[2025-07-09 17:11:38.654] [jointLog] [warning] read f02dc81e-b3fc-4e2f-b990-8aaefd6d4722 (length 67819) has no trained clipping model
[2025-07-09 17:11:38.654] [jointLog] [warning] read ffbcf396-2e47-4819-bb4d-fa1d6696dc50 (length 86830 - align length 461) has no trained error model
[2025-07-09 17:11:38.654] [jointLog] [warning] read ffbcf396-2e47-4819-bb4d-fa1d6696dc50 (length 86830) has no trained clipping model
[2025-07-09 17:11:38.654] [jointLog] [warning] read ffbcf396-2e47-4819-bb4d-fa1d6696dc50 (length 86830) has no trained clipping model
[2025-07-09 17:11:38.654] [jointLog] [warning] read 7f75009b-b8f5-4bbc-89d4-2eba0a12e8ce (length 18113 - align length 437) has no trained error model
[2025-07-09 17:11:38.654] [jointLog] [warning] read 7f75009b-b8f5-4bbc-89d4-2eba0a12e8ce (length 18113) has no trained clipping model
[2025-07-09 17:11:38.654] [jointLog] [warning] read 7f75009b-b8f5-4bbc-89d4-2eba0a12e8ce (length 18113) has no trained clipping model
[2025-07-09 17:11:38.654] [jointLog] [warning] read 8860d3ef-ea6d-4463-8560-7cf49b4966ea (length 23264 - align length 125) has no trained error model
[2025-07-09 17:11:38.654] [jointLog] [warning] read 8860d3ef-ea6d-4463-8560-7cf49b4966ea (length 23264) has no trained clipping model
[2025-07-09 17:11:38.654] [jointLog] [warning] read 8860d3ef-ea6d-4463-8560-7cf49b4966ea (length 23264) has no trained clipping model
[2025-07-09 17:11:38.654] [jointLog] [warning] read 7063c031-a621-440d-bdfd-661edc62d309 (length 17428 - align length 694) has no trained error model
[2025-07-09 17:11:38.654] [jointLog] [warning] read 7063c031-a621-440d-bdfd-661edc62d309 (length 17428) has no trained clipping model
[2025-07-09 17:11:38.654] [jointLog] [warning] read 7063c031-a621-440d-bdfd-661edc62d309 (length 17428) has no trained clipping model
[2025-07-09 17:11:38.654] [jointLog] [warning] read 96e70574-7c3f-42c1-bcef-9f21ded5108d (length 15947 - align length 382) has no trained error model
[2025-07-09 17:11:38.654] [jointLog] [warning] read 96e70574-7c3f-42c1-bcef-9f21ded5108d (length 15947) has no trained clipping model
[2025-07-09 17:11:38.654] [jointLog] [warning] read 96e70574-7c3f-42c1-bcef-9f21ded5108d (length 15947) has no trained clipping model
[2025-07-09 17:11:38.654] [jointLog] [warning] read 08923cc0-c92f-4516-9be1-bd789844b0a9 (length 26829 - align length 2188) has no trained error model
[2025-07-09 17:11:38.654] [jointLog] [warning] read 08923cc0-c92f-4516-9be1-bd789844b0a9 (length 26829) has no trained clipping model
[2025-07-09 17:11:38.654] [jointLog] [warning] read 08923cc0-c92f-4516-9be1-bd789844b0a9 (length 26829) has no trained clipping model
[2025-07-09 17:11:38.654] [jointLog] [warning] read 35aded91-b071-4ed4-bd3e-d36ece4131e7 (length 57022 - align length 247) has no trained error model
[2025-07-09 17:11:38.654] [jointLog] [warning] read 35aded91-b071-4ed4-bd3e-d36ece4131e7 (length 57022) has no trained clipping model
[2025-07-09 17:11:38.654] [jointLog] [warning] read 35aded91-b071-4ed4-bd3e-d36ece4131e7 (length 57022) has no trained clipping model
[2025-07-09 17:11:38.654] [jointLog] [warning] read 4fbac362-0f02-46f6-afe4-9fe7afe9589b (length 24173 - align length 176) has no trained error model
[2025-07-09 17:11:38.654] [jointLog] [warning] read 4fbac362-0f02-46f6-afe4-9fe7afe9589b (length 24173) has no trained clipping model
[2025-07-09 17:11:38.654] [jointLog] [warning] read 4fbac362-0f02-46f6-afe4-9fe7afe9589b (length 24173) has no trained clipping model
[2025-07-09 17:11:38.654] [jointLog] [warning] read 02d4e0fe-68d1-49db-b5b6-5819bcdc6e53 (length 16765 - align length 16691) has no trained error model
[2025-07-09 17:11:38.654] [jointLog] [warning] read 02d4e0fe-68d1-49db-b5b6-5819bcdc6e53 (length 16765) has no trained clipping model
[2025-07-09 17:11:38.654] [jointLog] [warning] read 02d4e0fe-68d1-49db-b5b6-5819bcdc6e53 (length 16765) has no trained clipping model
[2025-07-09 17:11:38.654] [jointLog] [warning] read a5777297-ef2f-41ba-99cb-6c16b976385f (length 63751 - align length 1448) has no trained error model
[2025-07-09 17:11:38.654] [jointLog] [warning] read a5777297-ef2f-41ba-99cb-6c16b976385f (length 63751) has no trained clipping model
[2025-07-09 17:11:38.654] [jointLog] [warning] read a5777297-ef2f-41ba-99cb-6c16b976385f (length 63751) has no trained clipping model
[2025-07-09 17:11:38.654] [jointLog] [warning] read 9db853b7-dd70-4461-ab35-84c07b908283 (length 67308 - align length 975) has no trained error model
[2025-07-09 17:11:38.654] [jointLog] [warning] read 9db853b7-dd70-4461-ab35-84c07b908283 (length 67308) has no trained clipping model
[2025-07-09 17:11:38.654] [jointLog] [warning] read 9db853b7-dd70-4461-ab35-84c07b908283 (length 67308) has no trained clipping model
[2025-07-09 17:11:38.654] [jointLog] [warning] read e32dcc31-5a27-4dc7-abd0-bf9f00aebbe5 (length 33245 - align length 853) has no trained error model
[2025-07-09 17:11:38.654] [jointLog] [warning] read e32dcc31-5a27-4dc7-abd0-bf9f00aebbe5 (length 33245) has no trained clipping model
[2025-07-09 17:11:38.654] [jointLog] [warning] read e32dcc31-5a27-4dc7-abd0-bf9f00aebbe5 (length 33245) has no trained clipping model
[2025-07-09 17:11:38.654] [jointLog] [warning] read 611a31d3-4437-4ea0-bb5a-106c17ff9fe1 (length 12192) has no trained clipping model
[2025-07-09 17:11:38.654] [jointLog] [warning] read 611a31d3-4437-4ea0-bb5a-106c17ff9fe1 (length 12192) has no trained clipping model
[2025-07-09 17:11:38.654] [jointLog] [warning] read f0d04934-b5e0-41e2-8d40-7fc4035e2b13 (length 23179 - align length 868) has no trained error model
[2025-07-09 17:11:38.654] [jointLog] [warning] read f0d04934-b5e0-41e2-8d40-7fc4035e2b13 (length 23179) has no trained clipping model
[2025-07-09 17:11:38.654] [jointLog] [warning] read f0d04934-b5e0-41e2-8d40-7fc4035e2b13 (length 23179) has no trained clipping model
[2025-07-09 17:11:38.654] [jointLog] [warning] read acc6b556-7398-432e-a9d5-faeeb2a6e5b9 (length 37806 - align length 465) has no trained error model
[2025-07-09 17:11:38.654] [jointLog] [warning] read acc6b556-7398-432e-a9d5-faeeb2a6e5b9 (length 37806) has no trained clipping model
[2025-07-09 17:11:38.654] [jointLog] [warning] read acc6b556-7398-432e-a9d5-faeeb2a6e5b9 (length 37806) has no trained clipping model
[2025-07-09 17:11:38.654] [jointLog] [warning] read e2199349-d02c-45f3-a687-6ffea398e1be (length 87190 - align length 298) has no trained error model
[2025-07-09 17:11:38.654] [jointLog] [warning] read e2199349-d02c-45f3-a687-6ffea398e1be (length 87190) has no trained clipping model
[2025-07-09 17:11:38.654] [jointLog] [warning] read e2199349-d02c-45f3-a687-6ffea398e1be (length 87190) has no trained clipping model
[2025-07-09 17:11:38.654] [jointLog] [warning] read eee6d020-dc36-4e85-85ed-ac208bc76351 (length 22267 - align length 179) has no trained error model
[2025-07-09 17:11:38.654] [jointLog] [warning] read eee6d020-dc36-4e85-85ed-ac208bc76351 (length 22267) has no trained clipping model
[2025-07-09 17:11:38.654] [jointLog] [warning] read eee6d020-dc36-4e85-85ed-ac208bc76351 (length 22267) has no trained clipping model
[2025-07-09 17:11:38.654] [jointLog] [warning] read 07622e88-f56d-4832-9170-e89c58c93f82 (length 130974 - align length 1362) has no trained error model
[2025-07-09 17:11:38.654] [jointLog] [warning] read 07622e88-f56d-4832-9170-e89c58c93f82 (length 130974) has no trained clipping model
[2025-07-09 17:11:38.654] [jointLog] [warning] read 07622e88-f56d-4832-9170-e89c58c93f82 (length 130974) has no trained clipping model
[2025-07-09 17:11:38.654] [jointLog] [warning] read 547617d0-af36-492d-9e4b-d08b2e3d6f2e (length 56958 - align length 468) has no trained error model
[2025-07-09 17:11:38.654] [jointLog] [warning] read 547617d0-af36-492d-9e4b-d08b2e3d6f2e (length 56958) has no trained clipping model
[2025-07-09 17:11:38.654] [jointLog] [warning] read 547617d0-af36-492d-9e4b-d08b2e3d6f2e (length 56958) has no trained clipping model
[2025-07-09 17:11:38.654] [jointLog] [warning] read 6665a9cc-14a5-492a-b528-98d1b34521b5 (length 13742 - align length 369) has no trained error model
[2025-07-09 17:11:38.654] [jointLog] [warning] read 6665a9cc-14a5-492a-b528-98d1b34521b5 (length 13742) has no trained clipping model
[2025-07-09 17:11:38.654] [jointLog] [warning] read 6665a9cc-14a5-492a-b528-98d1b34521b5 (length 13742) has no trained clipping model
[2025-07-09 17:11:38.654] [jointLog] [warning] read deadf21f-dc0e-4719-b1b7-7b06684b0b60 (length 25577 - align length 1124) has no trained error model
[2025-07-09 17:11:38.654] [jointLog] [warning] read deadf21f-dc0e-4719-b1b7-7b06684b0b60 (length 25577) has no trained clipping model
[2025-07-09 17:11:38.654] [jointLog] [warning] read deadf21f-dc0e-4719-b1b7-7b06684b0b60 (length 25577) has no trained clipping model
[2025-07-09 17:11:38.654] [jointLog] [warning] read cd15b266-a5ce-4059-ae3d-1748aa85d1c3 (length 14503 - align length 624) has no trained error model
[2025-07-09 17:11:38.654] [jointLog] [warning] read cd15b266-a5ce-4059-ae3d-1748aa85d1c3 (length 14503) has no trained clipping model
[2025-07-09 17:11:38.654] [jointLog] [warning] read cd15b266-a5ce-4059-ae3d-1748aa85d1c3 (length 14503) has no trained clipping model
[2025-07-09 17:11:38.654] [jointLog] [warning] read 6b3e9fea-4adc-40f6-bee1-53f780e071a5 (length 19055 - align length 283) has no trained error model
[2025-07-09 17:11:38.654] [jointLog] [warning] read 6b3e9fea-4adc-40f6-bee1-53f780e071a5 (length 19055) has no trained clipping model
[2025-07-09 17:11:38.654] [jointLog] [warning] read 6b3e9fea-4adc-40f6-bee1-53f780e071a5 (length 19055) has no trained clipping model
[2025-07-09 17:11:38.654] [jointLog] [warning] read 1e5c582e-d5eb-4db8-a595-1afd69670de3 (length 20497 - align length 363) has no trained error model
[2025-07-09 17:11:38.654] [jointLog] [warning] read 1e5c582e-d5eb-4db8-a595-1afd69670de3 (length 20497) has no trained clipping model
[2025-07-09 17:11:38.654] [jointLog] [warning] read 1e5c582e-d5eb-4db8-a595-1afd69670de3 (length 20497) has no trained clipping model
[2025-07-09 17:11:38.654] [jointLog] [warning] read d1c98d0a-bd7e-4c3d-8fda-e927e32a0015 (length 80399 - align length 314) has no trained error model
[2025-07-09 17:11:38.654] [jointLog] [warning] read d1c98d0a-bd7e-4c3d-8fda-e927e32a0015 (length 80399) has no trained clipping model
[2025-07-09 17:11:38.654] [jointLog] [warning] read d1c98d0a-bd7e-4c3d-8fda-e927e32a0015 (length 80399) has no trained clipping model
[2025-07-09 17:11:38.654] [jointLog] [warning] read 9e42edfd-5fb1-41fe-ba31-5eb4028929a4 (length 41348 - align length 1785) has no trained error model
[2025-07-09 17:11:38.654] [jointLog] [warning] read 9e42edfd-5fb1-41fe-ba31-5eb4028929a4 (length 41348) has no trained clipping model
[2025-07-09 17:11:38.654] [jointLog] [warning] read 9e42edfd-5fb1-41fe-ba31-5eb4028929a4 (length 41348) has no trained clipping model
[2025-07-09 17:11:38.654] [jointLog] [warning] read 1520427a-b057-456f-b9fb-9cdd94c044e4 (length 272090 - align length 299) has no trained error model
[2025-07-09 17:11:38.654] [jointLog] [warning] read 1520427a-b057-456f-b9fb-9cdd94c044e4 (length 272090) has no trained clipping model
[2025-07-09 17:11:38.654] [jointLog] [warning] read 1520427a-b057-456f-b9fb-9cdd94c044e4 (length 272090) has no trained clipping model
[2025-07-09 17:11:38.654] [jointLog] [warning] read 4d1b0418-6b03-41d8-85dd-f37e74f1d08a (length 22376 - align length 101) has no trained error model
[2025-07-09 17:11:38.654] [jointLog] [warning] read 4d1b0418-6b03-41d8-85dd-f37e74f1d08a (length 22376) has no trained clipping model
[2025-07-09 17:11:38.654] [jointLog] [warning] read 4d1b0418-6b03-41d8-85dd-f37e74f1d08a (length 22376) has no trained clipping model
[2025-07-09 17:11:38.654] [jointLog] [warning] read 23a60f2b-59c6-4e32-b84c-11abc6efabcc (length 251302 - align length 114) has no trained error model
[2025-07-09 17:11:38.654] [jointLog] [warning] read 23a60f2b-59c6-4e32-b84c-11abc6efabcc (length 251302) has no trained clipping model
[2025-07-09 17:11:38.654] [jointLog] [warning] read 23a60f2b-59c6-4e32-b84c-11abc6efabcc (length 251302) has no trained clipping model
[2025-07-09 17:11:38.654] [jointLog] [warning] read da0b3789-7a23-4577-ad3f-96f07dab4137 (length 24878 - align length 104) has no trained error model
[2025-07-09 17:11:38.654] [jointLog] [warning] read da0b3789-7a23-4577-ad3f-96f07dab4137 (length 24878) has no trained clipping model
[2025-07-09 17:11:38.654] [jointLog] [warning] read da0b3789-7a23-4577-ad3f-96f07dab4137 (length 24878) has no trained clipping model
[2025-07-09 17:11:38.654] [jointLog] [warning] read 473fd449-aa5d-4e47-b7e5-c8e6dc227c14 (length 19522 - align length 294) has no trained error model
[2025-07-09 17:11:38.654] [jointLog] [warning] read 473fd449-aa5d-4e47-b7e5-c8e6dc227c14 (length 19522) has no trained clipping model
[2025-07-09 17:11:38.654] [jointLog] [warning] read 473fd449-aa5d-4e47-b7e5-c8e6dc227c14 (length 19522) has no trained clipping model
[2025-07-09 17:11:38.654] [jointLog] [warning] read f11e5ae0-08a7-4448-bcf4-3689dde80bdb (length 20295 - align length 1398) has no trained error model
[2025-07-09 17:11:38.654] [jointLog] [warning] read f11e5ae0-08a7-4448-bcf4-3689dde80bdb (length 20295) has no trained clipping model
[2025-07-09 17:11:38.654] [jointLog] [warning] read f11e5ae0-08a7-4448-bcf4-3689dde80bdb (length 20295) has no trained clipping model
[2025-07-09 17:11:38.712] [jointLog] [warning] read 998c16b3-f5ce-4273-8909-67141216b278 (length 12951 - align length 12820) has no trained error model
[2025-07-09 17:11:38.712] [jointLog] [warning] read 998c16b3-f5ce-4273-8909-67141216b278 (length 12951) has no trained clipping model
[2025-07-09 17:11:38.712] [jointLog] [warning] read 998c16b3-f5ce-4273-8909-67141216b278 (length 12951) has no trained clipping model
[2025-07-09 17:11:38.727] [jointLog] [warning] read 092b2b44-294f-4aad-aa43-5364ec1bf424 (length 10887 - align length 10472) has no trained error model
[2025-07-09 17:11:38.977] [jointLog] [warning] read 6d7e1684-89e9-4d68-b2d5-7098bc7aa246 (length 11750) has no trained clipping model
[2025-07-09 17:11:39.491] [jointLog] [warning] read a399eaa2-f795-48bc-98f4-b6e9f10af53a (length 10675 - align length 10636) has no trained error model
[2025-07-09 17:11:39.558] [jointLog] [warning] read 4094c8a1-951d-4548-8f97-3c4205c827f2 (length 11421 - align length 11325) has no trained error model
[2025-07-09 17:11:39.558] [jointLog] [warning] read 4094c8a1-951d-4548-8f97-3c4205c827f2 (length 11421) has no trained clipping model
[2025-07-09 17:11:39.558] [jointLog] [warning] read 4094c8a1-951d-4548-8f97-3c4205c827f2 (length 11421) has no trained clipping model
[2025-07-09 17:11:39.754] [jointLog] [warning] read ba96dcc3-bf98-4917-af60-9ba615528aea (length 11744) has no trained clipping model
[2025-07-09 17:11:39.780] [jointLog] [warning] read 80da1272-e13b-4caf-8f83-55e4c8c15be6 (length 13933 - align length 1921) has no trained error model
[2025-07-09 17:11:39.780] [jointLog] [warning] read 80da1272-e13b-4caf-8f83-55e4c8c15be6 (length 13933) has no trained clipping model
[2025-07-09 17:11:39.780] [jointLog] [warning] read 80da1272-e13b-4caf-8f83-55e4c8c15be6 (length 13933) has no trained clipping model
[2025-07-09 17:11:39.780] [jointLog] [warning] read 7de2a996-5b0f-47dd-8400-86275ae92511 (length 11407 - align length 484) has no trained error model
[2025-07-09 17:11:39.780] [jointLog] [warning] read 7de2a996-5b0f-47dd-8400-86275ae92511 (length 11407) has no trained clipping model
[2025-07-09 17:11:39.780] [jointLog] [warning] read 7de2a996-5b0f-47dd-8400-86275ae92511 (length 11407) has no trained clipping model
[2025-07-09 17:11:39.780] [jointLog] [warning] read ab1803f5-f08e-42ed-932e-02b77b222d83 (length 23289 - align length 1898) has no trained error model
[2025-07-09 17:11:39.780] [jointLog] [warning] read ab1803f5-f08e-42ed-932e-02b77b222d83 (length 23289) has no trained clipping model
[2025-07-09 17:11:39.780] [jointLog] [warning] read ab1803f5-f08e-42ed-932e-02b77b222d83 (length 23289) has no trained clipping model
[2025-07-09 17:11:39.780] [jointLog] [warning] read 417ae090-bc01-43d8-81b4-08c12f07bebd (length 17949 - align length 362) has no trained error model
[2025-07-09 17:11:39.780] [jointLog] [warning] read 417ae090-bc01-43d8-81b4-08c12f07bebd (length 17949) has no trained clipping model
[2025-07-09 17:11:39.780] [jointLog] [warning] read 417ae090-bc01-43d8-81b4-08c12f07bebd (length 17949) has no trained clipping model
[2025-07-09 17:11:39.780] [jointLog] [warning] read ac72ab0d-03e3-4740-9296-18a2a99ce015 (length 35723 - align length 1109) has no trained error model
[2025-07-09 17:11:39.780] [jointLog] [warning] read ac72ab0d-03e3-4740-9296-18a2a99ce015 (length 35723) has no trained clipping model
[2025-07-09 17:11:39.780] [jointLog] [warning] read ac72ab0d-03e3-4740-9296-18a2a99ce015 (length 35723) has no trained clipping model
[2025-07-09 17:11:39.780] [jointLog] [warning] read 5834da47-a168-4f85-8dcc-4583cfa26ac5 (length 51705 - align length 1750) has no trained error model
[2025-07-09 17:11:39.780] [jointLog] [warning] read 5834da47-a168-4f85-8dcc-4583cfa26ac5 (length 51705) has no trained clipping model
[2025-07-09 17:11:39.780] [jointLog] [warning] read 5834da47-a168-4f85-8dcc-4583cfa26ac5 (length 51705) has no trained clipping model
[2025-07-09 17:11:39.780] [jointLog] [warning] read 4f5f4b1a-7dc9-4e22-982f-2898acf18a31 (length 23075 - align length 121) has no trained error model
[2025-07-09 17:11:39.780] [jointLog] [warning] read 4f5f4b1a-7dc9-4e22-982f-2898acf18a31 (length 23075) has no trained clipping model
[2025-07-09 17:11:39.780] [jointLog] [warning] read 4f5f4b1a-7dc9-4e22-982f-2898acf18a31 (length 23075) has no trained clipping model
[2025-07-09 17:11:39.780] [jointLog] [warning] read c5eaf70b-7569-4e88-aa0c-8e9a61ab5771 (length 66693 - align length 468) has no trained error model
[2025-07-09 17:11:39.780] [jointLog] [warning] read c5eaf70b-7569-4e88-aa0c-8e9a61ab5771 (length 66693) has no trained clipping model
[2025-07-09 17:11:39.780] [jointLog] [warning] read c5eaf70b-7569-4e88-aa0c-8e9a61ab5771 (length 66693) has no trained clipping model
[2025-07-09 17:11:39.780] [jointLog] [warning] read 7786864d-66ab-476a-b867-72eafb48df24 (length 26250 - align length 330) has no trained error model
[2025-07-09 17:11:39.780] [jointLog] [warning] read 7786864d-66ab-476a-b867-72eafb48df24 (length 26250) has no trained clipping model
[2025-07-09 17:11:39.780] [jointLog] [warning] read 7786864d-66ab-476a-b867-72eafb48df24 (length 26250) has no trained clipping model
[2025-07-09 17:11:39.780] [jointLog] [warning] read 125c18cb-a68f-4ec7-aa7a-40306621ce38 (length 20158 - align length 3795) has no trained error model
[2025-07-09 17:11:39.780] [jointLog] [warning] read 125c18cb-a68f-4ec7-aa7a-40306621ce38 (length 20158) has no trained clipping model
[2025-07-09 17:11:39.780] [jointLog] [warning] read 125c18cb-a68f-4ec7-aa7a-40306621ce38 (length 20158) has no trained clipping model
[2025-07-09 17:11:39.780] [jointLog] [warning] read 8c566b3a-2e47-48c6-af54-0d4811c7ccba (length 19941 - align length 492) has no trained error model
[2025-07-09 17:11:39.780] [jointLog] [warning] read 8c566b3a-2e47-48c6-af54-0d4811c7ccba (length 19941) has no trained clipping model
[2025-07-09 17:11:39.780] [jointLog] [warning] read 8c566b3a-2e47-48c6-af54-0d4811c7ccba (length 19941) has no trained clipping model
[2025-07-09 17:11:39.780] [jointLog] [warning] read 034684d8-ae18-47f5-b876-fd4b65a81ea7 (length 24144 - align length 214) has no trained error model
[2025-07-09 17:11:39.780] [jointLog] [warning] read 034684d8-ae18-47f5-b876-fd4b65a81ea7 (length 24144) has no trained clipping model
[2025-07-09 17:11:39.780] [jointLog] [warning] read 034684d8-ae18-47f5-b876-fd4b65a81ea7 (length 24144) has no trained clipping model
[2025-07-09 17:11:39.780] [jointLog] [warning] read efed85b9-26bc-407d-9b2e-ffec24cf3837 (length 14608 - align length 128) has no trained error model
[2025-07-09 17:11:39.780] [jointLog] [warning] read efed85b9-26bc-407d-9b2e-ffec24cf3837 (length 14608) has no trained clipping model
[2025-07-09 17:11:39.780] [jointLog] [warning] read efed85b9-26bc-407d-9b2e-ffec24cf3837 (length 14608) has no trained clipping model
[2025-07-09 17:11:39.780] [jointLog] [warning] read 163f5dc1-6767-4f8f-983d-02009da34bb1 (length 34937 - align length 431) has no trained error model
[2025-07-09 17:11:39.780] [jointLog] [warning] read 163f5dc1-6767-4f8f-983d-02009da34bb1 (length 34937) has no trained clipping model
[2025-07-09 17:11:39.780] [jointLog] [warning] read 163f5dc1-6767-4f8f-983d-02009da34bb1 (length 34937) has no trained clipping model
[2025-07-09 17:11:39.780] [jointLog] [warning] read 1e8c37a3-5491-40de-8463-eeeb779e10b3 (length 22779 - align length 390) has no trained error model
[2025-07-09 17:11:39.780] [jointLog] [warning] read 1e8c37a3-5491-40de-8463-eeeb779e10b3 (length 22779) has no trained clipping model
[2025-07-09 17:11:39.780] [jointLog] [warning] read 1e8c37a3-5491-40de-8463-eeeb779e10b3 (length 22779) has no trained clipping model
[2025-07-09 17:11:39.780] [jointLog] [warning] read 014cd681-ed65-4d40-9643-cf75d7f2682b (length 123907 - align length 445) has no trained error model
[2025-07-09 17:11:39.780] [jointLog] [warning] read 014cd681-ed65-4d40-9643-cf75d7f2682b (length 123907) has no trained clipping model
[2025-07-09 17:11:39.780] [jointLog] [warning] read 014cd681-ed65-4d40-9643-cf75d7f2682b (length 123907) has no trained clipping model
[2025-07-09 17:11:39.780] [jointLog] [warning] read f67fc7bb-97c1-418d-846b-94de7c60c2c5 (length 16689 - align length 78) has no trained error model
[2025-07-09 17:11:39.780] [jointLog] [warning] read f67fc7bb-97c1-418d-846b-94de7c60c2c5 (length 16689) has no trained clipping model
[2025-07-09 17:11:39.780] [jointLog] [warning] read f67fc7bb-97c1-418d-846b-94de7c60c2c5 (length 16689) has no trained clipping model
[2025-07-09 17:11:39.780] [jointLog] [warning] read 7d246c63-9b11-467d-8f23-6d4d46afca45 (length 12911 - align length 583) has no trained error model
[2025-07-09 17:11:39.780] [jointLog] [warning] read 7d246c63-9b11-467d-8f23-6d4d46afca45 (length 12911) has no trained clipping model
[2025-07-09 17:11:39.780] [jointLog] [warning] read 7d246c63-9b11-467d-8f23-6d4d46afca45 (length 12911) has no trained clipping model
[2025-07-09 17:11:39.780] [jointLog] [warning] read b3df1c5b-c44f-45c0-9970-649c968507fb (length 15230 - align length 1692) has no trained error model
[2025-07-09 17:11:39.780] [jointLog] [warning] read b3df1c5b-c44f-45c0-9970-649c968507fb (length 15230) has no trained clipping model
[2025-07-09 17:11:39.780] [jointLog] [warning] read b3df1c5b-c44f-45c0-9970-649c968507fb (length 15230) has no trained clipping model
[2025-07-09 17:11:39.780] [jointLog] [warning] read b2b5f2b5-af7e-4491-97d6-7c58f5fbc8fc (length 16957 - align length 857) has no trained error model
[2025-07-09 17:11:39.780] [jointLog] [warning] read b2b5f2b5-af7e-4491-97d6-7c58f5fbc8fc (length 16957) has no trained clipping model
[2025-07-09 17:11:39.780] [jointLog] [warning] read b2b5f2b5-af7e-4491-97d6-7c58f5fbc8fc (length 16957) has no trained clipping model
[2025-07-09 17:11:39.780] [jointLog] [warning] read 3b30711b-4c10-4745-b5dc-8eee71782632 (length 33057 - align length 3880) has no trained error model
[2025-07-09 17:11:39.780] [jointLog] [warning] read 3b30711b-4c10-4745-b5dc-8eee71782632 (length 33057) has no trained clipping model
[2025-07-09 17:11:39.780] [jointLog] [warning] read 3b30711b-4c10-4745-b5dc-8eee71782632 (length 33057) has no trained clipping model
[2025-07-09 17:11:39.780] [jointLog] [warning] read 1fbc23a8-fb48-416d-b98d-0face1c8514c (length 13066 - align length 186) has no trained error model
[2025-07-09 17:11:39.780] [jointLog] [warning] read 1fbc23a8-fb48-416d-b98d-0face1c8514c (length 13066) has no trained clipping model
[2025-07-09 17:11:39.780] [jointLog] [warning] read 1fbc23a8-fb48-416d-b98d-0face1c8514c (length 13066) has no trained clipping model
[2025-07-09 17:11:39.780] [jointLog] [warning] read 490c3ce2-79a1-4fd9-973c-5e52ea36c2e2 (length 32596 - align length 1152) has no trained error model
[2025-07-09 17:11:39.780] [jointLog] [warning] read 490c3ce2-79a1-4fd9-973c-5e52ea36c2e2 (length 32596) has no trained clipping model
[2025-07-09 17:11:39.780] [jointLog] [warning] read 490c3ce2-79a1-4fd9-973c-5e52ea36c2e2 (length 32596) has no trained clipping model
[2025-07-09 17:11:39.780] [jointLog] [warning] read a860cd4c-c53d-45ba-ab36-369afe84eb91 (length 14579 - align length 14576) has no trained error model
[2025-07-09 17:11:39.780] [jointLog] [warning] read a860cd4c-c53d-45ba-ab36-369afe84eb91 (length 14579) has no trained clipping model
[2025-07-09 17:11:39.780] [jointLog] [warning] read a860cd4c-c53d-45ba-ab36-369afe84eb91 (length 14579) has no trained clipping model
[2025-07-09 17:11:39.780] [jointLog] [warning] read 9b4ed444-70d9-4a16-9a56-3d31b513e1cc (length 12428) has no trained clipping model
[2025-07-09 17:11:39.780] [jointLog] [warning] read 3bf607a0-7dda-4075-bafe-532ca6f88ec3 (length 14598 - align length 368) has no trained error model
[2025-07-09 17:11:39.780] [jointLog] [warning] read 3bf607a0-7dda-4075-bafe-532ca6f88ec3 (length 14598) has no trained clipping model
[2025-07-09 17:11:39.780] [jointLog] [warning] read 3bf607a0-7dda-4075-bafe-532ca6f88ec3 (length 14598) has no trained clipping model
[2025-07-09 17:11:39.780] [jointLog] [warning] read e84c4016-6531-43b5-9e0c-2a3c73391b98 (length 16919 - align length 16809) has no trained error model
[2025-07-09 17:11:39.780] [jointLog] [warning] read e84c4016-6531-43b5-9e0c-2a3c73391b98 (length 16919) has no trained clipping model
[2025-07-09 17:11:39.780] [jointLog] [warning] read e84c4016-6531-43b5-9e0c-2a3c73391b98 (length 16919) has no trained clipping model
[2025-07-09 17:11:39.780] [jointLog] [warning] read 9447a719-9a87-471f-8ff1-eb2c515a58ed (length 70665 - align length 790) has no trained error model
[2025-07-09 17:11:39.780] [jointLog] [warning] read 9447a719-9a87-471f-8ff1-eb2c515a58ed (length 70665) has no trained clipping model
[2025-07-09 17:11:39.780] [jointLog] [warning] read 9447a719-9a87-471f-8ff1-eb2c515a58ed (length 70665) has no trained clipping model
[2025-07-09 17:11:39.780] [jointLog] [warning] read eb9e06b5-93df-4716-9bd8-e679eaa79dfe (length 33448 - align length 1232) has no trained error model
[2025-07-09 17:11:39.780] [jointLog] [warning] read eb9e06b5-93df-4716-9bd8-e679eaa79dfe (length 33448) has no trained clipping model
[2025-07-09 17:11:39.780] [jointLog] [warning] read eb9e06b5-93df-4716-9bd8-e679eaa79dfe (length 33448) has no trained clipping model
[2025-07-09 17:11:39.781] [jointLog] [warning] read 912c9d0b-7dd5-4d00-9243-e864a3a9636d (length 16743 - align length 1287) has no trained error model
[2025-07-09 17:11:39.781] [jointLog] [warning] read 912c9d0b-7dd5-4d00-9243-e864a3a9636d (length 16743) has no trained clipping model
[2025-07-09 17:11:39.781] [jointLog] [warning] read 912c9d0b-7dd5-4d00-9243-e864a3a9636d (length 16743) has no trained clipping model
[2025-07-09 17:11:39.781] [jointLog] [warning] read b9364ce4-3f91-4cbe-90e0-b9b7ff65689b (length 45148 - align length 463) has no trained error model
[2025-07-09 17:11:39.781] [jointLog] [warning] read b9364ce4-3f91-4cbe-90e0-b9b7ff65689b (length 45148) has no trained clipping model
[2025-07-09 17:11:39.781] [jointLog] [warning] read b9364ce4-3f91-4cbe-90e0-b9b7ff65689b (length 45148) has no trained clipping model
[2025-07-09 17:11:39.781] [jointLog] [warning] read 673a2003-a37a-4265-9f2f-97604f88b6cf (length 14627 - align length 2580) has no trained error model
[2025-07-09 17:11:39.781] [jointLog] [warning] read 673a2003-a37a-4265-9f2f-97604f88b6cf (length 14627) has no trained clipping model
[2025-07-09 17:11:39.781] [jointLog] [warning] read 673a2003-a37a-4265-9f2f-97604f88b6cf (length 14627) has no trained clipping model
[2025-07-09 17:11:39.781] [jointLog] [warning] read b8af85ea-b2f1-4b37-bebc-82fd62cdd81a (length 31688 - align length 1304) has no trained error model
[2025-07-09 17:11:39.781] [jointLog] [warning] read b8af85ea-b2f1-4b37-bebc-82fd62cdd81a (length 31688) has no trained clipping model
[2025-07-09 17:11:39.781] [jointLog] [warning] read b8af85ea-b2f1-4b37-bebc-82fd62cdd81a (length 31688) has no trained clipping model
[2025-07-09 17:11:39.781] [jointLog] [warning] read 8ef361c2-15a6-45b8-9b0b-58b416b53169 (length 80109 - align length 1382) has no trained error model
[2025-07-09 17:11:39.781] [jointLog] [warning] read 8ef361c2-15a6-45b8-9b0b-58b416b53169 (length 80109) has no trained clipping model
[2025-07-09 17:11:39.781] [jointLog] [warning] read 8ef361c2-15a6-45b8-9b0b-58b416b53169 (length 80109) has no trained clipping model
[2025-07-09 17:11:39.781] [jointLog] [warning] read c3288c20-c994-4a76-b41b-92c682b59306 (length 12341 - align length 2202) has no trained error model
[2025-07-09 17:11:39.781] [jointLog] [warning] read c3288c20-c994-4a76-b41b-92c682b59306 (length 12341) has no trained clipping model
[2025-07-09 17:11:39.781] [jointLog] [warning] read c3288c20-c994-4a76-b41b-92c682b59306 (length 12341) has no trained clipping model
[2025-07-09 17:11:39.781] [jointLog] [warning] read 60385d91-9408-4d94-a8a0-3c5f4afad4b5 (length 12328 - align length 3747) has no trained error model
[2025-07-09 17:11:39.781] [jointLog] [warning] read 60385d91-9408-4d94-a8a0-3c5f4afad4b5 (length 12328) has no trained clipping model
[2025-07-09 17:11:39.781] [jointLog] [warning] read 60385d91-9408-4d94-a8a0-3c5f4afad4b5 (length 12328) has no trained clipping model
[2025-07-09 17:11:39.781] [jointLog] [warning] read 620cd60e-ed60-4e43-9a7a-91345c165367 (length 26912 - align length 2746) has no trained error model
[2025-07-09 17:11:39.781] [jointLog] [warning] read 620cd60e-ed60-4e43-9a7a-91345c165367 (length 26912) has no trained clipping model
[2025-07-09 17:11:39.781] [jointLog] [warning] read 620cd60e-ed60-4e43-9a7a-91345c165367 (length 26912) has no trained clipping model
[2025-07-09 17:11:39.781] [jointLog] [warning] read f1ffef3d-d59c-47a0-91db-c70c8939f8be (length 20053 - align length 138) has no trained error model
[2025-07-09 17:11:39.781] [jointLog] [warning] read f1ffef3d-d59c-47a0-91db-c70c8939f8be (length 20053) has no trained clipping model
[2025-07-09 17:11:39.781] [jointLog] [warning] read f1ffef3d-d59c-47a0-91db-c70c8939f8be (length 20053) has no trained clipping model
[2025-07-09 17:11:39.781] [jointLog] [warning] read ad1f9cc6-8495-47e3-9e5c-c8040a6a8263 (length 27398 - align length 49) has no trained error model
[2025-07-09 17:11:39.781] [jointLog] [warning] read ad1f9cc6-8495-47e3-9e5c-c8040a6a8263 (length 27398) has no trained clipping model
[2025-07-09 17:11:39.781] [jointLog] [warning] read ad1f9cc6-8495-47e3-9e5c-c8040a6a8263 (length 27398) has no trained clipping model
[2025-07-09 17:11:39.781] [jointLog] [warning] read aa1c5882-77f9-4b39-95a3-b1f7436c1f20 (length 14929 - align length 1756) has no trained error model
[2025-07-09 17:11:39.781] [jointLog] [warning] read aa1c5882-77f9-4b39-95a3-b1f7436c1f20 (length 14929) has no trained clipping model
[2025-07-09 17:11:39.781] [jointLog] [warning] read aa1c5882-77f9-4b39-95a3-b1f7436c1f20 (length 14929) has no trained clipping model
[2025-07-09 17:11:39.781] [jointLog] [warning] read a10098fc-708a-4f76-85f6-5034363b64c9 (length 74618 - align length 838) has no trained error model
[2025-07-09 17:11:39.781] [jointLog] [warning] read a10098fc-708a-4f76-85f6-5034363b64c9 (length 74618) has no trained clipping model
[2025-07-09 17:11:39.781] [jointLog] [warning] read a10098fc-708a-4f76-85f6-5034363b64c9 (length 74618) has no trained clipping model
[2025-07-09 17:11:39.781] [jointLog] [warning] read 5b649a3f-43b1-41d6-810c-29e7e1d1c3a1 (length 211938 - align length 54) has no trained error model
[2025-07-09 17:11:39.781] [jointLog] [warning] read 5b649a3f-43b1-41d6-810c-29e7e1d1c3a1 (length 211938) has no trained clipping model
[2025-07-09 17:11:39.781] [jointLog] [warning] read 5b649a3f-43b1-41d6-810c-29e7e1d1c3a1 (length 211938) has no trained clipping model
[2025-07-09 17:11:39.781] [jointLog] [warning] read f471168e-7ab2-429f-9bb8-fe27af1f3e67 (length 18715 - align length 2095) has no trained error model
[2025-07-09 17:11:39.781] [jointLog] [warning] read f471168e-7ab2-429f-9bb8-fe27af1f3e67 (length 18715) has no trained clipping model
[2025-07-09 17:11:39.781] [jointLog] [warning] read f471168e-7ab2-429f-9bb8-fe27af1f3e67 (length 18715) has no trained clipping model
[2025-07-09 17:11:39.781] [jointLog] [warning] read 7fe8df66-0a7e-45f6-ab7d-d8ec97428d4d (length 14625 - align length 4297) has no trained error model
[2025-07-09 17:11:39.781] [jointLog] [warning] read 7fe8df66-0a7e-45f6-ab7d-d8ec97428d4d (length 14625) has no trained clipping model
[2025-07-09 17:11:39.781] [jointLog] [warning] read 7fe8df66-0a7e-45f6-ab7d-d8ec97428d4d (length 14625) has no trained clipping model
[2025-07-09 17:11:39.781] [jointLog] [warning] read 679eb91a-50b5-457a-bc27-3f8311f0c95f (length 13672 - align length 490) has no trained error model
[2025-07-09 17:11:39.781] [jointLog] [warning] read 679eb91a-50b5-457a-bc27-3f8311f0c95f (length 13672) has no trained clipping model
[2025-07-09 17:11:39.781] [jointLog] [warning] read 679eb91a-50b5-457a-bc27-3f8311f0c95f (length 13672) has no trained clipping model
[2025-07-09 17:11:39.781] [jointLog] [warning] read cc4e8a42-e939-43e2-b215-ec59eefdc70b (length 14642 - align length 169) has no trained error model
[2025-07-09 17:11:39.781] [jointLog] [warning] read cc4e8a42-e939-43e2-b215-ec59eefdc70b (length 14642) has no trained clipping model
[2025-07-09 17:11:39.781] [jointLog] [warning] read cc4e8a42-e939-43e2-b215-ec59eefdc70b (length 14642) has no trained clipping model
[2025-07-09 17:11:39.781] [jointLog] [warning] read abefe74c-c39f-496c-87b6-f2e523e70b6c (length 53587 - align length 532) has no trained error model
[2025-07-09 17:11:39.781] [jointLog] [warning] read abefe74c-c39f-496c-87b6-f2e523e70b6c (length 53587) has no trained clipping model
[2025-07-09 17:11:39.781] [jointLog] [warning] read abefe74c-c39f-496c-87b6-f2e523e70b6c (length 53587) has no trained clipping model
[2025-07-09 17:11:39.781] [jointLog] [warning] read 3a633399-9384-447f-bfc2-94b07479f9b9 (length 96564 - align length 343) has no trained error model
[2025-07-09 17:11:39.781] [jointLog] [warning] read 3a633399-9384-447f-bfc2-94b07479f9b9 (length 96564) has no trained clipping model
[2025-07-09 17:11:39.781] [jointLog] [warning] read 3a633399-9384-447f-bfc2-94b07479f9b9 (length 96564) has no trained clipping model
[2025-07-09 17:11:39.781] [jointLog] [warning] read dbb69db2-86d8-4e0d-bfb0-ea9cb48a6cde (length 45268 - align length 1805) has no trained error model
[2025-07-09 17:11:39.781] [jointLog] [warning] read dbb69db2-86d8-4e0d-bfb0-ea9cb48a6cde (length 45268) has no trained clipping model
[2025-07-09 17:11:39.781] [jointLog] [warning] read dbb69db2-86d8-4e0d-bfb0-ea9cb48a6cde (length 45268) has no trained clipping model
[2025-07-09 17:11:39.782] [jointLog] [warning] read 018c4674-78ac-4236-80a4-3f8ad7764c1a (length 98363 - align length 1048) has no trained error model
[2025-07-09 17:11:39.782] [jointLog] [warning] read 018c4674-78ac-4236-80a4-3f8ad7764c1a (length 98363) has no trained clipping model
[2025-07-09 17:11:39.782] [jointLog] [warning] read 018c4674-78ac-4236-80a4-3f8ad7764c1a (length 98363) has no trained clipping model
[2025-07-09 17:11:39.783] [jointLog] [warning] read 8a0b9e20-ea27-4fba-9382-583e275b3503 (length 16776 - align length 514) has no trained error model
[2025-07-09 17:11:39.783] [jointLog] [warning] read 8a0b9e20-ea27-4fba-9382-583e275b3503 (length 16776) has no trained clipping model
[2025-07-09 17:11:39.783] [jointLog] [warning] read 8a0b9e20-ea27-4fba-9382-583e275b3503 (length 16776) has no trained clipping model
[2025-07-09 17:11:39.783] [jointLog] [warning] read a17cdf3d-4060-40e4-bc3a-15bc29fc9bcd (length 13665 - align length 415) has no trained error model
[2025-07-09 17:11:39.783] [jointLog] [warning] read a17cdf3d-4060-40e4-bc3a-15bc29fc9bcd (length 13665) has no trained clipping model
[2025-07-09 17:11:39.783] [jointLog] [warning] read a17cdf3d-4060-40e4-bc3a-15bc29fc9bcd (length 13665) has no trained clipping model
[2025-07-09 17:11:39.784] [jointLog] [warning] read c3405e98-e8e7-44fc-bd45-32a1e6b0bfb4 (length 50749 - align length 111) has no trained error model
[2025-07-09 17:11:39.784] [jointLog] [warning] read c3405e98-e8e7-44fc-bd45-32a1e6b0bfb4 (length 50749) has no trained clipping model
[2025-07-09 17:11:39.784] [jointLog] [warning] read c3405e98-e8e7-44fc-bd45-32a1e6b0bfb4 (length 50749) has no trained clipping model
[2025-07-09 17:11:39.785] [jointLog] [warning] read 0921c8e0-b2a3-402d-a1ed-7909bcad048f (length 28005 - align length 299) has no trained error model
[2025-07-09 17:11:39.785] [jointLog] [warning] read 0921c8e0-b2a3-402d-a1ed-7909bcad048f (length 28005) has no trained clipping model
[2025-07-09 17:11:39.785] [jointLog] [warning] read 0921c8e0-b2a3-402d-a1ed-7909bcad048f (length 28005) has no trained clipping model
[2025-07-09 17:11:39.785] [jointLog] [warning] read ec7b98d2-a833-4775-aa27-6e68ca7f6ebd (length 32982 - align length 1094) has no trained error model
[2025-07-09 17:11:39.785] [jointLog] [warning] read ec7b98d2-a833-4775-aa27-6e68ca7f6ebd (length 32982) has no trained clipping model
[2025-07-09 17:11:39.785] [jointLog] [warning] read ec7b98d2-a833-4775-aa27-6e68ca7f6ebd (length 32982) has no trained clipping model
[2025-07-09 17:11:39.785] [jointLog] [warning] read cba6f543-aa9e-4b00-a2f9-92a70e6a4a25 (length 26324 - align length 1293) has no trained error model
[2025-07-09 17:11:39.785] [jointLog] [warning] read cba6f543-aa9e-4b00-a2f9-92a70e6a4a25 (length 26324) has no trained clipping model
[2025-07-09 17:11:39.785] [jointLog] [warning] read cba6f543-aa9e-4b00-a2f9-92a70e6a4a25 (length 26324) has no trained clipping model
[2025-07-09 17:11:39.785] [jointLog] [warning] read 86b298e8-a1c3-4ce6-bc10-cb556b092803 (length 15682 - align length 1735) has no trained error model
[2025-07-09 17:11:39.785] [jointLog] [warning] read 86b298e8-a1c3-4ce6-bc10-cb556b092803 (length 15682) has no trained clipping model
[2025-07-09 17:11:39.785] [jointLog] [warning] read 86b298e8-a1c3-4ce6-bc10-cb556b092803 (length 15682) has no trained clipping model
[2025-07-09 17:11:39.785] [jointLog] [warning] read 34a9bc28-0fa6-44b1-97f3-e1ce809c7739 (length 19781 - align length 170) has no trained error model
[2025-07-09 17:11:39.785] [jointLog] [warning] read 34a9bc28-0fa6-44b1-97f3-e1ce809c7739 (length 19781) has no trained clipping model
[2025-07-09 17:11:39.785] [jointLog] [warning] read 34a9bc28-0fa6-44b1-97f3-e1ce809c7739 (length 19781) has no trained clipping model
[2025-07-09 17:11:39.785] [jointLog] [warning] read 6365b63c-7cce-4507-ad67-7a99f5507540 (length 40038 - align length 681) has no trained error model
[2025-07-09 17:11:39.785] [jointLog] [warning] read 6365b63c-7cce-4507-ad67-7a99f5507540 (length 40038) has no trained clipping model
[2025-07-09 17:11:39.785] [jointLog] [warning] read 6365b63c-7cce-4507-ad67-7a99f5507540 (length 40038) has no trained clipping model
[2025-07-09 17:11:39.785] [jointLog] [warning] read 86c677b7-8fdb-44fb-a0c6-8ef6a8343010 (length 34283 - align length 368) has no trained error model
[2025-07-09 17:11:39.785] [jointLog] [warning] read 86c677b7-8fdb-44fb-a0c6-8ef6a8343010 (length 34283) has no trained clipping model
[2025-07-09 17:11:39.785] [jointLog] [warning] read 86c677b7-8fdb-44fb-a0c6-8ef6a8343010 (length 34283) has no trained clipping model
[2025-07-09 17:11:39.785] [jointLog] [warning] read 81574232-bc6b-44df-890b-0596055de179 (length 18994 - align length 408) has no trained error model
[2025-07-09 17:11:39.785] [jointLog] [warning] read 81574232-bc6b-44df-890b-0596055de179 (length 18994) has no trained clipping model
[2025-07-09 17:11:39.785] [jointLog] [warning] read 81574232-bc6b-44df-890b-0596055de179 (length 18994) has no trained clipping model
[2025-07-09 17:11:39.785] [jointLog] [warning] read 06dada8f-d825-4f3c-9c96-b498275399bc (length 11734) has no trained clipping model
[2025-07-09 17:11:39.785] [jointLog] [warning] read cb2e4d83-b555-41a8-bb4c-bf6f12629ca8 (length 16404 - align length 131) has no trained error model
[2025-07-09 17:11:39.785] [jointLog] [warning] read cb2e4d83-b555-41a8-bb4c-bf6f12629ca8 (length 16404) has no trained clipping model
[2025-07-09 17:11:39.785] [jointLog] [warning] read cb2e4d83-b555-41a8-bb4c-bf6f12629ca8 (length 16404) has no trained clipping model
[2025-07-09 17:11:39.785] [jointLog] [warning] read bc8174d8-311f-4c51-bb5b-b87894e4c434 (length 36484 - align length 684) has no trained error model
[2025-07-09 17:11:39.785] [jointLog] [warning] read bc8174d8-311f-4c51-bb5b-b87894e4c434 (length 36484) has no trained clipping model
[2025-07-09 17:11:39.785] [jointLog] [warning] read bc8174d8-311f-4c51-bb5b-b87894e4c434 (length 36484) has no trained clipping model
[2025-07-09 17:11:39.785] [jointLog] [warning] read 4aceba0d-abce-489e-8b5e-47bd2bd80d50 (length 22131 - align length 1814) has no trained error model
[2025-07-09 17:11:39.785] [jointLog] [warning] read 4aceba0d-abce-489e-8b5e-47bd2bd80d50 (length 22131) has no trained clipping model
[2025-07-09 17:11:39.785] [jointLog] [warning] read 4aceba0d-abce-489e-8b5e-47bd2bd80d50 (length 22131) has no trained clipping model
[2025-07-09 17:11:39.785] [jointLog] [warning] read 334e4432-2ace-4096-9cc1-cb360ff7c6f6 (length 86046 - align length 974) has no trained error model
[2025-07-09 17:11:39.785] [jointLog] [warning] read 334e4432-2ace-4096-9cc1-cb360ff7c6f6 (length 86046) has no trained clipping model
[2025-07-09 17:11:39.785] [jointLog] [warning] read 334e4432-2ace-4096-9cc1-cb360ff7c6f6 (length 86046) has no trained clipping model
[2025-07-09 17:11:39.785] [jointLog] [warning] read fa48ab2a-631b-4e0d-a29c-02c1ce67a172 (length 15601 - align length 13714) has no trained error model
[2025-07-09 17:11:39.785] [jointLog] [warning] read fa48ab2a-631b-4e0d-a29c-02c1ce67a172 (length 15601) has no trained clipping model
[2025-07-09 17:11:39.785] [jointLog] [warning] read fa48ab2a-631b-4e0d-a29c-02c1ce67a172 (length 15601) has no trained clipping model
[2025-07-09 17:11:39.785] [jointLog] [warning] read ad3082e3-73b6-4bf0-89bd-47cdda5b504b (length 12487) has no trained clipping model
[2025-07-09 17:11:39.785] [jointLog] [warning] read 5aa476b7-5ec3-49c7-a025-2d956ecba109 (length 13973 - align length 130) has no trained error model
[2025-07-09 17:11:39.785] [jointLog] [warning] read 5aa476b7-5ec3-49c7-a025-2d956ecba109 (length 13973) has no trained clipping model
[2025-07-09 17:11:39.785] [jointLog] [warning] read 5aa476b7-5ec3-49c7-a025-2d956ecba109 (length 13973) has no trained clipping model
[2025-07-09 17:11:39.785] [jointLog] [warning] read dee0d962-d9b8-403d-aeb8-4f9faec93a75 (length 13917 - align length 924) has no trained error model
[2025-07-09 17:11:39.785] [jointLog] [warning] read dee0d962-d9b8-403d-aeb8-4f9faec93a75 (length 13917) has no trained clipping model
[2025-07-09 17:11:39.785] [jointLog] [warning] read dee0d962-d9b8-403d-aeb8-4f9faec93a75 (length 13917) has no trained clipping model
[2025-07-09 17:11:39.785] [jointLog] [warning] read 7cae0851-6a0b-4405-8d16-0a9cb87430e5 (length 26703 - align length 439) has no trained error model
[2025-07-09 17:11:39.785] [jointLog] [warning] read 7cae0851-6a0b-4405-8d16-0a9cb87430e5 (length 26703) has no trained clipping model
[2025-07-09 17:11:39.785] [jointLog] [warning] read 7cae0851-6a0b-4405-8d16-0a9cb87430e5 (length 26703) has no trained clipping model
[2025-07-09 17:11:39.785] [jointLog] [warning] read d68b392e-5441-4099-9a07-8e5b1b0b0396 (length 15237 - align length 464) has no trained error model
[2025-07-09 17:11:39.785] [jointLog] [warning] read d68b392e-5441-4099-9a07-8e5b1b0b0396 (length 15237) has no trained clipping model
[2025-07-09 17:11:39.785] [jointLog] [warning] read d68b392e-5441-4099-9a07-8e5b1b0b0396 (length 15237) has no trained clipping model
[2025-07-09 17:11:39.785] [jointLog] [warning] read d233fe5b-e4fe-43b7-adb0-8bb0c5809380 (length 15625 - align length 15505) has no trained error model
[2025-07-09 17:11:39.785] [jointLog] [warning] read d233fe5b-e4fe-43b7-adb0-8bb0c5809380 (length 15625) has no trained clipping model
[2025-07-09 17:11:39.785] [jointLog] [warning] read d233fe5b-e4fe-43b7-adb0-8bb0c5809380 (length 15625) has no trained clipping model
[2025-07-09 17:11:39.786] [jointLog] [warning] read fe35094e-10da-48c1-ac35-944fc2655f20 (length 13978 - align length 13893) has no trained error model
[2025-07-09 17:11:39.786] [jointLog] [warning] read fe35094e-10da-48c1-ac35-944fc2655f20 (length 13978) has no trained clipping model
[2025-07-09 17:11:39.786] [jointLog] [warning] read fe35094e-10da-48c1-ac35-944fc2655f20 (length 13978) has no trained clipping model
[2025-07-09 17:11:39.786] [jointLog] [warning] read 0a0e8090-7e52-4aee-889a-2ab8846e9caa (length 19043 - align length 569) has no trained error model
[2025-07-09 17:11:39.786] [jointLog] [warning] read 0a0e8090-7e52-4aee-889a-2ab8846e9caa (length 19043) has no trained clipping model
[2025-07-09 17:11:39.786] [jointLog] [warning] read 0a0e8090-7e52-4aee-889a-2ab8846e9caa (length 19043) has no trained clipping model
[2025-07-09 17:11:39.786] [jointLog] [warning] read 0793c6a2-996a-470e-8303-41ae6de5c43a (length 11993) has no trained clipping model
[2025-07-09 17:11:39.786] [jointLog] [warning] read afd3f964-d4d1-4860-a113-64e143b37207 (length 32090 - align length 368) has no trained error model
[2025-07-09 17:11:39.786] [jointLog] [warning] read afd3f964-d4d1-4860-a113-64e143b37207 (length 32090) has no trained clipping model
[2025-07-09 17:11:39.786] [jointLog] [warning] read afd3f964-d4d1-4860-a113-64e143b37207 (length 32090) has no trained clipping model
[2025-07-09 17:11:39.786] [jointLog] [warning] read 9f28e953-3143-44ac-9a9f-6383e5435427 (length 18193 - align length 358) has no trained error model
[2025-07-09 17:11:39.786] [jointLog] [warning] read 9f28e953-3143-44ac-9a9f-6383e5435427 (length 18193) has no trained clipping model
[2025-07-09 17:11:39.786] [jointLog] [warning] read 9f28e953-3143-44ac-9a9f-6383e5435427 (length 18193) has no trained clipping model
[2025-07-09 17:11:39.786] [jointLog] [warning] read 6199e5b4-d805-4a19-9a0c-c4572d75c2d9 (length 44269 - align length 212) has no trained error model
[2025-07-09 17:11:39.786] [jointLog] [warning] read 6199e5b4-d805-4a19-9a0c-c4572d75c2d9 (length 44269) has no trained clipping model
[2025-07-09 17:11:39.786] [jointLog] [warning] read 6199e5b4-d805-4a19-9a0c-c4572d75c2d9 (length 44269) has no trained clipping model
[2025-07-09 17:11:39.786] [jointLog] [warning] read f8130e46-ebc5-44d1-9e8a-951408ea2a80 (length 14262 - align length 69) has no trained error model
[2025-07-09 17:11:39.786] [jointLog] [warning] read f8130e46-ebc5-44d1-9e8a-951408ea2a80 (length 14262) has no trained clipping model
[2025-07-09 17:11:39.786] [jointLog] [warning] read f8130e46-ebc5-44d1-9e8a-951408ea2a80 (length 14262) has no trained clipping model
[2025-07-09 17:11:39.786] [jointLog] [warning] read 946f92df-db08-40b0-ae6a-bcb9288b1dc5 (length 15311 - align length 13708) has no trained error model
[2025-07-09 17:11:39.786] [jointLog] [warning] read 946f92df-db08-40b0-ae6a-bcb9288b1dc5 (length 15311) has no trained clipping model
[2025-07-09 17:11:39.786] [jointLog] [warning] read 946f92df-db08-40b0-ae6a-bcb9288b1dc5 (length 15311) has no trained clipping model
[2025-07-09 17:11:39.786] [jointLog] [warning] read c970508b-b81c-4961-89dc-9100453295a7 (length 19817 - align length 168) has no trained error model
[2025-07-09 17:11:39.786] [jointLog] [warning] read c970508b-b81c-4961-89dc-9100453295a7 (length 19817) has no trained clipping model
[2025-07-09 17:11:39.786] [jointLog] [warning] read c970508b-b81c-4961-89dc-9100453295a7 (length 19817) has no trained clipping model
[2025-07-09 17:11:39.786] [jointLog] [warning] read 0f941972-f379-497f-bc96-b2916af5df15 (length 14624 - align length 1906) has no trained error model
[2025-07-09 17:11:39.786] [jointLog] [warning] read 0f941972-f379-497f-bc96-b2916af5df15 (length 14624) has no trained clipping model
[2025-07-09 17:11:39.786] [jointLog] [warning] read 0f941972-f379-497f-bc96-b2916af5df15 (length 14624) has no trained clipping model
[2025-07-09 17:11:39.786] [jointLog] [warning] read 0744c748-7dd6-45c7-8344-db2fd305fec6 (length 16134 - align length 1342) has no trained error model
[2025-07-09 17:11:39.786] [jointLog] [warning] read 0744c748-7dd6-45c7-8344-db2fd305fec6 (length 16134) has no trained clipping model
[2025-07-09 17:11:39.786] [jointLog] [warning] read 0744c748-7dd6-45c7-8344-db2fd305fec6 (length 16134) has no trained clipping model
[2025-07-09 17:11:39.786] [jointLog] [warning] read dfc6c079-687e-432f-9d98-d423b565721b (length 27331 - align length 218) has no trained error model
[2025-07-09 17:11:39.786] [jointLog] [warning] read dfc6c079-687e-432f-9d98-d423b565721b (length 27331) has no trained clipping model
[2025-07-09 17:11:39.786] [jointLog] [warning] read dfc6c079-687e-432f-9d98-d423b565721b (length 27331) has no trained clipping model
[2025-07-09 17:11:39.786] [jointLog] [warning] read 21e842ec-cbe8-441a-a793-e5c443f8188e (length 274734 - align length 589) has no trained error model
[2025-07-09 17:11:39.786] [jointLog] [warning] read 21e842ec-cbe8-441a-a793-e5c443f8188e (length 274734) has no trained clipping model
[2025-07-09 17:11:39.786] [jointLog] [warning] read 21e842ec-cbe8-441a-a793-e5c443f8188e (length 274734) has no trained clipping model
[2025-07-09 17:11:39.786] [jointLog] [warning] read 5d5d3598-a85d-42a4-a1af-d50c4e4b8945 (length 22198 - align length 392) has no trained error model
[2025-07-09 17:11:39.786] [jointLog] [warning] read 5d5d3598-a85d-42a4-a1af-d50c4e4b8945 (length 22198) has no trained clipping model
[2025-07-09 17:11:39.786] [jointLog] [warning] read 5d5d3598-a85d-42a4-a1af-d50c4e4b8945 (length 22198) has no trained clipping model
[2025-07-09 17:11:39.786] [jointLog] [warning] read 33863467-6aed-4eb9-8ff5-ff445b2c568c (length 24867 - align length 365) has no trained error model
[2025-07-09 17:11:39.786] [jointLog] [warning] read 33863467-6aed-4eb9-8ff5-ff445b2c568c (length 24867) has no trained clipping model
[2025-07-09 17:11:39.786] [jointLog] [warning] read 33863467-6aed-4eb9-8ff5-ff445b2c568c (length 24867) has no trained clipping model
[2025-07-09 17:11:39.786] [jointLog] [warning] read 447d1c23-f831-44e1-96ec-2c8dedadd68e (length 26635 - align length 148) has no trained error model
[2025-07-09 17:11:39.786] [jointLog] [warning] read 447d1c23-f831-44e1-96ec-2c8dedadd68e (length 26635) has no trained clipping model
[2025-07-09 17:11:39.786] [jointLog] [warning] read 447d1c23-f831-44e1-96ec-2c8dedadd68e (length 26635) has no trained clipping model
[2025-07-09 17:11:39.786] [jointLog] [warning] read 5d34f90d-39f7-4c6a-afaf-7cc9d6d6c315 (length 18944 - align length 60) has no trained error model
[2025-07-09 17:11:39.786] [jointLog] [warning] read 5d34f90d-39f7-4c6a-afaf-7cc9d6d6c315 (length 18944) has no trained clipping model
[2025-07-09 17:11:39.786] [jointLog] [warning] read 5d34f90d-39f7-4c6a-afaf-7cc9d6d6c315 (length 18944) has no trained clipping model
[2025-07-09 17:11:39.786] [jointLog] [warning] read 2326bb36-dded-4cdd-bbb3-d57317b00d03 (length 36768 - align length 379) has no trained error model
[2025-07-09 17:11:39.786] [jointLog] [warning] read 2326bb36-dded-4cdd-bbb3-d57317b00d03 (length 36768) has no trained clipping model
[2025-07-09 17:11:39.786] [jointLog] [warning] read 2326bb36-dded-4cdd-bbb3-d57317b00d03 (length 36768) has no trained clipping model
[2025-07-09 17:11:39.786] [jointLog] [warning] read 90def114-02e5-40dd-8968-dbbbf03e021e (length 129593 - align length 1414) has no trained error model
[2025-07-09 17:11:39.786] [jointLog] [warning] read 90def114-02e5-40dd-8968-dbbbf03e021e (length 129593) has no trained clipping model
[2025-07-09 17:11:39.786] [jointLog] [warning] read 90def114-02e5-40dd-8968-dbbbf03e021e (length 129593) has no trained clipping model
[2025-07-09 17:11:39.786] [jointLog] [warning] read c1bb07e1-e78a-4127-a661-bd5e5a0e9317 (length 29293 - align length 1392) has no trained error model
[2025-07-09 17:11:39.786] [jointLog] [warning] read c1bb07e1-e78a-4127-a661-bd5e5a0e9317 (length 29293) has no trained clipping model
[2025-07-09 17:11:39.786] [jointLog] [warning] read c1bb07e1-e78a-4127-a661-bd5e5a0e9317 (length 29293) has no trained clipping model
[2025-07-09 17:11:39.786] [jointLog] [warning] read cc09743b-5592-42a1-b8a4-37d1a296b255 (length 150518 - align length 793) has no trained error model
[2025-07-09 17:11:39.786] [jointLog] [warning] read cc09743b-5592-42a1-b8a4-37d1a296b255 (length 150518) has no trained clipping model
[2025-07-09 17:11:39.786] [jointLog] [warning] read cc09743b-5592-42a1-b8a4-37d1a296b255 (length 150518) has no trained clipping model
[2025-07-09 17:11:39.786] [jointLog] [warning] read c0f7fde0-90b4-4164-a519-e91795860f8e (length 290505 - align length 1011) has no trained error model
[2025-07-09 17:11:39.786] [jointLog] [warning] read c0f7fde0-90b4-4164-a519-e91795860f8e (length 290505) has no trained clipping model
[2025-07-09 17:11:39.786] [jointLog] [warning] read c0f7fde0-90b4-4164-a519-e91795860f8e (length 290505) has no trained clipping model
[2025-07-09 17:11:39.786] [jointLog] [warning] read 844f5efb-cb00-43de-ae2b-10dcd775b57d (length 53090 - align length 2640) has no trained error model
[2025-07-09 17:11:39.786] [jointLog] [warning] read 844f5efb-cb00-43de-ae2b-10dcd775b57d (length 53090) has no trained clipping model
[2025-07-09 17:11:39.786] [jointLog] [warning] read 844f5efb-cb00-43de-ae2b-10dcd775b57d (length 53090) has no trained clipping model
[2025-07-09 17:11:39.786] [jointLog] [warning] read 24414322-67bb-4955-814b-fa1525a927e0 (length 21814 - align length 531) has no trained error model
[2025-07-09 17:11:39.786] [jointLog] [warning] read 24414322-67bb-4955-814b-fa1525a927e0 (length 21814) has no trained clipping model
[2025-07-09 17:11:39.786] [jointLog] [warning] read 24414322-67bb-4955-814b-fa1525a927e0 (length 21814) has no trained clipping model
[2025-07-09 17:11:39.786] [jointLog] [warning] read ff711b5c-ecc7-4a25-a93c-df1acb932a7f (length 21143 - align length 1718) has no trained error model
[2025-07-09 17:11:39.786] [jointLog] [warning] read ff711b5c-ecc7-4a25-a93c-df1acb932a7f (length 21143) has no trained clipping model
[2025-07-09 17:11:39.786] [jointLog] [warning] read ff711b5c-ecc7-4a25-a93c-df1acb932a7f (length 21143) has no trained clipping model
[2025-07-09 17:11:39.786] [jointLog] [warning] read 8700ba22-548c-4ae8-9693-c2f360f95136 (length 20700 - align length 4299) has no trained error model
[2025-07-09 17:11:39.786] [jointLog] [warning] read 8700ba22-548c-4ae8-9693-c2f360f95136 (length 20700) has no trained clipping model
[2025-07-09 17:11:39.786] [jointLog] [warning] read 8700ba22-548c-4ae8-9693-c2f360f95136 (length 20700) has no trained clipping model
[2025-07-09 17:11:39.786] [jointLog] [warning] read 2610a34b-63e2-4a9f-9102-28969427988f (length 25706 - align length 1906) has no trained error model
[2025-07-09 17:11:39.786] [jointLog] [warning] read 2610a34b-63e2-4a9f-9102-28969427988f (length 25706) has no trained clipping model
[2025-07-09 17:11:39.786] [jointLog] [warning] read 2610a34b-63e2-4a9f-9102-28969427988f (length 25706) has no trained clipping model
[2025-07-09 17:11:39.786] [jointLog] [warning] read 7f580da0-e963-4a67-a077-157cadc04ce6 (length 51401 - align length 249) has no trained error model
[2025-07-09 17:11:39.786] [jointLog] [warning] read 7f580da0-e963-4a67-a077-157cadc04ce6 (length 51401) has no trained clipping model
[2025-07-09 17:11:39.786] [jointLog] [warning] read 7f580da0-e963-4a67-a077-157cadc04ce6 (length 51401) has no trained clipping model
[2025-07-09 17:11:39.786] [jointLog] [warning] read 30e02e26-b5ff-4e64-acdd-de0f10f830e7 (length 51919 - align length 1271) has no trained error model
[2025-07-09 17:11:39.786] [jointLog] [warning] read 30e02e26-b5ff-4e64-acdd-de0f10f830e7 (length 51919) has no trained clipping model
[2025-07-09 17:11:39.786] [jointLog] [warning] read 30e02e26-b5ff-4e64-acdd-de0f10f830e7 (length 51919) has no trained clipping model
[2025-07-09 17:11:39.786] [jointLog] [warning] read fc096f53-5ae6-4a1e-b108-ef86e3dc2f22 (length 11427 - align length 1325) has no trained error model
[2025-07-09 17:11:39.786] [jointLog] [warning] read fc096f53-5ae6-4a1e-b108-ef86e3dc2f22 (length 11427) has no trained clipping model
[2025-07-09 17:11:39.786] [jointLog] [warning] read fc096f53-5ae6-4a1e-b108-ef86e3dc2f22 (length 11427) has no trained clipping model
[2025-07-09 17:11:39.786] [jointLog] [warning] read cd215511-6571-48fe-8a8e-0dca8dd91624 (length 44924 - align length 2371) has no trained error model
[2025-07-09 17:11:39.786] [jointLog] [warning] read cd215511-6571-48fe-8a8e-0dca8dd91624 (length 44924) has no trained clipping model
[2025-07-09 17:11:39.786] [jointLog] [warning] read cd215511-6571-48fe-8a8e-0dca8dd91624 (length 44924) has no trained clipping model
[2025-07-09 17:11:39.786] [jointLog] [warning] read 59151470-83c4-4eb8-b9a9-4935f01d090a (length 40978 - align length 351) has no trained error model
[2025-07-09 17:11:39.786] [jointLog] [warning] read 59151470-83c4-4eb8-b9a9-4935f01d090a (length 40978) has no trained clipping model
[2025-07-09 17:11:39.786] [jointLog] [warning] read 59151470-83c4-4eb8-b9a9-4935f01d090a (length 40978) has no trained clipping model
[2025-07-09 17:11:39.786] [jointLog] [warning] read 2094ecea-7d79-424e-97cf-1f9d6864f37a (length 26803 - align length 1562) has no trained error model
[2025-07-09 17:11:39.786] [jointLog] [warning] read 2094ecea-7d79-424e-97cf-1f9d6864f37a (length 26803) has no trained clipping model
[2025-07-09 17:11:39.786] [jointLog] [warning] read 2094ecea-7d79-424e-97cf-1f9d6864f37a (length 26803) has no trained clipping model
[2025-07-09 17:11:39.786] [jointLog] [warning] read aa032117-ef6e-4d0a-bca4-30897e3dd0a0 (length 14940 - align length 57) has no trained error model
[2025-07-09 17:11:39.786] [jointLog] [warning] read aa032117-ef6e-4d0a-bca4-30897e3dd0a0 (length 14940) has no trained clipping model
[2025-07-09 17:11:39.786] [jointLog] [warning] read aa032117-ef6e-4d0a-bca4-30897e3dd0a0 (length 14940) has no trained clipping model
[2025-07-09 17:11:39.786] [jointLog] [warning] read 1ef71b17-7d7b-47b0-b7a4-22f54f3a5a4c (length 15624 - align length 321) has no trained error model
[2025-07-09 17:11:39.786] [jointLog] [warning] read 1ef71b17-7d7b-47b0-b7a4-22f54f3a5a4c (length 15624) has no trained clipping model
[2025-07-09 17:11:39.786] [jointLog] [warning] read 1ef71b17-7d7b-47b0-b7a4-22f54f3a5a4c (length 15624) has no trained clipping model
[2025-07-09 17:11:39.786] [jointLog] [warning] read 8f2dcd59-a39e-4db9-bf82-14caa0af0f5c (length 18727 - align length 928) has no trained error model
[2025-07-09 17:11:39.786] [jointLog] [warning] read 8f2dcd59-a39e-4db9-bf82-14caa0af0f5c (length 18727) has no trained clipping model
[2025-07-09 17:11:39.786] [jointLog] [warning] read 8f2dcd59-a39e-4db9-bf82-14caa0af0f5c (length 18727) has no trained clipping model
[2025-07-09 17:11:39.786] [jointLog] [warning] read 00bbb29e-ae53-4b31-9572-9e897f4c7be1 (length 32184 - align length 1568) has no trained error model
[2025-07-09 17:11:39.786] [jointLog] [warning] read 00bbb29e-ae53-4b31-9572-9e897f4c7be1 (length 32184) has no trained clipping model
[2025-07-09 17:11:39.786] [jointLog] [warning] read 00bbb29e-ae53-4b31-9572-9e897f4c7be1 (length 32184) has no trained clipping model
[2025-07-09 17:11:39.727] [fileLog] [info] quantification processed 11000000 fragments so far

[2025-07-09 17:11:40.133] [jointLog] [warning] read a3501949-5d7b-4969-8926-dceba26838ed (length 11750) has no trained clipping model
[2025-07-09 17:11:40.214] [jointLog] [warning] read b9d2392b-ed3c-46b1-b180-1859f95562a4 (length 13926 - align length 13849) has no trained error model
[2025-07-09 17:11:40.214] [jointLog] [warning] read b9d2392b-ed3c-46b1-b180-1859f95562a4 (length 13926) has no trained clipping model
[2025-07-09 17:11:40.214] [jointLog] [warning] read b9d2392b-ed3c-46b1-b180-1859f95562a4 (length 13926) has no trained clipping model
[2025-07-09 17:11:40.313] [jointLog] [warning] read 1fe9d1bc-71cd-4b83-bfc3-d31b5b7874f2 (length 10625 - align length 10610) has no trained error model
[2025-07-09 17:11:40.336] [jointLog] [warning] read cd51045c-6910-4179-9c51-d7eabed405b2 (length 10490 - align length 10426) has no trained error model
[2025-07-09 17:11:40.440] [jointLog] [warning] read 8a941ff4-5d67-4145-ba2d-bd51c0675421 (length 10921 - align length 10689) has no trained error model
[2025-07-09 17:11:40.579] [jointLog] [warning] read 3b23a258-e575-42ca-bc74-5859591383bf (length 12859 - align length 12855) has no trained error model
[2025-07-09 17:11:40.579] [jointLog] [warning] read 3b23a258-e575-42ca-bc74-5859591383bf (length 12859) has no trained clipping model
[2025-07-09 17:11:40.635] [jointLog] [warning] read 01cbe393-abb6-44b0-95f0-95c8aed316cb (length 10676 - align length 10638) has no trained error model
[2025-07-09 17:11:41.262] [jointLog] [warning] read 905ec1a3-e3c8-46ee-8c16-9cf286167d3e (length 11410 - align length 11393) has no trained error model
[2025-07-09 17:11:41.262] [jointLog] [warning] read 905ec1a3-e3c8-46ee-8c16-9cf286167d3e (length 11410) has no trained clipping model
[2025-07-09 17:11:41.262] [jointLog] [warning] read 905ec1a3-e3c8-46ee-8c16-9cf286167d3e (length 11410) has no trained clipping model
[2025-07-09 17:11:41.273] [jointLog] [warning] read bc1f18e0-d49e-4762-bea8-fecb878d9ce2 (length 11413 - align length 11396) has no trained error model
[2025-07-09 17:11:41.273] [jointLog] [warning] read bc1f18e0-d49e-4762-bea8-fecb878d9ce2 (length 11413) has no trained clipping model
[2025-07-09 17:11:41.273] [jointLog] [warning] read bc1f18e0-d49e-4762-bea8-fecb878d9ce2 (length 11413) has no trained clipping model
[2025-07-09 17:11:41.353] [jointLog] [warning] read 9be7fb82-ebfb-4008-87e9-1ada8713428d (length 13347 - align length 13263) has no trained error model
[2025-07-09 17:11:41.387] [jointLog] [warning] read 3ebfb1ac-41a9-40fc-a73e-895c5590bed9 (length 13890 - align length 13877) has no trained error model
[2025-07-09 17:11:41.387] [jointLog] [warning] read 3ebfb1ac-41a9-40fc-a73e-895c5590bed9 (length 13890) has no trained clipping model
[2025-07-09 17:11:41.387] [jointLog] [warning] read 3ebfb1ac-41a9-40fc-a73e-895c5590bed9 (length 13890) has no trained clipping model
[2025-07-09 17:11:41.290] [fileLog] [info] quantification processed 12000000 fragments so far

[2025-07-09 17:11:41.605] [jointLog] [warning] read 744627b8-ff89-4d94-a0b4-91b11e3dd171 (length 13919 - align length 13864) has no trained error model
[2025-07-09 17:11:41.605] [jointLog] [warning] read 744627b8-ff89-4d94-a0b4-91b11e3dd171 (length 13919) has no trained clipping model
[2025-07-09 17:11:41.605] [jointLog] [warning] read 744627b8-ff89-4d94-a0b4-91b11e3dd171 (length 13919) has no trained clipping model
[2025-07-09 17:11:42.314] [jointLog] [warning] read a975d26c-e65b-47b4-94fe-3f2adf7e4423 (length 12172) has no trained clipping model
[2025-07-09 17:11:42.314] [jointLog] [warning] read a975d26c-e65b-47b4-94fe-3f2adf7e4423 (length 12172) has no trained clipping model
[2025-07-09 17:11:42.332] [jointLog] [warning] read 98f323d6-848c-459f-b587-6f00420bbfdb (length 12418) has no trained clipping model
[2025-07-09 17:11:42.452] [jointLog] [warning] read dadfb754-7011-47ec-b882-6d5ab56b4433 (length 10481 - align length 10417) has no trained error model
[2025-07-09 17:11:42.870] [jointLog] [warning] read ac483761-aaed-454b-994f-07442f02222e (length 13008 - align length 949) has no trained error model
[2025-07-09 17:11:42.870] [jointLog] [warning] read ac483761-aaed-454b-994f-07442f02222e (length 13008) has no trained clipping model
[2025-07-09 17:11:42.870] [jointLog] [warning] read ac483761-aaed-454b-994f-07442f02222e (length 13008) has no trained clipping model
[2025-07-09 17:11:42.871] [jointLog] [warning] read d4231453-610e-4b65-81a3-589e547b23f7 (length 22865 - align length 531) has no trained error model
[2025-07-09 17:11:42.871] [jointLog] [warning] read d4231453-610e-4b65-81a3-589e547b23f7 (length 22865) has no trained clipping model
[2025-07-09 17:11:42.871] [jointLog] [warning] read d4231453-610e-4b65-81a3-589e547b23f7 (length 22865) has no trained clipping model
[2025-07-09 17:11:42.872] [jointLog] [warning] read 5b8a770c-b49b-45e8-bc1a-09ad2dc2f96e (length 116294 - align length 592) has no trained error model
[2025-07-09 17:11:42.872] [jointLog] [warning] read 5b8a770c-b49b-45e8-bc1a-09ad2dc2f96e (length 116294) has no trained clipping model
[2025-07-09 17:11:42.872] [jointLog] [warning] read 5b8a770c-b49b-45e8-bc1a-09ad2dc2f96e (length 116294) has no trained clipping model
[2025-07-09 17:11:42.872] [jointLog] [warning] read 16e02d0f-bd4d-4bb7-a376-bf1e2420b740 (length 15428 - align length 3253) has no trained error model
[2025-07-09 17:11:42.872] [jointLog] [warning] read 16e02d0f-bd4d-4bb7-a376-bf1e2420b740 (length 15428) has no trained clipping model
[2025-07-09 17:11:42.872] [jointLog] [warning] read 16e02d0f-bd4d-4bb7-a376-bf1e2420b740 (length 15428) has no trained clipping model
[2025-07-09 17:11:42.873] [jointLog] [warning] read eefa1a66-ab82-4643-bf65-11e59c6bcede (length 15346 - align length 1009) has no trained error model
[2025-07-09 17:11:42.873] [jointLog] [warning] read eefa1a66-ab82-4643-bf65-11e59c6bcede (length 15346) has no trained clipping model
[2025-07-09 17:11:42.873] [jointLog] [warning] read eefa1a66-ab82-4643-bf65-11e59c6bcede (length 15346) has no trained clipping model
[2025-07-09 17:11:42.873] [jointLog] [warning] read 858276b1-5023-40b2-8681-a8f010f4451d (length 12823) has no trained clipping model
[2025-07-09 17:11:42.873] [jointLog] [warning] read 0d60250d-69cd-4861-a43c-63259b5d81b3 (length 38123 - align length 1233) has no trained error model
[2025-07-09 17:11:42.873] [jointLog] [warning] read 0d60250d-69cd-4861-a43c-63259b5d81b3 (length 38123) has no trained clipping model
[2025-07-09 17:11:42.873] [jointLog] [warning] read 0d60250d-69cd-4861-a43c-63259b5d81b3 (length 38123) has no trained clipping model
[2025-07-09 17:11:42.873] [jointLog] [warning] read b4d5460e-76aa-4201-8643-5c1241378446 (length 14676 - align length 14603) has no trained error model
[2025-07-09 17:11:42.873] [jointLog] [warning] read b4d5460e-76aa-4201-8643-5c1241378446 (length 14676) has no trained clipping model
[2025-07-09 17:11:42.873] [jointLog] [warning] read b4d5460e-76aa-4201-8643-5c1241378446 (length 14676) has no trained clipping model
[2025-07-09 17:11:42.873] [jointLog] [warning] read 0109eb08-d185-4eee-9059-fca44d86f926 (length 42928 - align length 534) has no trained error model
[2025-07-09 17:11:42.873] [jointLog] [warning] read 0109eb08-d185-4eee-9059-fca44d86f926 (length 42928) has no trained clipping model
[2025-07-09 17:11:42.873] [jointLog] [warning] read 0109eb08-d185-4eee-9059-fca44d86f926 (length 42928) has no trained clipping model
[2025-07-09 17:11:42.873] [jointLog] [warning] read 2447ae46-8f02-492d-98ff-f6c06993b3ef (length 53419 - align length 140) has no trained error model
[2025-07-09 17:11:42.873] [jointLog] [warning] read 2447ae46-8f02-492d-98ff-f6c06993b3ef (length 53419) has no trained clipping model
[2025-07-09 17:11:42.873] [jointLog] [warning] read 2447ae46-8f02-492d-98ff-f6c06993b3ef (length 53419) has no trained clipping model
[2025-07-09 17:11:42.873] [jointLog] [warning] read 1eeb739f-06b0-4765-9379-98da08bd2b35 (length 12792 - align length 1788) has no trained error model
[2025-07-09 17:11:42.873] [jointLog] [warning] read 1eeb739f-06b0-4765-9379-98da08bd2b35 (length 12792) has no trained clipping model
[2025-07-09 17:11:42.873] [jointLog] [warning] read 1eeb739f-06b0-4765-9379-98da08bd2b35 (length 12792) has no trained clipping model
[2025-07-09 17:11:42.874] [jointLog] [warning] read 5b310ea8-42ef-4bf9-b007-c2c4757c66bc (length 21916 - align length 3792) has no trained error model
[2025-07-09 17:11:42.874] [jointLog] [warning] read 5b310ea8-42ef-4bf9-b007-c2c4757c66bc (length 21916) has no trained clipping model
[2025-07-09 17:11:42.874] [jointLog] [warning] read 5b310ea8-42ef-4bf9-b007-c2c4757c66bc (length 21916) has no trained clipping model
[2025-07-09 17:11:42.874] [jointLog] [warning] read 614c4c3b-e520-44aa-8a09-6e0cd5da5560 (length 64145 - align length 1239) has no trained error model
[2025-07-09 17:11:42.874] [jointLog] [warning] read 614c4c3b-e520-44aa-8a09-6e0cd5da5560 (length 64145) has no trained clipping model
[2025-07-09 17:11:42.874] [jointLog] [warning] read 614c4c3b-e520-44aa-8a09-6e0cd5da5560 (length 64145) has no trained clipping model
[2025-07-09 17:11:42.874] [jointLog] [warning] read 9e51dd17-071a-43fe-9398-dd7c2de1f1cf (length 82892 - align length 4290) has no trained error model
[2025-07-09 17:11:42.874] [jointLog] [warning] read 9e51dd17-071a-43fe-9398-dd7c2de1f1cf (length 82892) has no trained clipping model
[2025-07-09 17:11:42.874] [jointLog] [warning] read 9e51dd17-071a-43fe-9398-dd7c2de1f1cf (length 82892) has no trained clipping model
[2025-07-09 17:11:42.874] [jointLog] [warning] read 147cea97-d75c-4750-b418-7915a8d1b97d (length 40478 - align length 1044) has no trained error model
[2025-07-09 17:11:42.874] [jointLog] [warning] read 147cea97-d75c-4750-b418-7915a8d1b97d (length 40478) has no trained clipping model
[2025-07-09 17:11:42.874] [jointLog] [warning] read 147cea97-d75c-4750-b418-7915a8d1b97d (length 40478) has no trained clipping model
[2025-07-09 17:11:42.874] [jointLog] [warning] read 4183128a-b5a2-43ad-8a06-7db40e28e239 (length 16073 - align length 15942) has no trained error model
[2025-07-09 17:11:42.874] [jointLog] [warning] read 4183128a-b5a2-43ad-8a06-7db40e28e239 (length 16073) has no trained clipping model
[2025-07-09 17:11:42.874] [jointLog] [warning] read 4183128a-b5a2-43ad-8a06-7db40e28e239 (length 16073) has no trained clipping model
[2025-07-09 17:11:42.874] [jointLog] [warning] read fb9fffdc-e3f9-4ba4-bfe5-48d0b9ab43af (length 63977 - align length 173) has no trained error model
[2025-07-09 17:11:42.874] [jointLog] [warning] read fb9fffdc-e3f9-4ba4-bfe5-48d0b9ab43af (length 63977) has no trained clipping model
[2025-07-09 17:11:42.874] [jointLog] [warning] read fb9fffdc-e3f9-4ba4-bfe5-48d0b9ab43af (length 63977) has no trained clipping model
[2025-07-09 17:11:42.874] [jointLog] [warning] read ca3d53a5-31c9-4ecc-9ab4-091442963bba (length 45362 - align length 122) has no trained error model
[2025-07-09 17:11:42.874] [jointLog] [warning] read ca3d53a5-31c9-4ecc-9ab4-091442963bba (length 45362) has no trained clipping model
[2025-07-09 17:11:42.874] [jointLog] [warning] read ca3d53a5-31c9-4ecc-9ab4-091442963bba (length 45362) has no trained clipping model
[2025-07-09 17:11:42.874] [jointLog] [warning] read 73ccdb8c-7786-49d6-a213-dee48fbafefb (length 13662 - align length 284) has no trained error model
[2025-07-09 17:11:42.874] [jointLog] [warning] read 73ccdb8c-7786-49d6-a213-dee48fbafefb (length 13662) has no trained clipping model
[2025-07-09 17:11:42.874] [jointLog] [warning] read 73ccdb8c-7786-49d6-a213-dee48fbafefb (length 13662) has no trained clipping model
[2025-07-09 17:11:42.874] [jointLog] [warning] read c13fa405-0293-4aaf-8ce5-1cecc84e2a77 (length 28818 - align length 51) has no trained error model
[2025-07-09 17:11:42.874] [jointLog] [warning] read c13fa405-0293-4aaf-8ce5-1cecc84e2a77 (length 28818) has no trained clipping model
[2025-07-09 17:11:42.874] [jointLog] [warning] read c13fa405-0293-4aaf-8ce5-1cecc84e2a77 (length 28818) has no trained clipping model
[2025-07-09 17:11:42.874] [jointLog] [warning] read 7258e0d4-5bca-4b3e-8ad0-cf58c802d7b0 (length 17755 - align length 529) has no trained error model
[2025-07-09 17:11:42.874] [jointLog] [warning] read 7258e0d4-5bca-4b3e-8ad0-cf58c802d7b0 (length 17755) has no trained clipping model
[2025-07-09 17:11:42.874] [jointLog] [warning] read 7258e0d4-5bca-4b3e-8ad0-cf58c802d7b0 (length 17755) has no trained clipping model
[2025-07-09 17:11:42.874] [jointLog] [warning] read 2413f320-e457-4887-8c22-0ad7c469cb77 (length 31926 - align length 449) has no trained error model
[2025-07-09 17:11:42.874] [jointLog] [warning] read 2413f320-e457-4887-8c22-0ad7c469cb77 (length 31926) has no trained clipping model
[2025-07-09 17:11:42.874] [jointLog] [warning] read 2413f320-e457-4887-8c22-0ad7c469cb77 (length 31926) has no trained clipping model
[2025-07-09 17:11:42.874] [jointLog] [warning] read 144a6399-f9e7-4df2-9553-1fa57ebc0511 (length 14711 - align length 14699) has no trained error model
[2025-07-09 17:11:42.874] [jointLog] [warning] read 144a6399-f9e7-4df2-9553-1fa57ebc0511 (length 14711) has no trained clipping model
[2025-07-09 17:11:42.874] [jointLog] [warning] read 144a6399-f9e7-4df2-9553-1fa57ebc0511 (length 14711) has no trained clipping model
[2025-07-09 17:11:42.874] [jointLog] [warning] read 38ce46b1-c3cc-4a9b-8c45-b66a615ddd6d (length 14688 - align length 596) has no trained error model
[2025-07-09 17:11:42.874] [jointLog] [warning] read 38ce46b1-c3cc-4a9b-8c45-b66a615ddd6d (length 14688) has no trained clipping model
[2025-07-09 17:11:42.874] [jointLog] [warning] read 38ce46b1-c3cc-4a9b-8c45-b66a615ddd6d (length 14688) has no trained clipping model
[2025-07-09 17:11:42.874] [jointLog] [warning] read 0811a08a-b513-489f-a470-8c53e431750b (length 14755 - align length 329) has no trained error model
[2025-07-09 17:11:42.874] [jointLog] [warning] read 0811a08a-b513-489f-a470-8c53e431750b (length 14755) has no trained clipping model
[2025-07-09 17:11:42.874] [jointLog] [warning] read 0811a08a-b513-489f-a470-8c53e431750b (length 14755) has no trained clipping model
[2025-07-09 17:11:42.874] [jointLog] [warning] read 420bf118-a857-4506-9299-89e708c5d906 (length 19938 - align length 3897) has no trained error model
[2025-07-09 17:11:42.874] [jointLog] [warning] read 420bf118-a857-4506-9299-89e708c5d906 (length 19938) has no trained clipping model
[2025-07-09 17:11:42.874] [jointLog] [warning] read 420bf118-a857-4506-9299-89e708c5d906 (length 19938) has no trained clipping model
[2025-07-09 17:11:42.874] [jointLog] [warning] read be3b5306-f026-4c3b-9085-3443be123a42 (length 36782 - align length 1391) has no trained error model
[2025-07-09 17:11:42.874] [jointLog] [warning] read be3b5306-f026-4c3b-9085-3443be123a42 (length 36782) has no trained clipping model
[2025-07-09 17:11:42.874] [jointLog] [warning] read be3b5306-f026-4c3b-9085-3443be123a42 (length 36782) has no trained clipping model
[2025-07-09 17:11:42.874] [jointLog] [warning] read cde3f1cb-0ccf-4e3e-bd06-862c643105d5 (length 16299 - align length 364) has no trained error model
[2025-07-09 17:11:42.874] [jointLog] [warning] read cde3f1cb-0ccf-4e3e-bd06-862c643105d5 (length 16299) has no trained clipping model
[2025-07-09 17:11:42.874] [jointLog] [warning] read cde3f1cb-0ccf-4e3e-bd06-862c643105d5 (length 16299) has no trained clipping model
[2025-07-09 17:11:42.874] [jointLog] [warning] read 339d588d-f0be-4142-bfc5-f2f239432043 (length 19061 - align length 3244) has no trained error model
[2025-07-09 17:11:42.874] [jointLog] [warning] read 339d588d-f0be-4142-bfc5-f2f239432043 (length 19061) has no trained clipping model
[2025-07-09 17:11:42.874] [jointLog] [warning] read 339d588d-f0be-4142-bfc5-f2f239432043 (length 19061) has no trained clipping model
[2025-07-09 17:11:42.874] [jointLog] [warning] read 71758f30-f17d-4606-acb2-76aa25280c1c (length 17538 - align length 17485) has no trained error model
[2025-07-09 17:11:42.874] [jointLog] [warning] read 71758f30-f17d-4606-acb2-76aa25280c1c (length 17538) has no trained clipping model
[2025-07-09 17:11:42.874] [jointLog] [warning] read 71758f30-f17d-4606-acb2-76aa25280c1c (length 17538) has no trained clipping model
[2025-07-09 17:11:42.874] [jointLog] [warning] read b42a16ba-7cf7-4f45-b75e-776454fc6f35 (length 11922) has no trained clipping model
[2025-07-09 17:11:42.874] [jointLog] [warning] read 20696a8f-3d80-4232-92d0-d859355b1df6 (length 18765 - align length 1163) has no trained error model
[2025-07-09 17:11:42.874] [jointLog] [warning] read 20696a8f-3d80-4232-92d0-d859355b1df6 (length 18765) has no trained clipping model
[2025-07-09 17:11:42.874] [jointLog] [warning] read 20696a8f-3d80-4232-92d0-d859355b1df6 (length 18765) has no trained clipping model
[2025-07-09 17:11:42.874] [jointLog] [warning] read 6afe0c58-bb6b-4778-8944-4b9a749e43d7 (length 49478 - align length 361) has no trained error model
[2025-07-09 17:11:42.874] [jointLog] [warning] read 6afe0c58-bb6b-4778-8944-4b9a749e43d7 (length 49478) has no trained clipping model
[2025-07-09 17:11:42.874] [jointLog] [warning] read 6afe0c58-bb6b-4778-8944-4b9a749e43d7 (length 49478) has no trained clipping model
[2025-07-09 17:11:42.874] [jointLog] [warning] read ffbaad1f-175f-43d5-b61c-9e65a6e7dfd0 (length 14240 - align length 3333) has no trained error model
[2025-07-09 17:11:42.874] [jointLog] [warning] read ffbaad1f-175f-43d5-b61c-9e65a6e7dfd0 (length 14240) has no trained clipping model
[2025-07-09 17:11:42.874] [jointLog] [warning] read ffbaad1f-175f-43d5-b61c-9e65a6e7dfd0 (length 14240) has no trained clipping model
[2025-07-09 17:11:42.874] [jointLog] [warning] read 801bd376-0a76-4fd3-b55f-135bc2a75196 (length 13864 - align length 486) has no trained error model
[2025-07-09 17:11:42.874] [jointLog] [warning] read 801bd376-0a76-4fd3-b55f-135bc2a75196 (length 13864) has no trained clipping model
[2025-07-09 17:11:42.874] [jointLog] [warning] read 801bd376-0a76-4fd3-b55f-135bc2a75196 (length 13864) has no trained clipping model
[2025-07-09 17:11:42.874] [jointLog] [warning] read 38fbac8c-6a13-46f7-a336-4089a3a0b7ac (length 15430 - align length 15383) has no trained error model
[2025-07-09 17:11:42.874] [jointLog] [warning] read 38fbac8c-6a13-46f7-a336-4089a3a0b7ac (length 15430) has no trained clipping model
[2025-07-09 17:11:42.874] [jointLog] [warning] read 38fbac8c-6a13-46f7-a336-4089a3a0b7ac (length 15430) has no trained clipping model
[2025-07-09 17:11:42.874] [jointLog] [warning] read ad2a669c-8d42-4209-b113-3b197102d1c3 (length 30449 - align length 2579) has no trained error model
[2025-07-09 17:11:42.874] [jointLog] [warning] read ad2a669c-8d42-4209-b113-3b197102d1c3 (length 30449) has no trained clipping model
[2025-07-09 17:11:42.874] [jointLog] [warning] read ad2a669c-8d42-4209-b113-3b197102d1c3 (length 30449) has no trained clipping model
[2025-07-09 17:11:42.874] [jointLog] [warning] read 801e2fd2-fa26-43c6-aaa2-80a13eb25b62 (length 12448) has no trained clipping model
[2025-07-09 17:11:42.874] [jointLog] [warning] read 50b001b0-0896-4b18-9a4f-dc33e941270e (length 175445 - align length 310) has no trained error model
[2025-07-09 17:11:42.874] [jointLog] [warning] read 50b001b0-0896-4b18-9a4f-dc33e941270e (length 175445) has no trained clipping model
[2025-07-09 17:11:42.874] [jointLog] [warning] read 50b001b0-0896-4b18-9a4f-dc33e941270e (length 175445) has no trained clipping model
[2025-07-09 17:11:42.875] [jointLog] [warning] read 3971b273-a434-4aa8-a80a-a294109a1d77 (length 14452 - align length 14399) has no trained error model
[2025-07-09 17:11:42.875] [jointLog] [warning] read 3971b273-a434-4aa8-a80a-a294109a1d77 (length 14452) has no trained clipping model
[2025-07-09 17:11:42.875] [jointLog] [warning] read 3971b273-a434-4aa8-a80a-a294109a1d77 (length 14452) has no trained clipping model
[2025-07-09 17:11:42.875] [jointLog] [warning] read 6aa78c93-2323-49d3-998c-c460f67f92e6 (length 87994 - align length 239) has no trained error model
[2025-07-09 17:11:42.875] [jointLog] [warning] read 6aa78c93-2323-49d3-998c-c460f67f92e6 (length 87994) has no trained clipping model
[2025-07-09 17:11:42.875] [jointLog] [warning] read 6aa78c93-2323-49d3-998c-c460f67f92e6 (length 87994) has no trained clipping model
[2025-07-09 17:11:42.875] [jointLog] [warning] read 96a99b6e-6215-443c-9362-38ad0708ca80 (length 18870 - align length 424) has no trained error model
[2025-07-09 17:11:42.875] [jointLog] [warning] read 96a99b6e-6215-443c-9362-38ad0708ca80 (length 18870) has no trained clipping model
[2025-07-09 17:11:42.875] [jointLog] [warning] read 96a99b6e-6215-443c-9362-38ad0708ca80 (length 18870) has no trained clipping model
[2025-07-09 17:11:42.875] [jointLog] [warning] read 79529fdb-80ed-4dc5-a649-ca13ab8b940c (length 11509) has no trained clipping model
[2025-07-09 17:11:42.875] [jointLog] [warning] read 97c82723-0e50-4d19-a4c5-7c34609f1b12 (length 68488 - align length 89) has no trained error model
[2025-07-09 17:11:42.875] [jointLog] [warning] read 97c82723-0e50-4d19-a4c5-7c34609f1b12 (length 68488) has no trained clipping model
[2025-07-09 17:11:42.875] [jointLog] [warning] read 97c82723-0e50-4d19-a4c5-7c34609f1b12 (length 68488) has no trained clipping model
[2025-07-09 17:11:42.875] [jointLog] [warning] read 07c142ee-4881-4b1a-b1e7-41dc6c9d9828 (length 11740) has no trained clipping model
[2025-07-09 17:11:42.875] [jointLog] [warning] read 671e9c99-9188-4df0-89f5-7b991561831c (length 53119 - align length 4381) has no trained error model
[2025-07-09 17:11:42.875] [jointLog] [warning] read 671e9c99-9188-4df0-89f5-7b991561831c (length 53119) has no trained clipping model
[2025-07-09 17:11:42.875] [jointLog] [warning] read 671e9c99-9188-4df0-89f5-7b991561831c (length 53119) has no trained clipping model
[2025-07-09 17:11:42.875] [jointLog] [warning] read 23bc43da-b4a2-4189-8272-aea11e30e0c6 (length 239312 - align length 1059) has no trained error model
[2025-07-09 17:11:42.875] [jointLog] [warning] read 23bc43da-b4a2-4189-8272-aea11e30e0c6 (length 239312) has no trained clipping model
[2025-07-09 17:11:42.875] [jointLog] [warning] read 23bc43da-b4a2-4189-8272-aea11e30e0c6 (length 239312) has no trained clipping model
[2025-07-09 17:11:42.875] [jointLog] [warning] read 8201ec30-e537-4358-8576-b1b4638c60b6 (length 24914 - align length 166) has no trained error model
[2025-07-09 17:11:42.875] [jointLog] [warning] read 8201ec30-e537-4358-8576-b1b4638c60b6 (length 24914) has no trained clipping model
[2025-07-09 17:11:42.875] [jointLog] [warning] read 8201ec30-e537-4358-8576-b1b4638c60b6 (length 24914) has no trained clipping model
[2025-07-09 17:11:42.875] [jointLog] [warning] read 3d9c2b6b-acda-4307-9974-2b6aea59cdb5 (length 16021 - align length 15953) has no trained error model
[2025-07-09 17:11:42.875] [jointLog] [warning] read 3d9c2b6b-acda-4307-9974-2b6aea59cdb5 (length 16021) has no trained clipping model
[2025-07-09 17:11:42.875] [jointLog] [warning] read 3d9c2b6b-acda-4307-9974-2b6aea59cdb5 (length 16021) has no trained clipping model
[2025-07-09 17:11:42.935] [jointLog] [warning] read b8db11b7-574c-4430-af0d-89ce86d07dea (length 12943 - align length 12875) has no trained error model
[2025-07-09 17:11:42.935] [jointLog] [warning] read b8db11b7-574c-4430-af0d-89ce86d07dea (length 12943) has no trained clipping model
[2025-07-09 17:11:42.935] [jointLog] [warning] read b8db11b7-574c-4430-af0d-89ce86d07dea (length 12943) has no trained clipping model
[2025-07-09 17:11:43.080] [jointLog] [warning] read 9c887429-2ecb-4734-b468-fc17f07978a4 (length 11905 - align length 11823) has no trained error model
[2025-07-09 17:11:43.080] [jointLog] [warning] read 9c887429-2ecb-4734-b468-fc17f07978a4 (length 11905) has no trained clipping model
[2025-07-09 17:11:43.255] [jointLog] [warning] read 1e54e34f-bab2-4a23-b27d-656f506bd5fe (length 12743 - align length 12725) has no trained error model
[2025-07-09 17:11:43.255] [jointLog] [warning] read 1e54e34f-bab2-4a23-b27d-656f506bd5fe (length 12743) has no trained clipping model
[2025-07-09 17:11:43.255] [jointLog] [warning] read 1e54e34f-bab2-4a23-b27d-656f506bd5fe (length 12743) has no trained clipping model
[2025-07-09 17:11:42.927] [fileLog] [info] quantification processed 13000000 fragments so far

[2025-07-09 17:11:43.307] [jointLog] [warning] read 206aec16-7fb1-4edd-98ff-b6a8e950b09e (length 11718) has no trained clipping model
[2025-07-09 17:11:43.409] [jointLog] [warning] read 8212c170-9a1e-45ab-88fd-4151af0ec0aa (length 12445 - align length 12385) has no trained error model
[2025-07-09 17:11:43.409] [jointLog] [warning] read 8212c170-9a1e-45ab-88fd-4151af0ec0aa (length 12445) has no trained clipping model
[2025-07-09 17:11:43.466] [jointLog] [warning] read ea1b0f98-00da-4db6-a58e-ac728bf3808c (length 12487) has no trained clipping model
[2025-07-09 17:11:43.742] [jointLog] [warning] read 674f144c-b7c7-4e34-a416-d2e92fe179e2 (length 71067 - align length 125) has no trained error model
[2025-07-09 17:11:43.742] [jointLog] [warning] read 674f144c-b7c7-4e34-a416-d2e92fe179e2 (length 71067) has no trained clipping model
[2025-07-09 17:11:43.742] [jointLog] [warning] read 674f144c-b7c7-4e34-a416-d2e92fe179e2 (length 71067) has no trained clipping model
[2025-07-09 17:11:43.742] [jointLog] [warning] read c652d4b2-3a18-45f7-8283-39c0d30d229c (length 19782 - align length 1034) has no trained error model
[2025-07-09 17:11:43.742] [jointLog] [warning] read c652d4b2-3a18-45f7-8283-39c0d30d229c (length 19782) has no trained clipping model
[2025-07-09 17:11:43.742] [jointLog] [warning] read c652d4b2-3a18-45f7-8283-39c0d30d229c (length 19782) has no trained clipping model
[2025-07-09 17:11:43.742] [jointLog] [warning] read e9457e4d-529e-49cf-b8c6-f813a7f48ea5 (length 13054 - align length 1670) has no trained error model
[2025-07-09 17:11:43.742] [jointLog] [warning] read e9457e4d-529e-49cf-b8c6-f813a7f48ea5 (length 13054) has no trained clipping model
[2025-07-09 17:11:43.742] [jointLog] [warning] read e9457e4d-529e-49cf-b8c6-f813a7f48ea5 (length 13054) has no trained clipping model
[2025-07-09 17:11:43.743] [jointLog] [warning] read f7336dc0-89b9-467e-8430-384a77e9bfbe (length 15520 - align length 369) has no trained error model
[2025-07-09 17:11:43.743] [jointLog] [warning] read f7336dc0-89b9-467e-8430-384a77e9bfbe (length 15520) has no trained clipping model
[2025-07-09 17:11:43.743] [jointLog] [warning] read f7336dc0-89b9-467e-8430-384a77e9bfbe (length 15520) has no trained clipping model
[2025-07-09 17:11:43.743] [jointLog] [warning] read dbadd941-40e6-4708-86fe-3d54939e8575 (length 14559 - align length 120) has no trained error model
[2025-07-09 17:11:43.743] [jointLog] [warning] read dbadd941-40e6-4708-86fe-3d54939e8575 (length 14559) has no trained clipping model
[2025-07-09 17:11:43.743] [jointLog] [warning] read dbadd941-40e6-4708-86fe-3d54939e8575 (length 14559) has no trained clipping model
[2025-07-09 17:11:43.743] [jointLog] [warning] read e6614bd8-3d7c-49c8-b900-af5593e4c0c8 (length 13061 - align length 153) has no trained error model
[2025-07-09 17:11:43.743] [jointLog] [warning] read e6614bd8-3d7c-49c8-b900-af5593e4c0c8 (length 13061) has no trained clipping model
[2025-07-09 17:11:43.743] [jointLog] [warning] read e6614bd8-3d7c-49c8-b900-af5593e4c0c8 (length 13061) has no trained clipping model
[2025-07-09 17:11:43.743] [jointLog] [warning] read 2f3886df-e957-4cee-a221-6d311ac93d3c (length 20397 - align length 992) has no trained error model
[2025-07-09 17:11:43.743] [jointLog] [warning] read 2f3886df-e957-4cee-a221-6d311ac93d3c (length 20397) has no trained clipping model
[2025-07-09 17:11:43.743] [jointLog] [warning] read 2f3886df-e957-4cee-a221-6d311ac93d3c (length 20397) has no trained clipping model
[2025-07-09 17:11:43.743] [jointLog] [warning] read c7d706c8-bb5e-4199-9ca0-90d8c1112f51 (length 52148 - align length 71) has no trained error model
[2025-07-09 17:11:43.743] [jointLog] [warning] read c7d706c8-bb5e-4199-9ca0-90d8c1112f51 (length 52148) has no trained clipping model
[2025-07-09 17:11:43.743] [jointLog] [warning] read c7d706c8-bb5e-4199-9ca0-90d8c1112f51 (length 52148) has no trained clipping model
[2025-07-09 17:11:43.743] [jointLog] [warning] read b974fe43-c43b-4dce-8e1d-c275371df1ad (length 30941 - align length 4318) has no trained error model
[2025-07-09 17:11:43.743] [jointLog] [warning] read b974fe43-c43b-4dce-8e1d-c275371df1ad (length 30941) has no trained clipping model
[2025-07-09 17:11:43.743] [jointLog] [warning] read b974fe43-c43b-4dce-8e1d-c275371df1ad (length 30941) has no trained clipping model
[2025-07-09 17:11:43.743] [jointLog] [warning] read 9afd421e-6661-496c-8d4e-504870e9b75d (length 14856 - align length 14856) has no trained error model
[2025-07-09 17:11:43.743] [jointLog] [warning] read 9afd421e-6661-496c-8d4e-504870e9b75d (length 14856) has no trained clipping model
[2025-07-09 17:11:43.743] [jointLog] [warning] read 9afd421e-6661-496c-8d4e-504870e9b75d (length 14856) has no trained clipping model
[2025-07-09 17:11:43.743] [jointLog] [warning] read 45e13061-2a30-4b81-8504-b25b3bed21b4 (length 14122 - align length 370) has no trained error model
[2025-07-09 17:11:43.743] [jointLog] [warning] read 45e13061-2a30-4b81-8504-b25b3bed21b4 (length 14122) has no trained clipping model
[2025-07-09 17:11:43.743] [jointLog] [warning] read 45e13061-2a30-4b81-8504-b25b3bed21b4 (length 14122) has no trained clipping model
[2025-07-09 17:11:43.743] [jointLog] [warning] read cddb2675-9a89-4456-afaa-6fbe565e5b23 (length 19183 - align length 197) has no trained error model
[2025-07-09 17:11:43.743] [jointLog] [warning] read cddb2675-9a89-4456-afaa-6fbe565e5b23 (length 19183) has no trained clipping model
[2025-07-09 17:11:43.743] [jointLog] [warning] read cddb2675-9a89-4456-afaa-6fbe565e5b23 (length 19183) has no trained clipping model
[2025-07-09 17:11:43.743] [jointLog] [warning] read 1c05a795-bd67-43ef-bfcf-ba59405359fd (length 68173 - align length 652) has no trained error model
[2025-07-09 17:11:43.743] [jointLog] [warning] read 1c05a795-bd67-43ef-bfcf-ba59405359fd (length 68173) has no trained clipping model
[2025-07-09 17:11:43.743] [jointLog] [warning] read 1c05a795-bd67-43ef-bfcf-ba59405359fd (length 68173) has no trained clipping model
[2025-07-09 17:11:43.743] [jointLog] [warning] read 86a1c3a6-a6bc-4956-a0cd-0abb4bfeface (length 43412 - align length 3566) has no trained error model
[2025-07-09 17:11:43.743] [jointLog] [warning] read 86a1c3a6-a6bc-4956-a0cd-0abb4bfeface (length 43412) has no trained clipping model
[2025-07-09 17:11:43.743] [jointLog] [warning] read 86a1c3a6-a6bc-4956-a0cd-0abb4bfeface (length 43412) has no trained clipping model
[2025-07-09 17:11:43.743] [jointLog] [warning] read 4d3ccbc7-88de-42b1-8c77-4980482300cd (length 44085 - align length 377) has no trained error model
[2025-07-09 17:11:43.743] [jointLog] [warning] read 4d3ccbc7-88de-42b1-8c77-4980482300cd (length 44085) has no trained clipping model
[2025-07-09 17:11:43.743] [jointLog] [warning] read 4d3ccbc7-88de-42b1-8c77-4980482300cd (length 44085) has no trained clipping model
[2025-07-09 17:11:43.743] [jointLog] [warning] read 21e1ac05-3416-47c7-b195-bc466f397c47 (length 55611 - align length 202) has no trained error model
[2025-07-09 17:11:43.743] [jointLog] [warning] read 21e1ac05-3416-47c7-b195-bc466f397c47 (length 55611) has no trained clipping model
[2025-07-09 17:11:43.743] [jointLog] [warning] read 21e1ac05-3416-47c7-b195-bc466f397c47 (length 55611) has no trained clipping model
[2025-07-09 17:11:43.743] [jointLog] [warning] read 4dffe722-4913-4a59-bea1-b0ea7a514bdf (length 121904 - align length 1747) has no trained error model
[2025-07-09 17:11:43.743] [jointLog] [warning] read 4dffe722-4913-4a59-bea1-b0ea7a514bdf (length 121904) has no trained clipping model
[2025-07-09 17:11:43.743] [jointLog] [warning] read 4dffe722-4913-4a59-bea1-b0ea7a514bdf (length 121904) has no trained clipping model
[2025-07-09 17:11:43.743] [jointLog] [warning] read 02335289-ccc0-4c39-8028-0a9d74c9abee (length 14786 - align length 14733) has no trained error model
[2025-07-09 17:11:43.743] [jointLog] [warning] read 02335289-ccc0-4c39-8028-0a9d74c9abee (length 14786) has no trained clipping model
[2025-07-09 17:11:43.743] [jointLog] [warning] read 02335289-ccc0-4c39-8028-0a9d74c9abee (length 14786) has no trained clipping model
[2025-07-09 17:11:43.743] [jointLog] [warning] read f69dafa6-978f-4f05-b526-12b56631717c (length 21615 - align length 123) has no trained error model
[2025-07-09 17:11:43.743] [jointLog] [warning] read f69dafa6-978f-4f05-b526-12b56631717c (length 21615) has no trained clipping model
[2025-07-09 17:11:43.743] [jointLog] [warning] read f69dafa6-978f-4f05-b526-12b56631717c (length 21615) has no trained clipping model
[2025-07-09 17:11:43.743] [jointLog] [warning] read 9d170b27-5e53-430f-ae66-b4b246367b0f (length 16584 - align length 133) has no trained error model
[2025-07-09 17:11:43.743] [jointLog] [warning] read 9d170b27-5e53-430f-ae66-b4b246367b0f (length 16584) has no trained clipping model
[2025-07-09 17:11:43.743] [jointLog] [warning] read 9d170b27-5e53-430f-ae66-b4b246367b0f (length 16584) has no trained clipping model
[2025-07-09 17:11:43.743] [jointLog] [warning] read 8f584997-884a-4185-8c83-b1c8990fc883 (length 19766 - align length 125) has no trained error model
[2025-07-09 17:11:43.743] [jointLog] [warning] read 8f584997-884a-4185-8c83-b1c8990fc883 (length 19766) has no trained clipping model
[2025-07-09 17:11:43.743] [jointLog] [warning] read 8f584997-884a-4185-8c83-b1c8990fc883 (length 19766) has no trained clipping model
[2025-07-09 17:11:43.743] [jointLog] [warning] read dc84bf83-7c48-4530-8de3-847e557a549a (length 18096 - align length 401) has no trained error model
[2025-07-09 17:11:43.743] [jointLog] [warning] read dc84bf83-7c48-4530-8de3-847e557a549a (length 18096) has no trained clipping model
[2025-07-09 17:11:43.743] [jointLog] [warning] read dc84bf83-7c48-4530-8de3-847e557a549a (length 18096) has no trained clipping model
[2025-07-09 17:11:43.743] [jointLog] [warning] read 31cec9d3-c4f8-4b86-8067-11f40c02217f (length 24116 - align length 55) has no trained error model
[2025-07-09 17:11:43.743] [jointLog] [warning] read 31cec9d3-c4f8-4b86-8067-11f40c02217f (length 24116) has no trained clipping model
[2025-07-09 17:11:43.743] [jointLog] [warning] read 31cec9d3-c4f8-4b86-8067-11f40c02217f (length 24116) has no trained clipping model
[2025-07-09 17:11:43.743] [jointLog] [warning] read 6cc324f5-1e70-494c-b46b-339c328c8da2 (length 38560 - align length 206) has no trained error model
[2025-07-09 17:11:43.743] [jointLog] [warning] read 6cc324f5-1e70-494c-b46b-339c328c8da2 (length 38560) has no trained clipping model
[2025-07-09 17:11:43.743] [jointLog] [warning] read 6cc324f5-1e70-494c-b46b-339c328c8da2 (length 38560) has no trained clipping model
[2025-07-09 17:11:43.743] [jointLog] [warning] read 5f5e7c51-4faf-481a-9ac0-60cd3db6e206 (length 197948 - align length 504) has no trained error model
[2025-07-09 17:11:43.743] [jointLog] [warning] read 5f5e7c51-4faf-481a-9ac0-60cd3db6e206 (length 197948) has no trained clipping model
[2025-07-09 17:11:43.743] [jointLog] [warning] read 5f5e7c51-4faf-481a-9ac0-60cd3db6e206 (length 197948) has no trained clipping model
[2025-07-09 17:11:43.743] [jointLog] [warning] read dd0629c8-c9bf-4056-bbc3-3fe5bc599f2b (length 41359 - align length 2930) has no trained error model
[2025-07-09 17:11:43.743] [jointLog] [warning] read dd0629c8-c9bf-4056-bbc3-3fe5bc599f2b (length 41359) has no trained clipping model
[2025-07-09 17:11:43.743] [jointLog] [warning] read dd0629c8-c9bf-4056-bbc3-3fe5bc599f2b (length 41359) has no trained clipping model
[2025-07-09 17:11:43.743] [jointLog] [warning] read 8ed2bf4a-1be5-4aae-a0f4-d56076ecf463 (length 208651 - align length 384) has no trained error model
[2025-07-09 17:11:43.743] [jointLog] [warning] read 8ed2bf4a-1be5-4aae-a0f4-d56076ecf463 (length 208651) has no trained clipping model
[2025-07-09 17:11:43.743] [jointLog] [warning] read 8ed2bf4a-1be5-4aae-a0f4-d56076ecf463 (length 208651) has no trained clipping model
[2025-07-09 17:11:43.743] [jointLog] [warning] read 90c48b1a-3265-4ae5-858b-a68eb48a1b6f (length 16174 - align length 6160) has no trained error model
[2025-07-09 17:11:43.743] [jointLog] [warning] read 90c48b1a-3265-4ae5-858b-a68eb48a1b6f (length 16174) has no trained clipping model
[2025-07-09 17:11:43.743] [jointLog] [warning] read 90c48b1a-3265-4ae5-858b-a68eb48a1b6f (length 16174) has no trained clipping model
[2025-07-09 17:11:43.743] [jointLog] [warning] read ca74d146-31b4-425a-b2be-c50de26d8452 (length 11730) has no trained clipping model
[2025-07-09 17:11:43.743] [jointLog] [warning] read 83ea13fa-b49b-4775-950c-2e78daf2aff5 (length 34126 - align length 745) has no trained error model
[2025-07-09 17:11:43.743] [jointLog] [warning] read 83ea13fa-b49b-4775-950c-2e78daf2aff5 (length 34126) has no trained clipping model
[2025-07-09 17:11:43.743] [jointLog] [warning] read 83ea13fa-b49b-4775-950c-2e78daf2aff5 (length 34126) has no trained clipping model
[2025-07-09 17:11:43.743] [jointLog] [warning] read 16b8b5e9-f9ce-44d4-9bc7-bd7216afbe9a (length 22351 - align length 299) has no trained error model
[2025-07-09 17:11:43.743] [jointLog] [warning] read 16b8b5e9-f9ce-44d4-9bc7-bd7216afbe9a (length 22351) has no trained clipping model
[2025-07-09 17:11:43.743] [jointLog] [warning] read 16b8b5e9-f9ce-44d4-9bc7-bd7216afbe9a (length 22351) has no trained clipping model
[2025-07-09 17:11:43.743] [jointLog] [warning] read 7cc5483b-96f1-4e3e-8b52-3333f76c8ce0 (length 33499 - align length 631) has no trained error model
[2025-07-09 17:11:43.743] [jointLog] [warning] read 7cc5483b-96f1-4e3e-8b52-3333f76c8ce0 (length 33499) has no trained clipping model
[2025-07-09 17:11:43.743] [jointLog] [warning] read 7cc5483b-96f1-4e3e-8b52-3333f76c8ce0 (length 33499) has no trained clipping model
[2025-07-09 17:11:43.744] [jointLog] [warning] read 929796f7-8018-4d01-98b4-6550ada91612 (length 14751 - align length 61) has no trained error model
[2025-07-09 17:11:43.744] [jointLog] [warning] read 929796f7-8018-4d01-98b4-6550ada91612 (length 14751) has no trained clipping model
[2025-07-09 17:11:43.744] [jointLog] [warning] read 929796f7-8018-4d01-98b4-6550ada91612 (length 14751) has no trained clipping model
[2025-07-09 17:11:43.744] [jointLog] [warning] read 5c7d7367-6cd2-4107-8463-c30e51e24eb0 (length 11578) has no trained clipping model
[2025-07-09 17:11:43.744] [jointLog] [warning] read 1125853e-0849-4fdf-a281-37792e7a637b (length 17466 - align length 596) has no trained error model
[2025-07-09 17:11:43.744] [jointLog] [warning] read 1125853e-0849-4fdf-a281-37792e7a637b (length 17466) has no trained clipping model
[2025-07-09 17:11:43.744] [jointLog] [warning] read 1125853e-0849-4fdf-a281-37792e7a637b (length 17466) has no trained clipping model
[2025-07-09 17:11:43.744] [jointLog] [warning] read fec19fc9-5c86-46c2-9555-1927ffd9f925 (length 15008 - align length 116) has no trained error model
[2025-07-09 17:11:43.744] [jointLog] [warning] read fec19fc9-5c86-46c2-9555-1927ffd9f925 (length 15008) has no trained clipping model
[2025-07-09 17:11:43.744] [jointLog] [warning] read fec19fc9-5c86-46c2-9555-1927ffd9f925 (length 15008) has no trained clipping model
[2025-07-09 17:11:43.744] [jointLog] [warning] read da3aa90a-e16c-449d-a998-0ebb96cc6341 (length 87779 - align length 66) has no trained error model
[2025-07-09 17:11:43.744] [jointLog] [warning] read da3aa90a-e16c-449d-a998-0ebb96cc6341 (length 87779) has no trained clipping model
[2025-07-09 17:11:43.744] [jointLog] [warning] read da3aa90a-e16c-449d-a998-0ebb96cc6341 (length 87779) has no trained clipping model
[2025-07-09 17:11:43.744] [jointLog] [warning] read 0fa8943a-ce56-410d-8968-d641418ada94 (length 82600 - align length 4281) has no trained error model
[2025-07-09 17:11:43.744] [jointLog] [warning] read 0fa8943a-ce56-410d-8968-d641418ada94 (length 82600) has no trained clipping model
[2025-07-09 17:11:43.744] [jointLog] [warning] read 0fa8943a-ce56-410d-8968-d641418ada94 (length 82600) has no trained clipping model
[2025-07-09 17:11:43.744] [jointLog] [warning] read d383ffec-9d77-484f-be5b-b993fd2498b6 (length 34359 - align length 122) has no trained error model
[2025-07-09 17:11:43.744] [jointLog] [warning] read d383ffec-9d77-484f-be5b-b993fd2498b6 (length 34359) has no trained clipping model
[2025-07-09 17:11:43.744] [jointLog] [warning] read d383ffec-9d77-484f-be5b-b993fd2498b6 (length 34359) has no trained clipping model
[2025-07-09 17:11:43.744] [jointLog] [warning] read 536b483b-6826-4344-b21f-a655916ce9f4 (length 11521) has no trained clipping model
[2025-07-09 17:11:43.744] [jointLog] [warning] read 6bfcacbe-2587-4f4a-854c-c1f40353d39e (length 23875 - align length 1102) has no trained error model
[2025-07-09 17:11:43.744] [jointLog] [warning] read 6bfcacbe-2587-4f4a-854c-c1f40353d39e (length 23875) has no trained clipping model
[2025-07-09 17:11:43.744] [jointLog] [warning] read 6bfcacbe-2587-4f4a-854c-c1f40353d39e (length 23875) has no trained clipping model
[2025-07-09 17:11:43.744] [jointLog] [warning] read 9cd9f03f-827e-4c1e-bc8d-104503a9edc2 (length 33024 - align length 129) has no trained error model
[2025-07-09 17:11:43.744] [jointLog] [warning] read 9cd9f03f-827e-4c1e-bc8d-104503a9edc2 (length 33024) has no trained clipping model
[2025-07-09 17:11:43.744] [jointLog] [warning] read 9cd9f03f-827e-4c1e-bc8d-104503a9edc2 (length 33024) has no trained clipping model
[2025-07-09 17:11:43.744] [jointLog] [warning] read 69e21bd5-b542-4cbe-a4a8-177c0d710b71 (length 13541 - align length 56) has no trained error model
[2025-07-09 17:11:43.744] [jointLog] [warning] read 69e21bd5-b542-4cbe-a4a8-177c0d710b71 (length 13541) has no trained clipping model
[2025-07-09 17:11:43.744] [jointLog] [warning] read 69e21bd5-b542-4cbe-a4a8-177c0d710b71 (length 13541) has no trained clipping model
[2025-07-09 17:11:43.744] [jointLog] [warning] read af389f74-df15-4697-89fd-335f6ebaf644 (length 13095 - align length 785) has no trained error model
[2025-07-09 17:11:43.744] [jointLog] [warning] read af389f74-df15-4697-89fd-335f6ebaf644 (length 13095) has no trained clipping model
[2025-07-09 17:11:43.744] [jointLog] [warning] read af389f74-df15-4697-89fd-335f6ebaf644 (length 13095) has no trained clipping model
[2025-07-09 17:11:43.744] [jointLog] [warning] read 46fdd336-8f90-4c55-917f-378a56095162 (length 77746 - align length 1593) has no trained error model
[2025-07-09 17:11:43.744] [jointLog] [warning] read 46fdd336-8f90-4c55-917f-378a56095162 (length 77746) has no trained clipping model
[2025-07-09 17:11:43.744] [jointLog] [warning] read 46fdd336-8f90-4c55-917f-378a56095162 (length 77746) has no trained clipping model
[2025-07-09 17:11:43.744] [jointLog] [warning] read f2933b9f-cc81-4b4f-b26a-da46f758a314 (length 18378 - align length 3637) has no trained error model
[2025-07-09 17:11:43.744] [jointLog] [warning] read f2933b9f-cc81-4b4f-b26a-da46f758a314 (length 18378) has no trained clipping model
[2025-07-09 17:11:43.744] [jointLog] [warning] read f2933b9f-cc81-4b4f-b26a-da46f758a314 (length 18378) has no trained clipping model
[2025-07-09 17:11:43.744] [jointLog] [warning] read 535e69c0-8c83-443e-9ab8-85601181d81f (length 24485 - align length 533) has no trained error model
[2025-07-09 17:11:43.744] [jointLog] [warning] read 535e69c0-8c83-443e-9ab8-85601181d81f (length 24485) has no trained clipping model
[2025-07-09 17:11:43.744] [jointLog] [warning] read 535e69c0-8c83-443e-9ab8-85601181d81f (length 24485) has no trained clipping model
[2025-07-09 17:11:43.744] [jointLog] [warning] read f46bff34-842f-4753-80cc-e5f92016fde9 (length 20998 - align length 1808) has no trained error model
[2025-07-09 17:11:43.744] [jointLog] [warning] read f46bff34-842f-4753-80cc-e5f92016fde9 (length 20998) has no trained clipping model
[2025-07-09 17:11:43.744] [jointLog] [warning] read f46bff34-842f-4753-80cc-e5f92016fde9 (length 20998) has no trained clipping model
[2025-07-09 17:11:43.744] [jointLog] [warning] read 753e772c-97cf-4f7a-b823-bb3f62588e7e (length 78811 - align length 2644) has no trained error model
[2025-07-09 17:11:43.744] [jointLog] [warning] read 753e772c-97cf-4f7a-b823-bb3f62588e7e (length 78811) has no trained clipping model
[2025-07-09 17:11:43.744] [jointLog] [warning] read 753e772c-97cf-4f7a-b823-bb3f62588e7e (length 78811) has no trained clipping model
[2025-07-09 17:11:43.744] [jointLog] [warning] read d8f1bd30-4a30-4429-a204-db206a67257b (length 40952 - align length 2282) has no trained error model
[2025-07-09 17:11:43.744] [jointLog] [warning] read d8f1bd30-4a30-4429-a204-db206a67257b (length 40952) has no trained clipping model
[2025-07-09 17:11:43.744] [jointLog] [warning] read d8f1bd30-4a30-4429-a204-db206a67257b (length 40952) has no trained clipping model
[2025-07-09 17:11:43.744] [jointLog] [warning] read 5f869b0a-099c-493f-8367-585a76b55ae2 (length 32719 - align length 929) has no trained error model
[2025-07-09 17:11:43.744] [jointLog] [warning] read 5f869b0a-099c-493f-8367-585a76b55ae2 (length 32719) has no trained clipping model
[2025-07-09 17:11:43.744] [jointLog] [warning] read 5f869b0a-099c-493f-8367-585a76b55ae2 (length 32719) has no trained clipping model
[2025-07-09 17:11:43.744] [jointLog] [warning] read 7955c3f5-22da-4f4d-8415-8118a3db366f (length 19382 - align length 3068) has no trained error model
[2025-07-09 17:11:43.744] [jointLog] [warning] read 7955c3f5-22da-4f4d-8415-8118a3db366f (length 19382) has no trained clipping model
[2025-07-09 17:11:43.744] [jointLog] [warning] read 7955c3f5-22da-4f4d-8415-8118a3db366f (length 19382) has no trained clipping model
[2025-07-09 17:11:43.744] [jointLog] [warning] read fbc9c840-4d36-4917-a362-388f63977a23 (length 11565) has no trained clipping model
[2025-07-09 17:11:43.744] [jointLog] [warning] read 43d36c72-00b3-46e6-9558-358ba7a381fc (length 31693 - align length 683) has no trained error model
[2025-07-09 17:11:43.744] [jointLog] [warning] read 43d36c72-00b3-46e6-9558-358ba7a381fc (length 31693) has no trained clipping model
[2025-07-09 17:11:43.744] [jointLog] [warning] read 43d36c72-00b3-46e6-9558-358ba7a381fc (length 31693) has no trained clipping model
[2025-07-09 17:11:43.744] [jointLog] [warning] read 28d91847-82eb-4e0a-a841-64aabf7fd942 (length 43249 - align length 1307) has no trained error model
[2025-07-09 17:11:43.744] [jointLog] [warning] read 28d91847-82eb-4e0a-a841-64aabf7fd942 (length 43249) has no trained clipping model
[2025-07-09 17:11:43.744] [jointLog] [warning] read 28d91847-82eb-4e0a-a841-64aabf7fd942 (length 43249) has no trained clipping model
[2025-07-09 17:11:43.744] [jointLog] [warning] read bd18ecdd-6474-4747-8b51-063d5b535c33 (length 25396 - align length 224) has no trained error model
[2025-07-09 17:11:43.744] [jointLog] [warning] read bd18ecdd-6474-4747-8b51-063d5b535c33 (length 25396) has no trained clipping model
[2025-07-09 17:11:43.744] [jointLog] [warning] read bd18ecdd-6474-4747-8b51-063d5b535c33 (length 25396) has no trained clipping model
[2025-07-09 17:11:43.744] [jointLog] [warning] read 725ba27a-1246-44cc-8918-8a80444b3a39 (length 11759) has no trained clipping model
[2025-07-09 17:11:43.744] [jointLog] [warning] read dfb83ceb-3712-4a59-b44a-5429b4dbb4e0 (length 17834 - align length 128) has no trained error model
[2025-07-09 17:11:43.744] [jointLog] [warning] read dfb83ceb-3712-4a59-b44a-5429b4dbb4e0 (length 17834) has no trained clipping model
[2025-07-09 17:11:43.744] [jointLog] [warning] read dfb83ceb-3712-4a59-b44a-5429b4dbb4e0 (length 17834) has no trained clipping model
[2025-07-09 17:11:43.744] [jointLog] [warning] read a0f0e4b3-6721-492f-928c-c817a2410106 (length 13964 - align length 1332) has no trained error model
[2025-07-09 17:11:43.744] [jointLog] [warning] read a0f0e4b3-6721-492f-928c-c817a2410106 (length 13964) has no trained clipping model
[2025-07-09 17:11:43.744] [jointLog] [warning] read a0f0e4b3-6721-492f-928c-c817a2410106 (length 13964) has no trained clipping model
[2025-07-09 17:11:43.745] [jointLog] [warning] read 4f573529-0ee6-4f5a-a97e-92fbd60fb06c (length 55501 - align length 153) has no trained error model
[2025-07-09 17:11:43.745] [jointLog] [warning] read 4f573529-0ee6-4f5a-a97e-92fbd60fb06c (length 55501) has no trained clipping model
[2025-07-09 17:11:43.745] [jointLog] [warning] read 4f573529-0ee6-4f5a-a97e-92fbd60fb06c (length 55501) has no trained clipping model
[2025-07-09 17:11:43.745] [jointLog] [warning] read 0cfee0f5-71d3-4cf0-9ce7-b2220685fcde (length 11759) has no trained clipping model
[2025-07-09 17:11:43.745] [jointLog] [warning] read 9f9f0e88-0c7e-4460-bd3e-2f87d648221e (length 14090 - align length 14090) has no trained error model
[2025-07-09 17:11:43.745] [jointLog] [warning] read 61b1f4db-a340-418e-b705-0cc54ca3b7cc (length 104555 - align length 275) has no trained error model
[2025-07-09 17:11:43.745] [jointLog] [warning] read 61b1f4db-a340-418e-b705-0cc54ca3b7cc (length 104555) has no trained clipping model
[2025-07-09 17:11:43.745] [jointLog] [warning] read 61b1f4db-a340-418e-b705-0cc54ca3b7cc (length 104555) has no trained clipping model
[2025-07-09 17:11:43.962] [jointLog] [warning] read a6a0c729-3f5f-458f-89af-93695693b10b (length 10950 - align length 10651) has no trained error model
[2025-07-09 17:11:44.129] [jointLog] [warning] read 910fe1a4-d7e9-4fb6-8c3a-d0ceb63cb27f (length 11720) has no trained clipping model
[2025-07-09 17:11:44.211] [jointLog] [warning] read 79ac75d5-9f0b-4090-8ea6-8b5e1f506b86 (length 11735) has no trained clipping model
[2025-07-09 17:11:44.238] [jointLog] [warning] read af63036b-ba8a-4446-896f-74645c793da8 (length 10442 - align length 10320) has no trained error model
[2025-07-09 17:11:44.413] [jointLog] [warning] read f9194b0b-a13b-43d9-88f6-8426c89df82d (length 11498 - align length 11404) has no trained error model
[2025-07-09 17:11:44.413] [jointLog] [warning] read f9194b0b-a13b-43d9-88f6-8426c89df82d (length 11498) has no trained clipping model
[2025-07-09 17:11:44.413] [jointLog] [warning] read f9194b0b-a13b-43d9-88f6-8426c89df82d (length 11498) has no trained clipping model
[2025-07-09 17:11:44.465] [fileLog] [info] quantification processed 14000000 fragments so far

[2025-07-09 17:11:44.705] [jointLog] [warning] read f97d8cbc-d137-4a46-805b-790305263984 (length 13663 - align length 13587) has no trained error model
[2025-07-09 17:11:44.705] [jointLog] [warning] read f97d8cbc-d137-4a46-805b-790305263984 (length 13663) has no trained clipping model
[2025-07-09 17:11:44.705] [jointLog] [warning] read f97d8cbc-d137-4a46-805b-790305263984 (length 13663) has no trained clipping model
[2025-07-09 17:11:45.012] [jointLog] [warning] read 0739f8db-ba17-4e93-b91b-4d221ea7cf96 (length 12344 - align length 12020) has no trained error model
[2025-07-09 17:11:45.013] [jointLog] [warning] read 0739f8db-ba17-4e93-b91b-4d221ea7cf96 (length 12344) has no trained clipping model
[2025-07-09 17:11:45.013] [jointLog] [warning] read 0739f8db-ba17-4e93-b91b-4d221ea7cf96 (length 12344) has no trained clipping model
[2025-07-09 17:11:45.044] [jointLog] [warning] read a1032eb3-fb55-4b1d-8951-584df07246dd (length 10352 - align length 10341) has no trained error model
[2025-07-09 17:11:45.392] [jointLog] [warning] read 173ebca2-9202-4c36-8dbc-75b5ac2d19ef (length 12274 - align length 12226) has no trained error model
[2025-07-09 17:11:45.521] [jointLog] [warning] read 36584660-06f4-443a-aafb-df695828803a (length 12333 - align length 12258) has no trained error model
[2025-07-09 17:11:45.521] [jointLog] [warning] read 36584660-06f4-443a-aafb-df695828803a (length 12333) has no trained clipping model
[2025-07-09 17:11:45.521] [jointLog] [warning] read 36584660-06f4-443a-aafb-df695828803a (length 12333) has no trained clipping model
[2025-07-09 17:11:45.799] [jointLog] [warning] read e713b08e-02eb-4d64-97e4-5f9f5ea933d1 (length 12793 - align length 261) has no trained error model
[2025-07-09 17:11:45.799] [jointLog] [warning] read e713b08e-02eb-4d64-97e4-5f9f5ea933d1 (length 12793) has no trained clipping model
[2025-07-09 17:11:45.799] [jointLog] [warning] read e713b08e-02eb-4d64-97e4-5f9f5ea933d1 (length 12793) has no trained clipping model
[2025-07-09 17:11:45.799] [jointLog] [warning] read 59c21dfa-3888-48fa-9dc4-bc65021371cd (length 17324 - align length 486) has no trained error model
[2025-07-09 17:11:45.799] [jointLog] [warning] read 59c21dfa-3888-48fa-9dc4-bc65021371cd (length 17324) has no trained clipping model
[2025-07-09 17:11:45.799] [jointLog] [warning] read 59c21dfa-3888-48fa-9dc4-bc65021371cd (length 17324) has no trained clipping model
[2025-07-09 17:11:45.802] [jointLog] [warning] read e1db426b-fa4f-42e7-9f90-51ac8e402ae9 (length 12993 - align length 12936) has no trained error model
[2025-07-09 17:11:45.802] [jointLog] [warning] read e1db426b-fa4f-42e7-9f90-51ac8e402ae9 (length 12993) has no trained clipping model
[2025-07-09 17:11:45.802] [jointLog] [warning] read e1db426b-fa4f-42e7-9f90-51ac8e402ae9 (length 12993) has no trained clipping model
[2025-07-09 17:11:45.802] [jointLog] [warning] read 7406aeb0-0def-4360-9d1b-6a0c00307f4b (length 21218 - align length 4076) has no trained error model
[2025-07-09 17:11:45.802] [jointLog] [warning] read 7406aeb0-0def-4360-9d1b-6a0c00307f4b (length 21218) has no trained clipping model
[2025-07-09 17:11:45.802] [jointLog] [warning] read 7406aeb0-0def-4360-9d1b-6a0c00307f4b (length 21218) has no trained clipping model
[2025-07-09 17:11:45.802] [jointLog] [warning] read 357f9075-3aa2-46bb-89ae-f9d22a24439d (length 44651 - align length 1197) has no trained error model
[2025-07-09 17:11:45.802] [jointLog] [warning] read 357f9075-3aa2-46bb-89ae-f9d22a24439d (length 44651) has no trained clipping model
[2025-07-09 17:11:45.802] [jointLog] [warning] read 357f9075-3aa2-46bb-89ae-f9d22a24439d (length 44651) has no trained clipping model
[2025-07-09 17:11:45.802] [jointLog] [warning] read d94fa29d-00ae-4aa5-975d-99a28a9984b3 (length 210246 - align length 585) has no trained error model
[2025-07-09 17:11:45.802] [jointLog] [warning] read d94fa29d-00ae-4aa5-975d-99a28a9984b3 (length 210246) has no trained clipping model
[2025-07-09 17:11:45.802] [jointLog] [warning] read d94fa29d-00ae-4aa5-975d-99a28a9984b3 (length 210246) has no trained clipping model
[2025-07-09 17:11:45.802] [jointLog] [warning] read 796c4204-5be6-4606-879c-d1a19d83719f (length 16168 - align length 939) has no trained error model
[2025-07-09 17:11:45.802] [jointLog] [warning] read 796c4204-5be6-4606-879c-d1a19d83719f (length 16168) has no trained clipping model
[2025-07-09 17:11:45.802] [jointLog] [warning] read 796c4204-5be6-4606-879c-d1a19d83719f (length 16168) has no trained clipping model
[2025-07-09 17:11:45.802] [jointLog] [warning] read c37a3648-27b3-47e1-936b-9013c2e894f6 (length 35072 - align length 2081) has no trained error model
[2025-07-09 17:11:45.802] [jointLog] [warning] read c37a3648-27b3-47e1-936b-9013c2e894f6 (length 35072) has no trained clipping model
[2025-07-09 17:11:45.802] [jointLog] [warning] read c37a3648-27b3-47e1-936b-9013c2e894f6 (length 35072) has no trained clipping model
[2025-07-09 17:11:45.802] [jointLog] [warning] read 37c2a1a0-8738-4b2d-84b9-7c867832e9d3 (length 21475 - align length 980) has no trained error model
[2025-07-09 17:11:45.802] [jointLog] [warning] read 37c2a1a0-8738-4b2d-84b9-7c867832e9d3 (length 21475) has no trained clipping model
[2025-07-09 17:11:45.802] [jointLog] [warning] read 37c2a1a0-8738-4b2d-84b9-7c867832e9d3 (length 21475) has no trained clipping model
[2025-07-09 17:11:45.802] [jointLog] [warning] read 5526d8df-2ed8-4f22-93cf-aa0fb63f2de0 (length 14602 - align length 506) has no trained error model
[2025-07-09 17:11:45.802] [jointLog] [warning] read 5526d8df-2ed8-4f22-93cf-aa0fb63f2de0 (length 14602) has no trained clipping model
[2025-07-09 17:11:45.802] [jointLog] [warning] read 5526d8df-2ed8-4f22-93cf-aa0fb63f2de0 (length 14602) has no trained clipping model
[2025-07-09 17:11:45.802] [jointLog] [warning] read 9ae6af19-e5ed-483f-8d31-b33abdd80bd5 (length 27108 - align length 359) has no trained error model
[2025-07-09 17:11:45.802] [jointLog] [warning] read 9ae6af19-e5ed-483f-8d31-b33abdd80bd5 (length 27108) has no trained clipping model
[2025-07-09 17:11:45.802] [jointLog] [warning] read 9ae6af19-e5ed-483f-8d31-b33abdd80bd5 (length 27108) has no trained clipping model
[2025-07-09 17:11:45.802] [jointLog] [warning] read 9f91e257-630c-4003-9c88-73444efb2f99 (length 21186 - align length 3802) has no trained error model
[2025-07-09 17:11:45.802] [jointLog] [warning] read 9f91e257-630c-4003-9c88-73444efb2f99 (length 21186) has no trained clipping model
[2025-07-09 17:11:45.802] [jointLog] [warning] read 9f91e257-630c-4003-9c88-73444efb2f99 (length 21186) has no trained clipping model
[2025-07-09 17:11:45.802] [jointLog] [warning] read 6bc4f220-0f3e-4d05-944d-a98b03d49beb (length 18865 - align length 514) has no trained error model
[2025-07-09 17:11:45.802] [jointLog] [warning] read 6bc4f220-0f3e-4d05-944d-a98b03d49beb (length 18865) has no trained clipping model
[2025-07-09 17:11:45.802] [jointLog] [warning] read 6bc4f220-0f3e-4d05-944d-a98b03d49beb (length 18865) has no trained clipping model
[2025-07-09 17:11:45.802] [jointLog] [warning] read bbba8a1c-972f-4190-9ab7-ac08591afc68 (length 14930 - align length 14923) has no trained error model
[2025-07-09 17:11:45.802] [jointLog] [warning] read bbba8a1c-972f-4190-9ab7-ac08591afc68 (length 14930) has no trained clipping model
[2025-07-09 17:11:45.802] [jointLog] [warning] read bbba8a1c-972f-4190-9ab7-ac08591afc68 (length 14930) has no trained clipping model
[2025-07-09 17:11:45.802] [jointLog] [warning] read 8c3e49e2-ba60-477f-9305-e2d549999281 (length 13806 - align length 13719) has no trained error model
[2025-07-09 17:11:45.802] [jointLog] [warning] read 8c3e49e2-ba60-477f-9305-e2d549999281 (length 13806) has no trained clipping model
[2025-07-09 17:11:45.802] [jointLog] [warning] read 8c3e49e2-ba60-477f-9305-e2d549999281 (length 13806) has no trained clipping model
[2025-07-09 17:11:45.802] [jointLog] [warning] read 2fb68225-72eb-400b-8099-00f7623bb84e (length 14701 - align length 14386) has no trained error model
[2025-07-09 17:11:45.802] [jointLog] [warning] read 2fb68225-72eb-400b-8099-00f7623bb84e (length 14701) has no trained clipping model
[2025-07-09 17:11:45.802] [jointLog] [warning] read 2fb68225-72eb-400b-8099-00f7623bb84e (length 14701) has no trained clipping model
[2025-07-09 17:11:45.802] [jointLog] [warning] read b432016b-2687-465a-ad99-8b19f7cc780a (length 197089 - align length 119) has no trained error model
[2025-07-09 17:11:45.802] [jointLog] [warning] read b432016b-2687-465a-ad99-8b19f7cc780a (length 197089) has no trained clipping model
[2025-07-09 17:11:45.802] [jointLog] [warning] read b432016b-2687-465a-ad99-8b19f7cc780a (length 197089) has no trained clipping model
[2025-07-09 17:11:45.802] [jointLog] [warning] read a21a5777-e983-4bec-81fd-b6e24fcfd534 (length 21075 - align length 255) has no trained error model
[2025-07-09 17:11:45.802] [jointLog] [warning] read a21a5777-e983-4bec-81fd-b6e24fcfd534 (length 21075) has no trained clipping model
[2025-07-09 17:11:45.802] [jointLog] [warning] read a21a5777-e983-4bec-81fd-b6e24fcfd534 (length 21075) has no trained clipping model
[2025-07-09 17:11:45.802] [jointLog] [warning] read f0149699-0316-4c83-b66c-41dffb48dbf8 (length 15305 - align length 15215) has no trained error model
[2025-07-09 17:11:45.802] [jointLog] [warning] read f0149699-0316-4c83-b66c-41dffb48dbf8 (length 15305) has no trained clipping model
[2025-07-09 17:11:45.802] [jointLog] [warning] read f0149699-0316-4c83-b66c-41dffb48dbf8 (length 15305) has no trained clipping model
[2025-07-09 17:11:45.802] [jointLog] [warning] read 63622146-0ac8-40ac-bffa-65939b4e518d (length 47605 - align length 115) has no trained error model
[2025-07-09 17:11:45.802] [jointLog] [warning] read 63622146-0ac8-40ac-bffa-65939b4e518d (length 47605) has no trained clipping model
[2025-07-09 17:11:45.802] [jointLog] [warning] read 63622146-0ac8-40ac-bffa-65939b4e518d (length 47605) has no trained clipping model
[2025-07-09 17:11:45.802] [jointLog] [warning] read dcafd8f8-8600-4fa0-bcef-9781c5fb4d06 (length 22945 - align length 140) has no trained error model
[2025-07-09 17:11:45.802] [jointLog] [warning] read dcafd8f8-8600-4fa0-bcef-9781c5fb4d06 (length 22945) has no trained clipping model
[2025-07-09 17:11:45.802] [jointLog] [warning] read dcafd8f8-8600-4fa0-bcef-9781c5fb4d06 (length 22945) has no trained clipping model
[2025-07-09 17:11:45.802] [jointLog] [warning] read 8a041015-ff07-405e-8acf-4d22d8b82c53 (length 14936 - align length 115) has no trained error model
[2025-07-09 17:11:45.802] [jointLog] [warning] read 8a041015-ff07-405e-8acf-4d22d8b82c53 (length 14936) has no trained clipping model
[2025-07-09 17:11:45.802] [jointLog] [warning] read 8a041015-ff07-405e-8acf-4d22d8b82c53 (length 14936) has no trained clipping model
[2025-07-09 17:11:45.802] [jointLog] [warning] read c3a73858-f17c-4690-9da4-a5d7844fad76 (length 53210 - align length 115) has no trained error model
[2025-07-09 17:11:45.802] [jointLog] [warning] read c3a73858-f17c-4690-9da4-a5d7844fad76 (length 53210) has no trained clipping model
[2025-07-09 17:11:45.802] [jointLog] [warning] read c3a73858-f17c-4690-9da4-a5d7844fad76 (length 53210) has no trained clipping model
[2025-07-09 17:11:45.802] [jointLog] [warning] read c54a7e5f-1fb5-4abc-b080-f5e2c5daef0d (length 29789 - align length 252) has no trained error model
[2025-07-09 17:11:45.802] [jointLog] [warning] read c54a7e5f-1fb5-4abc-b080-f5e2c5daef0d (length 29789) has no trained clipping model
[2025-07-09 17:11:45.802] [jointLog] [warning] read c54a7e5f-1fb5-4abc-b080-f5e2c5daef0d (length 29789) has no trained clipping model
[2025-07-09 17:11:45.802] [jointLog] [warning] read d349dff6-40be-450a-9df2-f860ead6eae2 (length 224346 - align length 756) has no trained error model
[2025-07-09 17:11:45.802] [jointLog] [warning] read d349dff6-40be-450a-9df2-f860ead6eae2 (length 224346) has no trained clipping model
[2025-07-09 17:11:45.802] [jointLog] [warning] read d349dff6-40be-450a-9df2-f860ead6eae2 (length 224346) has no trained clipping model
[2025-07-09 17:11:45.802] [jointLog] [warning] read ae59eaa7-45cf-4e89-ae32-b4a49494889d (length 16880 - align length 370) has no trained error model
[2025-07-09 17:11:45.802] [jointLog] [warning] read ae59eaa7-45cf-4e89-ae32-b4a49494889d (length 16880) has no trained clipping model
[2025-07-09 17:11:45.802] [jointLog] [warning] read ae59eaa7-45cf-4e89-ae32-b4a49494889d (length 16880) has no trained clipping model
[2025-07-09 17:11:45.802] [jointLog] [warning] read ffc83a61-ee7e-45bb-9d05-e0e825d0c8cc (length 12399 - align length 12302) has no trained error model
[2025-07-09 17:11:45.802] [jointLog] [warning] read ffc83a61-ee7e-45bb-9d05-e0e825d0c8cc (length 12399) has no trained clipping model
[2025-07-09 17:11:45.802] [jointLog] [warning] read ffc83a61-ee7e-45bb-9d05-e0e825d0c8cc (length 12399) has no trained clipping model
[2025-07-09 17:11:45.802] [jointLog] [warning] read 72ce806d-2563-4b49-a144-daec3c477c45 (length 38488 - align length 131) has no trained error model
[2025-07-09 17:11:45.802] [jointLog] [warning] read 72ce806d-2563-4b49-a144-daec3c477c45 (length 38488) has no trained clipping model
[2025-07-09 17:11:45.802] [jointLog] [warning] read 72ce806d-2563-4b49-a144-daec3c477c45 (length 38488) has no trained clipping model
[2025-07-09 17:11:45.802] [jointLog] [warning] read e4a53371-1dec-4149-b374-ac724c4eae00 (length 35882 - align length 185) has no trained error model
[2025-07-09 17:11:45.802] [jointLog] [warning] read e4a53371-1dec-4149-b374-ac724c4eae00 (length 35882) has no trained clipping model
[2025-07-09 17:11:45.802] [jointLog] [warning] read e4a53371-1dec-4149-b374-ac724c4eae00 (length 35882) has no trained clipping model
[2025-07-09 17:11:45.802] [jointLog] [warning] read ba599e64-a576-44b5-9ebd-a82a29c8d65d (length 15250 - align length 106) has no trained error model
[2025-07-09 17:11:45.802] [jointLog] [warning] read ba599e64-a576-44b5-9ebd-a82a29c8d65d (length 15250) has no trained clipping model
[2025-07-09 17:11:45.802] [jointLog] [warning] read ba599e64-a576-44b5-9ebd-a82a29c8d65d (length 15250) has no trained clipping model
[2025-07-09 17:11:45.802] [jointLog] [warning] read e1b29a8c-a8e3-477a-94fb-e9194758cddb (length 56054 - align length 118) has no trained error model
[2025-07-09 17:11:45.802] [jointLog] [warning] read e1b29a8c-a8e3-477a-94fb-e9194758cddb (length 56054) has no trained clipping model
[2025-07-09 17:11:45.802] [jointLog] [warning] read e1b29a8c-a8e3-477a-94fb-e9194758cddb (length 56054) has no trained clipping model
[2025-07-09 17:11:45.802] [jointLog] [warning] read 73a27280-8a03-4575-a309-0b48a1c70830 (length 17412 - align length 17344) has no trained error model
[2025-07-09 17:11:45.802] [jointLog] [warning] read 73a27280-8a03-4575-a309-0b48a1c70830 (length 17412) has no trained clipping model
[2025-07-09 17:11:45.802] [jointLog] [warning] read 73a27280-8a03-4575-a309-0b48a1c70830 (length 17412) has no trained clipping model
[2025-07-09 17:11:45.802] [jointLog] [warning] read 40f08c18-59cd-4e8f-9c15-ba9563a6dd10 (length 15800 - align length 1927) has no trained error model
[2025-07-09 17:11:45.802] [jointLog] [warning] read 40f08c18-59cd-4e8f-9c15-ba9563a6dd10 (length 15800) has no trained clipping model
[2025-07-09 17:11:45.802] [jointLog] [warning] read 40f08c18-59cd-4e8f-9c15-ba9563a6dd10 (length 15800) has no trained clipping model
[2025-07-09 17:11:45.802] [jointLog] [warning] read a39b5674-c40a-48b6-862e-e2dd333665d6 (length 18212 - align length 3524) has no trained error model
[2025-07-09 17:11:45.802] [jointLog] [warning] read a39b5674-c40a-48b6-862e-e2dd333665d6 (length 18212) has no trained clipping model
[2025-07-09 17:11:45.802] [jointLog] [warning] read a39b5674-c40a-48b6-862e-e2dd333665d6 (length 18212) has no trained clipping model
[2025-07-09 17:11:45.803] [jointLog] [warning] read af32fae6-f08a-4d46-b648-57c7ec45d6fc (length 33941 - align length 3067) has no trained error model
[2025-07-09 17:11:45.803] [jointLog] [warning] read af32fae6-f08a-4d46-b648-57c7ec45d6fc (length 33941) has no trained clipping model
[2025-07-09 17:11:45.803] [jointLog] [warning] read af32fae6-f08a-4d46-b648-57c7ec45d6fc (length 33941) has no trained clipping model
[2025-07-09 17:11:45.803] [jointLog] [warning] read ad40f8fa-8f50-41b8-bc5e-5fb976bb77be (length 73303 - align length 562) has no trained error model
[2025-07-09 17:11:45.803] [jointLog] [warning] read ad40f8fa-8f50-41b8-bc5e-5fb976bb77be (length 73303) has no trained clipping model
[2025-07-09 17:11:45.803] [jointLog] [warning] read ad40f8fa-8f50-41b8-bc5e-5fb976bb77be (length 73303) has no trained clipping model
[2025-07-09 17:11:45.803] [jointLog] [warning] read ac66ae95-cd5b-4a05-8f49-66a8fd2c5938 (length 77963 - align length 860) has no trained error model
[2025-07-09 17:11:45.803] [jointLog] [warning] read ac66ae95-cd5b-4a05-8f49-66a8fd2c5938 (length 77963) has no trained clipping model
[2025-07-09 17:11:45.803] [jointLog] [warning] read ac66ae95-cd5b-4a05-8f49-66a8fd2c5938 (length 77963) has no trained clipping model
[2025-07-09 17:11:45.803] [jointLog] [warning] read afbc5d35-113b-4426-95e6-5e3cdeba542c (length 103820 - align length 234) has no trained error model
[2025-07-09 17:11:45.803] [jointLog] [warning] read afbc5d35-113b-4426-95e6-5e3cdeba542c (length 103820) has no trained clipping model
[2025-07-09 17:11:45.803] [jointLog] [warning] read afbc5d35-113b-4426-95e6-5e3cdeba542c (length 103820) has no trained clipping model
[2025-07-09 17:11:45.803] [jointLog] [warning] read fc88964f-746d-4cb3-b80b-e444220d791e (length 81942 - align length 940) has no trained error model
[2025-07-09 17:11:45.803] [jointLog] [warning] read fc88964f-746d-4cb3-b80b-e444220d791e (length 81942) has no trained clipping model
[2025-07-09 17:11:45.803] [jointLog] [warning] read fc88964f-746d-4cb3-b80b-e444220d791e (length 81942) has no trained clipping model
[2025-07-09 17:11:45.803] [jointLog] [warning] read 39833a2f-8a45-424d-a5f6-e9f49d5ba555 (length 16338 - align length 80) has no trained error model
[2025-07-09 17:11:45.803] [jointLog] [warning] read 39833a2f-8a45-424d-a5f6-e9f49d5ba555 (length 16338) has no trained clipping model
[2025-07-09 17:11:45.803] [jointLog] [warning] read 39833a2f-8a45-424d-a5f6-e9f49d5ba555 (length 16338) has no trained clipping model
[2025-07-09 17:11:45.803] [jointLog] [warning] read 41e4cf1e-31ce-488c-b490-14979f9737ad (length 14400 - align length 61) has no trained error model
[2025-07-09 17:11:45.803] [jointLog] [warning] read 41e4cf1e-31ce-488c-b490-14979f9737ad (length 14400) has no trained clipping model
[2025-07-09 17:11:45.803] [jointLog] [warning] read 41e4cf1e-31ce-488c-b490-14979f9737ad (length 14400) has no trained clipping model
[2025-07-09 17:11:45.803] [jointLog] [warning] read 42ae53b0-55cf-4c7c-b7c6-6e4045712f06 (length 13984 - align length 1891) has no trained error model
[2025-07-09 17:11:45.803] [jointLog] [warning] read 42ae53b0-55cf-4c7c-b7c6-6e4045712f06 (length 13984) has no trained clipping model
[2025-07-09 17:11:45.803] [jointLog] [warning] read 42ae53b0-55cf-4c7c-b7c6-6e4045712f06 (length 13984) has no trained clipping model
[2025-07-09 17:11:45.803] [jointLog] [warning] read 3b6333a4-4d3c-41cd-80ec-45e3e01e6b8b (length 73921 - align length 710) has no trained error model
[2025-07-09 17:11:45.803] [jointLog] [warning] read 3b6333a4-4d3c-41cd-80ec-45e3e01e6b8b (length 73921) has no trained clipping model
[2025-07-09 17:11:45.803] [jointLog] [warning] read 3b6333a4-4d3c-41cd-80ec-45e3e01e6b8b (length 73921) has no trained clipping model
[2025-07-09 17:11:45.804] [jointLog] [warning] read 6a189143-d4f2-4549-857f-00a78b73a6a2 (length 46671 - align length 297) has no trained error model
[2025-07-09 17:11:45.804] [jointLog] [warning] read 6a189143-d4f2-4549-857f-00a78b73a6a2 (length 46671) has no trained clipping model
[2025-07-09 17:11:45.804] [jointLog] [warning] read 6a189143-d4f2-4549-857f-00a78b73a6a2 (length 46671) has no trained clipping model
[2025-07-09 17:11:45.924] [jointLog] [warning] read 74d9bc1d-47be-42ae-97b0-4cc071767b9c (length 13553 - align length 13485) has no trained error model
[2025-07-09 17:11:45.924] [jointLog] [warning] read 74d9bc1d-47be-42ae-97b0-4cc071767b9c (length 13553) has no trained clipping model
[2025-07-09 17:11:45.924] [jointLog] [warning] read 74d9bc1d-47be-42ae-97b0-4cc071767b9c (length 13553) has no trained clipping model
[2025-07-09 17:11:46.037] [fileLog] [info] quantification processed 15000000 fragments so far

[2025-07-09 17:11:46.139] [jointLog] [warning] read 4cf81e14-353e-4295-8ed7-c128ba11d628 (length 12111) has no trained clipping model
[2025-07-09 17:11:46.139] [jointLog] [warning] read 4cf81e14-353e-4295-8ed7-c128ba11d628 (length 12111) has no trained clipping model
[2025-07-09 17:11:46.154] [jointLog] [warning] read 13a4da22-9126-4f73-9015-10cc580e98e1 (length 12508 - align length 12379) has no trained error model
[2025-07-09 17:11:46.155] [jointLog] [warning] read 915b1ba6-6059-4986-866d-a86f70948fef (length 17942 - align length 381) has no trained error model
[2025-07-09 17:11:46.155] [jointLog] [warning] read 915b1ba6-6059-4986-866d-a86f70948fef (length 17942) has no trained clipping model
[2025-07-09 17:11:46.155] [jointLog] [warning] read 915b1ba6-6059-4986-866d-a86f70948fef (length 17942) has no trained clipping model
[2025-07-09 17:11:46.156] [jointLog] [warning] read aa137a69-7a86-4bcc-aa02-568f61a0a4bd (length 15735 - align length 871) has no trained error model
[2025-07-09 17:11:46.156] [jointLog] [warning] read aa137a69-7a86-4bcc-aa02-568f61a0a4bd (length 15735) has no trained clipping model
[2025-07-09 17:11:46.156] [jointLog] [warning] read aa137a69-7a86-4bcc-aa02-568f61a0a4bd (length 15735) has no trained clipping model
[2025-07-09 17:11:46.156] [jointLog] [warning] read 16b08757-3d7a-46de-abf4-89b47d40dc79 (length 43663 - align length 49) has no trained error model
[2025-07-09 17:11:46.156] [jointLog] [warning] read 16b08757-3d7a-46de-abf4-89b47d40dc79 (length 43663) has no trained clipping model
[2025-07-09 17:11:46.156] [jointLog] [warning] read 16b08757-3d7a-46de-abf4-89b47d40dc79 (length 43663) has no trained clipping model
[2025-07-09 17:11:46.156] [jointLog] [warning] read f7239e86-d794-4990-86ba-3a105869b07a (length 24711 - align length 330) has no trained error model
[2025-07-09 17:11:46.156] [jointLog] [warning] read f7239e86-d794-4990-86ba-3a105869b07a (length 24711) has no trained clipping model
[2025-07-09 17:11:46.156] [jointLog] [warning] read f7239e86-d794-4990-86ba-3a105869b07a (length 24711) has no trained clipping model
[2025-07-09 17:11:46.156] [jointLog] [warning] read 2127c648-77dd-4fc7-842a-8281543dc0ca (length 13560 - align length 215) has no trained error model
[2025-07-09 17:11:46.156] [jointLog] [warning] read 2127c648-77dd-4fc7-842a-8281543dc0ca (length 13560) has no trained clipping model
[2025-07-09 17:11:46.156] [jointLog] [warning] read 2127c648-77dd-4fc7-842a-8281543dc0ca (length 13560) has no trained clipping model
[2025-07-09 17:11:46.156] [jointLog] [warning] read bcafc795-c5f3-414d-a2ea-906490afc21a (length 66010 - align length 1721) has no trained error model
[2025-07-09 17:11:46.156] [jointLog] [warning] read bcafc795-c5f3-414d-a2ea-906490afc21a (length 66010) has no trained clipping model
[2025-07-09 17:11:46.156] [jointLog] [warning] read bcafc795-c5f3-414d-a2ea-906490afc21a (length 66010) has no trained clipping model
[2025-07-09 17:11:46.156] [jointLog] [warning] read 674aba2c-33f4-42ea-abe7-1d9c22e0c664 (length 10732 - align length 10603) has no trained error model
[2025-07-09 17:11:46.156] [jointLog] [warning] read 90b902f6-a75e-4370-a9a9-d2e828a6509a (length 12918 - align length 174) has no trained error model
[2025-07-09 17:11:46.156] [jointLog] [warning] read 90b902f6-a75e-4370-a9a9-d2e828a6509a (length 12918) has no trained clipping model
[2025-07-09 17:11:46.156] [jointLog] [warning] read 90b902f6-a75e-4370-a9a9-d2e828a6509a (length 12918) has no trained clipping model
[2025-07-09 17:11:46.156] [jointLog] [warning] read 96677e4a-eaf5-46fa-89e7-5b74f9c8e015 (length 14370 - align length 3338) has no trained error model
[2025-07-09 17:11:46.156] [jointLog] [warning] read 96677e4a-eaf5-46fa-89e7-5b74f9c8e015 (length 14370) has no trained clipping model
[2025-07-09 17:11:46.156] [jointLog] [warning] read 96677e4a-eaf5-46fa-89e7-5b74f9c8e015 (length 14370) has no trained clipping model
[2025-07-09 17:11:46.156] [jointLog] [warning] read 8a680770-c7cf-4765-9d8d-b7075acbd7bc (length 23022 - align length 895) has no trained error model
[2025-07-09 17:11:46.156] [jointLog] [warning] read 8a680770-c7cf-4765-9d8d-b7075acbd7bc (length 23022) has no trained clipping model
[2025-07-09 17:11:46.156] [jointLog] [warning] read 8a680770-c7cf-4765-9d8d-b7075acbd7bc (length 23022) has no trained clipping model
[2025-07-09 17:11:46.156] [jointLog] [warning] read cebf6f09-8f21-4ac7-ade9-f0477f1e25b8 (length 28131 - align length 1238) has no trained error model
[2025-07-09 17:11:46.156] [jointLog] [warning] read cebf6f09-8f21-4ac7-ade9-f0477f1e25b8 (length 28131) has no trained clipping model
[2025-07-09 17:11:46.156] [jointLog] [warning] read cebf6f09-8f21-4ac7-ade9-f0477f1e25b8 (length 28131) has no trained clipping model
[2025-07-09 17:11:46.156] [jointLog] [warning] read ba091653-448a-4b1d-93a6-a8dd0ce0fbdd (length 12948 - align length 367) has no trained error model
[2025-07-09 17:11:46.156] [jointLog] [warning] read ba091653-448a-4b1d-93a6-a8dd0ce0fbdd (length 12948) has no trained clipping model
[2025-07-09 17:11:46.156] [jointLog] [warning] read ba091653-448a-4b1d-93a6-a8dd0ce0fbdd (length 12948) has no trained clipping model
[2025-07-09 17:11:46.156] [jointLog] [warning] read 5a762472-85ae-416d-9ebd-1fc0b1cf2472 (length 53663 - align length 1742) has no trained error model
[2025-07-09 17:11:46.156] [jointLog] [warning] read 5a762472-85ae-416d-9ebd-1fc0b1cf2472 (length 53663) has no trained clipping model
[2025-07-09 17:11:46.156] [jointLog] [warning] read 5a762472-85ae-416d-9ebd-1fc0b1cf2472 (length 53663) has no trained clipping model
[2025-07-09 17:11:46.156] [jointLog] [warning] read d1910668-6023-4ffa-8668-ae366a101414 (length 39503 - align length 931) has no trained error model
[2025-07-09 17:11:46.156] [jointLog] [warning] read d1910668-6023-4ffa-8668-ae366a101414 (length 39503) has no trained clipping model
[2025-07-09 17:11:46.156] [jointLog] [warning] read d1910668-6023-4ffa-8668-ae366a101414 (length 39503) has no trained clipping model
[2025-07-09 17:11:46.156] [jointLog] [warning] read ef95f8b6-dc2c-45ed-9ba0-acc197820725 (length 14978 - align length 14896) has no trained error model
[2025-07-09 17:11:46.156] [jointLog] [warning] read ef95f8b6-dc2c-45ed-9ba0-acc197820725 (length 14978) has no trained clipping model
[2025-07-09 17:11:46.156] [jointLog] [warning] read ef95f8b6-dc2c-45ed-9ba0-acc197820725 (length 14978) has no trained clipping model
[2025-07-09 17:11:46.156] [jointLog] [warning] read 9cf5f687-4970-4060-9b0a-563d5d9ae4f8 (length 158631 - align length 674) has no trained error model
[2025-07-09 17:11:46.156] [jointLog] [warning] read 9cf5f687-4970-4060-9b0a-563d5d9ae4f8 (length 158631) has no trained clipping model
[2025-07-09 17:11:46.156] [jointLog] [warning] read 9cf5f687-4970-4060-9b0a-563d5d9ae4f8 (length 158631) has no trained clipping model
[2025-07-09 17:11:46.156] [jointLog] [warning] read c3869913-2895-4e65-89c3-9e19ab0b489b (length 31514 - align length 367) has no trained error model
[2025-07-09 17:11:46.156] [jointLog] [warning] read c3869913-2895-4e65-89c3-9e19ab0b489b (length 31514) has no trained clipping model
[2025-07-09 17:11:46.156] [jointLog] [warning] read c3869913-2895-4e65-89c3-9e19ab0b489b (length 31514) has no trained clipping model
[2025-07-09 17:11:46.156] [jointLog] [warning] read 853b7172-2c82-48a0-a0e9-5a43aa7f61fa (length 206821 - align length 54) has no trained error model
[2025-07-09 17:11:46.156] [jointLog] [warning] read 853b7172-2c82-48a0-a0e9-5a43aa7f61fa (length 206821) has no trained clipping model
[2025-07-09 17:11:46.156] [jointLog] [warning] read 853b7172-2c82-48a0-a0e9-5a43aa7f61fa (length 206821) has no trained clipping model
[2025-07-09 17:11:46.156] [jointLog] [warning] read ee3dae80-a894-4d03-bea4-582b23ca34bc (length 13505 - align length 774) has no trained error model
[2025-07-09 17:11:46.156] [jointLog] [warning] read ee3dae80-a894-4d03-bea4-582b23ca34bc (length 13505) has no trained clipping model
[2025-07-09 17:11:46.156] [jointLog] [warning] read ee3dae80-a894-4d03-bea4-582b23ca34bc (length 13505) has no trained clipping model
[2025-07-09 17:11:46.156] [jointLog] [warning] read 0cdbc13c-73dd-4a43-accb-165bcedca1b1 (length 23724 - align length 1036) has no trained error model
[2025-07-09 17:11:46.156] [jointLog] [warning] read 0cdbc13c-73dd-4a43-accb-165bcedca1b1 (length 23724) has no trained clipping model
[2025-07-09 17:11:46.156] [jointLog] [warning] read 0cdbc13c-73dd-4a43-accb-165bcedca1b1 (length 23724) has no trained clipping model
[2025-07-09 17:11:46.156] [jointLog] [warning] read 0bff9cd8-6056-4b36-b7fe-f4885cecee1f (length 35235 - align length 872) has no trained error model
[2025-07-09 17:11:46.156] [jointLog] [warning] read 0bff9cd8-6056-4b36-b7fe-f4885cecee1f (length 35235) has no trained clipping model
[2025-07-09 17:11:46.156] [jointLog] [warning] read 0bff9cd8-6056-4b36-b7fe-f4885cecee1f (length 35235) has no trained clipping model
[2025-07-09 17:11:46.157] [jointLog] [warning] read 8965f19c-3da1-4319-a1d8-c401fcd8d416 (length 13923 - align length 587) has no trained error model
[2025-07-09 17:11:46.157] [jointLog] [warning] read 8965f19c-3da1-4319-a1d8-c401fcd8d416 (length 13923) has no trained clipping model
[2025-07-09 17:11:46.157] [jointLog] [warning] read 8965f19c-3da1-4319-a1d8-c401fcd8d416 (length 13923) has no trained clipping model
[2025-07-09 17:11:46.157] [jointLog] [warning] read b9060783-b96c-400e-a7b8-2917c2b62459 (length 31429 - align length 414) has no trained error model
[2025-07-09 17:11:46.157] [jointLog] [warning] read b9060783-b96c-400e-a7b8-2917c2b62459 (length 31429) has no trained clipping model
[2025-07-09 17:11:46.157] [jointLog] [warning] read b9060783-b96c-400e-a7b8-2917c2b62459 (length 31429) has no trained clipping model
[2025-07-09 17:11:46.157] [jointLog] [warning] read d45848ab-276e-4260-b0ed-7681fe64510b (length 15540 - align length 1544) has no trained error model
[2025-07-09 17:11:46.157] [jointLog] [warning] read d45848ab-276e-4260-b0ed-7681fe64510b (length 15540) has no trained clipping model
[2025-07-09 17:11:46.157] [jointLog] [warning] read d45848ab-276e-4260-b0ed-7681fe64510b (length 15540) has no trained clipping model
[2025-07-09 17:11:46.157] [jointLog] [warning] read f7cb5b75-bf74-477a-b584-7c0f221009a8 (length 12404 - align length 12376) has no trained error model
[2025-07-09 17:11:46.157] [jointLog] [warning] read f7cb5b75-bf74-477a-b584-7c0f221009a8 (length 12404) has no trained clipping model
[2025-07-09 17:11:46.157] [jointLog] [warning] read 07780415-5398-4f7b-8a7f-9798c4d9b2cd (length 76490 - align length 571) has no trained error model
[2025-07-09 17:11:46.157] [jointLog] [warning] read 07780415-5398-4f7b-8a7f-9798c4d9b2cd (length 76490) has no trained clipping model
[2025-07-09 17:11:46.157] [jointLog] [warning] read 07780415-5398-4f7b-8a7f-9798c4d9b2cd (length 76490) has no trained clipping model
[2025-07-09 17:11:46.157] [jointLog] [warning] read 570d9ff6-c7a6-4ec3-a664-dcffad184058 (length 20881 - align length 111) has no trained error model
[2025-07-09 17:11:46.157] [jointLog] [warning] read 570d9ff6-c7a6-4ec3-a664-dcffad184058 (length 20881) has no trained clipping model
[2025-07-09 17:11:46.157] [jointLog] [warning] read 570d9ff6-c7a6-4ec3-a664-dcffad184058 (length 20881) has no trained clipping model
[2025-07-09 17:11:46.157] [jointLog] [warning] read 2b60364f-4a9f-4daa-8f08-ad4507522f69 (length 118155 - align length 817) has no trained error model
[2025-07-09 17:11:46.157] [jointLog] [warning] read 2b60364f-4a9f-4daa-8f08-ad4507522f69 (length 118155) has no trained clipping model
[2025-07-09 17:11:46.157] [jointLog] [warning] read 2b60364f-4a9f-4daa-8f08-ad4507522f69 (length 118155) has no trained clipping model
[2025-07-09 17:11:46.157] [jointLog] [warning] read 52c461d9-3654-49cd-bc19-a5595ded92d2 (length 14870 - align length 212) has no trained error model
[2025-07-09 17:11:46.157] [jointLog] [warning] read 52c461d9-3654-49cd-bc19-a5595ded92d2 (length 14870) has no trained clipping model
[2025-07-09 17:11:46.157] [jointLog] [warning] read 52c461d9-3654-49cd-bc19-a5595ded92d2 (length 14870) has no trained clipping model
[2025-07-09 17:11:46.157] [jointLog] [warning] read 0a5c6c52-bbd6-4e7d-8f63-6ac761f57a4b (length 14004 - align length 13900) has no trained error model
[2025-07-09 17:11:46.157] [jointLog] [warning] read defa8c2c-9447-44db-9b2e-c1881e869e91 (length 20427 - align length 587) has no trained error model
[2025-07-09 17:11:46.157] [jointLog] [warning] read defa8c2c-9447-44db-9b2e-c1881e869e91 (length 20427) has no trained clipping model
[2025-07-09 17:11:46.157] [jointLog] [warning] read defa8c2c-9447-44db-9b2e-c1881e869e91 (length 20427) has no trained clipping model
[2025-07-09 17:11:46.157] [jointLog] [warning] read e60674f7-46fc-4ab5-8c42-34feb2e83b75 (length 16246 - align length 4692) has no trained error model
[2025-07-09 17:11:46.157] [jointLog] [warning] read e60674f7-46fc-4ab5-8c42-34feb2e83b75 (length 16246) has no trained clipping model
[2025-07-09 17:11:46.157] [jointLog] [warning] read e60674f7-46fc-4ab5-8c42-34feb2e83b75 (length 16246) has no trained clipping model
[2025-07-09 17:11:46.157] [jointLog] [warning] read e7bfc935-2ea8-4db0-b5ef-1f6860212dc8 (length 38195 - align length 98) has no trained error model
[2025-07-09 17:11:46.157] [jointLog] [warning] read e7bfc935-2ea8-4db0-b5ef-1f6860212dc8 (length 38195) has no trained clipping model
[2025-07-09 17:11:46.157] [jointLog] [warning] read e7bfc935-2ea8-4db0-b5ef-1f6860212dc8 (length 38195) has no trained clipping model
[2025-07-09 17:11:46.157] [jointLog] [warning] read 74a50738-69ee-4cd8-a92e-860b064c765b (length 19571 - align length 1799) has no trained error model
[2025-07-09 17:11:46.157] [jointLog] [warning] read 74a50738-69ee-4cd8-a92e-860b064c765b (length 19571) has no trained clipping model
[2025-07-09 17:11:46.157] [jointLog] [warning] read 74a50738-69ee-4cd8-a92e-860b064c765b (length 19571) has no trained clipping model
[2025-07-09 17:11:46.157] [jointLog] [warning] read 82076b33-04e4-4c52-b78f-51c10ec7106b (length 15942 - align length 15858) has no trained error model
[2025-07-09 17:11:46.157] [jointLog] [warning] read 82076b33-04e4-4c52-b78f-51c10ec7106b (length 15942) has no trained clipping model
[2025-07-09 17:11:46.157] [jointLog] [warning] read 82076b33-04e4-4c52-b78f-51c10ec7106b (length 15942) has no trained clipping model
[2025-07-09 17:11:46.158] [jointLog] [warning] read 3807a979-411a-4313-abb7-8848f09e4494 (length 66416 - align length 210) has no trained error model
[2025-07-09 17:11:46.158] [jointLog] [warning] read 3807a979-411a-4313-abb7-8848f09e4494 (length 66416) has no trained clipping model
[2025-07-09 17:11:46.158] [jointLog] [warning] read 3807a979-411a-4313-abb7-8848f09e4494 (length 66416) has no trained clipping model
[2025-07-09 17:11:46.159] [jointLog] [warning] read 094375b3-e0bb-4b20-9f33-f904db409fbc (length 24069 - align length 1811) has no trained error model
[2025-07-09 17:11:46.159] [jointLog] [warning] read 094375b3-e0bb-4b20-9f33-f904db409fbc (length 24069) has no trained clipping model
[2025-07-09 17:11:46.159] [jointLog] [warning] read 094375b3-e0bb-4b20-9f33-f904db409fbc (length 24069) has no trained clipping model
[2025-07-09 17:11:46.159] [jointLog] [warning] read b63d3386-c942-45a1-81e3-0a92d9f67631 (length 36889 - align length 454) has no trained error model
[2025-07-09 17:11:46.159] [jointLog] [warning] read b63d3386-c942-45a1-81e3-0a92d9f67631 (length 36889) has no trained clipping model
[2025-07-09 17:11:46.159] [jointLog] [warning] read b63d3386-c942-45a1-81e3-0a92d9f67631 (length 36889) has no trained clipping model
[2025-07-09 17:11:46.205] [jointLog] [warning] read 31df2ea8-b49c-472f-aeae-148996b3bdfc (length 13949 - align length 13880) has no trained error model
[2025-07-09 17:11:46.205] [jointLog] [warning] read 31df2ea8-b49c-472f-aeae-148996b3bdfc (length 13949) has no trained clipping model
[2025-07-09 17:11:46.205] [jointLog] [warning] read 31df2ea8-b49c-472f-aeae-148996b3bdfc (length 13949) has no trained clipping model
[2025-07-09 17:11:46.303] [jointLog] [warning] read 41261ba3-984b-46a4-a501-c9a8998f0e57 (length 12325 - align length 12287) has no trained error model
[2025-07-09 17:11:46.303] [jointLog] [warning] read 41261ba3-984b-46a4-a501-c9a8998f0e57 (length 12325) has no trained clipping model
[2025-07-09 17:11:46.303] [jointLog] [warning] read 41261ba3-984b-46a4-a501-c9a8998f0e57 (length 12325) has no trained clipping model
[2025-07-09 17:11:46.458] [jointLog] [warning] read 18cc495d-fe97-485f-8e8c-62a595bf0fd4 (length 12005 - align length 11764) has no trained error model
[2025-07-09 17:11:46.816] [jointLog] [warning] read 205dbcf5-990e-4e2c-babc-3dd2200e1e5a (length 10756 - align length 10689) has no trained error model
[2025-07-09 17:11:46.851] [jointLog] [warning] read 2d0cf24e-45d1-47b5-94c9-a2ee01e3a7f5 (length 12394 - align length 12305) has no trained error model
[2025-07-09 17:11:46.851] [jointLog] [warning] read 2d0cf24e-45d1-47b5-94c9-a2ee01e3a7f5 (length 12394) has no trained clipping model
[2025-07-09 17:11:46.851] [jointLog] [warning] read 2d0cf24e-45d1-47b5-94c9-a2ee01e3a7f5 (length 12394) has no trained clipping model
[2025-07-09 17:11:47.028] [jointLog] [warning] read c81eb90f-2388-4432-89d8-4914d3e8c442 (length 12480) has no trained clipping model
[2025-07-09 17:11:47.238] [jointLog] [warning] read 6cb60c4f-e563-4917-b11e-0d15bbda448f (length 12101) has no trained clipping model
[2025-07-09 17:11:47.238] [jointLog] [warning] read 6cb60c4f-e563-4917-b11e-0d15bbda448f (length 12101) has no trained clipping model
[2025-07-09 17:11:47.242] [jointLog] [warning] read 3c34fcee-5fd2-4c45-87be-993bcc7b4485 (length 12899 - align length 12899) has no trained error model
[2025-07-09 17:11:47.242] [jointLog] [warning] read 3c34fcee-5fd2-4c45-87be-993bcc7b4485 (length 12899) has no trained clipping model
[2025-07-09 17:11:47.344] [jointLog] [warning] read cb0fe9f3-5e2e-472a-9249-e8f5547f6fb4 (length 10664 - align length 10609) has no trained error model
[2025-07-09 17:11:47.527] [jointLog] [warning] read 4292bd5a-7efc-4486-ab63-dc5579d73153 (length 13914 - align length 13822) has no trained error model
[2025-07-09 17:11:47.527] [jointLog] [warning] read 4292bd5a-7efc-4486-ab63-dc5579d73153 (length 13914) has no trained clipping model
[2025-07-09 17:11:47.527] [jointLog] [warning] read 4292bd5a-7efc-4486-ab63-dc5579d73153 (length 13914) has no trained clipping model
[2025-07-09 17:11:47.813] [jointLog] [warning] read 521441ae-bfde-4b2e-88a0-6d07b72e6857 (length 12366 - align length 1250) has no trained error model
[2025-07-09 17:11:47.813] [jointLog] [warning] read 521441ae-bfde-4b2e-88a0-6d07b72e6857 (length 12366) has no trained clipping model
[2025-07-09 17:11:47.813] [jointLog] [warning] read 521441ae-bfde-4b2e-88a0-6d07b72e6857 (length 12366) has no trained clipping model
[2025-07-09 17:11:47.871] [jointLog] [warning] read efc78e9b-3cb9-427f-aeb7-378149500051 (length 35321 - align length 220) has no trained error model
[2025-07-09 17:11:47.871] [jointLog] [warning] read efc78e9b-3cb9-427f-aeb7-378149500051 (length 35321) has no trained clipping model
[2025-07-09 17:11:47.871] [jointLog] [warning] read efc78e9b-3cb9-427f-aeb7-378149500051 (length 35321) has no trained clipping model
[2025-07-09 17:11:47.872] [jointLog] [warning] read a75b167c-9814-43df-9199-849eb2438606 (length 12362 - align length 480) has no trained error model
[2025-07-09 17:11:47.872] [jointLog] [warning] read a75b167c-9814-43df-9199-849eb2438606 (length 12362) has no trained clipping model
[2025-07-09 17:11:47.872] [jointLog] [warning] read a75b167c-9814-43df-9199-849eb2438606 (length 12362) has no trained clipping model
[2025-07-09 17:11:47.872] [jointLog] [warning] read 9eec4bb6-ad04-4bd5-b32f-11b6e0ff0670 (length 48160 - align length 121) has no trained error model
[2025-07-09 17:11:47.872] [jointLog] [warning] read 9eec4bb6-ad04-4bd5-b32f-11b6e0ff0670 (length 48160) has no trained clipping model
[2025-07-09 17:11:47.872] [jointLog] [warning] read 9eec4bb6-ad04-4bd5-b32f-11b6e0ff0670 (length 48160) has no trained clipping model
[2025-07-09 17:11:47.872] [jointLog] [warning] read 212e180c-d02e-416c-8b52-7d8590fd2706 (length 11568) has no trained clipping model
[2025-07-09 17:11:47.872] [jointLog] [warning] read 59a7c754-1feb-480f-9b79-81dd32e2d70c (length 34446 - align length 617) has no trained error model
[2025-07-09 17:11:47.872] [jointLog] [warning] read 59a7c754-1feb-480f-9b79-81dd32e2d70c (length 34446) has no trained clipping model
[2025-07-09 17:11:47.872] [jointLog] [warning] read 59a7c754-1feb-480f-9b79-81dd32e2d70c (length 34446) has no trained clipping model
[2025-07-09 17:11:47.872] [jointLog] [warning] read 1f374ab6-c723-4dbd-abb9-8711f50bc9b6 (length 16886 - align length 589) has no trained error model
[2025-07-09 17:11:47.872] [jointLog] [warning] read 1f374ab6-c723-4dbd-abb9-8711f50bc9b6 (length 16886) has no trained clipping model
[2025-07-09 17:11:47.872] [jointLog] [warning] read 1f374ab6-c723-4dbd-abb9-8711f50bc9b6 (length 16886) has no trained clipping model
[2025-07-09 17:11:47.872] [jointLog] [warning] read a2241718-1a0a-4585-946e-beb3e6ca80a7 (length 24896 - align length 1078) has no trained error model
[2025-07-09 17:11:47.872] [jointLog] [warning] read a2241718-1a0a-4585-946e-beb3e6ca80a7 (length 24896) has no trained clipping model
[2025-07-09 17:11:47.872] [jointLog] [warning] read a2241718-1a0a-4585-946e-beb3e6ca80a7 (length 24896) has no trained clipping model
[2025-07-09 17:11:47.872] [jointLog] [warning] read 044c8d51-478c-43b9-b642-e5f8cb0c5139 (length 13984 - align length 1014) has no trained error model
[2025-07-09 17:11:47.872] [jointLog] [warning] read 044c8d51-478c-43b9-b642-e5f8cb0c5139 (length 13984) has no trained clipping model
[2025-07-09 17:11:47.872] [jointLog] [warning] read 044c8d51-478c-43b9-b642-e5f8cb0c5139 (length 13984) has no trained clipping model
[2025-07-09 17:11:47.872] [jointLog] [warning] read 52edc7a9-aa87-4e2c-9774-3e2a4eb55750 (length 13812 - align length 5624) has no trained error model
[2025-07-09 17:11:47.872] [jointLog] [warning] read 52edc7a9-aa87-4e2c-9774-3e2a4eb55750 (length 13812) has no trained clipping model
[2025-07-09 17:11:47.872] [jointLog] [warning] read 52edc7a9-aa87-4e2c-9774-3e2a4eb55750 (length 13812) has no trained clipping model
[2025-07-09 17:11:47.872] [jointLog] [warning] read d7d8680e-7265-4a17-8892-f19996903f57 (length 29584 - align length 122) has no trained error model
[2025-07-09 17:11:47.872] [jointLog] [warning] read d7d8680e-7265-4a17-8892-f19996903f57 (length 29584) has no trained clipping model
[2025-07-09 17:11:47.872] [jointLog] [warning] read d7d8680e-7265-4a17-8892-f19996903f57 (length 29584) has no trained clipping model
[2025-07-09 17:11:47.872] [jointLog] [warning] read c1de87ee-c901-4fc4-8a58-9052c1cab12d (length 19271 - align length 128) has no trained error model
[2025-07-09 17:11:47.872] [jointLog] [warning] read c1de87ee-c901-4fc4-8a58-9052c1cab12d (length 19271) has no trained clipping model
[2025-07-09 17:11:47.872] [jointLog] [warning] read c1de87ee-c901-4fc4-8a58-9052c1cab12d (length 19271) has no trained clipping model
[2025-07-09 17:11:47.872] [jointLog] [warning] read 562f68f0-5385-41df-8761-cf0a4d6c96c3 (length 12797 - align length 3744) has no trained error model
[2025-07-09 17:11:47.872] [jointLog] [warning] read 562f68f0-5385-41df-8761-cf0a4d6c96c3 (length 12797) has no trained clipping model
[2025-07-09 17:11:47.872] [jointLog] [warning] read 562f68f0-5385-41df-8761-cf0a4d6c96c3 (length 12797) has no trained clipping model
[2025-07-09 17:11:47.872] [jointLog] [warning] read 55484dc1-2f33-43a3-99d3-22eddc390cff (length 17821 - align length 1494) has no trained error model
[2025-07-09 17:11:47.872] [jointLog] [warning] read 55484dc1-2f33-43a3-99d3-22eddc390cff (length 17821) has no trained clipping model
[2025-07-09 17:11:47.872] [jointLog] [warning] read 55484dc1-2f33-43a3-99d3-22eddc390cff (length 17821) has no trained clipping model
[2025-07-09 17:11:47.872] [jointLog] [warning] read 425aa7c9-56fa-4dd7-ac8b-049e1b38a1a4 (length 15870 - align length 15777) has no trained error model
[2025-07-09 17:11:47.872] [jointLog] [warning] read 425aa7c9-56fa-4dd7-ac8b-049e1b38a1a4 (length 15870) has no trained clipping model
[2025-07-09 17:11:47.872] [jointLog] [warning] read 425aa7c9-56fa-4dd7-ac8b-049e1b38a1a4 (length 15870) has no trained clipping model
[2025-07-09 17:11:47.872] [jointLog] [warning] read 97bd7b45-ae39-45c8-ba76-4f7aed28e650 (length 19280 - align length 847) has no trained error model
[2025-07-09 17:11:47.872] [jointLog] [warning] read 97bd7b45-ae39-45c8-ba76-4f7aed28e650 (length 19280) has no trained clipping model
[2025-07-09 17:11:47.872] [jointLog] [warning] read 97bd7b45-ae39-45c8-ba76-4f7aed28e650 (length 19280) has no trained clipping model
[2025-07-09 17:11:47.872] [jointLog] [warning] read cb170edc-4ed5-421a-94bb-64ae28b586f6 (length 23818 - align length 106) has no trained error model
[2025-07-09 17:11:47.872] [jointLog] [warning] read cb170edc-4ed5-421a-94bb-64ae28b586f6 (length 23818) has no trained clipping model
[2025-07-09 17:11:47.872] [jointLog] [warning] read cb170edc-4ed5-421a-94bb-64ae28b586f6 (length 23818) has no trained clipping model
[2025-07-09 17:11:47.872] [jointLog] [warning] read 4a47dd17-3d4c-4fc0-8ddd-f98d09a93f68 (length 17228 - align length 1953) has no trained error model
[2025-07-09 17:11:47.872] [jointLog] [warning] read 4a47dd17-3d4c-4fc0-8ddd-f98d09a93f68 (length 17228) has no trained clipping model
[2025-07-09 17:11:47.872] [jointLog] [warning] read 4a47dd17-3d4c-4fc0-8ddd-f98d09a93f68 (length 17228) has no trained clipping model
[2025-07-09 17:11:47.872] [jointLog] [warning] read 2814ae24-3ce2-48b1-a36c-b0f6d2368061 (length 142025 - align length 1225) has no trained error model
[2025-07-09 17:11:47.872] [jointLog] [warning] read 2814ae24-3ce2-48b1-a36c-b0f6d2368061 (length 142025) has no trained clipping model
[2025-07-09 17:11:47.872] [jointLog] [warning] read 2814ae24-3ce2-48b1-a36c-b0f6d2368061 (length 142025) has no trained clipping model
[2025-07-09 17:11:47.872] [jointLog] [warning] read 1a9372e0-b4a2-467b-9977-5b7a4da338cf (length 34238 - align length 1157) has no trained error model
[2025-07-09 17:11:47.872] [jointLog] [warning] read 1a9372e0-b4a2-467b-9977-5b7a4da338cf (length 34238) has no trained clipping model
[2025-07-09 17:11:47.872] [jointLog] [warning] read 1a9372e0-b4a2-467b-9977-5b7a4da338cf (length 34238) has no trained clipping model
[2025-07-09 17:11:47.872] [jointLog] [warning] read 3ecf9ba0-9b93-4880-aeed-fc1a41993830 (length 13733 - align length 13528) has no trained error model
[2025-07-09 17:11:47.872] [jointLog] [warning] read 3ecf9ba0-9b93-4880-aeed-fc1a41993830 (length 13733) has no trained clipping model
[2025-07-09 17:11:47.872] [jointLog] [warning] read 3ecf9ba0-9b93-4880-aeed-fc1a41993830 (length 13733) has no trained clipping model
[2025-07-09 17:11:47.872] [jointLog] [warning] read bcac1844-f6c2-469e-ac7e-9d5cff6afd88 (length 26206 - align length 314) has no trained error model
[2025-07-09 17:11:47.872] [jointLog] [warning] read bcac1844-f6c2-469e-ac7e-9d5cff6afd88 (length 26206) has no trained clipping model
[2025-07-09 17:11:47.872] [jointLog] [warning] read bcac1844-f6c2-469e-ac7e-9d5cff6afd88 (length 26206) has no trained clipping model
[2025-07-09 17:11:47.872] [jointLog] [warning] read 1a20c800-eaca-4931-ab24-dc8ce06cfc8e (length 11956) has no trained clipping model
[2025-07-09 17:11:47.872] [jointLog] [warning] read d6921037-0558-41ee-be6a-80d43dd309eb (length 13038 - align length 735) has no trained error model
[2025-07-09 17:11:47.872] [jointLog] [warning] read d6921037-0558-41ee-be6a-80d43dd309eb (length 13038) has no trained clipping model
[2025-07-09 17:11:47.872] [jointLog] [warning] read d6921037-0558-41ee-be6a-80d43dd309eb (length 13038) has no trained clipping model
[2025-07-09 17:11:47.872] [jointLog] [warning] read 588748dd-9935-437e-9401-aa878d2b90f6 (length 27675 - align length 109) has no trained error model
[2025-07-09 17:11:47.872] [jointLog] [warning] read 588748dd-9935-437e-9401-aa878d2b90f6 (length 27675) has no trained clipping model
[2025-07-09 17:11:47.872] [jointLog] [warning] read 588748dd-9935-437e-9401-aa878d2b90f6 (length 27675) has no trained clipping model
[2025-07-09 17:11:47.873] [jointLog] [warning] read 0ebc963e-ff22-49ec-819f-4e1fe2b0750d (length 23067 - align length 1027) has no trained error model
[2025-07-09 17:11:47.873] [jointLog] [warning] read 0ebc963e-ff22-49ec-819f-4e1fe2b0750d (length 23067) has no trained clipping model
[2025-07-09 17:11:47.873] [jointLog] [warning] read 0ebc963e-ff22-49ec-819f-4e1fe2b0750d (length 23067) has no trained clipping model
[2025-07-09 17:11:47.874] [jointLog] [warning] read 55a30bba-0933-4bf4-a263-a23285b7a265 (length 22009 - align length 2848) has no trained error model
[2025-07-09 17:11:47.874] [jointLog] [warning] read 55a30bba-0933-4bf4-a263-a23285b7a265 (length 22009) has no trained clipping model
[2025-07-09 17:11:47.874] [jointLog] [warning] read 55a30bba-0933-4bf4-a263-a23285b7a265 (length 22009) has no trained clipping model
[2025-07-09 17:11:47.876] [jointLog] [warning] read a7d4cd4c-158e-4b6f-a0ec-f9a10b916a0d (length 79056 - align length 437) has no trained error model
[2025-07-09 17:11:47.876] [jointLog] [warning] read a7d4cd4c-158e-4b6f-a0ec-f9a10b916a0d (length 79056) has no trained clipping model
[2025-07-09 17:11:47.876] [jointLog] [warning] read a7d4cd4c-158e-4b6f-a0ec-f9a10b916a0d (length 79056) has no trained clipping model
[2025-07-09 17:11:47.701] [fileLog] [info] quantification processed 16000000 fragments so far

[2025-07-09 17:11:47.918] [jointLog] [warning] read 20a47b8d-1899-4538-bbe2-1e6fe5e7c203 (length 11578) has no trained clipping model
[2025-07-09 17:11:48.039] [jointLog] [warning] read e5a1032f-3e2e-43c7-b028-c0bca0d6442d (length 12111) has no trained clipping model
[2025-07-09 17:11:48.039] [jointLog] [warning] read e5a1032f-3e2e-43c7-b028-c0bca0d6442d (length 12111) has no trained clipping model
[2025-07-09 17:11:48.296] [jointLog] [warning] read ed2800ff-def0-4f1f-99ec-4d3f47be7561 (length 11441 - align length 11368) has no trained error model
[2025-07-09 17:11:48.296] [jointLog] [warning] read ed2800ff-def0-4f1f-99ec-4d3f47be7561 (length 11441) has no trained clipping model
[2025-07-09 17:11:48.296] [jointLog] [warning] read ed2800ff-def0-4f1f-99ec-4d3f47be7561 (length 11441) has no trained clipping model
[2025-07-09 17:11:48.670] [jointLog] [warning] read f2e5236a-16de-4459-8027-302f8aaf1f04 (length 11593) has no trained clipping model
[2025-07-09 17:11:48.670] [jointLog] [warning] read c7729c29-3805-4591-873f-c56d92c437e5 (length 24411 - align length 353) has no trained error model
[2025-07-09 17:11:48.670] [jointLog] [warning] read c7729c29-3805-4591-873f-c56d92c437e5 (length 24411) has no trained clipping model
[2025-07-09 17:11:48.670] [jointLog] [warning] read c7729c29-3805-4591-873f-c56d92c437e5 (length 24411) has no trained clipping model
[2025-07-09 17:11:48.670] [jointLog] [warning] read 56bae111-12f9-4e0d-a8e2-c65c0c9713d6 (length 32281 - align length 1226) has no trained error model
[2025-07-09 17:11:48.670] [jointLog] [warning] read 56bae111-12f9-4e0d-a8e2-c65c0c9713d6 (length 32281) has no trained clipping model
[2025-07-09 17:11:48.670] [jointLog] [warning] read 56bae111-12f9-4e0d-a8e2-c65c0c9713d6 (length 32281) has no trained clipping model
[2025-07-09 17:11:48.670] [jointLog] [warning] read 707c4b99-afb6-4a75-a807-a00a9edf2e0e (length 37744 - align length 1154) has no trained error model
[2025-07-09 17:11:48.670] [jointLog] [warning] read 707c4b99-afb6-4a75-a807-a00a9edf2e0e (length 37744) has no trained clipping model
[2025-07-09 17:11:48.670] [jointLog] [warning] read 707c4b99-afb6-4a75-a807-a00a9edf2e0e (length 37744) has no trained clipping model
[2025-07-09 17:11:48.670] [jointLog] [warning] read c381ac04-b3f6-4dc3-a4bf-b12d21931dec (length 14112 - align length 14036) has no trained error model
[2025-07-09 17:11:48.670] [jointLog] [warning] read c381ac04-b3f6-4dc3-a4bf-b12d21931dec (length 14112) has no trained clipping model
[2025-07-09 17:11:48.670] [jointLog] [warning] read c381ac04-b3f6-4dc3-a4bf-b12d21931dec (length 14112) has no trained clipping model
[2025-07-09 17:11:48.670] [jointLog] [warning] read bc73c562-1423-4693-94c2-69ea02197ced (length 14469 - align length 983) has no trained error model
[2025-07-09 17:11:48.670] [jointLog] [warning] read bc73c562-1423-4693-94c2-69ea02197ced (length 14469) has no trained clipping model
[2025-07-09 17:11:48.670] [jointLog] [warning] read bc73c562-1423-4693-94c2-69ea02197ced (length 14469) has no trained clipping model
[2025-07-09 17:11:48.670] [jointLog] [warning] read aaec6849-bac0-4a93-afb9-c324774afe95 (length 11113 - align length 10455) has no trained error model
[2025-07-09 17:11:48.670] [jointLog] [warning] read 59de52e6-3a18-428b-8743-9738bbce12ca (length 16103 - align length 126) has no trained error model
[2025-07-09 17:11:48.670] [jointLog] [warning] read 59de52e6-3a18-428b-8743-9738bbce12ca (length 16103) has no trained clipping model
[2025-07-09 17:11:48.670] [jointLog] [warning] read 59de52e6-3a18-428b-8743-9738bbce12ca (length 16103) has no trained clipping model
[2025-07-09 17:11:48.670] [jointLog] [warning] read 4dddaa70-c801-4d9f-a026-9de7283ed6f9 (length 23283 - align length 188) has no trained error model
[2025-07-09 17:11:48.670] [jointLog] [warning] read 4dddaa70-c801-4d9f-a026-9de7283ed6f9 (length 23283) has no trained clipping model
[2025-07-09 17:11:48.670] [jointLog] [warning] read 4dddaa70-c801-4d9f-a026-9de7283ed6f9 (length 23283) has no trained clipping model
[2025-07-09 17:11:48.670] [jointLog] [warning] read 4ee13200-bc0e-4077-8880-cbdbae7c96ae (length 24049 - align length 1909) has no trained error model
[2025-07-09 17:11:48.670] [jointLog] [warning] read 4ee13200-bc0e-4077-8880-cbdbae7c96ae (length 24049) has no trained clipping model
[2025-07-09 17:11:48.670] [jointLog] [warning] read 4ee13200-bc0e-4077-8880-cbdbae7c96ae (length 24049) has no trained clipping model
[2025-07-09 17:11:48.670] [jointLog] [warning] read 92a3ce2d-bcc2-4f92-8227-7fc11913df19 (length 18432 - align length 1191) has no trained error model
[2025-07-09 17:11:48.670] [jointLog] [warning] read 92a3ce2d-bcc2-4f92-8227-7fc11913df19 (length 18432) has no trained clipping model
[2025-07-09 17:11:48.670] [jointLog] [warning] read 92a3ce2d-bcc2-4f92-8227-7fc11913df19 (length 18432) has no trained clipping model
[2025-07-09 17:11:48.670] [jointLog] [warning] read 87d6890d-e524-40b4-ab61-d9066096b635 (length 51346 - align length 519) has no trained error model
[2025-07-09 17:11:48.670] [jointLog] [warning] read 87d6890d-e524-40b4-ab61-d9066096b635 (length 51346) has no trained clipping model
[2025-07-09 17:11:48.670] [jointLog] [warning] read 87d6890d-e524-40b4-ab61-d9066096b635 (length 51346) has no trained clipping model
[2025-07-09 17:11:48.670] [jointLog] [warning] read 67f0d148-b5b6-480d-afc6-72a06a8bcddf (length 17495 - align length 470) has no trained error model
[2025-07-09 17:11:48.670] [jointLog] [warning] read 67f0d148-b5b6-480d-afc6-72a06a8bcddf (length 17495) has no trained clipping model
[2025-07-09 17:11:48.670] [jointLog] [warning] read 67f0d148-b5b6-480d-afc6-72a06a8bcddf (length 17495) has no trained clipping model
[2025-07-09 17:11:48.670] [jointLog] [warning] read 853a228b-8545-4875-aaa1-938a0bbad915 (length 16126 - align length 142) has no trained error model
[2025-07-09 17:11:48.670] [jointLog] [warning] read 853a228b-8545-4875-aaa1-938a0bbad915 (length 16126) has no trained clipping model
[2025-07-09 17:11:48.670] [jointLog] [warning] read 853a228b-8545-4875-aaa1-938a0bbad915 (length 16126) has no trained clipping model
[2025-07-09 17:11:48.670] [jointLog] [warning] read 8ad651c1-223e-47a0-8e31-49dda59d2e37 (length 67174 - align length 1321) has no trained error model
[2025-07-09 17:11:48.670] [jointLog] [warning] read 8ad651c1-223e-47a0-8e31-49dda59d2e37 (length 67174) has no trained clipping model
[2025-07-09 17:11:48.670] [jointLog] [warning] read 8ad651c1-223e-47a0-8e31-49dda59d2e37 (length 67174) has no trained clipping model
[2025-07-09 17:11:48.671] [jointLog] [warning] read 24af94fa-a5ff-42b4-a8ac-c7a3751fcd3d (length 14758 - align length 466) has no trained error model
[2025-07-09 17:11:48.671] [jointLog] [warning] read 24af94fa-a5ff-42b4-a8ac-c7a3751fcd3d (length 14758) has no trained clipping model
[2025-07-09 17:11:48.671] [jointLog] [warning] read 24af94fa-a5ff-42b4-a8ac-c7a3751fcd3d (length 14758) has no trained clipping model
[2025-07-09 17:11:48.671] [jointLog] [warning] read 421a2387-18f7-43fb-94ba-2eb26120c1ba (length 31129 - align length 2884) has no trained error model
[2025-07-09 17:11:48.671] [jointLog] [warning] read 421a2387-18f7-43fb-94ba-2eb26120c1ba (length 31129) has no trained clipping model
[2025-07-09 17:11:48.671] [jointLog] [warning] read 421a2387-18f7-43fb-94ba-2eb26120c1ba (length 31129) has no trained clipping model
[2025-07-09 17:11:48.671] [jointLog] [warning] read 66b50f3f-bd4b-4453-a7c8-ccdad89250ea (length 14352 - align length 14330) has no trained error model
[2025-07-09 17:11:48.671] [jointLog] [warning] read 66b50f3f-bd4b-4453-a7c8-ccdad89250ea (length 14352) has no trained clipping model
[2025-07-09 17:11:48.671] [jointLog] [warning] read 66b50f3f-bd4b-4453-a7c8-ccdad89250ea (length 14352) has no trained clipping model
[2025-07-09 17:11:48.671] [jointLog] [warning] read b09b9b2c-fbe8-479f-a6d2-5389ce07ccdc (length 44218 - align length 3772) has no trained error model
[2025-07-09 17:11:48.671] [jointLog] [warning] read b09b9b2c-fbe8-479f-a6d2-5389ce07ccdc (length 44218) has no trained clipping model
[2025-07-09 17:11:48.671] [jointLog] [warning] read b09b9b2c-fbe8-479f-a6d2-5389ce07ccdc (length 44218) has no trained clipping model
[2025-07-09 17:11:48.671] [jointLog] [warning] read 6901ea8f-0325-4547-b9cf-f1f263d0f33e (length 20971 - align length 59) has no trained error model
[2025-07-09 17:11:48.671] [jointLog] [warning] read 6901ea8f-0325-4547-b9cf-f1f263d0f33e (length 20971) has no trained clipping model
[2025-07-09 17:11:48.671] [jointLog] [warning] read 6901ea8f-0325-4547-b9cf-f1f263d0f33e (length 20971) has no trained clipping model
[2025-07-09 17:11:48.671] [jointLog] [warning] read 2416e01e-7a59-4b8c-ac87-1db667b8538f (length 15177 - align length 3457) has no trained error model
[2025-07-09 17:11:48.671] [jointLog] [warning] read 2416e01e-7a59-4b8c-ac87-1db667b8538f (length 15177) has no trained clipping model
[2025-07-09 17:11:48.671] [jointLog] [warning] read 2416e01e-7a59-4b8c-ac87-1db667b8538f (length 15177) has no trained clipping model
[2025-07-09 17:11:48.672] [jointLog] [warning] read d6ef19b4-d932-4845-9b9f-e2b187e1aadb (length 43292 - align length 247) has no trained error model
[2025-07-09 17:11:48.672] [jointLog] [warning] read d6ef19b4-d932-4845-9b9f-e2b187e1aadb (length 43292) has no trained clipping model
[2025-07-09 17:11:48.672] [jointLog] [warning] read d6ef19b4-d932-4845-9b9f-e2b187e1aadb (length 43292) has no trained clipping model
[2025-07-09 17:11:48.722] [jointLog] [warning] read 8da1e66d-7e0d-40a4-bb86-2dc7318f97e4 (length 10419 - align length 10390) has no trained error model
[2025-07-09 17:11:48.877] [jointLog] [warning] read 87aa61d7-93ac-4f43-b001-13e899b062e8 (length 10709 - align length 10656) has no trained error model
[2025-07-09 17:11:48.955] [jointLog] [warning] read 22eb9c24-2892-4943-b382-319c8c9623e1 (length 12898) has no trained clipping model
[2025-07-09 17:11:48.956] [jointLog] [warning] read 361374dc-c792-4617-b40f-b2945cb204f1 (length 14686 - align length 14685) has no trained error model
[2025-07-09 17:11:48.956] [jointLog] [warning] read 361374dc-c792-4617-b40f-b2945cb204f1 (length 14686) has no trained clipping model
[2025-07-09 17:11:48.956] [jointLog] [warning] read 361374dc-c792-4617-b40f-b2945cb204f1 (length 14686) has no trained clipping model
[2025-07-09 17:11:48.956] [jointLog] [warning] read 1b3d0686-c4d9-4874-b3a7-93d9da21c948 (length 15801 - align length 15699) has no trained error model
[2025-07-09 17:11:48.956] [jointLog] [warning] read 1b3d0686-c4d9-4874-b3a7-93d9da21c948 (length 15801) has no trained clipping model
[2025-07-09 17:11:48.956] [jointLog] [warning] read 1b3d0686-c4d9-4874-b3a7-93d9da21c948 (length 15801) has no trained clipping model
[2025-07-09 17:11:48.956] [jointLog] [warning] read 2e92f3f7-5ba5-4a81-92a9-fc3cf5c04b10 (length 15778 - align length 1621) has no trained error model
[2025-07-09 17:11:48.956] [jointLog] [warning] read 2e92f3f7-5ba5-4a81-92a9-fc3cf5c04b10 (length 15778) has no trained clipping model
[2025-07-09 17:11:48.956] [jointLog] [warning] read 2e92f3f7-5ba5-4a81-92a9-fc3cf5c04b10 (length 15778) has no trained clipping model
[2025-07-09 17:11:48.957] [jointLog] [warning] read 4daa5865-e158-4a20-925c-742fd112a0bb (length 20153 - align length 1293) has no trained error model
[2025-07-09 17:11:48.957] [jointLog] [warning] read 4daa5865-e158-4a20-925c-742fd112a0bb (length 20153) has no trained clipping model
[2025-07-09 17:11:48.957] [jointLog] [warning] read 4daa5865-e158-4a20-925c-742fd112a0bb (length 20153) has no trained clipping model
[2025-07-09 17:11:48.957] [jointLog] [warning] read b2addcd3-2a76-4983-af9d-f4e623ce2eae (length 20709 - align length 882) has no trained error model
[2025-07-09 17:11:48.957] [jointLog] [warning] read b2addcd3-2a76-4983-af9d-f4e623ce2eae (length 20709) has no trained clipping model
[2025-07-09 17:11:48.957] [jointLog] [warning] read b2addcd3-2a76-4983-af9d-f4e623ce2eae (length 20709) has no trained clipping model
[2025-07-09 17:11:48.957] [jointLog] [warning] read 4951aa6c-8552-4f1e-b5a3-c0d9ff570bce (length 15499 - align length 15480) has no trained error model
[2025-07-09 17:11:48.957] [jointLog] [warning] read 4951aa6c-8552-4f1e-b5a3-c0d9ff570bce (length 15499) has no trained clipping model
[2025-07-09 17:11:48.957] [jointLog] [warning] read 4951aa6c-8552-4f1e-b5a3-c0d9ff570bce (length 15499) has no trained clipping model
[2025-07-09 17:11:48.957] [jointLog] [warning] read 1ebbebe5-bb20-452b-a38c-b99b615662ac (length 14902 - align length 14803) has no trained error model
[2025-07-09 17:11:48.957] [jointLog] [warning] read 1ebbebe5-bb20-452b-a38c-b99b615662ac (length 14902) has no trained clipping model
[2025-07-09 17:11:48.957] [jointLog] [warning] read 1ebbebe5-bb20-452b-a38c-b99b615662ac (length 14902) has no trained clipping model
[2025-07-09 17:11:48.957] [jointLog] [warning] read 8e8c3ca4-1477-4724-a219-18c17c5bae90 (length 14634 - align length 481) has no trained error model
[2025-07-09 17:11:48.957] [jointLog] [warning] read 8e8c3ca4-1477-4724-a219-18c17c5bae90 (length 14634) has no trained clipping model
[2025-07-09 17:11:48.957] [jointLog] [warning] read 8e8c3ca4-1477-4724-a219-18c17c5bae90 (length 14634) has no trained clipping model
[2025-07-09 17:11:48.957] [jointLog] [warning] read 3616849a-ae93-4dd6-a4d3-4553b30dd828 (length 76212 - align length 159) has no trained error model
[2025-07-09 17:11:48.957] [jointLog] [warning] read 3616849a-ae93-4dd6-a4d3-4553b30dd828 (length 76212) has no trained clipping model
[2025-07-09 17:11:48.957] [jointLog] [warning] read 3616849a-ae93-4dd6-a4d3-4553b30dd828 (length 76212) has no trained clipping model
[2025-07-09 17:11:48.957] [jointLog] [warning] read 918b81a9-5431-4ed4-ac99-6e21e7ccbc07 (length 23966 - align length 579) has no trained error model
[2025-07-09 17:11:48.957] [jointLog] [warning] read 918b81a9-5431-4ed4-ac99-6e21e7ccbc07 (length 23966) has no trained clipping model
[2025-07-09 17:11:48.957] [jointLog] [warning] read 918b81a9-5431-4ed4-ac99-6e21e7ccbc07 (length 23966) has no trained clipping model
[2025-07-09 17:11:48.957] [jointLog] [warning] read 0618796a-4928-4a45-b509-b1c56f070535 (length 31887 - align length 525) has no trained error model
[2025-07-09 17:11:48.957] [jointLog] [warning] read 0618796a-4928-4a45-b509-b1c56f070535 (length 31887) has no trained clipping model
[2025-07-09 17:11:48.957] [jointLog] [warning] read 0618796a-4928-4a45-b509-b1c56f070535 (length 31887) has no trained clipping model
[2025-07-09 17:11:48.957] [jointLog] [warning] read 9e84caac-0043-4a9f-8b1d-9d6c326f5dcb (length 14555 - align length 1932) has no trained error model
[2025-07-09 17:11:48.957] [jointLog] [warning] read 9e84caac-0043-4a9f-8b1d-9d6c326f5dcb (length 14555) has no trained clipping model
[2025-07-09 17:11:48.957] [jointLog] [warning] read 9e84caac-0043-4a9f-8b1d-9d6c326f5dcb (length 14555) has no trained clipping model
[2025-07-09 17:11:48.957] [jointLog] [warning] read 08dc14ef-c958-430a-8561-c0b63e9f1459 (length 11731) has no trained clipping model
[2025-07-09 17:11:48.957] [jointLog] [warning] read fda43c4e-b210-4632-add3-5519bcb914d7 (length 28332 - align length 3783) has no trained error model
[2025-07-09 17:11:48.957] [jointLog] [warning] read fda43c4e-b210-4632-add3-5519bcb914d7 (length 28332) has no trained clipping model
[2025-07-09 17:11:48.957] [jointLog] [warning] read fda43c4e-b210-4632-add3-5519bcb914d7 (length 28332) has no trained clipping model
[2025-07-09 17:11:48.957] [jointLog] [warning] read 40eadaad-c62e-4cb6-836e-2a6a93f19ea7 (length 23767 - align length 460) has no trained error model
[2025-07-09 17:11:48.957] [jointLog] [warning] read 40eadaad-c62e-4cb6-836e-2a6a93f19ea7 (length 23767) has no trained clipping model
[2025-07-09 17:11:48.957] [jointLog] [warning] read 40eadaad-c62e-4cb6-836e-2a6a93f19ea7 (length 23767) has no trained clipping model
[2025-07-09 17:11:48.957] [jointLog] [warning] read 17b94a50-7f1e-41e6-8834-5f49b812f3fd (length 11939) has no trained clipping model
[2025-07-09 17:11:48.957] [jointLog] [warning] read 78283a48-4b89-49d1-b0a5-ca80067c0761 (length 37761 - align length 649) has no trained error model
[2025-07-09 17:11:48.957] [jointLog] [warning] read 78283a48-4b89-49d1-b0a5-ca80067c0761 (length 37761) has no trained clipping model
[2025-07-09 17:11:48.957] [jointLog] [warning] read 78283a48-4b89-49d1-b0a5-ca80067c0761 (length 37761) has no trained clipping model
[2025-07-09 17:11:48.957] [jointLog] [warning] read 6cd82e80-46f5-4082-84b6-9c942e5f8774 (length 24627 - align length 618) has no trained error model
[2025-07-09 17:11:48.957] [jointLog] [warning] read 6cd82e80-46f5-4082-84b6-9c942e5f8774 (length 24627) has no trained clipping model
[2025-07-09 17:11:48.957] [jointLog] [warning] read 6cd82e80-46f5-4082-84b6-9c942e5f8774 (length 24627) has no trained clipping model
[2025-07-09 17:11:48.957] [jointLog] [warning] read 308cc9cc-5669-4361-83ba-d498a8cd8922 (length 14733 - align length 54) has no trained error model
[2025-07-09 17:11:48.957] [jointLog] [warning] read 308cc9cc-5669-4361-83ba-d498a8cd8922 (length 14733) has no trained clipping model
[2025-07-09 17:11:48.957] [jointLog] [warning] read 308cc9cc-5669-4361-83ba-d498a8cd8922 (length 14733) has no trained clipping model
[2025-07-09 17:11:48.957] [jointLog] [warning] read 57fb1a4c-d0f6-401b-982e-3f873925a9a2 (length 18242 - align length 107) has no trained error model
[2025-07-09 17:11:48.957] [jointLog] [warning] read 57fb1a4c-d0f6-401b-982e-3f873925a9a2 (length 18242) has no trained clipping model
[2025-07-09 17:11:48.957] [jointLog] [warning] read 57fb1a4c-d0f6-401b-982e-3f873925a9a2 (length 18242) has no trained clipping model
[2025-07-09 17:11:48.957] [jointLog] [warning] read 80f7b01e-e6c8-4da8-ae05-e05198fa4128 (length 13925 - align length 1877) has no trained error model
[2025-07-09 17:11:48.957] [jointLog] [warning] read 80f7b01e-e6c8-4da8-ae05-e05198fa4128 (length 13925) has no trained clipping model
[2025-07-09 17:11:48.957] [jointLog] [warning] read 80f7b01e-e6c8-4da8-ae05-e05198fa4128 (length 13925) has no trained clipping model
[2025-07-09 17:11:48.957] [jointLog] [warning] read fa9a6f9e-535b-4ac8-a66a-7bd62ba125d2 (length 100075 - align length 127) has no trained error model
[2025-07-09 17:11:48.957] [jointLog] [warning] read fa9a6f9e-535b-4ac8-a66a-7bd62ba125d2 (length 100075) has no trained clipping model
[2025-07-09 17:11:48.957] [jointLog] [warning] read fa9a6f9e-535b-4ac8-a66a-7bd62ba125d2 (length 100075) has no trained clipping model
[2025-07-09 17:11:48.957] [jointLog] [warning] read 39a1c147-f803-4098-af1e-85609ab62679 (length 129201 - align length 1636) has no trained error model
[2025-07-09 17:11:48.957] [jointLog] [warning] read 39a1c147-f803-4098-af1e-85609ab62679 (length 129201) has no trained clipping model
[2025-07-09 17:11:48.957] [jointLog] [warning] read 39a1c147-f803-4098-af1e-85609ab62679 (length 129201) has no trained clipping model
[2025-07-09 17:11:48.957] [jointLog] [warning] read 1b4c0b99-7b1d-4dd5-aff7-806212a97d9e (length 67687 - align length 535) has no trained error model
[2025-07-09 17:11:48.957] [jointLog] [warning] read 1b4c0b99-7b1d-4dd5-aff7-806212a97d9e (length 67687) has no trained clipping model
[2025-07-09 17:11:48.957] [jointLog] [warning] read 1b4c0b99-7b1d-4dd5-aff7-806212a97d9e (length 67687) has no trained clipping model
[2025-07-09 17:11:48.957] [jointLog] [warning] read dbf46e8d-156d-45b1-abe1-193f43178b85 (length 15189 - align length 657) has no trained error model
[2025-07-09 17:11:48.957] [jointLog] [warning] read dbf46e8d-156d-45b1-abe1-193f43178b85 (length 15189) has no trained clipping model
[2025-07-09 17:11:48.957] [jointLog] [warning] read dbf46e8d-156d-45b1-abe1-193f43178b85 (length 15189) has no trained clipping model
[2025-07-09 17:11:48.957] [jointLog] [warning] read 72ec0d8b-6293-40b1-9589-cd65b76fadae (length 14181 - align length 14181) has no trained error model
[2025-07-09 17:11:48.957] [jointLog] [warning] read 72ec0d8b-6293-40b1-9589-cd65b76fadae (length 14181) has no trained clipping model
[2025-07-09 17:11:48.957] [jointLog] [warning] read 72ec0d8b-6293-40b1-9589-cd65b76fadae (length 14181) has no trained clipping model
[2025-07-09 17:11:48.957] [jointLog] [warning] read 4f61ffef-8d36-4518-9e14-4ec0e74e4654 (length 14570 - align length 90) has no trained error model
[2025-07-09 17:11:48.957] [jointLog] [warning] read 4f61ffef-8d36-4518-9e14-4ec0e74e4654 (length 14570) has no trained clipping model
[2025-07-09 17:11:48.957] [jointLog] [warning] read 4f61ffef-8d36-4518-9e14-4ec0e74e4654 (length 14570) has no trained clipping model
[2025-07-09 17:11:49.086] [jointLog] [warning] read 0eeff4c0-bec3-4571-8836-67c9f6f94c54 (length 12706 - align length 12639) has no trained error model
[2025-07-09 17:11:49.086] [jointLog] [warning] read 0eeff4c0-bec3-4571-8836-67c9f6f94c54 (length 12706) has no trained clipping model
[2025-07-09 17:11:49.086] [jointLog] [warning] read 0eeff4c0-bec3-4571-8836-67c9f6f94c54 (length 12706) has no trained clipping model
[2025-07-09 17:11:49.208] [jointLog] [warning] read 4f2f44b4-c672-4e97-9ab5-209448b97486 (length 10725 - align length 10609) has no trained error model
[2025-07-09 17:11:49.482] [fileLog] [info] quantification processed 17000000 fragments so far

[2025-07-09 17:11:49.532] [jointLog] [warning] read 29bd16fa-f499-4467-ae08-37e17ed17c23 (length 10435 - align length 10321) has no trained error model
[2025-07-09 17:11:49.575] [jointLog] [warning] read 958cdfa8-d667-466a-b5f6-27899b1ca773 (length 11782) has no trained clipping model
[2025-07-09 17:11:49.597] [jointLog] [warning] read aa5e4b2e-7cc7-4cfa-9d5e-abff43b110da (length 12461) has no trained clipping model
[2025-07-09 17:11:49.628] [jointLog] [warning] read b4a26631-0da5-4f8d-a476-08b4c353320a (length 13491 - align length 13401) has no trained error model
[2025-07-09 17:11:49.628] [jointLog] [warning] read b4a26631-0da5-4f8d-a476-08b4c353320a (length 13491) has no trained clipping model
[2025-07-09 17:11:49.628] [jointLog] [warning] read b4a26631-0da5-4f8d-a476-08b4c353320a (length 13491) has no trained clipping model
[2025-07-09 17:11:49.745] [jointLog] [warning] read f636dbb9-b6ed-40ff-a602-ba83fde6a4fe (length 123693 - align length 86) has no trained error model
[2025-07-09 17:11:49.745] [jointLog] [warning] read f636dbb9-b6ed-40ff-a602-ba83fde6a4fe (length 123693) has no trained clipping model
[2025-07-09 17:11:49.745] [jointLog] [warning] read f636dbb9-b6ed-40ff-a602-ba83fde6a4fe (length 123693) has no trained clipping model
[2025-07-09 17:11:49.749] [jointLog] [warning] read 43dcc782-e241-4200-83df-305d4731e5b4 (length 14256 - align length 1130) has no trained error model
[2025-07-09 17:11:49.749] [jointLog] [warning] read 43dcc782-e241-4200-83df-305d4731e5b4 (length 14256) has no trained clipping model
[2025-07-09 17:11:49.749] [jointLog] [warning] read 43dcc782-e241-4200-83df-305d4731e5b4 (length 14256) has no trained clipping model
[2025-07-09 17:11:49.749] [jointLog] [warning] read ef8b7c82-85cb-493f-95d5-1b7f76fe76d9 (length 30059 - align length 315) has no trained error model
[2025-07-09 17:11:49.749] [jointLog] [warning] read ef8b7c82-85cb-493f-95d5-1b7f76fe76d9 (length 30059) has no trained clipping model
[2025-07-09 17:11:49.749] [jointLog] [warning] read ef8b7c82-85cb-493f-95d5-1b7f76fe76d9 (length 30059) has no trained clipping model
[2025-07-09 17:11:49.750] [jointLog] [warning] read f2aa52bf-5094-406b-be97-4a9df0b66899 (length 24934 - align length 250) has no trained error model
[2025-07-09 17:11:49.750] [jointLog] [warning] read f2aa52bf-5094-406b-be97-4a9df0b66899 (length 24934) has no trained clipping model
[2025-07-09 17:11:49.750] [jointLog] [warning] read f2aa52bf-5094-406b-be97-4a9df0b66899 (length 24934) has no trained clipping model
[2025-07-09 17:11:49.750] [jointLog] [warning] read e7323766-7059-47da-b57f-3e36c9a4f913 (length 16826 - align length 251) has no trained error model
[2025-07-09 17:11:49.750] [jointLog] [warning] read e7323766-7059-47da-b57f-3e36c9a4f913 (length 16826) has no trained clipping model
[2025-07-09 17:11:49.750] [jointLog] [warning] read e7323766-7059-47da-b57f-3e36c9a4f913 (length 16826) has no trained clipping model
[2025-07-09 17:11:49.750] [jointLog] [warning] read 93c01dac-f0d1-44ca-b73d-8273865467f5 (length 204516 - align length 157) has no trained error model
[2025-07-09 17:11:49.750] [jointLog] [warning] read 93c01dac-f0d1-44ca-b73d-8273865467f5 (length 204516) has no trained clipping model
[2025-07-09 17:11:49.750] [jointLog] [warning] read 93c01dac-f0d1-44ca-b73d-8273865467f5 (length 204516) has no trained clipping model
[2025-07-09 17:11:49.750] [jointLog] [warning] read 8f0325ec-bd59-4334-923a-d1f3d925ec60 (length 44133 - align length 527) has no trained error model
[2025-07-09 17:11:49.750] [jointLog] [warning] read 8f0325ec-bd59-4334-923a-d1f3d925ec60 (length 44133) has no trained clipping model
[2025-07-09 17:11:49.750] [jointLog] [warning] read 8f0325ec-bd59-4334-923a-d1f3d925ec60 (length 44133) has no trained clipping model
[2025-07-09 17:11:49.750] [jointLog] [warning] read 8e2e1364-4a38-44ca-aba2-946084fe3ef0 (length 19089 - align length 3899) has no trained error model
[2025-07-09 17:11:49.750] [jointLog] [warning] read 8e2e1364-4a38-44ca-aba2-946084fe3ef0 (length 19089) has no trained clipping model
[2025-07-09 17:11:49.750] [jointLog] [warning] read 8e2e1364-4a38-44ca-aba2-946084fe3ef0 (length 19089) has no trained clipping model
[2025-07-09 17:11:49.750] [jointLog] [warning] read 5f71a57c-5c87-4271-ba05-26085e80dfb4 (length 12302 - align length 12278) has no trained error model
[2025-07-09 17:11:49.750] [jointLog] [warning] read 5f71a57c-5c87-4271-ba05-26085e80dfb4 (length 12302) has no trained clipping model
[2025-07-09 17:11:49.750] [jointLog] [warning] read 5f71a57c-5c87-4271-ba05-26085e80dfb4 (length 12302) has no trained clipping model
[2025-07-09 17:11:49.750] [jointLog] [warning] read c9d5fee8-074c-4dce-aa2a-ec6791bf5259 (length 17758 - align length 465) has no trained error model
[2025-07-09 17:11:49.750] [jointLog] [warning] read c9d5fee8-074c-4dce-aa2a-ec6791bf5259 (length 17758) has no trained clipping model
[2025-07-09 17:11:49.750] [jointLog] [warning] read c9d5fee8-074c-4dce-aa2a-ec6791bf5259 (length 17758) has no trained clipping model
[2025-07-09 17:11:49.750] [jointLog] [warning] read 49e065fb-166e-4b09-9b76-b034e38ca197 (length 24205 - align length 530) has no trained error model
[2025-07-09 17:11:49.750] [jointLog] [warning] read 49e065fb-166e-4b09-9b76-b034e38ca197 (length 24205) has no trained clipping model
[2025-07-09 17:11:49.750] [jointLog] [warning] read 49e065fb-166e-4b09-9b76-b034e38ca197 (length 24205) has no trained clipping model
[2025-07-09 17:11:49.750] [jointLog] [warning] read 7346430b-8dff-430d-8f96-dba298204625 (length 16711 - align length 1533) has no trained error model
[2025-07-09 17:11:49.750] [jointLog] [warning] read 7346430b-8dff-430d-8f96-dba298204625 (length 16711) has no trained clipping model
[2025-07-09 17:11:49.750] [jointLog] [warning] read 7346430b-8dff-430d-8f96-dba298204625 (length 16711) has no trained clipping model
[2025-07-09 17:11:49.750] [jointLog] [warning] read 1901ef12-d414-4213-b11d-516469af3c03 (length 15162 - align length 104) has no trained error model
[2025-07-09 17:11:49.750] [jointLog] [warning] read 1901ef12-d414-4213-b11d-516469af3c03 (length 15162) has no trained clipping model
[2025-07-09 17:11:49.750] [jointLog] [warning] read 1901ef12-d414-4213-b11d-516469af3c03 (length 15162) has no trained clipping model
[2025-07-09 17:11:49.750] [jointLog] [warning] read dca9f014-7140-4483-a284-62ead6f8414d (length 13548 - align length 108) has no trained error model
[2025-07-09 17:11:49.750] [jointLog] [warning] read dca9f014-7140-4483-a284-62ead6f8414d (length 13548) has no trained clipping model
[2025-07-09 17:11:49.750] [jointLog] [warning] read dca9f014-7140-4483-a284-62ead6f8414d (length 13548) has no trained clipping model
[2025-07-09 17:11:49.750] [jointLog] [warning] read 542a66f4-5c97-4d80-8134-b0df468eb3e0 (length 15709 - align length 15578) has no trained error model
[2025-07-09 17:11:49.750] [jointLog] [warning] read 542a66f4-5c97-4d80-8134-b0df468eb3e0 (length 15709) has no trained clipping model
[2025-07-09 17:11:49.750] [jointLog] [warning] read 542a66f4-5c97-4d80-8134-b0df468eb3e0 (length 15709) has no trained clipping model
[2025-07-09 17:11:49.750] [jointLog] [warning] read 10b13c83-440b-4088-be17-da3d4e48da38 (length 20634 - align length 1885) has no trained error model
[2025-07-09 17:11:49.750] [jointLog] [warning] read 10b13c83-440b-4088-be17-da3d4e48da38 (length 20634) has no trained clipping model
[2025-07-09 17:11:49.750] [jointLog] [warning] read 10b13c83-440b-4088-be17-da3d4e48da38 (length 20634) has no trained clipping model
[2025-07-09 17:11:49.750] [jointLog] [warning] read eb5e0926-6e6d-4c69-a386-8a67c63ceaa9 (length 55387 - align length 531) has no trained error model
[2025-07-09 17:11:49.750] [jointLog] [warning] read eb5e0926-6e6d-4c69-a386-8a67c63ceaa9 (length 55387) has no trained clipping model
[2025-07-09 17:11:49.750] [jointLog] [warning] read eb5e0926-6e6d-4c69-a386-8a67c63ceaa9 (length 55387) has no trained clipping model
[2025-07-09 17:11:49.750] [jointLog] [warning] read 48802a75-8ff9-4d46-ab87-5b70a3e6c5f8 (length 12307 - align length 1819) has no trained error model
[2025-07-09 17:11:49.750] [jointLog] [warning] read 48802a75-8ff9-4d46-ab87-5b70a3e6c5f8 (length 12307) has no trained clipping model
[2025-07-09 17:11:49.750] [jointLog] [warning] read 48802a75-8ff9-4d46-ab87-5b70a3e6c5f8 (length 12307) has no trained clipping model
[2025-07-09 17:11:49.750] [jointLog] [warning] read b3ac15e8-a6fc-4201-8b86-c4da5f6bc393 (length 22254 - align length 453) has no trained error model
[2025-07-09 17:11:49.750] [jointLog] [warning] read b3ac15e8-a6fc-4201-8b86-c4da5f6bc393 (length 22254) has no trained clipping model
[2025-07-09 17:11:49.750] [jointLog] [warning] read b3ac15e8-a6fc-4201-8b86-c4da5f6bc393 (length 22254) has no trained clipping model
[2025-07-09 17:11:49.750] [jointLog] [warning] read bb61f789-99f8-4858-9185-bf3e055f6d15 (length 15545 - align length 121) has no trained error model
[2025-07-09 17:11:49.750] [jointLog] [warning] read bb61f789-99f8-4858-9185-bf3e055f6d15 (length 15545) has no trained clipping model
[2025-07-09 17:11:49.750] [jointLog] [warning] read bb61f789-99f8-4858-9185-bf3e055f6d15 (length 15545) has no trained clipping model
[2025-07-09 17:11:49.750] [jointLog] [warning] read 2fe6a8a2-8a99-40ac-9fc2-6154aebca0cf (length 12776 - align length 1350) has no trained error model
[2025-07-09 17:11:49.750] [jointLog] [warning] read 2fe6a8a2-8a99-40ac-9fc2-6154aebca0cf (length 12776) has no trained clipping model
[2025-07-09 17:11:49.750] [jointLog] [warning] read 2fe6a8a2-8a99-40ac-9fc2-6154aebca0cf (length 12776) has no trained clipping model
[2025-07-09 17:11:49.750] [jointLog] [warning] read 510f45ef-ae4a-4cad-8716-375550bf4bfc (length 32783 - align length 1193) has no trained error model
[2025-07-09 17:11:49.750] [jointLog] [warning] read 510f45ef-ae4a-4cad-8716-375550bf4bfc (length 32783) has no trained clipping model
[2025-07-09 17:11:49.750] [jointLog] [warning] read 510f45ef-ae4a-4cad-8716-375550bf4bfc (length 32783) has no trained clipping model
[2025-07-09 17:11:49.750] [jointLog] [warning] read 02a33265-d493-4648-8304-d679b909b7b6 (length 14732 - align length 14680) has no trained error model
[2025-07-09 17:11:49.750] [jointLog] [warning] read 02a33265-d493-4648-8304-d679b909b7b6 (length 14732) has no trained clipping model
[2025-07-09 17:11:49.750] [jointLog] [warning] read 02a33265-d493-4648-8304-d679b909b7b6 (length 14732) has no trained clipping model
[2025-07-09 17:11:49.750] [jointLog] [warning] read 5dea23f1-b59e-438f-a8d4-3addd971fbc0 (length 27228 - align length 213) has no trained error model
[2025-07-09 17:11:49.750] [jointLog] [warning] read 5dea23f1-b59e-438f-a8d4-3addd971fbc0 (length 27228) has no trained clipping model
[2025-07-09 17:11:49.750] [jointLog] [warning] read 5dea23f1-b59e-438f-a8d4-3addd971fbc0 (length 27228) has no trained clipping model
[2025-07-09 17:11:49.750] [jointLog] [warning] read a776347e-f2f1-4bb4-9627-a9ca921ed08c (length 14665 - align length 14663) has no trained error model
[2025-07-09 17:11:49.750] [jointLog] [warning] read a776347e-f2f1-4bb4-9627-a9ca921ed08c (length 14665) has no trained clipping model
[2025-07-09 17:11:49.750] [jointLog] [warning] read a776347e-f2f1-4bb4-9627-a9ca921ed08c (length 14665) has no trained clipping model
[2025-07-09 17:11:49.750] [jointLog] [warning] read a8a70024-b014-4662-b8d2-19852bff6026 (length 14417 - align length 317) has no trained error model
[2025-07-09 17:11:49.750] [jointLog] [warning] read a8a70024-b014-4662-b8d2-19852bff6026 (length 14417) has no trained clipping model
[2025-07-09 17:11:49.750] [jointLog] [warning] read a8a70024-b014-4662-b8d2-19852bff6026 (length 14417) has no trained clipping model
[2025-07-09 17:11:49.750] [jointLog] [warning] read 3f32f673-26e7-4527-a110-25d45771945a (length 28002 - align length 562) has no trained error model
[2025-07-09 17:11:49.750] [jointLog] [warning] read 3f32f673-26e7-4527-a110-25d45771945a (length 28002) has no trained clipping model
[2025-07-09 17:11:49.750] [jointLog] [warning] read 3f32f673-26e7-4527-a110-25d45771945a (length 28002) has no trained clipping model
[2025-07-09 17:11:49.750] [jointLog] [warning] read 480f59b3-c438-464d-82a9-a23a776f0b40 (length 43575 - align length 132) has no trained error model
[2025-07-09 17:11:49.750] [jointLog] [warning] read 480f59b3-c438-464d-82a9-a23a776f0b40 (length 43575) has no trained clipping model
[2025-07-09 17:11:49.750] [jointLog] [warning] read 480f59b3-c438-464d-82a9-a23a776f0b40 (length 43575) has no trained clipping model
[2025-07-09 17:11:49.750] [jointLog] [warning] read 54a1e66d-a0f5-476a-8b4a-5f9eb6ee227f (length 13345 - align length 13330) has no trained error model
[2025-07-09 17:11:49.750] [jointLog] [warning] read fb0dcb10-a880-4798-a937-747de757563a (length 72495 - align length 233) has no trained error model
[2025-07-09 17:11:49.750] [jointLog] [warning] read fb0dcb10-a880-4798-a937-747de757563a (length 72495) has no trained clipping model
[2025-07-09 17:11:49.750] [jointLog] [warning] read fb0dcb10-a880-4798-a937-747de757563a (length 72495) has no trained clipping model
[2025-07-09 17:11:49.751] [jointLog] [warning] read d64e05e7-d663-43a3-9bc6-0df592a58c9f (length 24612 - align length 157) has no trained error model
[2025-07-09 17:11:49.751] [jointLog] [warning] read d64e05e7-d663-43a3-9bc6-0df592a58c9f (length 24612) has no trained clipping model
[2025-07-09 17:11:49.751] [jointLog] [warning] read d64e05e7-d663-43a3-9bc6-0df592a58c9f (length 24612) has no trained clipping model
[2025-07-09 17:11:49.751] [jointLog] [warning] read 77e54016-2421-4bdf-8175-0b353af84c68 (length 19009 - align length 2226) has no trained error model
[2025-07-09 17:11:49.751] [jointLog] [warning] read 77e54016-2421-4bdf-8175-0b353af84c68 (length 19009) has no trained clipping model
[2025-07-09 17:11:49.751] [jointLog] [warning] read 77e54016-2421-4bdf-8175-0b353af84c68 (length 19009) has no trained clipping model
[2025-07-09 17:11:49.751] [jointLog] [warning] read b7a2d281-afbc-40a2-8547-f7e4aa6d0923 (length 135053 - align length 475) has no trained error model
[2025-07-09 17:11:49.751] [jointLog] [warning] read b7a2d281-afbc-40a2-8547-f7e4aa6d0923 (length 135053) has no trained clipping model
[2025-07-09 17:11:49.751] [jointLog] [warning] read b7a2d281-afbc-40a2-8547-f7e4aa6d0923 (length 135053) has no trained clipping model
[2025-07-09 17:11:49.751] [jointLog] [warning] read bf05494a-0bcb-4acd-8e3f-e6b73140a193 (length 17081 - align length 133) has no trained error model
[2025-07-09 17:11:49.751] [jointLog] [warning] read bf05494a-0bcb-4acd-8e3f-e6b73140a193 (length 17081) has no trained clipping model
[2025-07-09 17:11:49.751] [jointLog] [warning] read bf05494a-0bcb-4acd-8e3f-e6b73140a193 (length 17081) has no trained clipping model
[2025-07-09 17:11:49.952] [jointLog] [warning] read 091fb93a-df6a-4986-b0f3-d6f88f2ba1a5 (length 11577) has no trained clipping model
[2025-07-09 17:11:49.974] [jointLog] [warning] read f88fc964-7880-4060-907b-c2fdafb2ac42 (length 12953 - align length 12902) has no trained error model
[2025-07-09 17:11:49.974] [jointLog] [warning] read f88fc964-7880-4060-907b-c2fdafb2ac42 (length 12953) has no trained clipping model
[2025-07-09 17:11:49.974] [jointLog] [warning] read f88fc964-7880-4060-907b-c2fdafb2ac42 (length 12953) has no trained clipping model
[2025-07-09 17:11:50.012] [jointLog] [warning] read 85bebb6e-d873-42bf-80e3-53bfcb28aa14 (length 10416 - align length 10357) has no trained error model
[2025-07-09 17:11:50.216] [jointLog] [warning] read 869f4ba2-5be2-433c-a72e-f16af1f2558d (length 13954 - align length 13891) has no trained error model
[2025-07-09 17:11:50.216] [jointLog] [warning] read 869f4ba2-5be2-433c-a72e-f16af1f2558d (length 13954) has no trained clipping model
[2025-07-09 17:11:50.216] [jointLog] [warning] read 869f4ba2-5be2-433c-a72e-f16af1f2558d (length 13954) has no trained clipping model
[2025-07-09 17:11:50.282] [jointLog] [warning] read a26d85af-abf3-4c40-bd49-a86459456b76 (length 11460 - align length 1970) has no trained error model
[2025-07-09 17:11:50.282] [jointLog] [warning] read a26d85af-abf3-4c40-bd49-a86459456b76 (length 11460) has no trained clipping model
[2025-07-09 17:11:50.282] [jointLog] [warning] read a26d85af-abf3-4c40-bd49-a86459456b76 (length 11460) has no trained clipping model
[2025-07-09 17:11:50.282] [jointLog] [warning] read 6761a7d5-69e8-42a9-89f8-d5384612c5d1 (length 13705 - align length 202) has no trained error model
[2025-07-09 17:11:50.282] [jointLog] [warning] read 6761a7d5-69e8-42a9-89f8-d5384612c5d1 (length 13705) has no trained clipping model
[2025-07-09 17:11:50.282] [jointLog] [warning] read 6761a7d5-69e8-42a9-89f8-d5384612c5d1 (length 13705) has no trained clipping model
[2025-07-09 17:11:50.282] [jointLog] [warning] read 34bc4794-be0c-4af8-85b7-eace5f9327cd (length 23705 - align length 213) has no trained error model
[2025-07-09 17:11:50.282] [jointLog] [warning] read 34bc4794-be0c-4af8-85b7-eace5f9327cd (length 23705) has no trained clipping model
[2025-07-09 17:11:50.282] [jointLog] [warning] read 34bc4794-be0c-4af8-85b7-eace5f9327cd (length 23705) has no trained clipping model
[2025-07-09 17:11:50.282] [jointLog] [warning] read 59274fc8-660f-4309-a013-5291a189296d (length 14891 - align length 464) has no trained error model
[2025-07-09 17:11:50.282] [jointLog] [warning] read 59274fc8-660f-4309-a013-5291a189296d (length 14891) has no trained clipping model
[2025-07-09 17:11:50.282] [jointLog] [warning] read 59274fc8-660f-4309-a013-5291a189296d (length 14891) has no trained clipping model
[2025-07-09 17:11:50.282] [jointLog] [warning] read b9f6524c-bb70-4f71-8b38-12ce1f9d3010 (length 42689 - align length 680) has no trained error model
[2025-07-09 17:11:50.282] [jointLog] [warning] read b9f6524c-bb70-4f71-8b38-12ce1f9d3010 (length 42689) has no trained clipping model
[2025-07-09 17:11:50.282] [jointLog] [warning] read b9f6524c-bb70-4f71-8b38-12ce1f9d3010 (length 42689) has no trained clipping model
[2025-07-09 17:11:50.282] [jointLog] [warning] read a5f15abc-692b-4848-9688-6b11eb320c00 (length 75700 - align length 1838) has no trained error model
[2025-07-09 17:11:50.282] [jointLog] [warning] read a5f15abc-692b-4848-9688-6b11eb320c00 (length 75700) has no trained clipping model
[2025-07-09 17:11:50.282] [jointLog] [warning] read a5f15abc-692b-4848-9688-6b11eb320c00 (length 75700) has no trained clipping model
[2025-07-09 17:11:50.283] [jointLog] [warning] read 0cdc97e7-abfc-442e-accb-879093bbf16b (length 22266 - align length 1922) has no trained error model
[2025-07-09 17:11:50.283] [jointLog] [warning] read 0cdc97e7-abfc-442e-accb-879093bbf16b (length 22266) has no trained clipping model
[2025-07-09 17:11:50.283] [jointLog] [warning] read 0cdc97e7-abfc-442e-accb-879093bbf16b (length 22266) has no trained clipping model
[2025-07-09 17:11:50.283] [jointLog] [warning] read e3eec49b-ffa7-49cf-8617-315b0d8a6a0b (length 72473 - align length 378) has no trained error model
[2025-07-09 17:11:50.283] [jointLog] [warning] read e3eec49b-ffa7-49cf-8617-315b0d8a6a0b (length 72473) has no trained clipping model
[2025-07-09 17:11:50.283] [jointLog] [warning] read e3eec49b-ffa7-49cf-8617-315b0d8a6a0b (length 72473) has no trained clipping model
[2025-07-09 17:11:50.283] [jointLog] [warning] read cfd2db18-358e-4440-9b6c-d1968c45f5d3 (length 119165 - align length 1394) has no trained error model
[2025-07-09 17:11:50.283] [jointLog] [warning] read cfd2db18-358e-4440-9b6c-d1968c45f5d3 (length 119165) has no trained clipping model
[2025-07-09 17:11:50.283] [jointLog] [warning] read cfd2db18-358e-4440-9b6c-d1968c45f5d3 (length 119165) has no trained clipping model
[2025-07-09 17:11:50.305] [jointLog] [warning] read 3284cd57-7885-4a2c-907b-daf8519632bb (length 11412 - align length 9118) has no trained error model
[2025-07-09 17:11:50.305] [jointLog] [warning] read 3284cd57-7885-4a2c-907b-daf8519632bb (length 11412) has no trained clipping model
[2025-07-09 17:11:50.305] [jointLog] [warning] read 3284cd57-7885-4a2c-907b-daf8519632bb (length 11412) has no trained clipping model
[2025-07-09 17:11:50.965] [jointLog] [warning] read 527d0ea9-d262-4f15-a879-848fe0046b77 (length 25360 - align length 647) has no trained error model
[2025-07-09 17:11:50.965] [jointLog] [warning] read 527d0ea9-d262-4f15-a879-848fe0046b77 (length 25360) has no trained clipping model
[2025-07-09 17:11:50.965] [jointLog] [warning] read 527d0ea9-d262-4f15-a879-848fe0046b77 (length 25360) has no trained clipping model
[2025-07-09 17:11:50.965] [jointLog] [warning] read 5cdab11c-3407-4067-8534-7981b717e994 (length 13847 - align length 2261) has no trained error model
[2025-07-09 17:11:50.965] [jointLog] [warning] read 5cdab11c-3407-4067-8534-7981b717e994 (length 13847) has no trained clipping model
[2025-07-09 17:11:50.965] [jointLog] [warning] read 5cdab11c-3407-4067-8534-7981b717e994 (length 13847) has no trained clipping model
[2025-07-09 17:11:50.965] [jointLog] [warning] read b75938d4-9600-4c69-8032-75374d059618 (length 38521 - align length 470) has no trained error model
[2025-07-09 17:11:50.965] [jointLog] [warning] read b75938d4-9600-4c69-8032-75374d059618 (length 38521) has no trained clipping model
[2025-07-09 17:11:50.965] [jointLog] [warning] read b75938d4-9600-4c69-8032-75374d059618 (length 38521) has no trained clipping model
[2025-07-09 17:11:50.965] [jointLog] [warning] read ea6d1b03-3fae-427c-9df5-5285fa46d705 (length 150526 - align length 786) has no trained error model
[2025-07-09 17:11:50.965] [jointLog] [warning] read ea6d1b03-3fae-427c-9df5-5285fa46d705 (length 150526) has no trained clipping model
[2025-07-09 17:11:50.965] [jointLog] [warning] read ea6d1b03-3fae-427c-9df5-5285fa46d705 (length 150526) has no trained clipping model
[2025-07-09 17:11:50.965] [jointLog] [warning] read 48e52232-d50a-4ed0-9436-caf2ae370c60 (length 23916 - align length 84) has no trained error model
[2025-07-09 17:11:50.965] [jointLog] [warning] read 48e52232-d50a-4ed0-9436-caf2ae370c60 (length 23916) has no trained clipping model
[2025-07-09 17:11:50.965] [jointLog] [warning] read 48e52232-d50a-4ed0-9436-caf2ae370c60 (length 23916) has no trained clipping model
[2025-07-09 17:11:50.965] [jointLog] [warning] read c6f63b3b-d005-40a6-9c1a-c83b1f9e427a (length 14525 - align length 939) has no trained error model
[2025-07-09 17:11:50.965] [jointLog] [warning] read c6f63b3b-d005-40a6-9c1a-c83b1f9e427a (length 14525) has no trained clipping model
[2025-07-09 17:11:50.965] [jointLog] [warning] read c6f63b3b-d005-40a6-9c1a-c83b1f9e427a (length 14525) has no trained clipping model
[2025-07-09 17:11:50.965] [jointLog] [warning] read 3cc3ec5c-86d3-485e-a7e5-f26d8ffe13e3 (length 14745 - align length 391) has no trained error model
[2025-07-09 17:11:50.965] [jointLog] [warning] read 3cc3ec5c-86d3-485e-a7e5-f26d8ffe13e3 (length 14745) has no trained clipping model
[2025-07-09 17:11:50.965] [jointLog] [warning] read 3cc3ec5c-86d3-485e-a7e5-f26d8ffe13e3 (length 14745) has no trained clipping model
[2025-07-09 17:11:50.965] [jointLog] [warning] read 6770dc92-8031-438e-ab67-1facaee41414 (length 12747 - align length 473) has no trained error model
[2025-07-09 17:11:50.965] [jointLog] [warning] read 6770dc92-8031-438e-ab67-1facaee41414 (length 12747) has no trained clipping model
[2025-07-09 17:11:50.965] [jointLog] [warning] read 6770dc92-8031-438e-ab67-1facaee41414 (length 12747) has no trained clipping model
[2025-07-09 17:11:50.965] [jointLog] [warning] read 0fa129cf-3d22-4ca1-9214-47ba9cbc6840 (length 19927 - align length 94) has no trained error model
[2025-07-09 17:11:50.965] [jointLog] [warning] read 0fa129cf-3d22-4ca1-9214-47ba9cbc6840 (length 19927) has no trained clipping model
[2025-07-09 17:11:50.965] [jointLog] [warning] read 0fa129cf-3d22-4ca1-9214-47ba9cbc6840 (length 19927) has no trained clipping model
[2025-07-09 17:11:50.965] [jointLog] [warning] read b8510096-8798-4872-af5b-2cafc6d6a1db (length 34481 - align length 177) has no trained error model
[2025-07-09 17:11:50.965] [jointLog] [warning] read b8510096-8798-4872-af5b-2cafc6d6a1db (length 34481) has no trained clipping model
[2025-07-09 17:11:50.965] [jointLog] [warning] read b8510096-8798-4872-af5b-2cafc6d6a1db (length 34481) has no trained clipping model
[2025-07-09 17:11:50.965] [jointLog] [warning] read 922e8997-67b8-4127-ab6b-aa17ba2adaf8 (length 14713 - align length 55) has no trained error model
[2025-07-09 17:11:50.965] [jointLog] [warning] read 922e8997-67b8-4127-ab6b-aa17ba2adaf8 (length 14713) has no trained clipping model
[2025-07-09 17:11:50.965] [jointLog] [warning] read 922e8997-67b8-4127-ab6b-aa17ba2adaf8 (length 14713) has no trained clipping model
[2025-07-09 17:11:50.965] [jointLog] [warning] read 5cee1525-ece7-4819-ad31-afaa6d3e3b59 (length 29361 - align length 2357) has no trained error model
[2025-07-09 17:11:50.965] [jointLog] [warning] read 5cee1525-ece7-4819-ad31-afaa6d3e3b59 (length 29361) has no trained clipping model
[2025-07-09 17:11:50.965] [jointLog] [warning] read 5cee1525-ece7-4819-ad31-afaa6d3e3b59 (length 29361) has no trained clipping model
[2025-07-09 17:11:50.965] [jointLog] [warning] read c58a0362-a9d5-4957-80ad-8025e76da621 (length 15948 - align length 211) has no trained error model
[2025-07-09 17:11:50.965] [jointLog] [warning] read c58a0362-a9d5-4957-80ad-8025e76da621 (length 15948) has no trained clipping model
[2025-07-09 17:11:50.965] [jointLog] [warning] read c58a0362-a9d5-4957-80ad-8025e76da621 (length 15948) has no trained clipping model
[2025-07-09 17:11:50.965] [jointLog] [warning] read bd72e225-80c3-49b9-985d-92131f9ea6fb (length 15950 - align length 58) has no trained error model
[2025-07-09 17:11:50.965] [jointLog] [warning] read bd72e225-80c3-49b9-985d-92131f9ea6fb (length 15950) has no trained clipping model
[2025-07-09 17:11:50.965] [jointLog] [warning] read bd72e225-80c3-49b9-985d-92131f9ea6fb (length 15950) has no trained clipping model
[2025-07-09 17:11:50.965] [jointLog] [warning] read a06aace8-e191-49b5-9107-b51cad200f7a (length 11790) has no trained clipping model
[2025-07-09 17:11:50.965] [jointLog] [warning] read 6cee0180-fca4-4dc2-b335-8ce217e13eff (length 14447 - align length 14396) has no trained error model
[2025-07-09 17:11:50.965] [jointLog] [warning] read 6cee0180-fca4-4dc2-b335-8ce217e13eff (length 14447) has no trained clipping model
[2025-07-09 17:11:50.965] [jointLog] [warning] read 6cee0180-fca4-4dc2-b335-8ce217e13eff (length 14447) has no trained clipping model
[2025-07-09 17:11:50.967] [jointLog] [warning] read 704f1668-9e35-49b4-8ebb-8e99cff1d354 (length 39994 - align length 58) has no trained error model
[2025-07-09 17:11:50.967] [jointLog] [warning] read 704f1668-9e35-49b4-8ebb-8e99cff1d354 (length 39994) has no trained clipping model
[2025-07-09 17:11:50.967] [jointLog] [warning] read 704f1668-9e35-49b4-8ebb-8e99cff1d354 (length 39994) has no trained clipping model
[2025-07-09 17:11:50.990] [jointLog] [warning] read d4792263-0a1f-4347-8549-11c878f10e3d (length 11746 - align length 11718) has no trained error model
[2025-07-09 17:11:50.990] [jointLog] [warning] read d4792263-0a1f-4347-8549-11c878f10e3d (length 11746) has no trained clipping model
[2025-07-09 17:11:51.162] [jointLog] [warning] read 8adfddd5-42a7-4372-953c-c0d7ed65a814 (length 12369 - align length 94) has no trained error model
[2025-07-09 17:11:51.162] [jointLog] [warning] read 8adfddd5-42a7-4372-953c-c0d7ed65a814 (length 12369) has no trained clipping model
[2025-07-09 17:11:51.162] [jointLog] [warning] read 8adfddd5-42a7-4372-953c-c0d7ed65a814 (length 12369) has no trained clipping model
[2025-07-09 17:11:51.162] [jointLog] [warning] read a9dea37f-3966-4c09-88f9-575351a74a85 (length 62493 - align length 1174) has no trained error model
[2025-07-09 17:11:51.162] [jointLog] [warning] read a9dea37f-3966-4c09-88f9-575351a74a85 (length 62493) has no trained clipping model
[2025-07-09 17:11:51.162] [jointLog] [warning] read a9dea37f-3966-4c09-88f9-575351a74a85 (length 62493) has no trained clipping model
[2025-07-09 17:11:51.162] [jointLog] [warning] read 4556e043-b18c-4d12-b636-73217e27ca00 (length 20648 - align length 124) has no trained error model
[2025-07-09 17:11:51.162] [jointLog] [warning] read 4556e043-b18c-4d12-b636-73217e27ca00 (length 20648) has no trained clipping model
[2025-07-09 17:11:51.162] [jointLog] [warning] read 4556e043-b18c-4d12-b636-73217e27ca00 (length 20648) has no trained clipping model
[2025-07-09 17:11:51.164] [jointLog] [warning] read bfd92b6f-4a84-4490-a85b-28aaffaff1d6 (length 18607 - align length 165) has no trained error model
[2025-07-09 17:11:51.164] [jointLog] [warning] read bfd92b6f-4a84-4490-a85b-28aaffaff1d6 (length 18607) has no trained clipping model
[2025-07-09 17:11:51.164] [jointLog] [warning] read bfd92b6f-4a84-4490-a85b-28aaffaff1d6 (length 18607) has no trained clipping model
[2025-07-09 17:11:51.164] [jointLog] [warning] read 93ce45ad-7992-43c2-8141-89b3bf08350a (length 32861 - align length 185) has no trained error model
[2025-07-09 17:11:51.164] [jointLog] [warning] read 93ce45ad-7992-43c2-8141-89b3bf08350a (length 32861) has no trained clipping model
[2025-07-09 17:11:51.164] [jointLog] [warning] read 93ce45ad-7992-43c2-8141-89b3bf08350a (length 32861) has no trained clipping model
[2025-07-09 17:11:51.165] [jointLog] [warning] read 72a340f7-067f-469e-bfdb-cfc87147f677 (length 14403 - align length 555) has no trained error model
[2025-07-09 17:11:51.165] [jointLog] [warning] read 72a340f7-067f-469e-bfdb-cfc87147f677 (length 14403) has no trained clipping model
[2025-07-09 17:11:51.165] [jointLog] [warning] read 72a340f7-067f-469e-bfdb-cfc87147f677 (length 14403) has no trained clipping model
[2025-07-09 17:11:51.165] [jointLog] [warning] read 6a861a82-c643-415d-9c0d-15217f9710d7 (length 80537 - align length 146) has no trained error model
[2025-07-09 17:11:51.165] [jointLog] [warning] read 6a861a82-c643-415d-9c0d-15217f9710d7 (length 80537) has no trained clipping model
[2025-07-09 17:11:51.165] [jointLog] [warning] read 6a861a82-c643-415d-9c0d-15217f9710d7 (length 80537) has no trained clipping model
[2025-07-09 17:11:51.165] [jointLog] [warning] read fd7ae59b-f7f2-4fdc-a2d6-1f2a202459ea (length 17073 - align length 3012) has no trained error model
[2025-07-09 17:11:51.165] [jointLog] [warning] read fd7ae59b-f7f2-4fdc-a2d6-1f2a202459ea (length 17073) has no trained clipping model
[2025-07-09 17:11:51.165] [jointLog] [warning] read fd7ae59b-f7f2-4fdc-a2d6-1f2a202459ea (length 17073) has no trained clipping model
[2025-07-09 17:11:51.165] [jointLog] [warning] read 9f6d6520-52a5-4417-9b34-cfb0982bfd00 (length 20653 - align length 1791) has no trained error model
[2025-07-09 17:11:51.165] [jointLog] [warning] read 9f6d6520-52a5-4417-9b34-cfb0982bfd00 (length 20653) has no trained clipping model
[2025-07-09 17:11:51.165] [jointLog] [warning] read 9f6d6520-52a5-4417-9b34-cfb0982bfd00 (length 20653) has no trained clipping model
[2025-07-09 17:11:51.165] [jointLog] [warning] read 6ea162de-1e86-47dd-aa98-b1e93719de07 (length 18463 - align length 864) has no trained error model
[2025-07-09 17:11:51.165] [jointLog] [warning] read 6ea162de-1e86-47dd-aa98-b1e93719de07 (length 18463) has no trained clipping model
[2025-07-09 17:11:51.165] [jointLog] [warning] read 6ea162de-1e86-47dd-aa98-b1e93719de07 (length 18463) has no trained clipping model
[2025-07-09 17:11:51.165] [jointLog] [warning] read 292f261c-42c2-43e9-b624-f9d0d53d433b (length 154270 - align length 133) has no trained error model
[2025-07-09 17:11:51.165] [jointLog] [warning] read 292f261c-42c2-43e9-b624-f9d0d53d433b (length 154270) has no trained clipping model
[2025-07-09 17:11:51.165] [jointLog] [warning] read 292f261c-42c2-43e9-b624-f9d0d53d433b (length 154270) has no trained clipping model
[2025-07-09 17:11:51.165] [jointLog] [warning] read b847ff11-e2ed-4c4d-93d4-cc4423ee19cf (length 45067 - align length 272) has no trained error model
[2025-07-09 17:11:51.165] [jointLog] [warning] read b847ff11-e2ed-4c4d-93d4-cc4423ee19cf (length 45067) has no trained clipping model
[2025-07-09 17:11:51.165] [jointLog] [warning] read b847ff11-e2ed-4c4d-93d4-cc4423ee19cf (length 45067) has no trained clipping model
[2025-07-09 17:11:51.165] [jointLog] [warning] read 131d9fe3-3f23-452c-8182-c1a111118181 (length 15132 - align length 366) has no trained error model
[2025-07-09 17:11:51.165] [jointLog] [warning] read 131d9fe3-3f23-452c-8182-c1a111118181 (length 15132) has no trained clipping model
[2025-07-09 17:11:51.165] [jointLog] [warning] read 131d9fe3-3f23-452c-8182-c1a111118181 (length 15132) has no trained clipping model
[2025-07-09 17:11:51.165] [jointLog] [warning] read 74aa0471-74ce-4ecf-a185-f12da63eb2d4 (length 119391 - align length 378) has no trained error model
[2025-07-09 17:11:51.165] [jointLog] [warning] read 74aa0471-74ce-4ecf-a185-f12da63eb2d4 (length 119391) has no trained clipping model
[2025-07-09 17:11:51.165] [jointLog] [warning] read 74aa0471-74ce-4ecf-a185-f12da63eb2d4 (length 119391) has no trained clipping model
[2025-07-09 17:11:51.165] [jointLog] [warning] read 52d4f616-831e-41bb-9e18-edb75be1cd07 (length 20594 - align length 1062) has no trained error model
[2025-07-09 17:11:51.165] [jointLog] [warning] read 52d4f616-831e-41bb-9e18-edb75be1cd07 (length 20594) has no trained clipping model
[2025-07-09 17:11:51.165] [jointLog] [warning] read 52d4f616-831e-41bb-9e18-edb75be1cd07 (length 20594) has no trained clipping model
[2025-07-09 17:11:51.165] [jointLog] [warning] read 44ff9c7b-d8fa-4ac5-a72b-f24c866c0973 (length 17804 - align length 258) has no trained error model
[2025-07-09 17:11:51.165] [jointLog] [warning] read 44ff9c7b-d8fa-4ac5-a72b-f24c866c0973 (length 17804) has no trained clipping model
[2025-07-09 17:11:51.165] [jointLog] [warning] read 44ff9c7b-d8fa-4ac5-a72b-f24c866c0973 (length 17804) has no trained clipping model
[2025-07-09 17:11:51.165] [jointLog] [warning] read db3d172b-334a-4064-a586-1bc90d0ff38b (length 37771 - align length 4323) has no trained error model
[2025-07-09 17:11:51.165] [jointLog] [warning] read db3d172b-334a-4064-a586-1bc90d0ff38b (length 37771) has no trained clipping model
[2025-07-09 17:11:51.165] [jointLog] [warning] read db3d172b-334a-4064-a586-1bc90d0ff38b (length 37771) has no trained clipping model
[2025-07-09 17:11:51.165] [jointLog] [warning] read 1e3902bc-67b8-46bd-a2f7-5f7bda24cd35 (length 26178 - align length 82) has no trained error model
[2025-07-09 17:11:51.165] [jointLog] [warning] read 1e3902bc-67b8-46bd-a2f7-5f7bda24cd35 (length 26178) has no trained clipping model
[2025-07-09 17:11:51.165] [jointLog] [warning] read 1e3902bc-67b8-46bd-a2f7-5f7bda24cd35 (length 26178) has no trained clipping model
[2025-07-09 17:11:51.165] [jointLog] [warning] read 3e5291c1-4da5-499c-8772-dd0e18aaaf25 (length 18098 - align length 369) has no trained error model
[2025-07-09 17:11:51.165] [jointLog] [warning] read 3e5291c1-4da5-499c-8772-dd0e18aaaf25 (length 18098) has no trained clipping model
[2025-07-09 17:11:51.165] [jointLog] [warning] read 3e5291c1-4da5-499c-8772-dd0e18aaaf25 (length 18098) has no trained clipping model
[2025-07-09 17:11:51.165] [jointLog] [warning] read 1e33f870-a263-4473-bcff-18a36a185a19 (length 23065 - align length 531) has no trained error model
[2025-07-09 17:11:51.165] [jointLog] [warning] read 1e33f870-a263-4473-bcff-18a36a185a19 (length 23065) has no trained clipping model
[2025-07-09 17:11:51.165] [jointLog] [warning] read 1e33f870-a263-4473-bcff-18a36a185a19 (length 23065) has no trained clipping model
[2025-07-09 17:11:51.165] [jointLog] [warning] read db1623ac-a6bd-41eb-b397-e3140d712062 (length 25093 - align length 1049) has no trained error model
[2025-07-09 17:11:51.165] [jointLog] [warning] read db1623ac-a6bd-41eb-b397-e3140d712062 (length 25093) has no trained clipping model
[2025-07-09 17:11:51.165] [jointLog] [warning] read db1623ac-a6bd-41eb-b397-e3140d712062 (length 25093) has no trained clipping model
[2025-07-09 17:11:51.165] [jointLog] [warning] read 378441bc-683c-406c-ab33-d96c0b8f8859 (length 14296 - align length 1600) has no trained error model
[2025-07-09 17:11:51.165] [jointLog] [warning] read 378441bc-683c-406c-ab33-d96c0b8f8859 (length 14296) has no trained clipping model
[2025-07-09 17:11:51.165] [jointLog] [warning] read 378441bc-683c-406c-ab33-d96c0b8f8859 (length 14296) has no trained clipping model
[2025-07-09 17:11:51.165] [jointLog] [warning] read b5107356-30fe-4527-8b22-4a2a575f0060 (length 12716 - align length 676) has no trained error model
[2025-07-09 17:11:51.165] [jointLog] [warning] read b5107356-30fe-4527-8b22-4a2a575f0060 (length 12716) has no trained clipping model
[2025-07-09 17:11:51.165] [jointLog] [warning] read b5107356-30fe-4527-8b22-4a2a575f0060 (length 12716) has no trained clipping model
[2025-07-09 17:11:51.165] [jointLog] [warning] read 103a094f-6bbd-43b9-b301-b1ab33f8e1ab (length 26564 - align length 441) has no trained error model
[2025-07-09 17:11:51.165] [jointLog] [warning] read 103a094f-6bbd-43b9-b301-b1ab33f8e1ab (length 26564) has no trained clipping model
[2025-07-09 17:11:51.165] [jointLog] [warning] read 103a094f-6bbd-43b9-b301-b1ab33f8e1ab (length 26564) has no trained clipping model
[2025-07-09 17:11:51.165] [jointLog] [warning] read 65f1bac4-b857-4af2-b110-c77318e5d34d (length 17112 - align length 274) has no trained error model
[2025-07-09 17:11:51.165] [jointLog] [warning] read 65f1bac4-b857-4af2-b110-c77318e5d34d (length 17112) has no trained clipping model
[2025-07-09 17:11:51.165] [jointLog] [warning] read 65f1bac4-b857-4af2-b110-c77318e5d34d (length 17112) has no trained clipping model
[2025-07-09 17:11:51.165] [jointLog] [warning] read e8333d5a-ba3a-4b4b-9b89-9d4753344701 (length 19300 - align length 406) has no trained error model
[2025-07-09 17:11:51.165] [jointLog] [warning] read e8333d5a-ba3a-4b4b-9b89-9d4753344701 (length 19300) has no trained clipping model
[2025-07-09 17:11:51.165] [jointLog] [warning] read e8333d5a-ba3a-4b4b-9b89-9d4753344701 (length 19300) has no trained clipping model
[2025-07-09 17:11:51.166] [jointLog] [warning] read 380f5b44-a8cf-484b-bbb2-d22f2d198757 (length 13940 - align length 13907) has no trained error model
[2025-07-09 17:11:51.166] [jointLog] [warning] read 380f5b44-a8cf-484b-bbb2-d22f2d198757 (length 13940) has no trained clipping model
[2025-07-09 17:11:51.166] [jointLog] [warning] read 380f5b44-a8cf-484b-bbb2-d22f2d198757 (length 13940) has no trained clipping model
[2025-07-09 17:11:51.399] [fileLog] [info] quantification processed 18000000 fragments so far

[2025-07-09 17:11:51.391] [jointLog] [warning] read b937cae9-1541-4025-82a9-05e0104b1b55 (length 10354 - align length 10342) has no trained error model
[2025-07-09 17:11:51.465] [jointLog] [warning] read 4676e6e2-755f-4ffe-bdff-af7b61d4965a (length 10510 - align length 10434) has no trained error model
[2025-07-09 17:11:51.471] [jointLog] [warning] read 02cbef5a-78fc-4ec6-aa45-09d1425db3ec (length 11560) has no trained clipping model
[2025-07-09 17:11:51.576] [jointLog] [warning] read d473ca3d-9f92-459a-afd0-69b6cdc3ef00 (length 13773 - align length 5533) has no trained error model
[2025-07-09 17:11:51.576] [jointLog] [warning] read d473ca3d-9f92-459a-afd0-69b6cdc3ef00 (length 13773) has no trained clipping model
[2025-07-09 17:11:51.576] [jointLog] [warning] read d473ca3d-9f92-459a-afd0-69b6cdc3ef00 (length 13773) has no trained clipping model
[2025-07-09 17:11:51.577] [jointLog] [warning] read 61f985af-bf65-45f3-bb3e-4efa3ab2969f (length 19905 - align length 11878) has no trained error model
[2025-07-09 17:11:51.577] [jointLog] [warning] read 61f985af-bf65-45f3-bb3e-4efa3ab2969f (length 19905) has no trained clipping model
[2025-07-09 17:11:51.577] [jointLog] [warning] read 61f985af-bf65-45f3-bb3e-4efa3ab2969f (length 19905) has no trained clipping model
[2025-07-09 17:11:51.577] [jointLog] [warning] read 17895a59-0e86-456f-9ac9-23ff8545b7cd (length 123978 - align length 1299) has no trained error model
[2025-07-09 17:11:51.577] [jointLog] [warning] read 17895a59-0e86-456f-9ac9-23ff8545b7cd (length 123978) has no trained clipping model
[2025-07-09 17:11:51.577] [jointLog] [warning] read 17895a59-0e86-456f-9ac9-23ff8545b7cd (length 123978) has no trained clipping model
[2025-07-09 17:11:51.577] [jointLog] [warning] read 99d58512-3fec-40a7-bc09-5fa2faa598f9 (length 15289 - align length 15199) has no trained error model
[2025-07-09 17:11:51.577] [jointLog] [warning] read 99d58512-3fec-40a7-bc09-5fa2faa598f9 (length 15289) has no trained clipping model
[2025-07-09 17:11:51.577] [jointLog] [warning] read 99d58512-3fec-40a7-bc09-5fa2faa598f9 (length 15289) has no trained clipping model
[2025-07-09 17:11:51.577] [jointLog] [warning] read 726b161e-f74f-4e3a-a062-8aea0f0837dd (length 20907 - align length 361) has no trained error model
[2025-07-09 17:11:51.577] [jointLog] [warning] read 726b161e-f74f-4e3a-a062-8aea0f0837dd (length 20907) has no trained clipping model
[2025-07-09 17:11:51.577] [jointLog] [warning] read 726b161e-f74f-4e3a-a062-8aea0f0837dd (length 20907) has no trained clipping model
[2025-07-09 17:11:51.577] [jointLog] [warning] read 82a7cc71-ecb7-4d8d-9f37-c61d9a03876d (length 16879 - align length 3594) has no trained error model
[2025-07-09 17:11:51.577] [jointLog] [warning] read 82a7cc71-ecb7-4d8d-9f37-c61d9a03876d (length 16879) has no trained clipping model
[2025-07-09 17:11:51.577] [jointLog] [warning] read 82a7cc71-ecb7-4d8d-9f37-c61d9a03876d (length 16879) has no trained clipping model
[2025-07-09 17:11:51.577] [jointLog] [warning] read b89d3e8d-84f2-4cef-8028-14711ec4e308 (length 16932 - align length 507) has no trained error model
[2025-07-09 17:11:51.577] [jointLog] [warning] read b89d3e8d-84f2-4cef-8028-14711ec4e308 (length 16932) has no trained clipping model
[2025-07-09 17:11:51.577] [jointLog] [warning] read b89d3e8d-84f2-4cef-8028-14711ec4e308 (length 16932) has no trained clipping model
[2025-07-09 17:11:51.607] [jointLog] [warning] read 5747f873-fef5-4a33-ab7b-07dc452077de (length 13074 - align length 13061) has no trained error model
[2025-07-09 17:11:51.607] [jointLog] [warning] read 5747f873-fef5-4a33-ab7b-07dc452077de (length 13074) has no trained clipping model
[2025-07-09 17:11:51.607] [jointLog] [warning] read 5747f873-fef5-4a33-ab7b-07dc452077de (length 13074) has no trained clipping model
[2025-07-09 17:11:51.898] [jointLog] [warning] read 7308c96c-f482-46dd-b94c-ad574f85aa73 (length 10398 - align length 10315) has no trained error model
[2025-07-09 17:11:52.125] [jointLog] [warning] read 44bad4dd-c9f1-4655-ad02-e3c1f379b8c1 (length 10427 - align length 10427) has no trained error model
[2025-07-09 17:11:52.189] [jointLog] [warning] read 46d70ecf-fefd-47be-a013-fe3be204c023 (length 13643 - align length 13581) has no trained error model
[2025-07-09 17:11:52.189] [jointLog] [warning] read 46d70ecf-fefd-47be-a013-fe3be204c023 (length 13643) has no trained clipping model
[2025-07-09 17:11:52.189] [jointLog] [warning] read 46d70ecf-fefd-47be-a013-fe3be204c023 (length 13643) has no trained clipping model
[2025-07-09 17:11:52.401] [jointLog] [warning] read 5e27cdcb-3ea1-4437-ab27-efb51d81bff2 (length 12375 - align length 12243) has no trained error model
[2025-07-09 17:11:52.401] [jointLog] [warning] read 5e27cdcb-3ea1-4437-ab27-efb51d81bff2 (length 12375) has no trained clipping model
[2025-07-09 17:11:52.401] [jointLog] [warning] read 5e27cdcb-3ea1-4437-ab27-efb51d81bff2 (length 12375) has no trained clipping model
[2025-07-09 17:11:52.412] [jointLog] [warning] read 6f356216-ed1a-437e-9612-5338d45d2238 (length 88471 - align length 470) has no trained error model
[2025-07-09 17:11:52.412] [jointLog] [warning] read 6f356216-ed1a-437e-9612-5338d45d2238 (length 88471) has no trained clipping model
[2025-07-09 17:11:52.412] [jointLog] [warning] read 6f356216-ed1a-437e-9612-5338d45d2238 (length 88471) has no trained clipping model
[2025-07-09 17:11:52.412] [jointLog] [warning] read 08f1a641-8c0d-4fec-8096-573e249cbbd1 (length 49990 - align length 61) has no trained error model
[2025-07-09 17:11:52.412] [jointLog] [warning] read 08f1a641-8c0d-4fec-8096-573e249cbbd1 (length 49990) has no trained clipping model
[2025-07-09 17:11:52.412] [jointLog] [warning] read 08f1a641-8c0d-4fec-8096-573e249cbbd1 (length 49990) has no trained clipping model
[2025-07-09 17:11:52.412] [jointLog] [warning] read 224368f8-7bf3-456d-8bf3-d2d64e508fda (length 13132 - align length 12923) has no trained error model
[2025-07-09 17:11:52.412] [jointLog] [warning] read e56d5f8e-de03-42fa-8097-29d07b099d95 (length 13953 - align length 9051) has no trained error model
[2025-07-09 17:11:52.412] [jointLog] [warning] read e56d5f8e-de03-42fa-8097-29d07b099d95 (length 13953) has no trained clipping model
[2025-07-09 17:11:52.412] [jointLog] [warning] read e56d5f8e-de03-42fa-8097-29d07b099d95 (length 13953) has no trained clipping model
[2025-07-09 17:11:52.412] [jointLog] [warning] read 3d18d031-8019-4dda-999e-5d38cb2f242c (length 17582 - align length 1986) has no trained error model
[2025-07-09 17:11:52.412] [jointLog] [warning] read 3d18d031-8019-4dda-999e-5d38cb2f242c (length 17582) has no trained clipping model
[2025-07-09 17:11:52.412] [jointLog] [warning] read 3d18d031-8019-4dda-999e-5d38cb2f242c (length 17582) has no trained clipping model
[2025-07-09 17:11:52.412] [jointLog] [warning] read 3ddb98ca-eb45-4016-815e-59cbab748c24 (length 17644 - align length 144) has no trained error model
[2025-07-09 17:11:52.412] [jointLog] [warning] read 3ddb98ca-eb45-4016-815e-59cbab748c24 (length 17644) has no trained clipping model
[2025-07-09 17:11:52.412] [jointLog] [warning] read 3ddb98ca-eb45-4016-815e-59cbab748c24 (length 17644) has no trained clipping model
[2025-07-09 17:11:52.412] [jointLog] [warning] read cb5fa0e5-cdfb-484a-9b2b-93084c0e60b2 (length 13080 - align length 1040) has no trained error model
[2025-07-09 17:11:52.412] [jointLog] [warning] read cb5fa0e5-cdfb-484a-9b2b-93084c0e60b2 (length 13080) has no trained clipping model
[2025-07-09 17:11:52.412] [jointLog] [warning] read cb5fa0e5-cdfb-484a-9b2b-93084c0e60b2 (length 13080) has no trained clipping model
[2025-07-09 17:11:52.412] [jointLog] [warning] read 94d8a6cf-9738-44dc-9f9e-d15cda404ea3 (length 20198 - align length 1338) has no trained error model
[2025-07-09 17:11:52.412] [jointLog] [warning] read 94d8a6cf-9738-44dc-9f9e-d15cda404ea3 (length 20198) has no trained clipping model
[2025-07-09 17:11:52.412] [jointLog] [warning] read 94d8a6cf-9738-44dc-9f9e-d15cda404ea3 (length 20198) has no trained clipping model
[2025-07-09 17:11:52.413] [jointLog] [warning] read 16d6ff88-a0e9-4811-96f6-797b543a135d (length 18622 - align length 1221) has no trained error model
[2025-07-09 17:11:52.413] [jointLog] [warning] read 16d6ff88-a0e9-4811-96f6-797b543a135d (length 18622) has no trained clipping model
[2025-07-09 17:11:52.413] [jointLog] [warning] read 16d6ff88-a0e9-4811-96f6-797b543a135d (length 18622) has no trained clipping model
[2025-07-09 17:11:52.413] [jointLog] [warning] read cc32cbc8-a0c8-4691-a1f5-c3e9ce36cb8e (length 75285 - align length 320) has no trained error model
[2025-07-09 17:11:52.413] [jointLog] [warning] read cc32cbc8-a0c8-4691-a1f5-c3e9ce36cb8e (length 75285) has no trained clipping model
[2025-07-09 17:11:52.413] [jointLog] [warning] read cc32cbc8-a0c8-4691-a1f5-c3e9ce36cb8e (length 75285) has no trained clipping model
[2025-07-09 17:11:52.413] [jointLog] [warning] read d71049dc-d845-4783-91d6-8582b23351c4 (length 18103 - align length 530) has no trained error model
[2025-07-09 17:11:52.413] [jointLog] [warning] read d71049dc-d845-4783-91d6-8582b23351c4 (length 18103) has no trained clipping model
[2025-07-09 17:11:52.413] [jointLog] [warning] read d71049dc-d845-4783-91d6-8582b23351c4 (length 18103) has no trained clipping model
[2025-07-09 17:11:52.413] [jointLog] [warning] read 906a6625-07af-41f1-b632-009e3460a6e8 (length 44538 - align length 858) has no trained error model
[2025-07-09 17:11:52.413] [jointLog] [warning] read 906a6625-07af-41f1-b632-009e3460a6e8 (length 44538) has no trained clipping model
[2025-07-09 17:11:52.413] [jointLog] [warning] read 906a6625-07af-41f1-b632-009e3460a6e8 (length 44538) has no trained clipping model
[2025-07-09 17:11:52.413] [jointLog] [warning] read a9a84061-a1b5-40dd-8419-001f9d3b1332 (length 32723 - align length 180) has no trained error model
[2025-07-09 17:11:52.413] [jointLog] [warning] read a9a84061-a1b5-40dd-8419-001f9d3b1332 (length 32723) has no trained clipping model
[2025-07-09 17:11:52.413] [jointLog] [warning] read a9a84061-a1b5-40dd-8419-001f9d3b1332 (length 32723) has no trained clipping model
[2025-07-09 17:11:52.413] [jointLog] [warning] read f46f4ae3-7855-4751-a557-35847f207544 (length 11509) has no trained clipping model
[2025-07-09 17:11:52.413] [jointLog] [warning] read 24841ddf-86b3-4d3f-98dd-52f69c511cce (length 14965 - align length 294) has no trained error model
[2025-07-09 17:11:52.413] [jointLog] [warning] read 24841ddf-86b3-4d3f-98dd-52f69c511cce (length 14965) has no trained clipping model
[2025-07-09 17:11:52.413] [jointLog] [warning] read 24841ddf-86b3-4d3f-98dd-52f69c511cce (length 14965) has no trained clipping model
[2025-07-09 17:11:52.413] [jointLog] [warning] read 406130cd-0ade-4a2f-9809-01a1c5d983ef (length 31991 - align length 3855) has no trained error model
[2025-07-09 17:11:52.413] [jointLog] [warning] read 406130cd-0ade-4a2f-9809-01a1c5d983ef (length 31991) has no trained clipping model
[2025-07-09 17:11:52.413] [jointLog] [warning] read 406130cd-0ade-4a2f-9809-01a1c5d983ef (length 31991) has no trained clipping model
[2025-07-09 17:11:52.414] [jointLog] [warning] read 80b3d1b2-b5d1-409c-a80e-5a06352753a1 (length 30923 - align length 1595) has no trained error model
[2025-07-09 17:11:52.414] [jointLog] [warning] read 80b3d1b2-b5d1-409c-a80e-5a06352753a1 (length 30923) has no trained clipping model
[2025-07-09 17:11:52.414] [jointLog] [warning] read 80b3d1b2-b5d1-409c-a80e-5a06352753a1 (length 30923) has no trained clipping model
[2025-07-09 17:11:52.414] [jointLog] [warning] read df1745a5-ce54-463b-96af-297e6a0e7407 (length 18161 - align length 726) has no trained error model
[2025-07-09 17:11:52.414] [jointLog] [warning] read df1745a5-ce54-463b-96af-297e6a0e7407 (length 18161) has no trained clipping model
[2025-07-09 17:11:52.414] [jointLog] [warning] read df1745a5-ce54-463b-96af-297e6a0e7407 (length 18161) has no trained clipping model
[2025-07-09 17:11:52.533] [jointLog] [warning] read 9acc6000-1267-44e3-9893-bcae750db82b (length 47602 - align length 521) has no trained error model
[2025-07-09 17:11:52.533] [jointLog] [warning] read 9acc6000-1267-44e3-9893-bcae750db82b (length 47602) has no trained clipping model
[2025-07-09 17:11:52.533] [jointLog] [warning] read 9acc6000-1267-44e3-9893-bcae750db82b (length 47602) has no trained clipping model
[2025-07-09 17:11:52.533] [jointLog] [warning] read d2265f42-ab04-4310-84db-d286a2a01681 (length 16880 - align length 16760) has no trained error model
[2025-07-09 17:11:52.533] [jointLog] [warning] read d2265f42-ab04-4310-84db-d286a2a01681 (length 16880) has no trained clipping model
[2025-07-09 17:11:52.533] [jointLog] [warning] read d2265f42-ab04-4310-84db-d286a2a01681 (length 16880) has no trained clipping model
[2025-07-09 17:11:52.534] [jointLog] [warning] read da827273-19b7-4d76-95ca-41949b7ba53c (length 31130 - align length 54) has no trained error model
[2025-07-09 17:11:52.534] [jointLog] [warning] read da827273-19b7-4d76-95ca-41949b7ba53c (length 31130) has no trained clipping model
[2025-07-09 17:11:52.534] [jointLog] [warning] read da827273-19b7-4d76-95ca-41949b7ba53c (length 31130) has no trained clipping model
[2025-07-09 17:11:52.534] [jointLog] [warning] read 25b6366d-e2c6-44ef-80ba-100d2ff52561 (length 43379 - align length 583) has no trained error model
[2025-07-09 17:11:52.534] [jointLog] [warning] read 25b6366d-e2c6-44ef-80ba-100d2ff52561 (length 43379) has no trained clipping model
[2025-07-09 17:11:52.534] [jointLog] [warning] read 25b6366d-e2c6-44ef-80ba-100d2ff52561 (length 43379) has no trained clipping model
[2025-07-09 17:11:52.534] [jointLog] [warning] read 60ede00e-3963-4ef4-a6c9-7a18d5f59cc4 (length 77482 - align length 48) has no trained error model
[2025-07-09 17:11:52.534] [jointLog] [warning] read 60ede00e-3963-4ef4-a6c9-7a18d5f59cc4 (length 77482) has no trained clipping model
[2025-07-09 17:11:52.534] [jointLog] [warning] read 60ede00e-3963-4ef4-a6c9-7a18d5f59cc4 (length 77482) has no trained clipping model
[2025-07-09 17:11:52.638] [jointLog] [warning] read 119ba87c-a123-4533-8f79-f3c3c8798887 (length 31849 - align length 1288) has no trained error model
[2025-07-09 17:11:52.638] [jointLog] [warning] read 119ba87c-a123-4533-8f79-f3c3c8798887 (length 31849) has no trained clipping model
[2025-07-09 17:11:52.638] [jointLog] [warning] read 119ba87c-a123-4533-8f79-f3c3c8798887 (length 31849) has no trained clipping model
[2025-07-09 17:11:52.638] [jointLog] [warning] read aa24c2a6-d35f-4922-a453-3f3aeb2bbab5 (length 18108 - align length 2199) has no trained error model
[2025-07-09 17:11:52.638] [jointLog] [warning] read aa24c2a6-d35f-4922-a453-3f3aeb2bbab5 (length 18108) has no trained clipping model
[2025-07-09 17:11:52.638] [jointLog] [warning] read aa24c2a6-d35f-4922-a453-3f3aeb2bbab5 (length 18108) has no trained clipping model
[2025-07-09 17:11:52.638] [jointLog] [warning] read 22bccda9-7bc9-469c-9c10-ef35c8cbb4ad (length 16907 - align length 215) has no trained error model
[2025-07-09 17:11:52.638] [jointLog] [warning] read 22bccda9-7bc9-469c-9c10-ef35c8cbb4ad (length 16907) has no trained clipping model
[2025-07-09 17:11:52.638] [jointLog] [warning] read 22bccda9-7bc9-469c-9c10-ef35c8cbb4ad (length 16907) has no trained clipping model
[2025-07-09 17:11:52.638] [jointLog] [warning] read 39c77b37-890e-482e-ba41-cb66b5f402cf (length 16886 - align length 527) has no trained error model
[2025-07-09 17:11:52.638] [jointLog] [warning] read 39c77b37-890e-482e-ba41-cb66b5f402cf (length 16886) has no trained clipping model
[2025-07-09 17:11:52.638] [jointLog] [warning] read 39c77b37-890e-482e-ba41-cb66b5f402cf (length 16886) has no trained clipping model
[2025-07-09 17:11:52.638] [jointLog] [warning] read f75d75c4-2741-443d-8652-898f37526f9c (length 30237 - align length 70) has no trained error model
[2025-07-09 17:11:52.638] [jointLog] [warning] read f75d75c4-2741-443d-8652-898f37526f9c (length 30237) has no trained clipping model
[2025-07-09 17:11:52.638] [jointLog] [warning] read f75d75c4-2741-443d-8652-898f37526f9c (length 30237) has no trained clipping model
[2025-07-09 17:11:52.638] [jointLog] [warning] read 8a9df6b0-8332-4b4f-b8b4-c7b986c4d9a3 (length 20404 - align length 843) has no trained error model
[2025-07-09 17:11:52.638] [jointLog] [warning] read 8a9df6b0-8332-4b4f-b8b4-c7b986c4d9a3 (length 20404) has no trained clipping model
[2025-07-09 17:11:52.638] [jointLog] [warning] read 8a9df6b0-8332-4b4f-b8b4-c7b986c4d9a3 (length 20404) has no trained clipping model
[2025-07-09 17:11:52.638] [jointLog] [warning] read 1d9a43e7-442a-41b0-bced-51371c254436 (length 13746 - align length 13638) has no trained error model
[2025-07-09 17:11:52.638] [jointLog] [warning] read 1d9a43e7-442a-41b0-bced-51371c254436 (length 13746) has no trained clipping model
[2025-07-09 17:11:52.638] [jointLog] [warning] read 1d9a43e7-442a-41b0-bced-51371c254436 (length 13746) has no trained clipping model
[2025-07-09 17:11:52.638] [jointLog] [warning] read edb7b6b0-73a1-43c3-b540-42d07d047856 (length 17677 - align length 1308) has no trained error model
[2025-07-09 17:11:52.638] [jointLog] [warning] read edb7b6b0-73a1-43c3-b540-42d07d047856 (length 17677) has no trained clipping model
[2025-07-09 17:11:52.638] [jointLog] [warning] read edb7b6b0-73a1-43c3-b540-42d07d047856 (length 17677) has no trained clipping model
[2025-07-09 17:11:52.638] [jointLog] [warning] read 29a35b07-2ff0-415e-b027-8fc42a92bc08 (length 16320 - align length 175) has no trained error model
[2025-07-09 17:11:52.638] [jointLog] [warning] read 29a35b07-2ff0-415e-b027-8fc42a92bc08 (length 16320) has no trained clipping model
[2025-07-09 17:11:52.638] [jointLog] [warning] read 29a35b07-2ff0-415e-b027-8fc42a92bc08 (length 16320) has no trained clipping model
[2025-07-09 17:11:52.837] [jointLog] [warning] read a87b89c8-8988-4a96-b070-4a069d0e0a8b (length 58868 - align length 937) has no trained error model
[2025-07-09 17:11:52.837] [jointLog] [warning] read a87b89c8-8988-4a96-b070-4a069d0e0a8b (length 58868) has no trained clipping model
[2025-07-09 17:11:52.837] [jointLog] [warning] read a87b89c8-8988-4a96-b070-4a069d0e0a8b (length 58868) has no trained clipping model
[2025-07-09 17:11:52.837] [jointLog] [warning] read 7bb4d4a1-698d-4d40-b851-2c9339f8a2a5 (length 11541) has no trained clipping model
[2025-07-09 17:11:52.837] [jointLog] [warning] read 5e41720a-ba6c-465f-bbc1-0424ac905d88 (length 12437) has no trained clipping model
[2025-07-09 17:11:52.837] [jointLog] [warning] read e5e9601d-94e3-4387-9449-700c32c9c067 (length 56817 - align length 526) has no trained error model
[2025-07-09 17:11:52.837] [jointLog] [warning] read e5e9601d-94e3-4387-9449-700c32c9c067 (length 56817) has no trained clipping model
[2025-07-09 17:11:52.837] [jointLog] [warning] read e5e9601d-94e3-4387-9449-700c32c9c067 (length 56817) has no trained clipping model
[2025-07-09 17:11:52.837] [jointLog] [warning] read 1a3bee07-89a1-4cfb-b2d6-446bd386c8cd (length 150603 - align length 511) has no trained error model
[2025-07-09 17:11:52.837] [jointLog] [warning] read 1a3bee07-89a1-4cfb-b2d6-446bd386c8cd (length 150603) has no trained clipping model
[2025-07-09 17:11:52.837] [jointLog] [warning] read 1a3bee07-89a1-4cfb-b2d6-446bd386c8cd (length 150603) has no trained clipping model
[2025-07-09 17:11:52.837] [jointLog] [warning] read 736df7a7-aa65-4f22-af1d-e80d9b0a7dc3 (length 14159 - align length 4820) has no trained error model
[2025-07-09 17:11:52.837] [jointLog] [warning] read 736df7a7-aa65-4f22-af1d-e80d9b0a7dc3 (length 14159) has no trained clipping model
[2025-07-09 17:11:52.837] [jointLog] [warning] read 736df7a7-aa65-4f22-af1d-e80d9b0a7dc3 (length 14159) has no trained clipping model
[2025-07-09 17:11:52.837] [jointLog] [warning] read 270ed394-a4e3-4981-bde6-05343c49c60c (length 16378 - align length 195) has no trained error model
[2025-07-09 17:11:52.837] [jointLog] [warning] read 270ed394-a4e3-4981-bde6-05343c49c60c (length 16378) has no trained clipping model
[2025-07-09 17:11:52.837] [jointLog] [warning] read 270ed394-a4e3-4981-bde6-05343c49c60c (length 16378) has no trained clipping model
[2025-07-09 17:11:52.849] [jointLog] [info] Thread saw mini-batch with a maximum of 10.50% zero probability fragments
[2025-07-09 17:11:52.853] [jointLog] [info] Thread saw mini-batch with a maximum of 11.60% zero probability fragments
[2025-07-09 17:11:52.853] [jointLog] [info] Thread saw mini-batch with a maximum of 18.80% zero probability fragments
[2025-07-09 17:11:52.853] [jointLog] [info] Thread saw mini-batch with a maximum of 11.90% zero probability fragments
[2025-07-09 17:11:52.854] [jointLog] [info] Thread saw mini-batch with a maximum of 16.23% zero probability fragments
[2025-07-09 17:11:52.855] [jointLog] [info] 


Completed first pass through the alignment file.
Total # of mapped reads : 18686881
# of uniquely mapped reads : 18141971
# ambiguously mapped reads : 544910



[2025-07-09 17:11:52.893] [jointLog] [info] Computed 48,150 rich equivalence classes for further processing
[2025-07-09 17:11:52.893] [jointLog] [info] Counted 17,464,841 total reads in the equivalence classes 
[2025-07-09 17:11:52.901] [jointLog] [info] starting optimizer
[2025-07-09 17:11:52.954] [jointLog] [info] Marked 0 weighted equivalence classes as degenerate
[2025-07-09 17:11:52.957] [jointLog] [info] iteration = 0 | max rel diff. = 252.29
[2025-07-09 17:11:52.735] [fileLog] [info] quantification processed 18686881 fragments so far

[2025-07-09 17:11:53.288] [jointLog] [info] iteration = 100 | max rel diff. = 1.82502e-16
[2025-07-09 17:11:53.297] [jointLog] [info] finished optimizer
[2025-07-09 17:11:53.297] [jointLog] [info] writing output
