[2025-07-09 17:01:42.563] [jointLog] [info] setting maxHashResizeThreads to 10
[2025-07-09 17:01:42.563] [jointLog] [info] Fragment incompatibility prior below threshold.  Incompatible fragments will be ignored.
[2025-07-09 17:01:42.709] [jointLog] [info] numQuantThreads = 5
[2025-07-09 17:01:44.802] [jointLog] [info] replaced 0 non-ACGT nucleotides with random nucleotides
[2025-07-09 17:01:44.960] [jointLog] [warning] read 736fe48c-b5ad-49f0-9dcd-5efd1e2d5f4d (length 85 - align length 48) has no trained error model
[2025-07-09 17:01:44.960] [jointLog] [warning] read 736fe48c-b5ad-49f0-9dcd-5efd1e2d5f4d (length 85) has no trained clipping model
[2025-07-09 17:01:44.960] [jointLog] [warning] read 736fe48c-b5ad-49f0-9dcd-5efd1e2d5f4d (length 85) has no trained clipping model
[2025-07-09 17:01:44.960] [jointLog] [warning] read ddbf5a36-b8e4-42f9-afad-013b3f0ad59e (length 6485 - align length 6127) has no trained error model
[2025-07-09 17:01:44.961] [jointLog] [warning] read fde132db-43cd-4577-8f9c-c5ac01b48283 (length 6698 - align length 6573) has no trained error model
[2025-07-09 17:01:44.961] [jointLog] [warning] read fde132db-43cd-4577-8f9c-c5ac01b48283 (length 6698) has no trained clipping model
[2025-07-09 17:01:44.961] [jointLog] [warning] read fde132db-43cd-4577-8f9c-c5ac01b48283 (length 6698) has no trained clipping model
[2025-07-09 17:01:44.962] [jointLog] [warning] read 5044b995-de4d-4d4c-acf3-db261d0859f2 (length 7663 - align length 6953) has no trained error model
[2025-07-09 17:01:44.962] [jointLog] [warning] read 5044b995-de4d-4d4c-acf3-db261d0859f2 (length 7663) has no trained clipping model
[2025-07-09 17:01:44.962] [jointLog] [warning] read 5044b995-de4d-4d4c-acf3-db261d0859f2 (length 7663) has no trained clipping model
[2025-07-09 17:01:44.966] [jointLog] [warning] read af001003-09b1-4138-948b-2818f6339633 (length 7581 - align length 7469) has no trained error model
[2025-07-09 17:01:44.966] [jointLog] [warning] read af001003-09b1-4138-948b-2818f6339633 (length 7581) has no trained clipping model
[2025-07-09 17:01:44.966] [jointLog] [warning] read af001003-09b1-4138-948b-2818f6339633 (length 7581) has no trained clipping model
[2025-07-09 17:01:44.968] [jointLog] [warning] read 49ee75fb-3303-4cba-adcb-dc137c786acf (length 5374 - align length 5023) has no trained error model
[2025-07-09 17:01:44.968] [jointLog] [warning] read 49ee75fb-3303-4cba-adcb-dc137c786acf (length 5374) has no trained clipping model
[2025-07-09 17:01:44.968] [jointLog] [warning] read 49ee75fb-3303-4cba-adcb-dc137c786acf (length 5374) has no trained clipping model
[2025-07-09 17:01:44.972] [jointLog] [warning] read d97cc147-aecc-40e4-b82b-52fbb7718365 (length 6173 - align length 6161) has no trained error model
[2025-07-09 17:01:44.972] [jointLog] [warning] read d97cc147-aecc-40e4-b82b-52fbb7718365 (length 6173) has no trained clipping model
[2025-07-09 17:01:44.972] [jointLog] [warning] read d97cc147-aecc-40e4-b82b-52fbb7718365 (length 6173) has no trained clipping model
[2025-07-09 17:01:44.972] [jointLog] [warning] read 03c0dc4e-878e-4e42-b6d6-cff90d743d42 (length 8196 - align length 7406) has no trained error model
[2025-07-09 17:01:44.972] [jointLog] [warning] read 03c0dc4e-878e-4e42-b6d6-cff90d743d42 (length 8196) has no trained clipping model
[2025-07-09 17:01:44.972] [jointLog] [warning] read 03c0dc4e-878e-4e42-b6d6-cff90d743d42 (length 8196) has no trained clipping model
[2025-07-09 17:01:44.973] [jointLog] [warning] read e350f7be-6c7e-4281-97d6-502fc84b9638 (length 4739) has no trained clipping model
[2025-07-09 17:01:44.974] [jointLog] [warning] read 4e2bb1de-aa05-40ad-953a-c81499a3cede (length 6374 - align length 6286) has no trained error model
[2025-07-09 17:01:44.974] [jointLog] [warning] read 4e2bb1de-aa05-40ad-953a-c81499a3cede (length 6374) has no trained clipping model
[2025-07-09 17:01:44.974] [jointLog] [warning] read 4e2bb1de-aa05-40ad-953a-c81499a3cede (length 6374) has no trained clipping model
[2025-07-09 17:01:44.977] [jointLog] [warning] read 7e3d149f-d73e-49c4-945d-4242ac2fc9fc (length 4746) has no trained clipping model
[2025-07-09 17:01:44.977] [jointLog] [warning] read 95dc1988-10d6-42df-9922-5b3bb594e3b7 (length 5523 - align length 5477) has no trained error model
[2025-07-09 17:01:44.977] [jointLog] [warning] read 95dc1988-10d6-42df-9922-5b3bb594e3b7 (length 5523) has no trained clipping model
[2025-07-09 17:01:44.977] [jointLog] [warning] read 95dc1988-10d6-42df-9922-5b3bb594e3b7 (length 5523) has no trained clipping model
[2025-07-09 17:01:44.979] [jointLog] [warning] read f3dee8f6-0cfa-4258-bb20-3ac9409d3299 (length 5774) has no trained clipping model
[2025-07-09 17:01:44.981] [jointLog] [warning] read b449ed8c-1f6c-4d14-a27c-4a68ed578076 (length 9407 - align length 324) has no trained error model
[2025-07-09 17:01:44.981] [jointLog] [warning] read b449ed8c-1f6c-4d14-a27c-4a68ed578076 (length 9407) has no trained clipping model
[2025-07-09 17:01:44.981] [jointLog] [warning] read b449ed8c-1f6c-4d14-a27c-4a68ed578076 (length 9407) has no trained clipping model
[2025-07-09 17:01:44.982] [jointLog] [warning] read a6e60da7-140a-4671-8c5d-1e775bab310b (length 5554 - align length 5534) has no trained error model
[2025-07-09 17:01:44.982] [jointLog] [warning] read a6e60da7-140a-4671-8c5d-1e775bab310b (length 5554) has no trained clipping model
[2025-07-09 17:01:44.987] [jointLog] [warning] read d65b5740-02db-473d-a601-1e2f5da91aed (length 8591 - align length 8576) has no trained error model
[2025-07-09 17:01:44.987] [jointLog] [warning] read d65b5740-02db-473d-a601-1e2f5da91aed (length 8591) has no trained clipping model
[2025-07-09 17:01:44.987] [jointLog] [warning] read d65b5740-02db-473d-a601-1e2f5da91aed (length 8591) has no trained clipping model
[2025-07-09 17:01:44.991] [jointLog] [warning] read 0d83686b-b966-4dc8-9d74-65daa2f5068e (length 6913 - align length 5956) has no trained error model
[2025-07-09 17:01:44.991] [jointLog] [warning] read 0d83686b-b966-4dc8-9d74-65daa2f5068e (length 6913) has no trained clipping model
[2025-07-09 17:01:44.991] [jointLog] [warning] read 0d83686b-b966-4dc8-9d74-65daa2f5068e (length 6913) has no trained clipping model
[2025-07-09 17:01:44.998] [jointLog] [warning] read b2d405a8-d51f-494b-93c4-1ede6f0f9bf1 (length 6668 - align length 6661) has no trained error model
[2025-07-09 17:01:45.002] [jointLog] [warning] read 52a2f69f-b764-498e-8670-40eb5c3a6802 (length 7308 - align length 7268) has no trained error model
[2025-07-09 17:01:45.002] [jointLog] [warning] read 52a2f69f-b764-498e-8670-40eb5c3a6802 (length 7308) has no trained clipping model
[2025-07-09 17:01:45.002] [jointLog] [warning] read 52a2f69f-b764-498e-8670-40eb5c3a6802 (length 7308) has no trained clipping model
[2025-07-09 17:01:45.006] [jointLog] [warning] read 6721dbfc-6e7c-4119-9703-08dc583a1ca1 (length 7065 - align length 6795) has no trained error model
[2025-07-09 17:01:45.006] [jointLog] [warning] read 6721dbfc-6e7c-4119-9703-08dc583a1ca1 (length 7065) has no trained clipping model
[2025-07-09 17:01:45.006] [jointLog] [warning] read 6721dbfc-6e7c-4119-9703-08dc583a1ca1 (length 7065) has no trained clipping model
[2025-07-09 17:01:45.009] [jointLog] [warning] read c9858cc6-ed98-4556-9ecb-68612a8139ef (length 6577 - align length 4963) has no trained error model
[2025-07-09 17:01:45.009] [jointLog] [warning] read c9858cc6-ed98-4556-9ecb-68612a8139ef (length 6577) has no trained clipping model
[2025-07-09 17:01:45.009] [jointLog] [warning] read c9858cc6-ed98-4556-9ecb-68612a8139ef (length 6577) has no trained clipping model
[2025-07-09 17:01:45.034] [jointLog] [warning] read 112c1e48-f658-4a3f-a5a2-66d75f36c66b (length 8376 - align length 8359) has no trained error model
[2025-07-09 17:01:45.034] [jointLog] [warning] read 112c1e48-f658-4a3f-a5a2-66d75f36c66b (length 8376) has no trained clipping model
[2025-07-09 17:01:45.034] [jointLog] [warning] read 112c1e48-f658-4a3f-a5a2-66d75f36c66b (length 8376) has no trained clipping model
[2025-07-09 17:01:45.054] [jointLog] [warning] read dfad5e1e-58f1-42d3-9404-cd984d53ba37 (length 7408 - align length 7335) has no trained error model
[2025-07-09 17:01:45.054] [jointLog] [warning] read dfad5e1e-58f1-42d3-9404-cd984d53ba37 (length 7408) has no trained clipping model
[2025-07-09 17:01:45.059] [jointLog] [warning] read 5456eb13-1fd8-4c6d-9acb-e3f71af0efbc (length 12815 - align length 12757) has no trained error model
[2025-07-09 17:01:45.059] [jointLog] [warning] read 5456eb13-1fd8-4c6d-9acb-e3f71af0efbc (length 12815) has no trained clipping model
[2025-07-09 17:01:45.059] [jointLog] [warning] read 5456eb13-1fd8-4c6d-9acb-e3f71af0efbc (length 12815) has no trained clipping model
[2025-07-09 17:01:45.069] [jointLog] [warning] read 767f4052-4ac3-40f5-8e0e-82d7956aaca8 (length 6277 - align length 6277) has no trained error model
[2025-07-09 17:01:45.069] [jointLog] [warning] read 767f4052-4ac3-40f5-8e0e-82d7956aaca8 (length 6277) has no trained clipping model
[2025-07-09 17:01:45.069] [jointLog] [warning] read 767f4052-4ac3-40f5-8e0e-82d7956aaca8 (length 6277) has no trained clipping model
[2025-07-09 17:01:45.086] [jointLog] [warning] read 76eba90b-e595-40cf-80f4-1e737e37a5d7 (length 5925) has no trained clipping model
[2025-07-09 17:01:45.086] [jointLog] [warning] read a20819c6-190c-4b86-9330-84a5969a958f (length 8263 - align length 8182) has no trained error model
[2025-07-09 17:01:45.086] [jointLog] [warning] read a20819c6-190c-4b86-9330-84a5969a958f (length 8263) has no trained clipping model
[2025-07-09 17:01:45.086] [jointLog] [warning] read a20819c6-190c-4b86-9330-84a5969a958f (length 8263) has no trained clipping model
[2025-07-09 17:01:45.088] [jointLog] [warning] (in update()) CIGAR string for read [4ceec5c3-5a44-452d-bb50-35694c390a5b] seems inconsistent. It implied an error rate greater than 1: 1.3785 0 0.0132236
[2025-07-09 17:01:45.092] [jointLog] [warning] read 09bdb2ad-b4e5-4d6f-83bc-6b1474b59fa2 (length 7725 - align length 7681) has no trained error model
[2025-07-09 17:01:45.092] [jointLog] [warning] read 09bdb2ad-b4e5-4d6f-83bc-6b1474b59fa2 (length 7725) has no trained clipping model
[2025-07-09 17:01:45.096] [jointLog] [warning] read 2fc9c5de-abc8-476c-a9e3-aa9b8d4d634c (length 6288) has no trained clipping model
[2025-07-09 17:01:45.096] [jointLog] [warning] read 2fc9c5de-abc8-476c-a9e3-aa9b8d4d634c (length 6288) has no trained clipping model
[2025-07-09 17:01:45.097] [jointLog] [warning] read 93b94009-42ef-4682-9ffc-7e6690f033a6 (length 7382) has no trained clipping model
[2025-07-09 17:01:45.109] [jointLog] [warning] read 6845ed15-583e-40b6-a159-a0445953cac9 (length 7873 - align length 7873) has no trained error model
[2025-07-09 17:01:45.109] [jointLog] [warning] read 6845ed15-583e-40b6-a159-a0445953cac9 (length 7873) has no trained clipping model
[2025-07-09 17:01:45.109] [jointLog] [warning] read 6845ed15-583e-40b6-a159-a0445953cac9 (length 7873) has no trained clipping model
[2025-07-09 17:01:45.111] [jointLog] [warning] read 09b81ef0-b5e7-482b-bb5a-fe15b1fc2155 (length 6283) has no trained clipping model
[2025-07-09 17:01:45.112] [jointLog] [warning] read c5ed95b1-6578-4ffb-ba8e-bd3f19f370c7 (length 7445) has no trained clipping model
[2025-07-09 17:01:45.122] [jointLog] [warning] read fa09a7c4-ba12-4561-8171-e9ddeb13b089 (length 7339) has no trained clipping model
[2025-07-09 17:01:45.123] [jointLog] [info] Automatically detected most likely library type as SF

[2025-07-09 17:01:45.123] [jointLog] [warning] read 118793e2-fb23-4771-81ef-b781fef302e0 (length 7012 - align length 7006) has no trained error model
[2025-07-09 17:01:45.125] [jointLog] [warning] read 530ae44b-8664-429a-affc-77656fbbb74f (length 7568) has no trained clipping model
[2025-07-09 17:01:45.126] [jointLog] [warning] read 41d3c798-db83-42ff-91b7-64ada2eb645b (length 8619 - align length 8603) has no trained error model
[2025-07-09 17:01:45.126] [jointLog] [warning] read 41d3c798-db83-42ff-91b7-64ada2eb645b (length 8619) has no trained clipping model
[2025-07-09 17:01:45.126] [jointLog] [warning] read 41d3c798-db83-42ff-91b7-64ada2eb645b (length 8619) has no trained clipping model
[2025-07-09 17:01:45.130] [jointLog] [warning] read feb5b9d5-adaf-4567-b12a-a6ae4bfd9bc7 (length 7182 - align length 7113) has no trained error model
[2025-07-09 17:01:45.130] [jointLog] [warning] read feb5b9d5-adaf-4567-b12a-a6ae4bfd9bc7 (length 7182) has no trained clipping model
[2025-07-09 17:01:45.130] [jointLog] [warning] read feb5b9d5-adaf-4567-b12a-a6ae4bfd9bc7 (length 7182) has no trained clipping model
[2025-07-09 17:01:45.131] [jointLog] [warning] read 4179b893-5592-4f9a-8747-1c35f96fb116 (length 7298 - align length 3811) has no trained error model
[2025-07-09 17:01:45.131] [jointLog] [warning] read 4179b893-5592-4f9a-8747-1c35f96fb116 (length 7298) has no trained clipping model
[2025-07-09 17:01:45.131] [jointLog] [warning] read 4179b893-5592-4f9a-8747-1c35f96fb116 (length 7298) has no trained clipping model
[2025-07-09 17:01:45.133] [jointLog] [warning] read 3ea291d6-d11b-41f4-990c-359fd44f8f10 (length 6544 - align length 6306) has no trained error model
[2025-07-09 17:01:45.155] [jointLog] [warning] read 6b7a42e1-30dc-4885-a03b-47f3c761ac58 (length 7812 - align length 7539) has no trained error model
[2025-07-09 17:01:45.155] [jointLog] [warning] read 6b7a42e1-30dc-4885-a03b-47f3c761ac58 (length 7812) has no trained clipping model
[2025-07-09 17:01:45.155] [jointLog] [warning] read 6b7a42e1-30dc-4885-a03b-47f3c761ac58 (length 7812) has no trained clipping model
[2025-07-09 17:01:45.161] [jointLog] [warning] read 8d321339-0d42-4e4f-9032-d49b97cae310 (length 6139) has no trained clipping model
[2025-07-09 17:01:45.174] [jointLog] [warning] read d6f8afe3-2a90-4d57-aba6-98334b1e2691 (length 6829) has no trained clipping model
[2025-07-09 17:01:45.174] [jointLog] [warning] read d6f8afe3-2a90-4d57-aba6-98334b1e2691 (length 6829) has no trained clipping model
[2025-07-09 17:01:45.197] [jointLog] [warning] read 9caefefd-6d03-4e82-8a76-a520cf152141 (length 7470) has no trained clipping model
[2025-07-09 17:01:45.218] [jointLog] [warning] read c4917f2d-98dd-48bf-a651-9b071b646440 (length 6746 - align length 6726) has no trained error model
[2025-07-09 17:01:45.218] [jointLog] [warning] read c4917f2d-98dd-48bf-a651-9b071b646440 (length 6746) has no trained clipping model
[2025-07-09 17:01:45.218] [jointLog] [warning] read c4917f2d-98dd-48bf-a651-9b071b646440 (length 6746) has no trained clipping model
[2025-07-09 17:01:45.218] [jointLog] [warning] read 7d79dcb5-5e64-44f6-adb8-79be0edf2834 (length 9189 - align length 9133) has no trained error model
[2025-07-09 17:01:45.218] [jointLog] [warning] read 7d79dcb5-5e64-44f6-adb8-79be0edf2834 (length 9189) has no trained clipping model
[2025-07-09 17:01:45.218] [jointLog] [warning] read 7d79dcb5-5e64-44f6-adb8-79be0edf2834 (length 9189) has no trained clipping model
[2025-07-09 17:01:45.223] [jointLog] [warning] read 505e57e5-e5b7-4860-b5af-75f0252625e3 (length 7413) has no trained clipping model
[2025-07-09 17:01:45.223] [jointLog] [warning] read 4198ece0-9b0f-467d-a8eb-151bfc2c831b (length 7474) has no trained clipping model
[2025-07-09 17:01:45.226] [jointLog] [warning] read 8c72273d-bd29-4f6d-adb1-e77f720dde8c (length 9163 - align length 8832) has no trained error model
[2025-07-09 17:01:45.226] [jointLog] [warning] read 8c72273d-bd29-4f6d-adb1-e77f720dde8c (length 9163) has no trained clipping model
[2025-07-09 17:01:45.245] [jointLog] [warning] read ba622037-176e-4f71-8783-8a65c2e87edb (length 10686 - align length 10673) has no trained error model
[2025-07-09 17:01:45.245] [jointLog] [warning] read ba622037-176e-4f71-8783-8a65c2e87edb (length 10686) has no trained clipping model
[2025-07-09 17:01:45.245] [jointLog] [warning] read ba622037-176e-4f71-8783-8a65c2e87edb (length 10686) has no trained clipping model
[2025-07-09 17:01:44.946] [fileLog] [info] quantification processed 0 fragments so far

[2025-07-09 17:01:45.255] [jointLog] [warning] read ed8ff99c-3deb-4b51-a9c1-1080154ec3ab (length 6785) has no trained clipping model
[2025-07-09 17:01:45.262] [jointLog] [warning] read da5a6b93-6397-451e-ab2f-a4e1dd1106a6 (length 7792) has no trained clipping model
[2025-07-09 17:01:45.272] [jointLog] [warning] read 4f81aea4-1409-427c-95b7-a1e23f82ac99 (length 9759 - align length 9749) has no trained error model
[2025-07-09 17:01:45.272] [jointLog] [warning] read 4f81aea4-1409-427c-95b7-a1e23f82ac99 (length 9759) has no trained clipping model
[2025-07-09 17:01:45.272] [jointLog] [warning] read 4f81aea4-1409-427c-95b7-a1e23f82ac99 (length 9759) has no trained clipping model
[2025-07-09 17:01:45.273] [jointLog] [warning] read ae7057ee-b55f-457e-be5a-e37d05ee701c (length 8315 - align length 8036) has no trained error model
[2025-07-09 17:01:45.284] [jointLog] [warning] read 201cb6f7-dc2f-4970-800e-aa9000446b9a (length 7129) has no trained clipping model
[2025-07-09 17:01:45.321] [jointLog] [warning] read 4947c65e-7f7c-4e77-bf75-072400d98e16 (length 8677) has no trained clipping model
[2025-07-09 17:01:45.323] [jointLog] [warning] (in update()) CIGAR string for read [bf8c9c3e-1d61-48a2-95ea-dba4c0095c51] seems inconsistent. It implied an error rate greater than 1: 1.2318 0.0130112 0.0167286
[2025-07-09 17:01:45.329] [jointLog] [warning] read 197a0326-5cb3-4c0a-8d72-405b495510d7 (length 8738 - align length 8668) has no trained error model
[2025-07-09 17:01:45.329] [jointLog] [warning] read 197a0326-5cb3-4c0a-8d72-405b495510d7 (length 8738) has no trained clipping model
[2025-07-09 17:01:45.329] [jointLog] [warning] read 197a0326-5cb3-4c0a-8d72-405b495510d7 (length 8738) has no trained clipping model
[2025-07-09 17:01:45.331] [jointLog] [warning] read 9e76999c-f5ea-4c05-8f32-ca15c53e812e (length 7971) has no trained clipping model
[2025-07-09 17:01:45.334] [jointLog] [warning] read 0e7dd0c3-a6a3-4b3d-9379-d38eeafe53ce (length 8451 - align length 8450) has no trained error model
[2025-07-09 17:01:45.334] [jointLog] [warning] read 0e7dd0c3-a6a3-4b3d-9379-d38eeafe53ce (length 8451) has no trained clipping model
[2025-07-09 17:01:45.334] [jointLog] [warning] read 0e7dd0c3-a6a3-4b3d-9379-d38eeafe53ce (length 8451) has no trained clipping model
[2025-07-09 17:01:45.336] [jointLog] [warning] (in update()) CIGAR string for read [544c98aa-b9d7-4eb2-b46c-ce4584048a8a] seems inconsistent. It implied an error rate greater than 1: 1.37069 0 0.0291486
[2025-07-09 17:01:45.343] [jointLog] [warning] read e758fb2a-3837-4087-a61d-7cd7ff87ea9f (length 9575 - align length 9534) has no trained error model
[2025-07-09 17:01:45.343] [jointLog] [warning] read e758fb2a-3837-4087-a61d-7cd7ff87ea9f (length 9575) has no trained clipping model
[2025-07-09 17:01:45.343] [jointLog] [warning] read e758fb2a-3837-4087-a61d-7cd7ff87ea9f (length 9575) has no trained clipping model
[2025-07-09 17:01:45.350] [jointLog] [warning] (in update()) CIGAR string for read [a84baeec-d9ec-4a0f-b0b2-6462e87a82c5] seems inconsistent. It implied an error rate greater than 1: 1.37638 0 0.00179051
[2025-07-09 17:01:45.380] [jointLog] [warning] read b0cfaeb0-2ea1-4bd3-95af-883850a2a6ea (length 8545) has no trained clipping model
[2025-07-09 17:01:45.399] [jointLog] [warning] read 60a34a8a-e5b0-4824-941d-3c1e66ed0860 (length 8412) has no trained clipping model
[2025-07-09 17:01:45.413] [jointLog] [warning] read 829e2b47-3ede-4b13-a778-f0445233e0ec (length 8361 - align length 8278) has no trained error model
[2025-07-09 17:01:45.459] [jointLog] [warning] read ea9374e3-91dc-4c58-947c-554068d90833 (length 8903 - align length 997) has no trained error model
[2025-07-09 17:01:45.459] [jointLog] [warning] read ea9374e3-91dc-4c58-947c-554068d90833 (length 8903) has no trained clipping model
[2025-07-09 17:01:45.459] [jointLog] [warning] read ea9374e3-91dc-4c58-947c-554068d90833 (length 8903) has no trained clipping model
[2025-07-09 17:01:45.486] [jointLog] [warning] read b6e1a73a-93b6-414c-ac4f-334cace98169 (length 9011 - align length 7549) has no trained error model
[2025-07-09 17:01:45.486] [jointLog] [warning] read b6e1a73a-93b6-414c-ac4f-334cace98169 (length 9011) has no trained clipping model
[2025-07-09 17:01:45.486] [jointLog] [warning] read b6e1a73a-93b6-414c-ac4f-334cace98169 (length 9011) has no trained clipping model
[2025-07-09 17:01:45.550] [jointLog] [warning] read b36f87cf-faa5-4c55-acbf-1b139ff936a2 (length 10754 - align length 10754) has no trained error model
[2025-07-09 17:01:45.550] [jointLog] [warning] read b36f87cf-faa5-4c55-acbf-1b139ff936a2 (length 10754) has no trained clipping model
[2025-07-09 17:01:45.550] [jointLog] [warning] read b36f87cf-faa5-4c55-acbf-1b139ff936a2 (length 10754) has no trained clipping model
[2025-07-09 17:01:45.566] [jointLog] [warning] read 3c02d586-7832-4289-9f71-e418b1ee04da (length 8062 - align length 8054) has no trained error model
[2025-07-09 17:01:45.566] [jointLog] [warning] read 3c02d586-7832-4289-9f71-e418b1ee04da (length 8062) has no trained clipping model
[2025-07-09 17:01:45.566] [jointLog] [warning] read 3c02d586-7832-4289-9f71-e418b1ee04da (length 8062) has no trained clipping model
[2025-07-09 17:01:45.574] [jointLog] [warning] read 90ef6459-98b9-4d96-b5c8-b90760d76a53 (length 12871 - align length 12828) has no trained error model
[2025-07-09 17:01:45.615] [jointLog] [warning] read 135aaf96-424e-4a87-b07d-da90a90bb99b (length 7270) has no trained clipping model
[2025-07-09 17:01:45.640] [jointLog] [warning] read 6cb78760-a9a4-4e47-b82c-8d33546f170d (length 6743) has no trained clipping model
[2025-07-09 17:01:45.656] [jointLog] [warning] read f1fa9ac7-1d44-46f4-98ef-8dc5edad8f5f (length 7256) has no trained clipping model
[2025-07-09 17:01:45.670] [jointLog] [warning] read abec863b-c816-4f8b-bfcc-7ee894260c56 (length 8056) has no trained clipping model
[2025-07-09 17:01:45.709] [jointLog] [warning] read be6ee317-e2f8-4cfa-89e4-ec740e341042 (length 10485 - align length 10454) has no trained error model
[2025-07-09 17:01:45.709] [jointLog] [warning] read be6ee317-e2f8-4cfa-89e4-ec740e341042 (length 10485) has no trained clipping model
[2025-07-09 17:01:45.709] [jointLog] [warning] read be6ee317-e2f8-4cfa-89e4-ec740e341042 (length 10485) has no trained clipping model
[2025-07-09 17:01:45.719] [jointLog] [warning] read 6bfe98ba-51a6-4bb7-b284-d99ce5f37b59 (length 9881 - align length 9881) has no trained error model
[2025-07-09 17:01:45.719] [jointLog] [warning] read 6bfe98ba-51a6-4bb7-b284-d99ce5f37b59 (length 9881) has no trained clipping model
[2025-07-09 17:01:45.719] [jointLog] [warning] read 6bfe98ba-51a6-4bb7-b284-d99ce5f37b59 (length 9881) has no trained clipping model
[2025-07-09 17:01:45.778] [jointLog] [warning] read 588ff2ba-e17f-4e62-842f-414da63cac8d (length 8841 - align length 8708) has no trained error model
[2025-07-09 17:01:45.778] [jointLog] [warning] read 588ff2ba-e17f-4e62-842f-414da63cac8d (length 8841) has no trained clipping model
[2025-07-09 17:01:45.778] [jointLog] [warning] read 588ff2ba-e17f-4e62-842f-414da63cac8d (length 8841) has no trained clipping model
[2025-07-09 17:01:45.813] [jointLog] [warning] read dd6e1d40-d1bc-486c-9d4e-c41cb141c06e (length 8781) has no trained clipping model
[2025-07-09 17:01:45.870] [jointLog] [warning] read a21a74f9-9d55-42bb-9d4e-8140fe80abd3 (length 8290) has no trained clipping model
[2025-07-09 17:01:45.888] [jointLog] [warning] read 5f041dc1-a993-466c-82a4-0743bb9990f8 (length 7993 - align length 7952) has no trained error model
[2025-07-09 17:01:45.913] [jointLog] [warning] read 09b7f554-98d0-4c72-859d-91685dc5ac40 (length 8906) has no trained clipping model
[2025-07-09 17:01:45.930] [jointLog] [warning] read c6d82510-781a-4f05-bfdf-d604d1ec549a (length 11173 - align length 11136) has no trained error model
[2025-07-09 17:01:45.930] [jointLog] [warning] read c6d82510-781a-4f05-bfdf-d604d1ec549a (length 11173) has no trained clipping model
[2025-07-09 17:01:45.930] [jointLog] [warning] read c6d82510-781a-4f05-bfdf-d604d1ec549a (length 11173) has no trained clipping model
[2025-07-09 17:01:45.969] [jointLog] [warning] read e9151b88-842c-480c-9e9f-1b23307da7b9 (length 8206) has no trained clipping model
[2025-07-09 17:01:45.971] [jointLog] [warning] read 10136cbd-338e-4c6a-885f-d558dcbde33f (length 8001) has no trained clipping model
[2025-07-09 17:01:46.037] [jointLog] [warning] read b757c8a0-fda6-48e2-a65a-ebfe62b386d9 (length 8832) has no trained clipping model
[2025-07-09 17:01:46.072] [jointLog] [warning] read 6934a08a-4301-4754-a9ad-a118990c5ecd (length 10249 - align length 10168) has no trained error model
[2025-07-09 17:01:46.072] [jointLog] [warning] read 6934a08a-4301-4754-a9ad-a118990c5ecd (length 10249) has no trained clipping model
[2025-07-09 17:01:46.072] [jointLog] [warning] read 6934a08a-4301-4754-a9ad-a118990c5ecd (length 10249) has no trained clipping model
[2025-07-09 17:01:46.146] [jointLog] [warning] read 45299ff7-95ef-47e6-b16f-7f27592ca594 (length 8719) has no trained clipping model
[2025-07-09 17:01:46.218] [jointLog] [warning] read 69dc3341-165f-4fdb-a8e1-ec82cae08543 (length 12115 - align length 12033) has no trained error model
[2025-07-09 17:01:46.218] [jointLog] [warning] read 69dc3341-165f-4fdb-a8e1-ec82cae08543 (length 12115) has no trained clipping model
[2025-07-09 17:01:46.218] [jointLog] [warning] read 69dc3341-165f-4fdb-a8e1-ec82cae08543 (length 12115) has no trained clipping model
[2025-07-09 17:01:46.319] [jointLog] [warning] read fa00c179-0854-42d8-bcaf-cc8dffbb5636 (length 11273 - align length 9179) has no trained error model
[2025-07-09 17:01:46.319] [jointLog] [warning] read fa00c179-0854-42d8-bcaf-cc8dffbb5636 (length 11273) has no trained clipping model
[2025-07-09 17:01:46.319] [jointLog] [warning] read fa00c179-0854-42d8-bcaf-cc8dffbb5636 (length 11273) has no trained clipping model
[2025-07-09 17:01:46.323] [jointLog] [warning] read 52e33031-65f8-4b29-a749-ff5d4d1ab7cb (length 8025) has no trained clipping model
[2025-07-09 17:01:46.395] [jointLog] [warning] read b7781662-6dd3-4e14-bad1-9577a6f0b28d (length 10701 - align length 10593) has no trained error model
[2025-07-09 17:01:46.395] [jointLog] [warning] read b7781662-6dd3-4e14-bad1-9577a6f0b28d (length 10701) has no trained clipping model
[2025-07-09 17:01:46.395] [jointLog] [warning] read b7781662-6dd3-4e14-bad1-9577a6f0b28d (length 10701) has no trained clipping model
[2025-07-09 17:01:46.420] [jointLog] [warning] read 4794f03e-ecc1-4145-8c89-1ea05f39fdce (length 8596) has no trained clipping model
[2025-07-09 17:01:46.423] [jointLog] [warning] (in update()) CIGAR string for read [7a69e8e7-ca71-4cf0-a4ce-cf931226704a] seems inconsistent. It implied an error rate greater than 1: 1.35377 0.00171969 0.0212095
[2025-07-09 17:01:46.426] [jointLog] [warning] (in update()) CIGAR string for read [c06220c0-acc5-4db1-ba4f-11b6da2d5fdd] seems inconsistent. It implied an error rate greater than 1: 1.3478 0.00116857 0.00262927
[2025-07-09 17:01:46.455] [jointLog] [warning] read 7a977c49-4e46-448f-be74-25d6a5a5e083 (length 10148 - align length 10067) has no trained error model
[2025-07-09 17:01:46.455] [jointLog] [warning] read 7a977c49-4e46-448f-be74-25d6a5a5e083 (length 10148) has no trained clipping model
[2025-07-09 17:01:46.455] [jointLog] [warning] read 7a977c49-4e46-448f-be74-25d6a5a5e083 (length 10148) has no trained clipping model
[2025-07-09 17:01:46.528] [jointLog] [warning] read 24b4d085-7b71-4906-b793-1de940fa0fa6 (length 9477 - align length 9460) has no trained error model
[2025-07-09 17:01:46.531] [jointLog] [warning] read f19a74f3-83a9-4f71-92cd-9e786fb4f791 (length 9079 - align length 9003) has no trained error model
[2025-07-09 17:01:46.568] [jointLog] [warning] (in update()) CIGAR string for read [854c8117-a747-4a84-9573-ad16e27a9812] seems inconsistent. It implied an error rate greater than 1: 1.34594 0 0.0081419
[2025-07-09 17:01:46.572] [jointLog] [warning] read cdffde76-6e20-4e8f-9db9-410d7cf964c0 (length 11030 - align length 10908) has no trained error model
[2025-07-09 17:01:46.572] [jointLog] [warning] read cdffde76-6e20-4e8f-9db9-410d7cf964c0 (length 11030) has no trained clipping model
[2025-07-09 17:01:46.572] [jointLog] [warning] read cdffde76-6e20-4e8f-9db9-410d7cf964c0 (length 11030) has no trained clipping model
[2025-07-09 17:01:46.597] [jointLog] [warning] read 8fbdcd35-85f6-4d16-8f62-b0e51eba742b (length 9360 - align length 9303) has no trained error model
[2025-07-09 17:01:46.597] [jointLog] [warning] read 8fbdcd35-85f6-4d16-8f62-b0e51eba742b (length 9360) has no trained clipping model
[2025-07-09 17:01:46.597] [jointLog] [warning] read 8fbdcd35-85f6-4d16-8f62-b0e51eba742b (length 9360) has no trained clipping model
[2025-07-09 17:01:46.608] [jointLog] [warning] read 18d1a474-3ea4-41c7-ac4b-21ef7cc1f67e (length 9328) has no trained clipping model
[2025-07-09 17:01:46.675] [jointLog] [warning] (in update()) CIGAR string for read [f91142f5-2ec4-473f-b51a-8287df5c85b5] seems inconsistent. It implied an error rate greater than 1: 1.35332 0.000588062 0.00411644
[2025-07-09 17:01:46.699] [jointLog] [warning] (in update()) CIGAR string for read [c5163d4a-8bc3-4401-babc-4e78af4df916] seems inconsistent. It implied an error rate greater than 1: 1.66771 0 0.085592
[2025-07-09 17:01:46.711] [jointLog] [warning] read 5e90d2a3-2ee1-410a-8726-caad2c3aa0df (length 11132 - align length 11024) has no trained error model
[2025-07-09 17:01:46.711] [jointLog] [warning] read 5e90d2a3-2ee1-410a-8726-caad2c3aa0df (length 11132) has no trained clipping model
[2025-07-09 17:01:46.840] [jointLog] [warning] read 25c76e46-665f-426c-a357-4387349ac43d (length 10073 - align length 10042) has no trained error model
[2025-07-09 17:01:46.840] [jointLog] [warning] read 25c76e46-665f-426c-a357-4387349ac43d (length 10073) has no trained clipping model
[2025-07-09 17:01:46.840] [jointLog] [warning] read 25c76e46-665f-426c-a357-4387349ac43d (length 10073) has no trained clipping model
[2025-07-09 17:01:47.094] [jointLog] [warning] read ad99c3b4-334f-4ca0-acb7-56832e6e29f1 (length 10146) has no trained clipping model
[2025-07-09 17:01:47.128] [jointLog] [warning] (in update()) CIGAR string for read [0eeec63e-c7b5-422f-a5df-2d5e1a332f9e] seems inconsistent. It implied an error rate greater than 1: 1.28209 0.00283286 0.0205382
[2025-07-09 17:01:47.245] [jointLog] [warning] (in update()) CIGAR string for read [746cb601-1e6e-4989-bb78-a560e619d911] seems inconsistent. It implied an error rate greater than 1: 1.36687 0.00589102 0.00736377
[2025-07-09 17:01:47.287] [jointLog] [warning] (in update()) CIGAR string for read [45890bc0-e2a6-43e7-bbe7-75e869ab6940] seems inconsistent. It implied an error rate greater than 1: 1.35001 0 0.0201904
[2025-07-09 17:01:47.303] [jointLog] [warning] (in update()) CIGAR string for read [07940afb-bdd6-4150-ae2c-af1a3e8a4631] seems inconsistent. It implied an error rate greater than 1: 1.04297 0.0170778 0.497154
[2025-07-09 17:01:47.403] [jointLog] [warning] (in update()) CIGAR string for read [2b8161a7-e75e-47db-9ea0-aacd75f30569] seems inconsistent. It implied an error rate greater than 1: 1.36083 0 0.00472534
[2025-07-09 17:01:47.467] [jointLog] [warning] (in update()) CIGAR string for read [178340f7-668b-4f31-bd6d-588ef9e6a67a] seems inconsistent. It implied an error rate greater than 1: 1.33713 0.000582242 0.00291121
[2025-07-09 17:01:47.490] [jointLog] [warning] (in update()) CIGAR string for read [1ea1e558-416d-4908-b200-3eaa9fdd7595] seems inconsistent. It implied an error rate greater than 1: 1.28414 0.000616713 0.0194265
[2025-07-09 17:01:47.543] [jointLog] [warning] read c2a1c124-95e8-4c33-bb36-c3c8fe5b43e1 (length 9005 - align length 8999) has no trained error model
[2025-07-09 17:01:47.635] [jointLog] [warning] read 54e48831-2bfd-4584-85f8-942d33659d1b (length 11687 - align length 11645) has no trained error model
[2025-07-09 17:01:47.635] [jointLog] [warning] read 54e48831-2bfd-4584-85f8-942d33659d1b (length 11687) has no trained clipping model
[2025-07-09 17:01:47.635] [jointLog] [warning] read 54e48831-2bfd-4584-85f8-942d33659d1b (length 11687) has no trained clipping model
[2025-07-09 17:01:47.729] [jointLog] [warning] read 4f46abfc-ddfe-4397-b78a-ed9321957eed (length 10014 - align length 9951) has no trained error model
[2025-07-09 17:01:47.729] [jointLog] [warning] read 4f46abfc-ddfe-4397-b78a-ed9321957eed (length 10014) has no trained clipping model
[2025-07-09 17:01:47.730] [jointLog] [warning] (in update()) CIGAR string for read [c0a85656-1fc1-4ae5-9eee-b7314d8b0e8c] seems inconsistent. It implied an error rate greater than 1: 1.03297 0.00682128 0
[2025-07-09 17:01:47.802] [jointLog] [warning] (in update()) CIGAR string for read [ffea0895-c57a-4fa7-8d85-382a24fdef2c] seems inconsistent. It implied an error rate greater than 1: 1.36065 0.000294204 0.00529568
[2025-07-09 17:01:47.885] [jointLog] [warning] read ac0f7336-d54d-4b61-9675-ec014cd43437 (length 11760 - align length 11225) has no trained error model
[2025-07-09 17:01:47.885] [jointLog] [warning] read ac0f7336-d54d-4b61-9675-ec014cd43437 (length 11760) has no trained clipping model
[2025-07-09 17:01:47.885] [jointLog] [warning] read ac0f7336-d54d-4b61-9675-ec014cd43437 (length 11760) has no trained clipping model
[2025-07-09 17:01:47.891] [jointLog] [warning] read e3aedee1-a149-4b57-9aae-e370dbc294c4 (length 10981 - align length 10972) has no trained error model
[2025-07-09 17:01:47.891] [jointLog] [warning] read e3aedee1-a149-4b57-9aae-e370dbc294c4 (length 10981) has no trained clipping model
[2025-07-09 17:01:47.891] [jointLog] [warning] read e3aedee1-a149-4b57-9aae-e370dbc294c4 (length 10981) has no trained clipping model
[2025-07-09 17:01:47.904] [jointLog] [warning] read 2d6d618c-4fae-4a60-af9f-14bd01b5f2fe (length 11702 - align length 11560) has no trained error model
[2025-07-09 17:01:47.926] [jointLog] [warning] (in update()) CIGAR string for read [546ad056-7ccb-4abc-b944-6ba6757aa080] seems inconsistent. It implied an error rate greater than 1: 1.3488 0.00495338 0.00262238
[2025-07-09 17:01:47.933] [jointLog] [warning] (in update()) CIGAR string for read [4c57b212-36b2-432b-ac8b-d58950f3fdbc] seems inconsistent. It implied an error rate greater than 1: 2.25496 0 0.00981767
[2025-07-09 17:01:47.968] [jointLog] [warning] (in update()) CIGAR string for read [7ceb596f-dd74-4ab0-80e3-da13f71f5b91] seems inconsistent. It implied an error rate greater than 1: 1.34757 0 0.0344141
[2025-07-09 17:01:48.058] [jointLog] [warning] read 0ce970ea-b8f2-4557-a5ca-c72d1ede982d (length 9814) has no trained clipping model
[2025-07-09 17:01:48.058] [jointLog] [warning] read 0ce970ea-b8f2-4557-a5ca-c72d1ede982d (length 9814) has no trained clipping model
[2025-07-09 17:01:48.119] [jointLog] [warning] (in update()) CIGAR string for read [3599712d-81ed-45d7-8434-e9298dc0dd6d] seems inconsistent. It implied an error rate greater than 1: 1.88878 0 0.00381225
[2025-07-09 17:01:48.361] [jointLog] [warning] read ad77c542-6313-4799-9d3c-5528cc016708 (length 11424 - align length 11397) has no trained error model
[2025-07-09 17:01:48.361] [jointLog] [warning] read ad77c542-6313-4799-9d3c-5528cc016708 (length 11424) has no trained clipping model
[2025-07-09 17:01:48.361] [jointLog] [warning] read ad77c542-6313-4799-9d3c-5528cc016708 (length 11424) has no trained clipping model
[2025-07-09 17:01:48.391] [jointLog] [warning] read faf1db0c-3bd2-4efd-91cb-ee25985e73c4 (length 11411) has no trained clipping model
[2025-07-09 17:01:48.421] [jointLog] [warning] read 01269429-aec5-4517-9192-60f84e85ca4a (length 10349 - align length 10341) has no trained error model
[2025-07-09 17:01:48.421] [jointLog] [warning] read 01269429-aec5-4517-9192-60f84e85ca4a (length 10349) has no trained clipping model
[2025-07-09 17:01:48.421] [jointLog] [warning] read 01269429-aec5-4517-9192-60f84e85ca4a (length 10349) has no trained clipping model
[2025-07-09 17:01:48.494] [jointLog] [warning] (in update()) CIGAR string for read [53869bcb-fb32-4de6-b652-02e2924cc557] seems inconsistent. It implied an error rate greater than 1: 1.34459 0 0.0147612
[2025-07-09 17:01:48.638] [jointLog] [warning] (in update()) CIGAR string for read [edb90765-1de0-4318-976b-e454ddb530a5] seems inconsistent. It implied an error rate greater than 1: 1.16657 0 0.0215367
[2025-07-09 17:01:48.688] [jointLog] [warning] read a1da8fa9-9d24-4e4c-a314-f778ef51fb6d (length 12688 - align length 12285) has no trained error model
[2025-07-09 17:01:48.688] [jointLog] [warning] read a1da8fa9-9d24-4e4c-a314-f778ef51fb6d (length 12688) has no trained clipping model
[2025-07-09 17:01:48.688] [jointLog] [warning] read a1da8fa9-9d24-4e4c-a314-f778ef51fb6d (length 12688) has no trained clipping model
[2025-07-09 17:01:48.691] [jointLog] [warning] read f2888f97-1ce6-46a2-8c2f-88cf4a022dd5 (length 9733 - align length 9661) has no trained error model
[2025-07-09 17:01:48.691] [jointLog] [warning] read f2888f97-1ce6-46a2-8c2f-88cf4a022dd5 (length 9733) has no trained clipping model
[2025-07-09 17:01:48.703] [jointLog] [warning] (in update()) CIGAR string for read [9df034da-e08f-49b6-918e-0abdef0169ca] seems inconsistent. It implied an error rate greater than 1: 1.27696 0 0
[2025-07-09 17:01:48.726] [jointLog] [warning] read c96feb80-c221-4ba5-acd1-5f13efe220c5 (length 9313) has no trained clipping model
[2025-07-09 17:01:48.741] [jointLog] [warning] read 53a5da24-b7e0-4c7a-8899-ddf4de570851 (length 10449) has no trained clipping model
[2025-07-09 17:01:48.757] [jointLog] [warning] read b028e022-51f4-47cf-8d6a-b8b7f2d6fe77 (length 12241 - align length 11860) has no trained error model
[2025-07-09 17:01:48.757] [jointLog] [warning] read b028e022-51f4-47cf-8d6a-b8b7f2d6fe77 (length 12241) has no trained clipping model
[2025-07-09 17:01:48.757] [jointLog] [warning] read b028e022-51f4-47cf-8d6a-b8b7f2d6fe77 (length 12241) has no trained clipping model
[2025-07-09 17:01:48.841] [jointLog] [warning] (in update()) CIGAR string for read [11775b17-0de2-4e24-87b6-c2afced46b9d] seems inconsistent. It implied an error rate greater than 1: 1.3546 0.0029146 0.0058292
[2025-07-09 17:01:48.862] [jointLog] [warning] read d130ec72-41e1-4eca-a360-a84ed83f011f (length 10042) has no trained clipping model
[2025-07-09 17:01:48.868] [jointLog] [warning] (in update()) CIGAR string for read [399347e5-a7ed-44ce-bce1-cafc04cec3fa] seems inconsistent. It implied an error rate greater than 1: 1.36498 0 0.00617284
[2025-07-09 17:01:49.454] [fileLog] [info] quantification processed 1000000 fragments so far

[2025-07-09 17:01:49.279] [jointLog] [warning] read db7cd991-4998-4c0e-847e-f0baae8641a4 (length 10867 - align length 10558) has no trained error model
[2025-07-09 17:01:49.279] [jointLog] [warning] read db7cd991-4998-4c0e-847e-f0baae8641a4 (length 10867) has no trained clipping model
[2025-07-09 17:01:49.279] [jointLog] [warning] read db7cd991-4998-4c0e-847e-f0baae8641a4 (length 10867) has no trained clipping model
[2025-07-09 17:01:49.348] [jointLog] [warning] (in update()) CIGAR string for read [60ceb484-1aff-4c20-8506-224675a36f97] seems inconsistent. It implied an error rate greater than 1: 1.35973 0.00232761 0.0165842
[2025-07-09 17:01:49.417] [jointLog] [warning] (in update()) CIGAR string for read [c0b14b43-29f6-43a2-a474-69a2490d7f1d] seems inconsistent. It implied an error rate greater than 1: 1.13413 0.014377 0.0447284
[2025-07-09 17:01:49.551] [jointLog] [warning] read ab9cc9b5-bf1f-4c39-9f07-c876ba1a0ace (length 11113) has no trained clipping model
[2025-07-09 17:01:49.558] [jointLog] [warning] (in update()) CIGAR string for read [aac6413e-d87a-4d76-aebb-2e46c9757df6] seems inconsistent. It implied an error rate greater than 1: 1.38462 0.000296912 0
[2025-07-09 17:01:49.953] [jointLog] [warning] read 046f5cff-aa3f-4589-beea-b220047f6f0e (length 13593 - align length 13514) has no trained error model
[2025-07-09 17:01:49.953] [jointLog] [warning] read 046f5cff-aa3f-4589-beea-b220047f6f0e (length 13593) has no trained clipping model
[2025-07-09 17:01:49.953] [jointLog] [warning] read 046f5cff-aa3f-4589-beea-b220047f6f0e (length 13593) has no trained clipping model
[2025-07-09 17:01:50.092] [jointLog] [warning] read 9cafa431-a024-4632-9c88-7a8e60187a43 (length 13019 - align length 13008) has no trained error model
[2025-07-09 17:01:50.092] [jointLog] [warning] read 9cafa431-a024-4632-9c88-7a8e60187a43 (length 13019) has no trained clipping model
[2025-07-09 17:01:50.092] [jointLog] [warning] read 9cafa431-a024-4632-9c88-7a8e60187a43 (length 13019) has no trained clipping model
[2025-07-09 17:01:50.095] [jointLog] [warning] read 0aba26fa-57f7-49d6-9ff7-76bcc301b2c5 (length 248238 - align length 84) has no trained error model
[2025-07-09 17:01:50.095] [jointLog] [warning] read 0aba26fa-57f7-49d6-9ff7-76bcc301b2c5 (length 248238) has no trained clipping model
[2025-07-09 17:01:50.095] [jointLog] [warning] read 0aba26fa-57f7-49d6-9ff7-76bcc301b2c5 (length 248238) has no trained clipping model
[2025-07-09 17:01:50.104] [jointLog] [warning] read 47fc8929-5731-4e1c-90cc-eeb8070c5c37 (length 13977 - align length 13974) has no trained error model
[2025-07-09 17:01:50.104] [jointLog] [warning] read 47fc8929-5731-4e1c-90cc-eeb8070c5c37 (length 13977) has no trained clipping model
[2025-07-09 17:01:50.104] [jointLog] [warning] read 47fc8929-5731-4e1c-90cc-eeb8070c5c37 (length 13977) has no trained clipping model
[2025-07-09 17:01:50.105] [jointLog] [warning] read 881d73b7-a544-4f84-a41c-f22ac20c593b (length 13632 - align length 2785) has no trained error model
[2025-07-09 17:01:50.105] [jointLog] [warning] read 881d73b7-a544-4f84-a41c-f22ac20c593b (length 13632) has no trained clipping model
[2025-07-09 17:01:50.105] [jointLog] [warning] read 881d73b7-a544-4f84-a41c-f22ac20c593b (length 13632) has no trained clipping model
[2025-07-09 17:01:50.105] [jointLog] [warning] read aa395404-1b68-4b9b-b435-7cc6c64282e6 (length 43266 - align length 327) has no trained error model
[2025-07-09 17:01:50.105] [jointLog] [warning] read aa395404-1b68-4b9b-b435-7cc6c64282e6 (length 43266) has no trained clipping model
[2025-07-09 17:01:50.105] [jointLog] [warning] read aa395404-1b68-4b9b-b435-7cc6c64282e6 (length 43266) has no trained clipping model
[2025-07-09 17:01:50.105] [jointLog] [warning] read 8d0f25f7-7c6b-4263-9f8e-5e6de49c894e (length 14629 - align length 1067) has no trained error model
[2025-07-09 17:01:50.105] [jointLog] [warning] read 8d0f25f7-7c6b-4263-9f8e-5e6de49c894e (length 14629) has no trained clipping model
[2025-07-09 17:01:50.105] [jointLog] [warning] read 8d0f25f7-7c6b-4263-9f8e-5e6de49c894e (length 14629) has no trained clipping model
[2025-07-09 17:01:50.105] [jointLog] [warning] read 9bc7932a-8d76-465d-b854-ed6eec16c4df (length 15972 - align length 15870) has no trained error model
[2025-07-09 17:01:50.105] [jointLog] [warning] read 9bc7932a-8d76-465d-b854-ed6eec16c4df (length 15972) has no trained clipping model
[2025-07-09 17:01:50.105] [jointLog] [warning] read 9bc7932a-8d76-465d-b854-ed6eec16c4df (length 15972) has no trained clipping model
[2025-07-09 17:01:50.105] [jointLog] [warning] read a175f9ad-2062-4ecf-9c57-f69063ce10de (length 23937 - align length 199) has no trained error model
[2025-07-09 17:01:50.105] [jointLog] [warning] read a175f9ad-2062-4ecf-9c57-f69063ce10de (length 23937) has no trained clipping model
[2025-07-09 17:01:50.105] [jointLog] [warning] read a175f9ad-2062-4ecf-9c57-f69063ce10de (length 23937) has no trained clipping model
[2025-07-09 17:01:50.105] [jointLog] [warning] read ae8c820a-2512-47ee-b268-872a6864cb85 (length 36687 - align length 4092) has no trained error model
[2025-07-09 17:01:50.105] [jointLog] [warning] read ae8c820a-2512-47ee-b268-872a6864cb85 (length 36687) has no trained clipping model
[2025-07-09 17:01:50.105] [jointLog] [warning] read ae8c820a-2512-47ee-b268-872a6864cb85 (length 36687) has no trained clipping model
[2025-07-09 17:01:50.105] [jointLog] [warning] read f88f978d-89bc-4473-bb7f-d6f24466eb3e (length 45177 - align length 419) has no trained error model
[2025-07-09 17:01:50.105] [jointLog] [warning] read f88f978d-89bc-4473-bb7f-d6f24466eb3e (length 45177) has no trained clipping model
[2025-07-09 17:01:50.105] [jointLog] [warning] read f88f978d-89bc-4473-bb7f-d6f24466eb3e (length 45177) has no trained clipping model
[2025-07-09 17:01:50.105] [jointLog] [warning] read a455e3a0-41e4-4738-99d4-b93a1e115a5a (length 28020 - align length 517) has no trained error model
[2025-07-09 17:01:50.105] [jointLog] [warning] read a455e3a0-41e4-4738-99d4-b93a1e115a5a (length 28020) has no trained clipping model
[2025-07-09 17:01:50.105] [jointLog] [warning] read a455e3a0-41e4-4738-99d4-b93a1e115a5a (length 28020) has no trained clipping model
[2025-07-09 17:01:50.105] [jointLog] [warning] read d64c7e07-3321-486d-b57c-4593868e904c (length 12967 - align length 703) has no trained error model
[2025-07-09 17:01:50.105] [jointLog] [warning] read d64c7e07-3321-486d-b57c-4593868e904c (length 12967) has no trained clipping model
[2025-07-09 17:01:50.105] [jointLog] [warning] read d64c7e07-3321-486d-b57c-4593868e904c (length 12967) has no trained clipping model
[2025-07-09 17:01:50.105] [jointLog] [warning] read e9501ee4-2333-4d6e-91a0-f58b56b74ecd (length 10322) has no trained clipping model
[2025-07-09 17:01:50.106] [jointLog] [warning] read c2f187f6-9fa7-4fac-9d46-813905e21e6c (length 13878 - align length 13515) has no trained error model
[2025-07-09 17:01:50.106] [jointLog] [warning] read c2f187f6-9fa7-4fac-9d46-813905e21e6c (length 13878) has no trained clipping model
[2025-07-09 17:01:50.106] [jointLog] [warning] read c2f187f6-9fa7-4fac-9d46-813905e21e6c (length 13878) has no trained clipping model
[2025-07-09 17:01:50.106] [jointLog] [warning] read e939b51f-c4df-445a-b062-9e472b0a4281 (length 25618 - align length 129) has no trained error model
[2025-07-09 17:01:50.106] [jointLog] [warning] read e939b51f-c4df-445a-b062-9e472b0a4281 (length 25618) has no trained clipping model
[2025-07-09 17:01:50.106] [jointLog] [warning] read e939b51f-c4df-445a-b062-9e472b0a4281 (length 25618) has no trained clipping model
[2025-07-09 17:01:50.106] [jointLog] [warning] read bb3098ca-5622-4216-a6bd-f1e29d6b7a4c (length 11648) has no trained clipping model
[2025-07-09 17:01:50.106] [jointLog] [warning] read 16641939-1a6a-46da-bf13-b7b164bfccaa (length 22066 - align length 826) has no trained error model
[2025-07-09 17:01:50.106] [jointLog] [warning] read 16641939-1a6a-46da-bf13-b7b164bfccaa (length 22066) has no trained clipping model
[2025-07-09 17:01:50.106] [jointLog] [warning] read 16641939-1a6a-46da-bf13-b7b164bfccaa (length 22066) has no trained clipping model
[2025-07-09 17:01:50.106] [jointLog] [warning] read c5b57aec-3517-4db0-b8a3-e3770cf7910c (length 48369 - align length 151) has no trained error model
[2025-07-09 17:01:50.106] [jointLog] [warning] read c5b57aec-3517-4db0-b8a3-e3770cf7910c (length 48369) has no trained clipping model
[2025-07-09 17:01:50.106] [jointLog] [warning] read c5b57aec-3517-4db0-b8a3-e3770cf7910c (length 48369) has no trained clipping model
[2025-07-09 17:01:50.106] [jointLog] [warning] read adc6963c-e96a-4065-8117-cbdd2ef7cafe (length 10577 - align length 10577) has no trained error model
[2025-07-09 17:01:50.106] [jointLog] [warning] read adc6963c-e96a-4065-8117-cbdd2ef7cafe (length 10577) has no trained clipping model
[2025-07-09 17:01:50.106] [jointLog] [warning] read adc6963c-e96a-4065-8117-cbdd2ef7cafe (length 10577) has no trained clipping model
[2025-07-09 17:01:50.106] [jointLog] [warning] read 0fe057fe-cee7-4259-8a4b-8b54975c2836 (length 11927 - align length 1329) has no trained error model
[2025-07-09 17:01:50.106] [jointLog] [warning] read 0fe057fe-cee7-4259-8a4b-8b54975c2836 (length 11927) has no trained clipping model
[2025-07-09 17:01:50.106] [jointLog] [warning] read 0fe057fe-cee7-4259-8a4b-8b54975c2836 (length 11927) has no trained clipping model
[2025-07-09 17:01:50.106] [jointLog] [warning] read ead1f251-f5da-4296-af23-33eed6d703ed (length 10581) has no trained clipping model
[2025-07-09 17:01:50.106] [jointLog] [warning] read ead1f251-f5da-4296-af23-33eed6d703ed (length 10581) has no trained clipping model
[2025-07-09 17:01:50.106] [jointLog] [warning] read a8dab365-0ceb-49b0-96f9-dbd5cc6614fb (length 14776 - align length 14706) has no trained error model
[2025-07-09 17:01:50.106] [jointLog] [warning] read a8dab365-0ceb-49b0-96f9-dbd5cc6614fb (length 14776) has no trained clipping model
[2025-07-09 17:01:50.106] [jointLog] [warning] read a8dab365-0ceb-49b0-96f9-dbd5cc6614fb (length 14776) has no trained clipping model
[2025-07-09 17:01:50.106] [jointLog] [warning] read 6476841f-014e-4d86-9267-baf1e93cecaa (length 28575 - align length 1425) has no trained error model
[2025-07-09 17:01:50.106] [jointLog] [warning] read 6476841f-014e-4d86-9267-baf1e93cecaa (length 28575) has no trained clipping model
[2025-07-09 17:01:50.106] [jointLog] [warning] read 6476841f-014e-4d86-9267-baf1e93cecaa (length 28575) has no trained clipping model
[2025-07-09 17:01:50.106] [jointLog] [warning] read cbedb8b8-5685-4966-b49c-a20b61f57241 (length 9317) has no trained clipping model
[2025-07-09 17:01:50.106] [jointLog] [warning] read 73c3cb6f-aff4-42a2-b457-e13235d02fa0 (length 22286 - align length 453) has no trained error model
[2025-07-09 17:01:50.106] [jointLog] [warning] read 73c3cb6f-aff4-42a2-b457-e13235d02fa0 (length 22286) has no trained clipping model
[2025-07-09 17:01:50.106] [jointLog] [warning] read 73c3cb6f-aff4-42a2-b457-e13235d02fa0 (length 22286) has no trained clipping model
[2025-07-09 17:01:50.106] [jointLog] [warning] read 24eea45f-b03a-4674-aa23-82d5b8f15645 (length 20015 - align length 1283) has no trained error model
[2025-07-09 17:01:50.106] [jointLog] [warning] read 24eea45f-b03a-4674-aa23-82d5b8f15645 (length 20015) has no trained clipping model
[2025-07-09 17:01:50.106] [jointLog] [warning] read 24eea45f-b03a-4674-aa23-82d5b8f15645 (length 20015) has no trained clipping model
[2025-07-09 17:01:50.106] [jointLog] [warning] read 6e88160e-8f98-44e2-b6d8-455020038411 (length 45385 - align length 1067) has no trained error model
[2025-07-09 17:01:50.106] [jointLog] [warning] read 6e88160e-8f98-44e2-b6d8-455020038411 (length 45385) has no trained clipping model
[2025-07-09 17:01:50.106] [jointLog] [warning] read 6e88160e-8f98-44e2-b6d8-455020038411 (length 45385) has no trained clipping model
[2025-07-09 17:01:50.107] [jointLog] [warning] read c77af826-28b7-4955-add7-26ee59c22c25 (length 12476 - align length 12373) has no trained error model
[2025-07-09 17:01:50.107] [jointLog] [warning] read c77af826-28b7-4955-add7-26ee59c22c25 (length 12476) has no trained clipping model
[2025-07-09 17:01:50.107] [jointLog] [warning] read c77af826-28b7-4955-add7-26ee59c22c25 (length 12476) has no trained clipping model
[2025-07-09 17:01:50.107] [jointLog] [warning] read a507f1e5-7da9-44fa-ae96-8435ee4abb11 (length 17121 - align length 285) has no trained error model
[2025-07-09 17:01:50.107] [jointLog] [warning] read a507f1e5-7da9-44fa-ae96-8435ee4abb11 (length 17121) has no trained clipping model
[2025-07-09 17:01:50.107] [jointLog] [warning] read a507f1e5-7da9-44fa-ae96-8435ee4abb11 (length 17121) has no trained clipping model
[2025-07-09 17:01:50.107] [jointLog] [warning] read 40286ffe-06d6-45e7-aafa-92deca42d4cb (length 21849 - align length 463) has no trained error model
[2025-07-09 17:01:50.107] [jointLog] [warning] read 40286ffe-06d6-45e7-aafa-92deca42d4cb (length 21849) has no trained clipping model
[2025-07-09 17:01:50.107] [jointLog] [warning] read 40286ffe-06d6-45e7-aafa-92deca42d4cb (length 21849) has no trained clipping model
[2025-07-09 17:01:50.107] [jointLog] [warning] read 59c5a831-992b-43e9-b0d6-284ed11d0626 (length 29674 - align length 200) has no trained error model
[2025-07-09 17:01:50.107] [jointLog] [warning] read 59c5a831-992b-43e9-b0d6-284ed11d0626 (length 29674) has no trained clipping model
[2025-07-09 17:01:50.107] [jointLog] [warning] read 59c5a831-992b-43e9-b0d6-284ed11d0626 (length 29674) has no trained clipping model
[2025-07-09 17:01:50.107] [jointLog] [warning] read f35847fc-50cf-4961-9006-c25b4c7b4f4d (length 16795 - align length 532) has no trained error model
[2025-07-09 17:01:50.107] [jointLog] [warning] read f35847fc-50cf-4961-9006-c25b4c7b4f4d (length 16795) has no trained clipping model
[2025-07-09 17:01:50.107] [jointLog] [warning] read f35847fc-50cf-4961-9006-c25b4c7b4f4d (length 16795) has no trained clipping model
[2025-07-09 17:01:50.107] [jointLog] [warning] read c38cdba3-f90c-491d-b474-697cdc9dff16 (length 14398 - align length 1643) has no trained error model
[2025-07-09 17:01:50.107] [jointLog] [warning] read c38cdba3-f90c-491d-b474-697cdc9dff16 (length 14398) has no trained clipping model
[2025-07-09 17:01:50.107] [jointLog] [warning] read c38cdba3-f90c-491d-b474-697cdc9dff16 (length 14398) has no trained clipping model
[2025-07-09 17:01:50.107] [jointLog] [warning] read ba434ba3-9503-41ef-85a6-62d9dda5e7a1 (length 34139 - align length 108) has no trained error model
[2025-07-09 17:01:50.107] [jointLog] [warning] read ba434ba3-9503-41ef-85a6-62d9dda5e7a1 (length 34139) has no trained clipping model
[2025-07-09 17:01:50.107] [jointLog] [warning] read ba434ba3-9503-41ef-85a6-62d9dda5e7a1 (length 34139) has no trained clipping model
[2025-07-09 17:01:50.107] [jointLog] [warning] read 37c5715f-26c7-45da-bb54-b061e491d777 (length 38314 - align length 2227) has no trained error model
[2025-07-09 17:01:50.107] [jointLog] [warning] read 37c5715f-26c7-45da-bb54-b061e491d777 (length 38314) has no trained clipping model
[2025-07-09 17:01:50.107] [jointLog] [warning] read 37c5715f-26c7-45da-bb54-b061e491d777 (length 38314) has no trained clipping model
[2025-07-09 17:01:50.107] [jointLog] [warning] read 2f269cba-2918-4a26-8de1-7960c3f82f8d (length 21095 - align length 506) has no trained error model
[2025-07-09 17:01:50.107] [jointLog] [warning] read 2f269cba-2918-4a26-8de1-7960c3f82f8d (length 21095) has no trained clipping model
[2025-07-09 17:01:50.107] [jointLog] [warning] read 2f269cba-2918-4a26-8de1-7960c3f82f8d (length 21095) has no trained clipping model
[2025-07-09 17:01:50.107] [jointLog] [warning] read 612d5bd5-26ee-435b-8c12-21ff128d9d1d (length 46967 - align length 1159) has no trained error model
[2025-07-09 17:01:50.107] [jointLog] [warning] read 612d5bd5-26ee-435b-8c12-21ff128d9d1d (length 46967) has no trained clipping model
[2025-07-09 17:01:50.107] [jointLog] [warning] read 612d5bd5-26ee-435b-8c12-21ff128d9d1d (length 46967) has no trained clipping model
[2025-07-09 17:01:50.107] [jointLog] [warning] read 8941e256-09f1-455d-b639-8ac706e41d93 (length 16654 - align length 1738) has no trained error model
[2025-07-09 17:01:50.107] [jointLog] [warning] read 8941e256-09f1-455d-b639-8ac706e41d93 (length 16654) has no trained clipping model
[2025-07-09 17:01:50.107] [jointLog] [warning] read 8941e256-09f1-455d-b639-8ac706e41d93 (length 16654) has no trained clipping model
[2025-07-09 17:01:50.107] [jointLog] [warning] read d71e7699-660f-4e41-9216-c3f0ea7ae9cd (length 32728 - align length 907) has no trained error model
[2025-07-09 17:01:50.107] [jointLog] [warning] read d71e7699-660f-4e41-9216-c3f0ea7ae9cd (length 32728) has no trained clipping model
[2025-07-09 17:01:50.107] [jointLog] [warning] read d71e7699-660f-4e41-9216-c3f0ea7ae9cd (length 32728) has no trained clipping model
[2025-07-09 17:01:50.107] [jointLog] [warning] read 57d36626-c490-409c-b953-b1b938028f9b (length 11339 - align length 10605) has no trained error model
[2025-07-09 17:01:50.107] [jointLog] [warning] read 57d36626-c490-409c-b953-b1b938028f9b (length 11339) has no trained clipping model
[2025-07-09 17:01:50.107] [jointLog] [warning] read 57d36626-c490-409c-b953-b1b938028f9b (length 11339) has no trained clipping model
[2025-07-09 17:01:50.107] [jointLog] [warning] read bf535050-6793-4234-a531-4ff924bdc0d7 (length 14149 - align length 130) has no trained error model
[2025-07-09 17:01:50.107] [jointLog] [warning] read bf535050-6793-4234-a531-4ff924bdc0d7 (length 14149) has no trained clipping model
[2025-07-09 17:01:50.107] [jointLog] [warning] read bf535050-6793-4234-a531-4ff924bdc0d7 (length 14149) has no trained clipping model
[2025-07-09 17:01:50.108] [jointLog] [warning] read 400e8259-2538-4e62-8110-0f7467c6b9f5 (length 10714) has no trained clipping model
[2025-07-09 17:01:50.108] [jointLog] [warning] read 30727755-a1e7-4755-a366-c751e0edca61 (length 10878) has no trained clipping model
[2025-07-09 17:01:50.108] [jointLog] [warning] read 4de16610-385c-4296-b14d-ca80c83320d0 (length 19515 - align length 242) has no trained error model
[2025-07-09 17:01:50.108] [jointLog] [warning] read 4de16610-385c-4296-b14d-ca80c83320d0 (length 19515) has no trained clipping model
[2025-07-09 17:01:50.108] [jointLog] [warning] read 4de16610-385c-4296-b14d-ca80c83320d0 (length 19515) has no trained clipping model
[2025-07-09 17:01:50.108] [jointLog] [warning] read 615bdbec-8619-47d2-8f82-81e9e685de41 (length 13945 - align length 13876) has no trained error model
[2025-07-09 17:01:50.108] [jointLog] [warning] read 615bdbec-8619-47d2-8f82-81e9e685de41 (length 13945) has no trained clipping model
[2025-07-09 17:01:50.108] [jointLog] [warning] read 6ec0680f-051e-4f6d-974b-9a9223d67c85 (length 12742 - align length 101) has no trained error model
[2025-07-09 17:01:50.108] [jointLog] [warning] read 6ec0680f-051e-4f6d-974b-9a9223d67c85 (length 12742) has no trained clipping model
[2025-07-09 17:01:50.108] [jointLog] [warning] read 6ec0680f-051e-4f6d-974b-9a9223d67c85 (length 12742) has no trained clipping model
[2025-07-09 17:01:50.108] [jointLog] [warning] read 2d49a1f0-6642-416a-8fd4-b0818aa21356 (length 26316 - align length 454) has no trained error model
[2025-07-09 17:01:50.108] [jointLog] [warning] read 2d49a1f0-6642-416a-8fd4-b0818aa21356 (length 26316) has no trained clipping model
[2025-07-09 17:01:50.108] [jointLog] [warning] read 2d49a1f0-6642-416a-8fd4-b0818aa21356 (length 26316) has no trained clipping model
[2025-07-09 17:01:50.108] [jointLog] [warning] read 387a14d8-5982-42d8-9e7c-1c102e2b3f82 (length 17073 - align length 372) has no trained error model
[2025-07-09 17:01:50.108] [jointLog] [warning] read 387a14d8-5982-42d8-9e7c-1c102e2b3f82 (length 17073) has no trained clipping model
[2025-07-09 17:01:50.108] [jointLog] [warning] read 387a14d8-5982-42d8-9e7c-1c102e2b3f82 (length 17073) has no trained clipping model
[2025-07-09 17:01:50.108] [jointLog] [warning] read bb698a23-13b5-4ca3-bafe-c31880ff16a0 (length 21088) has no trained clipping model
[2025-07-09 17:01:50.108] [jointLog] [warning] read f6d6badc-a2c1-4e6c-a7cf-3fc8ac318b70 (length 30829 - align length 2927) has no trained error model
[2025-07-09 17:01:50.108] [jointLog] [warning] read f6d6badc-a2c1-4e6c-a7cf-3fc8ac318b70 (length 30829) has no trained clipping model
[2025-07-09 17:01:50.108] [jointLog] [warning] read f6d6badc-a2c1-4e6c-a7cf-3fc8ac318b70 (length 30829) has no trained clipping model
[2025-07-09 17:01:50.108] [jointLog] [warning] read 3d269089-4468-4813-8348-c8999cc922b3 (length 29835 - align length 215) has no trained error model
[2025-07-09 17:01:50.108] [jointLog] [warning] read 3d269089-4468-4813-8348-c8999cc922b3 (length 29835) has no trained clipping model
[2025-07-09 17:01:50.108] [jointLog] [warning] read 3d269089-4468-4813-8348-c8999cc922b3 (length 29835) has no trained clipping model
[2025-07-09 17:01:50.108] [jointLog] [warning] read 86bda815-2c07-403e-bcc6-d4a549603ab2 (length 22603 - align length 2901) has no trained error model
[2025-07-09 17:01:50.108] [jointLog] [warning] read 86bda815-2c07-403e-bcc6-d4a549603ab2 (length 22603) has no trained clipping model
[2025-07-09 17:01:50.109] [jointLog] [warning] read 86bda815-2c07-403e-bcc6-d4a549603ab2 (length 22603) has no trained clipping model
[2025-07-09 17:01:50.109] [jointLog] [warning] read 8a6211e8-b417-41b1-a085-37827456d46d (length 26155 - align length 2208) has no trained error model
[2025-07-09 17:01:50.109] [jointLog] [warning] read 8a6211e8-b417-41b1-a085-37827456d46d (length 26155) has no trained clipping model
[2025-07-09 17:01:50.109] [jointLog] [warning] read 8a6211e8-b417-41b1-a085-37827456d46d (length 26155) has no trained clipping model
[2025-07-09 17:01:50.189] [jointLog] [warning] read 7028ea2d-f731-4026-889c-66e998deabb3 (length 9669 - align length 9614) has no trained error model
[2025-07-09 17:01:50.189] [jointLog] [warning] read 7028ea2d-f731-4026-889c-66e998deabb3 (length 9669) has no trained clipping model
[2025-07-09 17:01:50.189] [jointLog] [warning] read 7028ea2d-f731-4026-889c-66e998deabb3 (length 9669) has no trained clipping model
[2025-07-09 17:01:50.419] [jointLog] [warning] (in update()) CIGAR string for read [76116687-7fb7-41cd-b513-cf5762ca68ef] seems inconsistent. It implied an error rate greater than 1: 1.27368 0 0.0177749
[2025-07-09 17:01:50.445] [jointLog] [warning] (in update()) CIGAR string for read [1243b7c5-0f88-418d-a206-9d511a4dead3] seems inconsistent. It implied an error rate greater than 1: 1.09677 0.00819672 0.0262295
[2025-07-09 17:01:50.476] [jointLog] [warning] (in update()) CIGAR string for read [2545cd88-484c-4d0f-bf33-a7eaccf397e3] seems inconsistent. It implied an error rate greater than 1: 1.36887 0 0.0105789
[2025-07-09 17:01:50.477] [jointLog] [warning] read 67cd1c1b-362e-4614-bb56-1a69267ee0a9 (length 11535 - align length 11458) has no trained error model
[2025-07-09 17:01:50.477] [jointLog] [warning] read 67cd1c1b-362e-4614-bb56-1a69267ee0a9 (length 11535) has no trained clipping model
[2025-07-09 17:01:50.477] [jointLog] [warning] read 67cd1c1b-362e-4614-bb56-1a69267ee0a9 (length 11535) has no trained clipping model
[2025-07-09 17:01:50.597] [jointLog] [warning] (in update()) CIGAR string for read [98a56c01-6d81-4acd-9185-1a5fda80268f] seems inconsistent. It implied an error rate greater than 1: 1.36104 0 0.0244393
[2025-07-09 17:01:50.654] [jointLog] [warning] (in update()) CIGAR string for read [18ddd4a6-c4e9-4568-b545-6183aa9ea437] seems inconsistent. It implied an error rate greater than 1: 1.72035 0 0.0173913
[2025-07-09 17:01:50.670] [jointLog] [warning] (in update()) CIGAR string for read [bddabdde-9ba2-479d-ae42-ea852542cc6b] seems inconsistent. It implied an error rate greater than 1: 1.39552 0.000483092 0.0285024
[2025-07-09 17:01:50.852] [jointLog] [warning] read 6e216df8-8c84-4774-b68c-dfee143b5d19 (length 37413 - align length 2655) has no trained error model
[2025-07-09 17:01:50.852] [jointLog] [warning] read 6e216df8-8c84-4774-b68c-dfee143b5d19 (length 37413) has no trained clipping model
[2025-07-09 17:01:50.852] [jointLog] [warning] read 6e216df8-8c84-4774-b68c-dfee143b5d19 (length 37413) has no trained clipping model
[2025-07-09 17:01:50.852] [jointLog] [warning] read 622b3f6c-9530-4dc5-a029-4cc4b2d8ad23 (length 15183 - align length 15093) has no trained error model
[2025-07-09 17:01:50.852] [jointLog] [warning] read 622b3f6c-9530-4dc5-a029-4cc4b2d8ad23 (length 15183) has no trained clipping model
[2025-07-09 17:01:50.852] [jointLog] [warning] read 622b3f6c-9530-4dc5-a029-4cc4b2d8ad23 (length 15183) has no trained clipping model
[2025-07-09 17:01:50.852] [jointLog] [warning] read 4bc84631-4ec1-457d-8836-069516c21817 (length 33806 - align length 301) has no trained error model
[2025-07-09 17:01:50.852] [jointLog] [warning] read 4bc84631-4ec1-457d-8836-069516c21817 (length 33806) has no trained clipping model
[2025-07-09 17:01:50.852] [jointLog] [warning] read 4bc84631-4ec1-457d-8836-069516c21817 (length 33806) has no trained clipping model
[2025-07-09 17:01:50.852] [jointLog] [warning] read e3668877-11dd-4172-a3c9-c5e8764fd0e0 (length 49930 - align length 69) has no trained error model
[2025-07-09 17:01:50.852] [jointLog] [warning] read e3668877-11dd-4172-a3c9-c5e8764fd0e0 (length 49930) has no trained clipping model
[2025-07-09 17:01:50.852] [jointLog] [warning] read e3668877-11dd-4172-a3c9-c5e8764fd0e0 (length 49930) has no trained clipping model
[2025-07-09 17:01:50.852] [jointLog] [warning] read 66ad8605-4ecb-4934-8b00-4457ebff8371 (length 27457 - align length 101) has no trained error model
[2025-07-09 17:01:50.852] [jointLog] [warning] read 66ad8605-4ecb-4934-8b00-4457ebff8371 (length 27457) has no trained clipping model
[2025-07-09 17:01:50.852] [jointLog] [warning] read 66ad8605-4ecb-4934-8b00-4457ebff8371 (length 27457) has no trained clipping model
[2025-07-09 17:01:50.852] [jointLog] [warning] read 588a660b-dd83-491e-9eff-8310b73db5e6 (length 29572 - align length 5480) has no trained error model
[2025-07-09 17:01:50.852] [jointLog] [warning] read 588a660b-dd83-491e-9eff-8310b73db5e6 (length 29572) has no trained clipping model
[2025-07-09 17:01:50.852] [jointLog] [warning] read 588a660b-dd83-491e-9eff-8310b73db5e6 (length 29572) has no trained clipping model
[2025-07-09 17:01:50.852] [jointLog] [warning] read 4e4d3c74-149b-48cb-8839-7c78b7fa92b1 (length 9831) has no trained clipping model
[2025-07-09 17:01:50.853] [jointLog] [warning] read 2381edc0-f394-45f6-8404-b100695f7c75 (length 39409 - align length 1162) has no trained error model
[2025-07-09 17:01:50.853] [jointLog] [warning] read 2381edc0-f394-45f6-8404-b100695f7c75 (length 39409) has no trained clipping model
[2025-07-09 17:01:50.853] [jointLog] [warning] read 2381edc0-f394-45f6-8404-b100695f7c75 (length 39409) has no trained clipping model
[2025-07-09 17:01:50.853] [jointLog] [warning] read acd636d2-c7f0-4c17-89c4-d4fba6848b3a (length 43082 - align length 1491) has no trained error model
[2025-07-09 17:01:50.853] [jointLog] [warning] read acd636d2-c7f0-4c17-89c4-d4fba6848b3a (length 43082) has no trained clipping model
[2025-07-09 17:01:50.853] [jointLog] [warning] read acd636d2-c7f0-4c17-89c4-d4fba6848b3a (length 43082) has no trained clipping model
[2025-07-09 17:01:50.853] [jointLog] [warning] read f0dac007-d2ad-46e8-a712-dd1e3b5dec66 (length 33171 - align length 1567) has no trained error model
[2025-07-09 17:01:50.853] [jointLog] [warning] read f0dac007-d2ad-46e8-a712-dd1e3b5dec66 (length 33171) has no trained clipping model
[2025-07-09 17:01:50.853] [jointLog] [warning] read f0dac007-d2ad-46e8-a712-dd1e3b5dec66 (length 33171) has no trained clipping model
[2025-07-09 17:01:50.853] [jointLog] [warning] read e6adac61-acb4-4273-bb33-d39215a58399 (length 32686 - align length 203) has no trained error model
[2025-07-09 17:01:50.853] [jointLog] [warning] read e6adac61-acb4-4273-bb33-d39215a58399 (length 32686) has no trained clipping model
[2025-07-09 17:01:50.853] [jointLog] [warning] read e6adac61-acb4-4273-bb33-d39215a58399 (length 32686) has no trained clipping model
[2025-07-09 17:01:50.853] [jointLog] [warning] read 3f1cc44c-134d-43f7-a7e6-b30657eeb191 (length 15614 - align length 1003) has no trained error model
[2025-07-09 17:01:50.853] [jointLog] [warning] read 3f1cc44c-134d-43f7-a7e6-b30657eeb191 (length 15614) has no trained clipping model
[2025-07-09 17:01:50.853] [jointLog] [warning] read 3f1cc44c-134d-43f7-a7e6-b30657eeb191 (length 15614) has no trained clipping model
[2025-07-09 17:01:50.853] [jointLog] [warning] read 8ed0fbdb-cd3b-461e-a744-0e12ce66e4ce (length 16817 - align length 3544) has no trained error model
[2025-07-09 17:01:50.853] [jointLog] [warning] read 8ed0fbdb-cd3b-461e-a744-0e12ce66e4ce (length 16817) has no trained clipping model
[2025-07-09 17:01:50.853] [jointLog] [warning] read 8ed0fbdb-cd3b-461e-a744-0e12ce66e4ce (length 16817) has no trained clipping model
[2025-07-09 17:01:50.853] [jointLog] [warning] read aeba6b8d-51fb-4554-9b75-88b504667c4e (length 43119 - align length 115) has no trained error model
[2025-07-09 17:01:50.853] [jointLog] [warning] read aeba6b8d-51fb-4554-9b75-88b504667c4e (length 43119) has no trained clipping model
[2025-07-09 17:01:50.853] [jointLog] [warning] read aeba6b8d-51fb-4554-9b75-88b504667c4e (length 43119) has no trained clipping model
[2025-07-09 17:01:50.853] [jointLog] [warning] read a42e901a-379f-4fa0-9bad-b0936f28801d (length 14954 - align length 761) has no trained error model
[2025-07-09 17:01:50.853] [jointLog] [warning] read a42e901a-379f-4fa0-9bad-b0936f28801d (length 14954) has no trained clipping model
[2025-07-09 17:01:50.853] [jointLog] [warning] read a42e901a-379f-4fa0-9bad-b0936f28801d (length 14954) has no trained clipping model
[2025-07-09 17:01:50.853] [jointLog] [warning] read d3dc0476-63b7-4cb2-b85e-e2a98893229d (length 28478 - align length 60) has no trained error model
[2025-07-09 17:01:50.853] [jointLog] [warning] read d3dc0476-63b7-4cb2-b85e-e2a98893229d (length 28478) has no trained clipping model
[2025-07-09 17:01:50.853] [jointLog] [warning] read d3dc0476-63b7-4cb2-b85e-e2a98893229d (length 28478) has no trained clipping model
[2025-07-09 17:01:51.011] [jointLog] [warning] read 38ac7141-921a-4c0c-8490-2ce18451afbc (length 10244 - align length 10225) has no trained error model
[2025-07-09 17:01:51.100] [jointLog] [warning] read be18fcba-3218-4753-b7c6-dffa5f7d928d (length 10774) has no trained clipping model
[2025-07-09 17:01:51.178] [jointLog] [warning] (in update()) CIGAR string for read [0d6387d7-89ba-443b-8037-5ced59dccb37] seems inconsistent. It implied an error rate greater than 1: 1.3692 0.000589275 0.00824985
[2025-07-09 17:01:51.290] [jointLog] [warning] (in update()) CIGAR string for read [6654d656-d33c-4d1f-9215-63838c1c0559] seems inconsistent. It implied an error rate greater than 1: 1.21846 0.00366972 0.0220183
[2025-07-09 17:01:51.301] [jointLog] [warning] (in update()) CIGAR string for read [849e5021-07ce-46dc-83eb-51c015cd6972] seems inconsistent. It implied an error rate greater than 1: 1.35491 0 0.0081728
[2025-07-09 17:01:51.305] [jointLog] [warning] (in update()) CIGAR string for read [e6d4a048-98b5-4197-9903-b1d0c987a539] seems inconsistent. It implied an error rate greater than 1: 1.05626 0.00312012 0.0124805
[2025-07-09 17:01:51.416] [jointLog] [warning] (in update()) CIGAR string for read [0b863d96-514e-4d6b-be46-6abb21500b44] seems inconsistent. It implied an error rate greater than 1: 1.50594 0 0.0144928
[2025-07-09 17:01:51.437] [jointLog] [warning] (in update()) CIGAR string for read [4566157e-c6f5-4c3e-8bf9-16f4e733b483] seems inconsistent. It implied an error rate greater than 1: 1.26965 0.000690608 0.0414365
[2025-07-09 17:01:51.611] [jointLog] [warning] (in update()) CIGAR string for read [d629ef7c-d17e-4583-84cd-3f9b47b8316a] seems inconsistent. It implied an error rate greater than 1: 1.12027 0.00324149 0.0534846
[2025-07-09 17:01:51.615] [jointLog] [warning] (in update()) CIGAR string for read [472e6de7-b0c9-4472-9d35-3db5b9058e3b] seems inconsistent. It implied an error rate greater than 1: 1.10828 0.0256046 0.0810811
[2025-07-09 17:01:51.665] [jointLog] [warning] (in update()) CIGAR string for read [d64940cf-cf84-4e68-8345-1a5d22df45ad] seems inconsistent. It implied an error rate greater than 1: 1.35542 0.0017585 0.00293083
[2025-07-09 17:01:51.752] [jointLog] [warning] read a7c23aa0-17ca-4025-b734-26a23f5cb846 (length 26580 - align length 3085) has no trained error model
[2025-07-09 17:01:51.752] [jointLog] [warning] read a7c23aa0-17ca-4025-b734-26a23f5cb846 (length 26580) has no trained clipping model
[2025-07-09 17:01:51.752] [jointLog] [warning] read a7c23aa0-17ca-4025-b734-26a23f5cb846 (length 26580) has no trained clipping model
[2025-07-09 17:01:51.752] [jointLog] [warning] read 8fbd37b1-5d33-42df-8c61-c623dcd6df5f (length 21157 - align length 331) has no trained error model
[2025-07-09 17:01:51.752] [jointLog] [warning] read 8fbd37b1-5d33-42df-8c61-c623dcd6df5f (length 21157) has no trained clipping model
[2025-07-09 17:01:51.752] [jointLog] [warning] read 8fbd37b1-5d33-42df-8c61-c623dcd6df5f (length 21157) has no trained clipping model
[2025-07-09 17:01:51.753] [jointLog] [warning] read 74908196-356c-49a9-a27c-1e93932a8ae3 (length 20908 - align length 546) has no trained error model
[2025-07-09 17:01:51.753] [jointLog] [warning] read 74908196-356c-49a9-a27c-1e93932a8ae3 (length 20908) has no trained clipping model
[2025-07-09 17:01:51.753] [jointLog] [warning] read 74908196-356c-49a9-a27c-1e93932a8ae3 (length 20908) has no trained clipping model
[2025-07-09 17:01:51.753] [jointLog] [warning] read 13714f52-0a7b-4886-9713-7706800d419e (length 16587 - align length 274) has no trained error model
[2025-07-09 17:01:51.753] [jointLog] [warning] read 13714f52-0a7b-4886-9713-7706800d419e (length 16587) has no trained clipping model
[2025-07-09 17:01:51.753] [jointLog] [warning] read 13714f52-0a7b-4886-9713-7706800d419e (length 16587) has no trained clipping model
[2025-07-09 17:01:51.753] [jointLog] [warning] read e5d0fba8-4200-4bf8-ae16-33eaf5be37ed (length 23609 - align length 2369) has no trained error model
[2025-07-09 17:01:51.753] [jointLog] [warning] read e5d0fba8-4200-4bf8-ae16-33eaf5be37ed (length 23609) has no trained clipping model
[2025-07-09 17:01:51.753] [jointLog] [warning] read e5d0fba8-4200-4bf8-ae16-33eaf5be37ed (length 23609) has no trained clipping model
[2025-07-09 17:01:51.753] [jointLog] [warning] read b15369b9-d576-4261-b5ae-ac9b1649063e (length 26644 - align length 8199) has no trained error model
[2025-07-09 17:01:51.753] [jointLog] [warning] read b15369b9-d576-4261-b5ae-ac9b1649063e (length 26644) has no trained clipping model
[2025-07-09 17:01:51.753] [jointLog] [warning] read b15369b9-d576-4261-b5ae-ac9b1649063e (length 26644) has no trained clipping model
[2025-07-09 17:01:51.753] [jointLog] [warning] read b8fcd7dc-3b90-41d1-b492-384235a0da0a (length 31876 - align length 1415) has no trained error model
[2025-07-09 17:01:51.753] [jointLog] [warning] read b8fcd7dc-3b90-41d1-b492-384235a0da0a (length 31876) has no trained clipping model
[2025-07-09 17:01:51.753] [jointLog] [warning] read b8fcd7dc-3b90-41d1-b492-384235a0da0a (length 31876) has no trained clipping model
[2025-07-09 17:01:51.753] [jointLog] [warning] read 26086581-56bc-4f53-9382-add926c60554 (length 10897) has no trained clipping model
[2025-07-09 17:01:51.753] [jointLog] [warning] read 13ffd2dd-2707-431d-8031-4f3d49dac0dc (length 15443 - align length 15435) has no trained error model
[2025-07-09 17:01:51.753] [jointLog] [warning] read 13ffd2dd-2707-431d-8031-4f3d49dac0dc (length 15443) has no trained clipping model
[2025-07-09 17:01:51.753] [jointLog] [warning] read 13ffd2dd-2707-431d-8031-4f3d49dac0dc (length 15443) has no trained clipping model
[2025-07-09 17:01:51.753] [jointLog] [warning] read efdecdf4-c81b-4b2c-995d-066e8ef89715 (length 13343 - align length 240) has no trained error model
[2025-07-09 17:01:51.753] [jointLog] [warning] read efdecdf4-c81b-4b2c-995d-066e8ef89715 (length 13343) has no trained clipping model
[2025-07-09 17:01:51.753] [jointLog] [warning] read efdecdf4-c81b-4b2c-995d-066e8ef89715 (length 13343) has no trained clipping model
[2025-07-09 17:01:51.753] [jointLog] [warning] read 644b8498-9a54-4cb0-91bb-eccfccaf2dcc (length 30121 - align length 1094) has no trained error model
[2025-07-09 17:01:51.753] [jointLog] [warning] read 644b8498-9a54-4cb0-91bb-eccfccaf2dcc (length 30121) has no trained clipping model
[2025-07-09 17:01:51.753] [jointLog] [warning] read 644b8498-9a54-4cb0-91bb-eccfccaf2dcc (length 30121) has no trained clipping model
[2025-07-09 17:01:51.753] [jointLog] [warning] read 63fbffda-beea-4839-91a8-1875069a14b0 (length 20498 - align length 511) has no trained error model
[2025-07-09 17:01:51.753] [jointLog] [warning] read 63fbffda-beea-4839-91a8-1875069a14b0 (length 20498) has no trained clipping model
[2025-07-09 17:01:51.753] [jointLog] [warning] read 63fbffda-beea-4839-91a8-1875069a14b0 (length 20498) has no trained clipping model
[2025-07-09 17:01:51.753] [jointLog] [warning] read 3ed63246-ad13-40a5-bd68-d05cdb1361fa (length 15591 - align length 1172) has no trained error model
[2025-07-09 17:01:51.753] [jointLog] [warning] read 3ed63246-ad13-40a5-bd68-d05cdb1361fa (length 15591) has no trained clipping model
[2025-07-09 17:01:51.753] [jointLog] [warning] read 3ed63246-ad13-40a5-bd68-d05cdb1361fa (length 15591) has no trained clipping model
[2025-07-09 17:01:51.753] [jointLog] [warning] read 08e69406-29a1-4f36-8200-b010f65a1eb1 (length 15351 - align length 1014) has no trained error model
[2025-07-09 17:01:51.753] [jointLog] [warning] read 08e69406-29a1-4f36-8200-b010f65a1eb1 (length 15351) has no trained clipping model
[2025-07-09 17:01:51.753] [jointLog] [warning] read 08e69406-29a1-4f36-8200-b010f65a1eb1 (length 15351) has no trained clipping model
[2025-07-09 17:01:51.754] [jointLog] [warning] read b1f8d6f9-f57a-46d0-966f-25c9846cb212 (length 28791 - align length 411) has no trained error model
[2025-07-09 17:01:51.754] [jointLog] [warning] read b1f8d6f9-f57a-46d0-966f-25c9846cb212 (length 28791) has no trained clipping model
[2025-07-09 17:01:51.754] [jointLog] [warning] read b1f8d6f9-f57a-46d0-966f-25c9846cb212 (length 28791) has no trained clipping model
[2025-07-09 17:01:51.881] [jointLog] [warning] (in update()) CIGAR string for read [5b815e78-ee2d-45dd-b806-ce0590e884be] seems inconsistent. It implied an error rate greater than 1: 1.25535 0 0.0194595
[2025-07-09 17:01:52.024] [jointLog] [warning] (in update()) CIGAR string for read [4143c867-9d5e-4ba8-b314-c506a424a243] seems inconsistent. It implied an error rate greater than 1: 1.03998 0 0.035793
[2025-07-09 17:01:52.053] [jointLog] [warning] (in update()) CIGAR string for read [ab04d5be-2128-4b7c-b2eb-3555890424b7] seems inconsistent. It implied an error rate greater than 1: 1.38256 0 0.00358209
[2025-07-09 17:01:52.272] [jointLog] [warning] read 670e9ec0-c5b0-473a-b92f-97264e2499e3 (length 9914 - align length 7123) has no trained error model
[2025-07-09 17:01:52.272] [jointLog] [warning] read 670e9ec0-c5b0-473a-b92f-97264e2499e3 (length 9914) has no trained clipping model
[2025-07-09 17:01:52.272] [jointLog] [warning] read 670e9ec0-c5b0-473a-b92f-97264e2499e3 (length 9914) has no trained clipping model
[2025-07-09 17:01:52.296] [jointLog] [warning] (in update()) CIGAR string for read [863fd3a5-e9d4-4c37-9384-68bdc55f4431] seems inconsistent. It implied an error rate greater than 1: 1.08533 0.0266344 0.0653753
[2025-07-09 17:01:52.337] [jointLog] [warning] read 4703f0c8-602d-431c-a4ca-378fef6ff672 (length 10900 - align length 10836) has no trained error model
[2025-07-09 17:01:52.337] [jointLog] [warning] read 4703f0c8-602d-431c-a4ca-378fef6ff672 (length 10900) has no trained clipping model
[2025-07-09 17:01:52.349] [jointLog] [warning] (in update()) CIGAR string for read [9a787804-ba38-4aad-a37f-ad4193321b47] seems inconsistent. It implied an error rate greater than 1: 1.16931 0.0100503 0.040201
[2025-07-09 17:01:52.397] [jointLog] [warning] (in update()) CIGAR string for read [ac483d6a-e11d-4e7b-a64d-16c53f0d6438] seems inconsistent. It implied an error rate greater than 1: 1.35306 0.000290951 0.0116381
[2025-07-09 17:01:52.401] [jointLog] [warning] (in update()) CIGAR string for read [4b79d671-1e9f-4cd6-b3ac-b0d0e51c212b] seems inconsistent. It implied an error rate greater than 1: 1.37374 0.00177936 0
[2025-07-09 17:01:52.520] [jointLog] [warning] (in update()) CIGAR string for read [395c45ed-548b-4dd8-bd66-f859e18201a4] seems inconsistent. It implied an error rate greater than 1: 1.1331 0.0134907 0.0236088
[2025-07-09 17:01:52.567] [jointLog] [warning] read b2870bc5-bd89-43e0-9a3d-f7a04211da89 (length 10842) has no trained clipping model
[2025-07-09 17:01:52.724] [jointLog] [warning] (in update()) CIGAR string for read [8f4cc7f0-0525-4064-b8b8-98c29a513133] seems inconsistent. It implied an error rate greater than 1: 1.37604 0 0.0103214
[2025-07-09 17:01:52.885] [jointLog] [warning] (in update()) CIGAR string for read [07b2c914-d57c-40da-b867-464bae7754ed] seems inconsistent. It implied an error rate greater than 1: 1.03724 0.0464548 0.0672372
[2025-07-09 17:01:52.892] [jointLog] [warning] (in update()) CIGAR string for read [ad84b554-e3c1-4bb7-beb3-0f56c70cf4f9] seems inconsistent. It implied an error rate greater than 1: 1.21108 0 0.0480641
[2025-07-09 17:01:53.014] [jointLog] [warning] (in update()) CIGAR string for read [c0071f58-175b-4aa0-9069-3cf9c771c7f0] seems inconsistent. It implied an error rate greater than 1: 1.15893 0.015411 0.0256849
[2025-07-09 17:01:53.211] [jointLog] [warning] read 0a1e663a-2f8f-49fc-b64b-21fb13df5544 (length 11135) has no trained clipping model
[2025-07-09 17:01:53.212] [jointLog] [warning] read d3f7c5ed-958d-419e-9a2b-73e5ac5b8846 (length 9638) has no trained clipping model
[2025-07-09 17:01:53.212] [jointLog] [warning] read 42679e09-a1f3-4af3-991d-326cf2f38044 (length 16912 - align length 1802) has no trained error model
[2025-07-09 17:01:53.212] [jointLog] [warning] read 42679e09-a1f3-4af3-991d-326cf2f38044 (length 16912) has no trained clipping model
[2025-07-09 17:01:53.212] [jointLog] [warning] read 42679e09-a1f3-4af3-991d-326cf2f38044 (length 16912) has no trained clipping model
[2025-07-09 17:01:53.212] [jointLog] [warning] read 43804228-6ee9-4b81-9199-4f4f40f2c0e7 (length 27650 - align length 466) has no trained error model
[2025-07-09 17:01:53.212] [jointLog] [warning] read 43804228-6ee9-4b81-9199-4f4f40f2c0e7 (length 27650) has no trained clipping model
[2025-07-09 17:01:53.212] [jointLog] [warning] read 43804228-6ee9-4b81-9199-4f4f40f2c0e7 (length 27650) has no trained clipping model
[2025-07-09 17:01:53.212] [jointLog] [warning] read bc2767e8-dee5-414d-ba3b-df00ad9f188b (length 20833 - align length 351) has no trained error model
[2025-07-09 17:01:53.212] [jointLog] [warning] read bc2767e8-dee5-414d-ba3b-df00ad9f188b (length 20833) has no trained clipping model
[2025-07-09 17:01:53.212] [jointLog] [warning] read bc2767e8-dee5-414d-ba3b-df00ad9f188b (length 20833) has no trained clipping model
[2025-07-09 17:01:53.212] [jointLog] [warning] read 1850c764-5151-4617-ad6e-022f71b82b3c (length 35089 - align length 401) has no trained error model
[2025-07-09 17:01:53.212] [jointLog] [warning] read 1850c764-5151-4617-ad6e-022f71b82b3c (length 35089) has no trained clipping model
[2025-07-09 17:01:53.212] [jointLog] [warning] read 1850c764-5151-4617-ad6e-022f71b82b3c (length 35089) has no trained clipping model
[2025-07-09 17:01:53.212] [jointLog] [warning] read da037815-1504-4ab7-9382-a618b94a5668 (length 37896 - align length 2156) has no trained error model
[2025-07-09 17:01:53.212] [jointLog] [warning] read da037815-1504-4ab7-9382-a618b94a5668 (length 37896) has no trained clipping model
[2025-07-09 17:01:53.212] [jointLog] [warning] read da037815-1504-4ab7-9382-a618b94a5668 (length 37896) has no trained clipping model
[2025-07-09 17:01:53.212] [jointLog] [warning] read 6fbbfe5d-5ad1-41c5-af05-ebf542a818ac (length 17173) has no trained clipping model
[2025-07-09 17:01:53.212] [jointLog] [warning] read c8c0c6a4-215e-4dfc-83d2-bf914d960e74 (length 11863 - align length 381) has no trained error model
[2025-07-09 17:01:53.212] [jointLog] [warning] read c8c0c6a4-215e-4dfc-83d2-bf914d960e74 (length 11863) has no trained clipping model
[2025-07-09 17:01:53.212] [jointLog] [warning] read c8c0c6a4-215e-4dfc-83d2-bf914d960e74 (length 11863) has no trained clipping model
[2025-07-09 17:01:53.212] [jointLog] [warning] read 20d1bf32-4b39-4675-805f-89359b613fd4 (length 19782 - align length 1790) has no trained error model
[2025-07-09 17:01:53.212] [jointLog] [warning] read 20d1bf32-4b39-4675-805f-89359b613fd4 (length 19782) has no trained clipping model
[2025-07-09 17:01:53.212] [jointLog] [warning] read 20d1bf32-4b39-4675-805f-89359b613fd4 (length 19782) has no trained clipping model
[2025-07-09 17:01:53.212] [jointLog] [warning] read dbafbf97-39d5-4a68-9b2c-5df54cb7d62d (length 26070 - align length 377) has no trained error model
[2025-07-09 17:01:53.212] [jointLog] [warning] read dbafbf97-39d5-4a68-9b2c-5df54cb7d62d (length 26070) has no trained clipping model
[2025-07-09 17:01:53.212] [jointLog] [warning] read dbafbf97-39d5-4a68-9b2c-5df54cb7d62d (length 26070) has no trained clipping model
[2025-07-09 17:01:53.212] [jointLog] [warning] read 3f1a93f1-da70-475f-9a94-5db51cfa31d9 (length 44272 - align length 1109) has no trained error model
[2025-07-09 17:01:53.212] [jointLog] [warning] read 3f1a93f1-da70-475f-9a94-5db51cfa31d9 (length 44272) has no trained clipping model
[2025-07-09 17:01:53.212] [jointLog] [warning] read 3f1a93f1-da70-475f-9a94-5db51cfa31d9 (length 44272) has no trained clipping model
[2025-07-09 17:01:53.212] [jointLog] [warning] read 9cb5a9f3-0d61-4233-b24c-46176edaea52 (length 16379 - align length 348) has no trained error model
[2025-07-09 17:01:53.212] [jointLog] [warning] read 9cb5a9f3-0d61-4233-b24c-46176edaea52 (length 16379) has no trained clipping model
[2025-07-09 17:01:53.212] [jointLog] [warning] read 9cb5a9f3-0d61-4233-b24c-46176edaea52 (length 16379) has no trained clipping model
[2025-07-09 17:01:53.213] [jointLog] [warning] read a0f1a0b6-bf95-4614-bec3-96f6b79194d2 (length 13905) has no trained clipping model
[2025-07-09 17:01:53.213] [jointLog] [warning] read 705f79c5-e907-43d8-a338-fc1d2b5b112a (length 18046 - align length 535) has no trained error model
[2025-07-09 17:01:53.213] [jointLog] [warning] read 705f79c5-e907-43d8-a338-fc1d2b5b112a (length 18046) has no trained clipping model
[2025-07-09 17:01:53.213] [jointLog] [warning] read 705f79c5-e907-43d8-a338-fc1d2b5b112a (length 18046) has no trained clipping model
[2025-07-09 17:01:53.213] [jointLog] [warning] read e8d4527b-23c0-4ac8-bf70-03608d490950 (length 43534 - align length 692) has no trained error model
[2025-07-09 17:01:53.213] [jointLog] [warning] read e8d4527b-23c0-4ac8-bf70-03608d490950 (length 43534) has no trained clipping model
[2025-07-09 17:01:53.213] [jointLog] [warning] read e8d4527b-23c0-4ac8-bf70-03608d490950 (length 43534) has no trained clipping model
[2025-07-09 17:01:53.213] [jointLog] [warning] read d55283aa-65e1-4753-a803-c2700982e7d3 (length 18801 - align length 1454) has no trained error model
[2025-07-09 17:01:53.213] [jointLog] [warning] read d55283aa-65e1-4753-a803-c2700982e7d3 (length 18801) has no trained clipping model
[2025-07-09 17:01:53.213] [jointLog] [warning] read d55283aa-65e1-4753-a803-c2700982e7d3 (length 18801) has no trained clipping model
[2025-07-09 17:01:53.213] [jointLog] [warning] read 09d31b0a-b907-4dbb-8d7d-79c74710bf67 (length 48258 - align length 712) has no trained error model
[2025-07-09 17:01:53.213] [jointLog] [warning] read 09d31b0a-b907-4dbb-8d7d-79c74710bf67 (length 48258) has no trained clipping model
[2025-07-09 17:01:53.213] [jointLog] [warning] read 09d31b0a-b907-4dbb-8d7d-79c74710bf67 (length 48258) has no trained clipping model
[2025-07-09 17:01:53.213] [jointLog] [warning] read 0e3842f8-9dc0-436b-b9e1-9a706d2bf728 (length 18194 - align length 4860) has no trained error model
[2025-07-09 17:01:53.213] [jointLog] [warning] read 0e3842f8-9dc0-436b-b9e1-9a706d2bf728 (length 18194) has no trained clipping model
[2025-07-09 17:01:53.213] [jointLog] [warning] read 0e3842f8-9dc0-436b-b9e1-9a706d2bf728 (length 18194) has no trained clipping model
[2025-07-09 17:01:53.213] [jointLog] [warning] read ac0b2810-974e-4e34-9e6c-f196eb466c5c (length 28982 - align length 1925) has no trained error model
[2025-07-09 17:01:53.213] [jointLog] [warning] read ac0b2810-974e-4e34-9e6c-f196eb466c5c (length 28982) has no trained clipping model
[2025-07-09 17:01:53.213] [jointLog] [warning] read ac0b2810-974e-4e34-9e6c-f196eb466c5c (length 28982) has no trained clipping model
[2025-07-09 17:01:53.213] [jointLog] [warning] read 0de00d6e-b5a8-4144-8a48-aaf914bb514d (length 26206 - align length 1181) has no trained error model
[2025-07-09 17:01:53.213] [jointLog] [warning] read 0de00d6e-b5a8-4144-8a48-aaf914bb514d (length 26206) has no trained clipping model
[2025-07-09 17:01:53.213] [jointLog] [warning] read 0de00d6e-b5a8-4144-8a48-aaf914bb514d (length 26206) has no trained clipping model
[2025-07-09 17:01:53.213] [jointLog] [warning] read 27917323-64ca-4c28-b3d7-26e59b449ab7 (length 27149 - align length 929) has no trained error model
[2025-07-09 17:01:53.213] [jointLog] [warning] read 27917323-64ca-4c28-b3d7-26e59b449ab7 (length 27149) has no trained clipping model
[2025-07-09 17:01:53.213] [jointLog] [warning] read 27917323-64ca-4c28-b3d7-26e59b449ab7 (length 27149) has no trained clipping model
[2025-07-09 17:01:53.213] [jointLog] [warning] read dfac2428-df91-496b-a8b4-5586748e1289 (length 32884 - align length 684) has no trained error model
[2025-07-09 17:01:53.213] [jointLog] [warning] read dfac2428-df91-496b-a8b4-5586748e1289 (length 32884) has no trained clipping model
[2025-07-09 17:01:53.213] [jointLog] [warning] read dfac2428-df91-496b-a8b4-5586748e1289 (length 32884) has no trained clipping model
[2025-07-09 17:01:53.213] [jointLog] [warning] read a33754c3-04e7-4d82-8484-9594966c4832 (length 41601 - align length 414) has no trained error model
[2025-07-09 17:01:53.213] [jointLog] [warning] read a33754c3-04e7-4d82-8484-9594966c4832 (length 41601) has no trained clipping model
[2025-07-09 17:01:53.213] [jointLog] [warning] read a33754c3-04e7-4d82-8484-9594966c4832 (length 41601) has no trained clipping model
[2025-07-09 17:01:53.213] [jointLog] [warning] read 98fdf756-305e-4c7c-b509-7ff4d73ba2f9 (length 22878 - align length 74) has no trained error model
[2025-07-09 17:01:53.213] [jointLog] [warning] read 98fdf756-305e-4c7c-b509-7ff4d73ba2f9 (length 22878) has no trained clipping model
[2025-07-09 17:01:53.213] [jointLog] [warning] read 98fdf756-305e-4c7c-b509-7ff4d73ba2f9 (length 22878) has no trained clipping model
[2025-07-09 17:01:53.213] [jointLog] [warning] read d1f3fdd6-d78c-48e4-93f4-36d3839d0809 (length 45510 - align length 588) has no trained error model
[2025-07-09 17:01:53.213] [jointLog] [warning] read d1f3fdd6-d78c-48e4-93f4-36d3839d0809 (length 45510) has no trained clipping model
[2025-07-09 17:01:53.213] [jointLog] [warning] read d1f3fdd6-d78c-48e4-93f4-36d3839d0809 (length 45510) has no trained clipping model
[2025-07-09 17:01:53.213] [jointLog] [warning] read 9f408627-8a9c-4829-816f-99f310962a1d (length 13978) has no trained clipping model
[2025-07-09 17:01:53.214] [jointLog] [warning] read 50f69487-a18d-47bf-a501-10e191b8bbc4 (length 34622 - align length 2035) has no trained error model
[2025-07-09 17:01:53.214] [jointLog] [warning] read 50f69487-a18d-47bf-a501-10e191b8bbc4 (length 34622) has no trained clipping model
[2025-07-09 17:01:53.214] [jointLog] [warning] read 50f69487-a18d-47bf-a501-10e191b8bbc4 (length 34622) has no trained clipping model
[2025-07-09 17:01:53.214] [jointLog] [warning] read 44559683-ebec-467d-962b-657fa25e38ca (length 15269 - align length 426) has no trained error model
[2025-07-09 17:01:53.214] [jointLog] [warning] read 44559683-ebec-467d-962b-657fa25e38ca (length 15269) has no trained clipping model
[2025-07-09 17:01:53.214] [jointLog] [warning] read 44559683-ebec-467d-962b-657fa25e38ca (length 15269) has no trained clipping model
[2025-07-09 17:01:53.214] [jointLog] [warning] read cd7771c2-0fa6-40e3-b170-12fc3af20021 (length 48571 - align length 75) has no trained error model
[2025-07-09 17:01:53.214] [jointLog] [warning] read cd7771c2-0fa6-40e3-b170-12fc3af20021 (length 48571) has no trained clipping model
[2025-07-09 17:01:53.214] [jointLog] [warning] read cd7771c2-0fa6-40e3-b170-12fc3af20021 (length 48571) has no trained clipping model
[2025-07-09 17:01:53.214] [jointLog] [warning] read 5cb6f097-97b6-47a2-aaaa-e0a9c4b5443c (length 49048 - align length 57) has no trained error model
[2025-07-09 17:01:53.214] [jointLog] [warning] read 5cb6f097-97b6-47a2-aaaa-e0a9c4b5443c (length 49048) has no trained clipping model
[2025-07-09 17:01:53.214] [jointLog] [warning] read 5cb6f097-97b6-47a2-aaaa-e0a9c4b5443c (length 49048) has no trained clipping model
[2025-07-09 17:01:53.214] [jointLog] [warning] read f60e35de-f0e4-4982-a929-f6c09002c3f5 (length 20202 - align length 1387) has no trained error model
[2025-07-09 17:01:53.214] [jointLog] [warning] read f60e35de-f0e4-4982-a929-f6c09002c3f5 (length 20202) has no trained clipping model
[2025-07-09 17:01:53.214] [jointLog] [warning] read f60e35de-f0e4-4982-a929-f6c09002c3f5 (length 20202) has no trained clipping model
[2025-07-09 17:01:53.214] [jointLog] [warning] read 184c3fcf-7815-4c5d-ab27-0910bd6c05d9 (length 21660 - align length 1178) has no trained error model
[2025-07-09 17:01:53.214] [jointLog] [warning] read 184c3fcf-7815-4c5d-ab27-0910bd6c05d9 (length 21660) has no trained clipping model
[2025-07-09 17:01:53.214] [jointLog] [warning] read 184c3fcf-7815-4c5d-ab27-0910bd6c05d9 (length 21660) has no trained clipping model
[2025-07-09 17:01:53.214] [jointLog] [warning] read 13801f5a-ba05-4411-8c6f-3624f5e6a67c (length 43848 - align length 2358) has no trained error model
[2025-07-09 17:01:53.214] [jointLog] [warning] read 13801f5a-ba05-4411-8c6f-3624f5e6a67c (length 43848) has no trained clipping model
[2025-07-09 17:01:53.214] [jointLog] [warning] read 13801f5a-ba05-4411-8c6f-3624f5e6a67c (length 43848) has no trained clipping model
[2025-07-09 17:01:53.214] [jointLog] [warning] read 8c154a65-7c64-47a5-8088-6722b9007922 (length 23574 - align length 128) has no trained error model
[2025-07-09 17:01:53.214] [jointLog] [warning] read 8c154a65-7c64-47a5-8088-6722b9007922 (length 23574) has no trained clipping model
[2025-07-09 17:01:53.214] [jointLog] [warning] read 8c154a65-7c64-47a5-8088-6722b9007922 (length 23574) has no trained clipping model
[2025-07-09 17:01:53.214] [jointLog] [warning] read 0014f28c-0fac-431a-823f-dae65bdfb33d (length 44088 - align length 370) has no trained error model
[2025-07-09 17:01:53.214] [jointLog] [warning] read 0014f28c-0fac-431a-823f-dae65bdfb33d (length 44088) has no trained clipping model
[2025-07-09 17:01:53.214] [jointLog] [warning] read 0014f28c-0fac-431a-823f-dae65bdfb33d (length 44088) has no trained clipping model
[2025-07-09 17:01:53.214] [jointLog] [warning] read c100eb4d-314f-4f3c-9f0a-a51c9ae9bcd6 (length 26773 - align length 3615) has no trained error model
[2025-07-09 17:01:53.214] [jointLog] [warning] read c100eb4d-314f-4f3c-9f0a-a51c9ae9bcd6 (length 26773) has no trained clipping model
[2025-07-09 17:01:53.214] [jointLog] [warning] read c100eb4d-314f-4f3c-9f0a-a51c9ae9bcd6 (length 26773) has no trained clipping model
[2025-07-09 17:01:53.214] [jointLog] [warning] read c3b8f65d-68dc-400c-95a3-8e5044ff13aa (length 18335 - align length 1323) has no trained error model
[2025-07-09 17:01:53.214] [jointLog] [warning] read c3b8f65d-68dc-400c-95a3-8e5044ff13aa (length 18335) has no trained clipping model
[2025-07-09 17:01:53.214] [jointLog] [warning] read c3b8f65d-68dc-400c-95a3-8e5044ff13aa (length 18335) has no trained clipping model
[2025-07-09 17:01:53.214] [jointLog] [warning] read 3492380d-9a75-4724-b8a9-5714b089b2e0 (length 27017 - align length 529) has no trained error model
[2025-07-09 17:01:53.214] [jointLog] [warning] read 3492380d-9a75-4724-b8a9-5714b089b2e0 (length 27017) has no trained clipping model
[2025-07-09 17:01:53.214] [jointLog] [warning] read 3492380d-9a75-4724-b8a9-5714b089b2e0 (length 27017) has no trained clipping model
[2025-07-09 17:01:53.214] [jointLog] [warning] read b4c06178-32a2-46e8-bfbb-b6022f084541 (length 44745 - align length 253) has no trained error model
[2025-07-09 17:01:53.214] [jointLog] [warning] read b4c06178-32a2-46e8-bfbb-b6022f084541 (length 44745) has no trained clipping model
[2025-07-09 17:01:53.215] [jointLog] [warning] read b4c06178-32a2-46e8-bfbb-b6022f084541 (length 44745) has no trained clipping model
[2025-07-09 17:01:53.215] [jointLog] [warning] read e50b3e4c-bdad-4ce3-a3fc-4dd2f4ac9432 (length 19531) has no trained clipping model
[2025-07-09 17:01:53.215] [jointLog] [warning] read abb26229-6aa5-4c5f-8b52-a35dd00dca17 (length 15845 - align length 2590) has no trained error model
[2025-07-09 17:01:53.215] [jointLog] [warning] read abb26229-6aa5-4c5f-8b52-a35dd00dca17 (length 15845) has no trained clipping model
[2025-07-09 17:01:53.215] [jointLog] [warning] read abb26229-6aa5-4c5f-8b52-a35dd00dca17 (length 15845) has no trained clipping model
[2025-07-09 17:01:53.215] [jointLog] [warning] read 8591f793-a043-4894-a1c8-f9d1e91645e3 (length 14777 - align length 14575) has no trained error model
[2025-07-09 17:01:53.215] [jointLog] [warning] read bde51216-baa3-44af-900a-dc32e560e730 (length 35654 - align length 74) has no trained error model
[2025-07-09 17:01:53.215] [jointLog] [warning] read bde51216-baa3-44af-900a-dc32e560e730 (length 35654) has no trained clipping model
[2025-07-09 17:01:53.215] [jointLog] [warning] read bde51216-baa3-44af-900a-dc32e560e730 (length 35654) has no trained clipping model
[2025-07-09 17:01:53.218] [jointLog] [warning] read 711670b2-4b70-422b-b6e4-973778f44c23 (length 29752 - align length 976) has no trained error model
[2025-07-09 17:01:53.218] [jointLog] [warning] read 711670b2-4b70-422b-b6e4-973778f44c23 (length 29752) has no trained clipping model
[2025-07-09 17:01:53.218] [jointLog] [warning] read 711670b2-4b70-422b-b6e4-973778f44c23 (length 29752) has no trained clipping model
[2025-07-09 17:01:53.319] [jointLog] [warning] (in update()) CIGAR string for read [816456a5-99f1-4574-8916-accab802cf03] seems inconsistent. It implied an error rate greater than 1: 1.63471 0.000417362 0.0158598
[2025-07-09 17:01:53.404] [jointLog] [warning] (in update()) CIGAR string for read [7a4d2b80-4a1d-46bd-9dbc-3e8106cdf136] seems inconsistent. It implied an error rate greater than 1: 1.14739 0.00394997 0
[2025-07-09 17:01:53.442] [jointLog] [warning] read 83133128-002f-45bd-b3ba-414de8e190d0 (length 11946 - align length 11901) has no trained error model
[2025-07-09 17:01:53.957] [jointLog] [warning] (in update()) CIGAR string for read [90f41d88-2e78-4966-922c-f3212911cf19] seems inconsistent. It implied an error rate greater than 1: 1.0561 0.0018315 0.0622711
[2025-07-09 17:01:54.068] [jointLog] [warning] (in update()) CIGAR string for read [578d402b-21e3-40be-a7cf-ead2cafe3999] seems inconsistent. It implied an error rate greater than 1: 1.35998 0.000295683 0.000887049
[2025-07-09 17:01:54.226] [jointLog] [warning] (in update()) CIGAR string for read [90db4a46-10b2-4f7d-bfd4-41e821c99220] seems inconsistent. It implied an error rate greater than 1: 1.19964 0 0.0160237
[2025-07-09 17:01:54.426] [jointLog] [warning] (in update()) CIGAR string for read [5e7adc19-a936-4c21-80b5-5ed5d0870eec] seems inconsistent. It implied an error rate greater than 1: 1.49281 0.0505051 0.013468
[2025-07-09 17:01:54.520] [jointLog] [warning] (in update()) CIGAR string for read [12cbad16-86b2-4cf0-a5d1-83fe5e3fdffa] seems inconsistent. It implied an error rate greater than 1: 1.22654 0 0.0684301
[2025-07-09 17:01:54.540] [jointLog] [warning] (in update()) CIGAR string for read [5b0703e6-2119-4933-8c97-b982b87497a4] seems inconsistent. It implied an error rate greater than 1: 1.23178 0.00491803 0.118033
[2025-07-09 17:01:54.567] [jointLog] [warning] (in update()) CIGAR string for read [fbe1ec96-7f10-418d-bfbc-36d4f570c8e2] seems inconsistent. It implied an error rate greater than 1: 1.29963 0.00282087 0.0345557
[2025-07-09 17:01:54.615] [jointLog] [warning] (in update()) CIGAR string for read [56a1eceb-0b2b-4bc9-810a-616cc7865696] seems inconsistent. It implied an error rate greater than 1: 1.3741 0.000298507 0.00149254
[2025-07-09 17:01:54.543] [fileLog] [info] quantification processed 2000000 fragments so far

[2025-07-09 17:01:54.847] [jointLog] [warning] (in update()) CIGAR string for read [f769fdf3-ef11-4aad-8ec9-38250f2105c3] seems inconsistent. It implied an error rate greater than 1: 1.37961 0.000298151 0.00536673
[2025-07-09 17:01:54.999] [jointLog] [warning] (in update()) CIGAR string for read [a8e671f5-058d-440b-b27e-8cbede03e425] seems inconsistent. It implied an error rate greater than 1: 1.37113 0 0.00118906
[2025-07-09 17:01:55.056] [jointLog] [warning] (in update()) CIGAR string for read [d033fb85-e038-4757-8806-90d86a625452] seems inconsistent. It implied an error rate greater than 1: 1.05 0.152893 0.0206612
[2025-07-09 17:01:55.116] [jointLog] [warning] (in update()) CIGAR string for read [fae7ef41-5c9c-420a-8920-414512eba90e] seems inconsistent. It implied an error rate greater than 1: 1.11512 0.00499168 0.0266223
[2025-07-09 17:01:55.320] [jointLog] [warning] (in update()) CIGAR string for read [f46a5622-2f6a-4cc1-b769-eaf359a12a25] seems inconsistent. It implied an error rate greater than 1: 1.37437 0 0.000594354
[2025-07-09 17:01:55.553] [jointLog] [warning] read b494fd26-61a6-4e73-bfce-45a5dc73bb59 (length 12081 - align length 12029) has no trained error model
[2025-07-09 17:01:55.553] [jointLog] [warning] read b494fd26-61a6-4e73-bfce-45a5dc73bb59 (length 12081) has no trained clipping model
[2025-07-09 17:01:55.553] [jointLog] [warning] read b494fd26-61a6-4e73-bfce-45a5dc73bb59 (length 12081) has no trained clipping model
[2025-07-09 17:01:55.649] [jointLog] [warning] (in update()) CIGAR string for read [b0900adc-4e59-4b66-a120-708a159341dc] seems inconsistent. It implied an error rate greater than 1: 2.99396 0 0.0628536
[2025-07-09 17:01:55.695] [jointLog] [warning] (in update()) CIGAR string for read [be0dbd87-9166-4c83-892b-23ee274e8ee1] seems inconsistent. It implied an error rate greater than 1: 1.34871 0.000289184 0.0153268
[2025-07-09 17:01:55.988] [jointLog] [warning] read 5e2d793b-b812-41c9-b9fa-1eae7afa1d3b (length 12264 - align length 12173) has no trained error model
[2025-07-09 17:01:55.988] [jointLog] [warning] read 5e2d793b-b812-41c9-b9fa-1eae7afa1d3b (length 12264) has no trained clipping model
[2025-07-09 17:01:56.024] [jointLog] [warning] (in update()) CIGAR string for read [6663d6ec-93c2-41cd-ab4d-8ab52d2b118b] seems inconsistent. It implied an error rate greater than 1: 1.35966 0 0.00294898
[2025-07-09 17:01:56.038] [jointLog] [warning] (in update()) CIGAR string for read [7306750f-b909-4ec6-8885-ecb98375cd09] seems inconsistent. It implied an error rate greater than 1: 1.13762 0.012528 0.0478747
[2025-07-09 17:01:56.296] [jointLog] [warning] (in update()) CIGAR string for read [a4781760-fdde-40b0-8995-cc7dc6dba427] seems inconsistent. It implied an error rate greater than 1: 1.35712 0 0
[2025-07-09 17:01:56.348] [jointLog] [warning] read 688a8795-128e-4359-ad66-72cf9112f0d2 (length 16196 - align length 1088) has no trained error model
[2025-07-09 17:01:56.348] [jointLog] [warning] read 688a8795-128e-4359-ad66-72cf9112f0d2 (length 16196) has no trained clipping model
[2025-07-09 17:01:56.348] [jointLog] [warning] read 688a8795-128e-4359-ad66-72cf9112f0d2 (length 16196) has no trained clipping model
[2025-07-09 17:01:56.349] [jointLog] [warning] read c1e216b3-9fba-4548-ad68-ecf5f05a517e (length 14351 - align length 14340) has no trained error model
[2025-07-09 17:01:56.350] [jointLog] [warning] read 630bbc5c-5ea5-44f6-af01-3e58b41e82ce (length 48739 - align length 297) has no trained error model
[2025-07-09 17:01:56.350] [jointLog] [warning] read 630bbc5c-5ea5-44f6-af01-3e58b41e82ce (length 48739) has no trained clipping model
[2025-07-09 17:01:56.350] [jointLog] [warning] read 630bbc5c-5ea5-44f6-af01-3e58b41e82ce (length 48739) has no trained clipping model
[2025-07-09 17:01:56.350] [jointLog] [warning] read 9f4443f3-4b0b-4afe-9577-9dba75093ce8 (length 32218 - align length 4297) has no trained error model
[2025-07-09 17:01:56.350] [jointLog] [warning] read 9f4443f3-4b0b-4afe-9577-9dba75093ce8 (length 32218) has no trained clipping model
[2025-07-09 17:01:56.350] [jointLog] [warning] read 9f4443f3-4b0b-4afe-9577-9dba75093ce8 (length 32218) has no trained clipping model
[2025-07-09 17:01:56.350] [jointLog] [warning] read d745a3fc-e158-4f99-9d74-7597e664dbf8 (length 17680 - align length 418) has no trained error model
[2025-07-09 17:01:56.350] [jointLog] [warning] read d745a3fc-e158-4f99-9d74-7597e664dbf8 (length 17680) has no trained clipping model
[2025-07-09 17:01:56.350] [jointLog] [warning] read d745a3fc-e158-4f99-9d74-7597e664dbf8 (length 17680) has no trained clipping model
[2025-07-09 17:01:56.350] [jointLog] [warning] read 7147d8f3-0ef3-4e43-9b1f-d5ece2603aab (length 36610) has no trained clipping model
[2025-07-09 17:01:56.350] [jointLog] [warning] read d107cc87-50e9-4186-bc51-39ed6f243257 (length 15832 - align length 15742) has no trained error model
[2025-07-09 17:01:56.351] [jointLog] [warning] read a49d35eb-85b1-4704-ae61-b56709337502 (length 17918 - align length 842) has no trained error model
[2025-07-09 17:01:56.351] [jointLog] [warning] read a49d35eb-85b1-4704-ae61-b56709337502 (length 17918) has no trained clipping model
[2025-07-09 17:01:56.351] [jointLog] [warning] read a49d35eb-85b1-4704-ae61-b56709337502 (length 17918) has no trained clipping model
[2025-07-09 17:01:56.351] [jointLog] [warning] read e4573622-0333-4878-9d07-3b1b2d84da23 (length 33983 - align length 237) has no trained error model
[2025-07-09 17:01:56.351] [jointLog] [warning] read e4573622-0333-4878-9d07-3b1b2d84da23 (length 33983) has no trained clipping model
[2025-07-09 17:01:56.351] [jointLog] [warning] read e4573622-0333-4878-9d07-3b1b2d84da23 (length 33983) has no trained clipping model
[2025-07-09 17:01:56.351] [jointLog] [warning] read abbe9d3d-e394-40bb-996e-1ce18feb6540 (length 24607 - align length 2542) has no trained error model
[2025-07-09 17:01:56.351] [jointLog] [warning] read abbe9d3d-e394-40bb-996e-1ce18feb6540 (length 24607) has no trained clipping model
[2025-07-09 17:01:56.351] [jointLog] [warning] read abbe9d3d-e394-40bb-996e-1ce18feb6540 (length 24607) has no trained clipping model
[2025-07-09 17:01:56.351] [jointLog] [warning] read b04bc65f-87c1-403f-920e-30aa29d6d8de (length 36684) has no trained clipping model
[2025-07-09 17:01:56.351] [jointLog] [warning] read 0935691f-415e-4670-a684-585c49c4a355 (length 32502 - align length 305) has no trained error model
[2025-07-09 17:01:56.351] [jointLog] [warning] read 0935691f-415e-4670-a684-585c49c4a355 (length 32502) has no trained clipping model
[2025-07-09 17:01:56.351] [jointLog] [warning] read 0935691f-415e-4670-a684-585c49c4a355 (length 32502) has no trained clipping model
[2025-07-09 17:01:56.351] [jointLog] [warning] read 3408fcf7-b24a-4103-b74c-70cbe66d203e (length 19602 - align length 6218) has no trained error model
[2025-07-09 17:01:56.351] [jointLog] [warning] read 3408fcf7-b24a-4103-b74c-70cbe66d203e (length 19602) has no trained clipping model
[2025-07-09 17:01:56.351] [jointLog] [warning] read 3408fcf7-b24a-4103-b74c-70cbe66d203e (length 19602) has no trained clipping model
[2025-07-09 17:01:56.351] [jointLog] [warning] read e95ada8b-6ffd-41a6-94ed-8d9b217f8c51 (length 18400 - align length 58) has no trained error model
[2025-07-09 17:01:56.351] [jointLog] [warning] read e95ada8b-6ffd-41a6-94ed-8d9b217f8c51 (length 18400) has no trained clipping model
[2025-07-09 17:01:56.351] [jointLog] [warning] read e95ada8b-6ffd-41a6-94ed-8d9b217f8c51 (length 18400) has no trained clipping model
[2025-07-09 17:01:56.351] [jointLog] [warning] read f9210a8d-0ae2-4ac0-b432-c2b06592c2fc (length 15176 - align length 15173) has no trained error model
[2025-07-09 17:01:56.352] [jointLog] [warning] read 35eee702-1308-418a-8035-d4d525d5dfa6 (length 20337 - align length 1716) has no trained error model
[2025-07-09 17:01:56.352] [jointLog] [warning] read 35eee702-1308-418a-8035-d4d525d5dfa6 (length 20337) has no trained clipping model
[2025-07-09 17:01:56.352] [jointLog] [warning] read 35eee702-1308-418a-8035-d4d525d5dfa6 (length 20337) has no trained clipping model
[2025-07-09 17:01:56.352] [jointLog] [warning] read 6028ee27-c93d-4975-940a-e9f237851f6d (length 17573 - align length 531) has no trained error model
[2025-07-09 17:01:56.352] [jointLog] [warning] read 6028ee27-c93d-4975-940a-e9f237851f6d (length 17573) has no trained clipping model
[2025-07-09 17:01:56.352] [jointLog] [warning] read 6028ee27-c93d-4975-940a-e9f237851f6d (length 17573) has no trained clipping model
[2025-07-09 17:01:56.352] [jointLog] [warning] read dd01ea88-867c-479c-b487-ed629f780aa2 (length 14870 - align length 14576) has no trained error model
[2025-07-09 17:01:56.352] [jointLog] [warning] read dd01ea88-867c-479c-b487-ed629f780aa2 (length 14870) has no trained clipping model
[2025-07-09 17:01:56.352] [jointLog] [warning] read dd01ea88-867c-479c-b487-ed629f780aa2 (length 14870) has no trained clipping model
[2025-07-09 17:01:56.352] [jointLog] [warning] read 3fa52299-85ac-4615-97da-5a8febfae381 (length 14834 - align length 14692) has no trained error model
[2025-07-09 17:01:56.353] [jointLog] [warning] read de45e72d-a440-4ff3-a1b1-3ef38c4d9fe8 (length 13273 - align length 812) has no trained error model
[2025-07-09 17:01:56.353] [jointLog] [warning] read de45e72d-a440-4ff3-a1b1-3ef38c4d9fe8 (length 13273) has no trained clipping model
[2025-07-09 17:01:56.353] [jointLog] [warning] read de45e72d-a440-4ff3-a1b1-3ef38c4d9fe8 (length 13273) has no trained clipping model
[2025-07-09 17:01:56.353] [jointLog] [warning] read db0d200d-55d7-4879-b905-b0b7ddb40c8c (length 16445 - align length 1536) has no trained error model
[2025-07-09 17:01:56.353] [jointLog] [warning] read db0d200d-55d7-4879-b905-b0b7ddb40c8c (length 16445) has no trained clipping model
[2025-07-09 17:01:56.353] [jointLog] [warning] read db0d200d-55d7-4879-b905-b0b7ddb40c8c (length 16445) has no trained clipping model
[2025-07-09 17:01:56.353] [jointLog] [warning] read 8c458c60-e98a-48b3-9037-186949c54b33 (length 31680 - align length 595) has no trained error model
[2025-07-09 17:01:56.353] [jointLog] [warning] read 8c458c60-e98a-48b3-9037-186949c54b33 (length 31680) has no trained clipping model
[2025-07-09 17:01:56.353] [jointLog] [warning] read 8c458c60-e98a-48b3-9037-186949c54b33 (length 31680) has no trained clipping model
[2025-07-09 17:01:57.492] [jointLog] [warning] read 68017c8e-ce25-414b-9935-9b083a98f2da (length 18589 - align length 1076) has no trained error model
[2025-07-09 17:01:57.493] [jointLog] [warning] read 68017c8e-ce25-414b-9935-9b083a98f2da (length 18589) has no trained clipping model
[2025-07-09 17:01:57.493] [jointLog] [warning] read 68017c8e-ce25-414b-9935-9b083a98f2da (length 18589) has no trained clipping model
[2025-07-09 17:01:57.493] [jointLog] [warning] read 41c7351a-3c26-44f9-ac3a-3e5627dc8e9f (length 24460 - align length 1630) has no trained error model
[2025-07-09 17:01:57.493] [jointLog] [warning] read 41c7351a-3c26-44f9-ac3a-3e5627dc8e9f (length 24460) has no trained clipping model
[2025-07-09 17:01:57.493] [jointLog] [warning] read 41c7351a-3c26-44f9-ac3a-3e5627dc8e9f (length 24460) has no trained clipping model
[2025-07-09 17:01:57.493] [jointLog] [warning] read c1c0fcdc-84b3-41df-9240-d077d3ad48dd (length 46511 - align length 455) has no trained error model
[2025-07-09 17:01:57.493] [jointLog] [warning] read c1c0fcdc-84b3-41df-9240-d077d3ad48dd (length 46511) has no trained clipping model
[2025-07-09 17:01:57.493] [jointLog] [warning] read c1c0fcdc-84b3-41df-9240-d077d3ad48dd (length 46511) has no trained clipping model
[2025-07-09 17:01:57.493] [jointLog] [warning] read 67c0aeac-ac8f-479d-92a5-89ad5a9bd3a7 (length 12556 - align length 606) has no trained error model
[2025-07-09 17:01:57.493] [jointLog] [warning] read 67c0aeac-ac8f-479d-92a5-89ad5a9bd3a7 (length 12556) has no trained clipping model
[2025-07-09 17:01:57.493] [jointLog] [warning] read 67c0aeac-ac8f-479d-92a5-89ad5a9bd3a7 (length 12556) has no trained clipping model
[2025-07-09 17:01:57.493] [jointLog] [warning] read 038f2ac4-3109-41be-af33-d63b9d21416c (length 23283 - align length 1688) has no trained error model
[2025-07-09 17:01:57.493] [jointLog] [warning] read 038f2ac4-3109-41be-af33-d63b9d21416c (length 23283) has no trained clipping model
[2025-07-09 17:01:57.493] [jointLog] [warning] read 038f2ac4-3109-41be-af33-d63b9d21416c (length 23283) has no trained clipping model
[2025-07-09 17:01:57.493] [jointLog] [warning] read 1919fc1a-5736-4156-8b54-1013f6706290 (length 14149 - align length 14110) has no trained error model
[2025-07-09 17:01:57.493] [jointLog] [warning] read f04f627a-ad20-4619-9e52-0c6694c8ade6 (length 12309 - align length 135) has no trained error model
[2025-07-09 17:01:57.493] [jointLog] [warning] read f04f627a-ad20-4619-9e52-0c6694c8ade6 (length 12309) has no trained clipping model
[2025-07-09 17:01:57.493] [jointLog] [warning] read f04f627a-ad20-4619-9e52-0c6694c8ade6 (length 12309) has no trained clipping model
[2025-07-09 17:01:57.493] [jointLog] [warning] read 02700500-6564-40bf-abaa-5cfcaa233396 (length 38212 - align length 289) has no trained error model
[2025-07-09 17:01:57.493] [jointLog] [warning] read 02700500-6564-40bf-abaa-5cfcaa233396 (length 38212) has no trained clipping model
[2025-07-09 17:01:57.493] [jointLog] [warning] read 02700500-6564-40bf-abaa-5cfcaa233396 (length 38212) has no trained clipping model
[2025-07-09 17:01:57.493] [jointLog] [warning] read 0c25f23c-92ed-4f64-9f77-f72d8d861884 (length 30159) has no trained clipping model
[2025-07-09 17:01:57.586] [jointLog] [warning] (in update()) CIGAR string for read [c789554b-1a1e-4290-b2e6-5adb3b6fdbde] seems inconsistent. It implied an error rate greater than 1: 1.37027 0 0.00208086
[2025-07-09 17:01:57.873] [jointLog] [warning] (in update()) CIGAR string for read [8dbf66e7-395a-44e4-b619-51a0cf274ec0] seems inconsistent. It implied an error rate greater than 1: 1.11369 0 0.0486976
[2025-07-09 17:01:57.896] [jointLog] [warning] (in update()) CIGAR string for read [57d51e4f-9368-455a-b3fb-07a3e51b74e6] seems inconsistent. It implied an error rate greater than 1: 1.08288 0.000450248 0
[2025-07-09 17:01:58.170] [jointLog] [warning] read cb37d751-8155-415d-b8dc-5a0313b8ba27 (length 12491 - align length 12436) has no trained error model
[2025-07-09 17:01:58.205] [jointLog] [warning] (in update()) CIGAR string for read [f300dd4d-a40f-4f50-b32e-f62a9576b249] seems inconsistent. It implied an error rate greater than 1: 1.361 0 0.0073551
[2025-07-09 17:01:58.212] [jointLog] [warning] (in update()) CIGAR string for read [7c393b59-7989-4ef3-87d9-0a0872512cc7] seems inconsistent. It implied an error rate greater than 1: 1.3625 0 0.0234647
[2025-07-09 17:01:58.258] [jointLog] [warning] (in update()) CIGAR string for read [2142f640-a061-4252-940b-394b2696f31d] seems inconsistent. It implied an error rate greater than 1: 1.35379 0.000582411 0.0125218
[2025-07-09 17:01:58.305] [jointLog] [warning] (in update()) CIGAR string for read [8e712016-afe0-47d3-93f5-57ddd17a2c90] seems inconsistent. It implied an error rate greater than 1: 1.35501 0.00260643 0.0086881
[2025-07-09 17:01:58.518] [jointLog] [warning] (in update()) CIGAR string for read [c80fde8c-5671-4f98-b131-4039ffc4d6cc] seems inconsistent. It implied an error rate greater than 1: 1.33556 0 0.00516987
[2025-07-09 17:01:58.872] [jointLog] [warning] (in update()) CIGAR string for read [6773cbdc-d6c3-477a-afbb-ec737344318d] seems inconsistent. It implied an error rate greater than 1: 1.14261 0.00336134 0.0420168
[2025-07-09 17:01:59.008] [jointLog] [warning] (in update()) CIGAR string for read [72c5e6d9-a92f-4415-ba76-8d92d74e99d9] seems inconsistent. It implied an error rate greater than 1: 1.09434 0.0123894 0.0495575
[2025-07-09 17:01:59.144] [jointLog] [warning] (in update()) CIGAR string for read [1df65d10-f4af-4798-851c-c3dd8a3bbbc0] seems inconsistent. It implied an error rate greater than 1: 1.3551 0 0.0119673
[2025-07-09 17:01:59.209] [fileLog] [info] quantification processed 3000000 fragments so far

[2025-07-09 17:01:59.380] [jointLog] [warning] (in update()) CIGAR string for read [01f9fb30-1624-495e-91d6-dcfaa885a261] seems inconsistent. It implied an error rate greater than 1: 1.37884 0 0.0622108
[2025-07-09 17:01:59.416] [jointLog] [warning] (in update()) CIGAR string for read [15224dc9-6635-4504-8279-28ecf308bea1] seems inconsistent. It implied an error rate greater than 1: 1.34835 0.000289687 0.0159328
[2025-07-09 17:01:59.431] [jointLog] [warning] (in update()) CIGAR string for read [996ff3bd-1b91-4de4-abc8-540fe1c16d73] seems inconsistent. It implied an error rate greater than 1: 1.1787 0.00841121 0.473832
[2025-07-09 17:01:59.571] [jointLog] [warning] (in update()) CIGAR string for read [da3cc250-f477-4609-b297-9c9435281b32] seems inconsistent. It implied an error rate greater than 1: 1.34282 0 0.00612602
[2025-07-09 17:01:59.794] [jointLog] [warning] (in update()) CIGAR string for read [fb2dcc36-fdfd-4602-9247-e0048004b0ac] seems inconsistent. It implied an error rate greater than 1: 1.14513 0.0136519 0.0221843
[2025-07-09 17:02:00.006] [jointLog] [warning] read c8ba21b1-b0e0-4f93-abdd-12189523eb45 (length 12068) has no trained clipping model
[2025-07-09 17:02:00.059] [jointLog] [warning] (in update()) CIGAR string for read [6e14ae85-0561-4d4a-ac03-35e14707e50f] seems inconsistent. It implied an error rate greater than 1: 1.35853 0 0.031063
[2025-07-09 17:02:00.090] [jointLog] [warning] (in update()) CIGAR string for read [a526eb5f-f9f6-40db-b08e-ed4f67ff616b] seems inconsistent. It implied an error rate greater than 1: 1.13958 0.0147541 0.057377
[2025-07-09 17:02:00.696] [jointLog] [warning] (in update()) CIGAR string for read [84626305-6ea6-4572-9037-9ba5473dba19] seems inconsistent. It implied an error rate greater than 1: 1.36495 0 0.00324006
[2025-07-09 17:02:00.893] [jointLog] [warning] (in update()) CIGAR string for read [2bf41dc5-3976-478a-867a-d2a9cdf97ea1] seems inconsistent. It implied an error rate greater than 1: 1.04531 0 0.0497181
[2025-07-09 17:02:00.982] [jointLog] [warning] (in update()) CIGAR string for read [04d57c68-7d46-4443-bc09-1bfad01bcb13] seems inconsistent. It implied an error rate greater than 1: 1.16085 0.00144196 0.0483057
[2025-07-09 17:02:00.990] [jointLog] [warning] (in update()) CIGAR string for read [01306f89-ed1b-4c4a-b1c7-2b1178775cdf] seems inconsistent. It implied an error rate greater than 1: 1.36377 0.00614215 0.00409476
[2025-07-09 17:02:01.080] [jointLog] [warning] (in update()) CIGAR string for read [51f3915b-f4bc-43ed-8eb1-af1bf0f7d0c5] seems inconsistent. It implied an error rate greater than 1: 1.26634 0 0.0862832
[2025-07-09 17:02:01.218] [jointLog] [warning] (in update()) CIGAR string for read [cd629315-18c2-4ec3-a07d-70469376ba5b] seems inconsistent. It implied an error rate greater than 1: 1.13404 0.0119048 0.0238095
[2025-07-09 17:02:01.837] [jointLog] [warning] (in update()) CIGAR string for read [474d235b-3251-4271-a635-1267762f0838] seems inconsistent. It implied an error rate greater than 1: 1.36036 0 0.00206673
[2025-07-09 17:02:02.070] [jointLog] [warning] (in update()) CIGAR string for read [9ff4a200-4b53-49a3-b347-33315e0aa6a1] seems inconsistent. It implied an error rate greater than 1: 1.2471 0.00442012 0.0159966
[2025-07-09 17:02:02.137] [jointLog] [warning] read 65fafe5c-1985-4132-b994-b82aa85ed9e2 (length 24101 - align length 2325) has no trained error model
[2025-07-09 17:02:02.137] [jointLog] [warning] read 65fafe5c-1985-4132-b994-b82aa85ed9e2 (length 24101) has no trained clipping model
[2025-07-09 17:02:02.137] [jointLog] [warning] read 65fafe5c-1985-4132-b994-b82aa85ed9e2 (length 24101) has no trained clipping model
[2025-07-09 17:02:02.137] [jointLog] [warning] read 7bfc3bb9-299e-4a0d-9336-04bec72ff6b6 (length 19888 - align length 679) has no trained error model
[2025-07-09 17:02:02.137] [jointLog] [warning] read 7bfc3bb9-299e-4a0d-9336-04bec72ff6b6 (length 19888) has no trained clipping model
[2025-07-09 17:02:02.137] [jointLog] [warning] read 7bfc3bb9-299e-4a0d-9336-04bec72ff6b6 (length 19888) has no trained clipping model
[2025-07-09 17:02:02.137] [jointLog] [warning] read 49f9f236-3815-4731-a3e4-b920fbd92170 (length 14557 - align length 995) has no trained error model
[2025-07-09 17:02:02.137] [jointLog] [warning] read 49f9f236-3815-4731-a3e4-b920fbd92170 (length 14557) has no trained clipping model
[2025-07-09 17:02:02.137] [jointLog] [warning] read 49f9f236-3815-4731-a3e4-b920fbd92170 (length 14557) has no trained clipping model
[2025-07-09 17:02:02.137] [jointLog] [warning] read 3e09f69b-2dfe-48cb-8c65-e17cb421bf65 (length 21164) has no trained clipping model
[2025-07-09 17:02:02.138] [jointLog] [warning] read f7daa702-a7c1-45bb-9a97-68f4f0092950 (length 14819 - align length 14808) has no trained error model
[2025-07-09 17:02:02.138] [jointLog] [warning] read 91dcb3df-5af6-4914-88d8-c3442f789636 (length 22739 - align length 588) has no trained error model
[2025-07-09 17:02:02.138] [jointLog] [warning] read 91dcb3df-5af6-4914-88d8-c3442f789636 (length 22739) has no trained clipping model
[2025-07-09 17:02:02.138] [jointLog] [warning] read 91dcb3df-5af6-4914-88d8-c3442f789636 (length 22739) has no trained clipping model
[2025-07-09 17:02:02.138] [jointLog] [warning] read 691896f1-186c-41d8-97cb-748bc271f20d (length 32933 - align length 1354) has no trained error model
[2025-07-09 17:02:02.138] [jointLog] [warning] read 691896f1-186c-41d8-97cb-748bc271f20d (length 32933) has no trained clipping model
[2025-07-09 17:02:02.138] [jointLog] [warning] read 691896f1-186c-41d8-97cb-748bc271f20d (length 32933) has no trained clipping model
[2025-07-09 17:02:02.349] [jointLog] [warning] (in update()) CIGAR string for read [5dd1a590-62de-498c-86c0-2735701d73b2] seems inconsistent. It implied an error rate greater than 1: 1.34417 0 0.00842289
[2025-07-09 17:02:02.436] [jointLog] [warning] (in update()) CIGAR string for read [6ade1f3d-be4f-4164-8fe7-78b6e98e43a1] seems inconsistent. It implied an error rate greater than 1: 1.09318 0 0.00452489
[2025-07-09 17:02:02.557] [jointLog] [warning] (in update()) CIGAR string for read [8be9963a-6c26-4589-9e2b-de6e2ac2b725] seems inconsistent. It implied an error rate greater than 1: 1.02094 0.00504202 0.0319328
[2025-07-09 17:02:02.591] [jointLog] [warning] read 33d15069-0253-454e-8230-ed2ead6afa99 (length 11767 - align length 11701) has no trained error model
[2025-07-09 17:02:02.597] [jointLog] [warning] (in update()) CIGAR string for read [07a5b670-bf5e-418e-b6fc-7d3df8c85495] seems inconsistent. It implied an error rate greater than 1: 1.29297 0.0948276 0.00449775
[2025-07-09 17:02:02.599] [jointLog] [warning] (in update()) CIGAR string for read [d91d1302-5773-4a12-9e72-887125c02b13] seems inconsistent. It implied an error rate greater than 1: 1.37494 0 0.00500455
[2025-07-09 17:02:02.673] [jointLog] [warning] (in update()) CIGAR string for read [c0fd0825-a76c-4ccb-9b03-d60cb6f5a647] seems inconsistent. It implied an error rate greater than 1: 1.02284 0.000689655 0.0634483
[2025-07-09 17:02:02.725] [jointLog] [warning] (in update()) CIGAR string for read [f4fd6d4c-3312-47a1-ab3e-7f8a0d8f69fe] seems inconsistent. It implied an error rate greater than 1: 2.25653 0 0.0854453
[2025-07-09 17:02:02.733] [jointLog] [warning] (in update()) CIGAR string for read [7f7d1b5d-0bb2-4464-8e95-c6295e1e60ec] seems inconsistent. It implied an error rate greater than 1: 1.34888 0.000865301 0.0161523
[2025-07-09 17:02:02.997] [jointLog] [warning] (in update()) CIGAR string for read [38640730-4326-4270-a0bd-174c48eaefcf] seems inconsistent. It implied an error rate greater than 1: 1.36886 0.0064384 0.00497512
[2025-07-09 17:02:03.158] [jointLog] [warning] (in update()) CIGAR string for read [6b1f649f-c1c3-48a5-9e3c-64bcf9fc5d93] seems inconsistent. It implied an error rate greater than 1: 1.37186 0 0.00178891
[2025-07-09 17:02:03.196] [jointLog] [warning] (in update()) CIGAR string for read [3c261e67-5917-4f1d-a2b2-0927b0232fbc] seems inconsistent. It implied an error rate greater than 1: 1.36561 0 0.00148765
[2025-07-09 17:02:03.309] [jointLog] [warning] (in update()) CIGAR string for read [dcd8f099-290f-416f-a411-a56775e220b9] seems inconsistent. It implied an error rate greater than 1: 1.19832 0.000427533 0.0337751
[2025-07-09 17:02:03.386] [jointLog] [warning] (in update()) CIGAR string for read [e6cc34d9-94f2-44f4-8436-8a96bb101f3e] seems inconsistent. It implied an error rate greater than 1: 1.35783 0.00343249 0.0157323
[2025-07-09 17:02:03.527] [jointLog] [warning] (in update()) CIGAR string for read [52f926fd-406f-4cca-9caa-fc026c32047c] seems inconsistent. It implied an error rate greater than 1: 1.3631 0 0.015479
[2025-07-09 17:02:03.875] [fileLog] [info] quantification processed 4000000 fragments so far

[2025-07-09 17:02:03.778] [jointLog] [warning] (in update()) CIGAR string for read [d83e763c-b212-493f-8073-48bb46ffddb4] seems inconsistent. It implied an error rate greater than 1: 1.35626 0 0.00674289
[2025-07-09 17:02:03.965] [jointLog] [warning] read 7a5b1b26-9ed6-4f4c-b68c-8f1197953f97 (length 12746 - align length 12579) has no trained error model
[2025-07-09 17:02:03.965] [jointLog] [warning] (in update()) CIGAR string for read [8599f33f-42cb-4044-84e7-de52ea428040] seems inconsistent. It implied an error rate greater than 1: 1.59292 0.0200133 0
[2025-07-09 17:02:04.159] [jointLog] [warning] (in update()) CIGAR string for read [7df1f504-aa5d-4cd2-8086-2e8232997973] seems inconsistent. It implied an error rate greater than 1: 1.36207 0 0.000594177
[2025-07-09 17:02:04.227] [jointLog] [warning] (in update()) CIGAR string for read [625c8a43-b981-4ba1-83ce-bc3ab93dea3c] seems inconsistent. It implied an error rate greater than 1: 1.36237 0.000292912 0.00790861
[2025-07-09 17:02:04.333] [jointLog] [warning] (in update()) CIGAR string for read [5142c193-2fdb-4865-bb41-c67e8acffd90] seems inconsistent. It implied an error rate greater than 1: 1.13066 0.010989 0.0879121
[2025-07-09 17:02:04.551] [jointLog] [warning] (in update()) CIGAR string for read [f1d51c08-2510-495f-bfaa-b002cee1dda7] seems inconsistent. It implied an error rate greater than 1: 1.35676 0.000583431 0.0157526
[2025-07-09 17:02:04.584] [jointLog] [warning] (in update()) CIGAR string for read [78250569-c488-48c8-9dcb-058ff3856b57] seems inconsistent. It implied an error rate greater than 1: 1.17117 0.0118846 0.0458404
[2025-07-09 17:02:04.689] [jointLog] [warning] (in update()) CIGAR string for read [65bc35b6-1fb2-4b42-bea2-a8662df1b2af] seems inconsistent. It implied an error rate greater than 1: 1.35499 0 0.0191194
[2025-07-09 17:02:04.713] [jointLog] [warning] read 6065c875-ed40-4917-867f-ff55599ad5a5 (length 12088) has no trained clipping model
[2025-07-09 17:02:04.912] [jointLog] [warning] (in update()) CIGAR string for read [847d337e-11e9-4f1a-8174-a147e69a7221] seems inconsistent. It implied an error rate greater than 1: 1.22546 0 0.0186279
[2025-07-09 17:02:04.998] [jointLog] [warning] (in update()) CIGAR string for read [fcbe2357-4c1f-4bbd-8d06-8238066ca807] seems inconsistent. It implied an error rate greater than 1: 1.21928 0 0.0325978
[2025-07-09 17:02:05.006] [jointLog] [warning] (in update()) CIGAR string for read [2aa0a2fc-87fa-4767-a3a5-6e663c8b424c] seems inconsistent. It implied an error rate greater than 1: 1.34972 0 0.0203555
[2025-07-09 17:02:05.123] [jointLog] [warning] (in update()) CIGAR string for read [336d6210-2306-457d-bbe8-db2c4f71fbd2] seems inconsistent. It implied an error rate greater than 1: 1.03101 0 0
[2025-07-09 17:02:05.226] [jointLog] [warning] (in update()) CIGAR string for read [94fe22a7-a453-464c-969c-b1808ba11020] seems inconsistent. It implied an error rate greater than 1: 1.13781 0.0145631 0.0695793
[2025-07-09 17:02:05.488] [jointLog] [warning] (in update()) CIGAR string for read [2788fe9f-a621-4de4-841d-a236d4e62081] seems inconsistent. It implied an error rate greater than 1: 1.3575 0.000580215 0.0150856
[2025-07-09 17:02:05.569] [jointLog] [warning] read f3a13cd8-b3f1-4aa2-a8c4-988fd43cc552 (length 12665 - align length 12625) has no trained error model
[2025-07-09 17:02:05.659] [jointLog] [warning] (in update()) CIGAR string for read [878a2504-c194-47ef-9e18-d36524f5aaec] seems inconsistent. It implied an error rate greater than 1: 1.35729 0.000294551 0.00382916
[2025-07-09 17:02:05.773] [jointLog] [warning] (in update()) CIGAR string for read [775090f1-8c60-468c-89bc-be4b03429ec2] seems inconsistent. It implied an error rate greater than 1: 1.34441 0 0.00264007
[2025-07-09 17:02:05.837] [jointLog] [warning] (in update()) CIGAR string for read [8bd7002c-d7d0-45a3-9c36-b22ea240d2ed] seems inconsistent. It implied an error rate greater than 1: 1.25152 0 0
[2025-07-09 17:02:05.875] [jointLog] [warning] (in update()) CIGAR string for read [5a075e0f-d6b5-4512-87c9-bf997455c395] seems inconsistent. It implied an error rate greater than 1: 1.35056 0 0.000293513
[2025-07-09 17:02:05.953] [jointLog] [warning] (in update()) CIGAR string for read [c326f026-fba5-4688-99fe-855b1399768d] seems inconsistent. It implied an error rate greater than 1: 1.55368 0 0.0409027
[2025-07-09 17:02:05.986] [jointLog] [warning] (in update()) CIGAR string for read [fb0fe669-cf2d-4418-9aed-d8daa31e8cf5] seems inconsistent. It implied an error rate greater than 1: 1.29892 0 0
[2025-07-09 17:02:06.073] [jointLog] [warning] (in update()) CIGAR string for read [a123d66f-9531-443b-ac4d-7c0de21cf1c4] seems inconsistent. It implied an error rate greater than 1: 1.10068 0.00326797 0.0392157
[2025-07-09 17:02:06.191] [jointLog] [warning] (in update()) CIGAR string for read [28d56fe1-c09d-4ee1-8ad2-e542ce3503ec] seems inconsistent. It implied an error rate greater than 1: 1.35218 0 0.00147016
[2025-07-09 17:02:06.249] [jointLog] [warning] (in update()) CIGAR string for read [65ca2735-f709-4b77-9967-a3ec301ec09f] seems inconsistent. It implied an error rate greater than 1: 1.1833 0.0153584 0.0443686
[2025-07-09 17:02:06.477] [jointLog] [warning] (in update()) CIGAR string for read [032211ad-e46b-40b9-9d1e-d9ef8197bf76] seems inconsistent. It implied an error rate greater than 1: 1.36773 0.00148324 0.00385642
[2025-07-09 17:02:06.670] [jointLog] [warning] (in update()) CIGAR string for read [179a1567-6a9f-411d-a848-85acbfe5ddba] seems inconsistent. It implied an error rate greater than 1: 1.35644 0 0.0177532
[2025-07-09 17:02:06.831] [jointLog] [warning] (in update()) CIGAR string for read [279afa17-3605-492f-b79b-892adc6c4877] seems inconsistent. It implied an error rate greater than 1: 1.36479 0.0196873 0.00173712
[2025-07-09 17:02:07.043] [jointLog] [warning] read 036c385c-2dfa-4f08-9aff-1b534c128a93 (length 13867) has no trained clipping model
[2025-07-09 17:02:07.123] [jointLog] [warning] (in update()) CIGAR string for read [00b6d6e0-7b52-47c5-b148-b57e334c37b1] seems inconsistent. It implied an error rate greater than 1: 1.02046 0.009 0.16
[2025-07-09 17:02:07.159] [jointLog] [warning] (in update()) CIGAR string for read [775dc122-e4f7-42f4-87cb-c03b599e8abd] seems inconsistent. It implied an error rate greater than 1: 1.34862 0 0.00497221
[2025-07-09 17:02:07.212] [jointLog] [warning] (in update()) CIGAR string for read [c2248f3d-b0c5-4851-b0eb-a16e7e9cfa72] seems inconsistent. It implied an error rate greater than 1: 1.35619 0 0.0185669
[2025-07-09 17:02:07.245] [jointLog] [warning] (in update()) CIGAR string for read [d62798a1-5cdd-4217-a4a5-88afea1a8467] seems inconsistent. It implied an error rate greater than 1: 1.08747 0.00034459 0.0148174
[2025-07-09 17:02:07.537] [jointLog] [warning] (in update()) CIGAR string for read [38f3d346-4a51-43f8-96eb-4557c759ab50] seems inconsistent. It implied an error rate greater than 1: 1.59375 0 0.0177353
[2025-07-09 17:02:07.549] [jointLog] [warning] read a576efe0-353f-43cf-a5e0-213e4853bb67 (length 13247 - align length 13246) has no trained error model
[2025-07-09 17:02:07.561] [jointLog] [warning] read 3e23f7d1-40db-4bed-85d6-7158386cb330 (length 14323 - align length 14275) has no trained error model
[2025-07-09 17:02:07.828] [jointLog] [warning] (in update()) CIGAR string for read [bd74069e-6160-43b9-9512-fe495e99a872] seems inconsistent. It implied an error rate greater than 1: 1.12759 0.00847458 0.00847458
[2025-07-09 17:02:07.829] [jointLog] [warning] (in update()) CIGAR string for read [1ee7beee-06ac-4030-b4bb-886598869d04] seems inconsistent. It implied an error rate greater than 1: 1.14386 0.0117253 0.0335008
[2025-07-09 17:02:07.864] [jointLog] [warning] (in update()) CIGAR string for read [27569f7d-91d4-40b8-b716-16cb09aff157] seems inconsistent. It implied an error rate greater than 1: 1.0729 0.00611621 0.175841
[2025-07-09 17:02:07.889] [jointLog] [warning] (in update()) CIGAR string for read [23fcddce-9c83-4dcd-9d28-4ccf884ef87d] seems inconsistent. It implied an error rate greater than 1: 1.14634 0.00634921 0.0825397
[2025-07-09 17:02:07.990] [jointLog] [warning] (in update()) CIGAR string for read [1c8a64d5-3259-49d8-98d1-a3ba00d6afb2] seems inconsistent. It implied an error rate greater than 1: 1.54985 0.0085639 0.0167984
[2025-07-09 17:02:08.032] [jointLog] [warning] (in update()) CIGAR string for read [3eaa6f16-90f6-474b-aea4-c4d87db88242] seems inconsistent. It implied an error rate greater than 1: 1.36369 0 0.00178253
[2025-07-09 17:02:08.039] [jointLog] [warning] read 5e20edc7-b039-4b8f-8e8d-c82b1bab8456 (length 19060 - align length 1521) has no trained error model
[2025-07-09 17:02:08.039] [jointLog] [warning] read 5e20edc7-b039-4b8f-8e8d-c82b1bab8456 (length 19060) has no trained clipping model
[2025-07-09 17:02:08.039] [jointLog] [warning] read 5e20edc7-b039-4b8f-8e8d-c82b1bab8456 (length 19060) has no trained clipping model
[2025-07-09 17:02:08.060] [jointLog] [warning] read 9983f52e-885c-4271-84fb-7602fa7260bc (length 13826) has no trained clipping model
[2025-07-09 17:02:08.061] [jointLog] [warning] read c2c55465-5eda-4425-9c6c-5197e2944a28 (length 16044 - align length 202) has no trained error model
[2025-07-09 17:02:08.061] [jointLog] [warning] read c2c55465-5eda-4425-9c6c-5197e2944a28 (length 16044) has no trained clipping model
[2025-07-09 17:02:08.061] [jointLog] [warning] read c2c55465-5eda-4425-9c6c-5197e2944a28 (length 16044) has no trained clipping model
[2025-07-09 17:02:08.061] [jointLog] [warning] read 1fa3a949-7873-446c-95c9-a9bfa66a5a5c (length 13517 - align length 13439) has no trained error model
[2025-07-09 17:02:08.061] [jointLog] [warning] read 404fb537-ce16-448b-9576-ebcdd04fdbec (length 18990 - align length 1964) has no trained error model
[2025-07-09 17:02:08.061] [jointLog] [warning] read 404fb537-ce16-448b-9576-ebcdd04fdbec (length 18990) has no trained clipping model
[2025-07-09 17:02:08.061] [jointLog] [warning] read 404fb537-ce16-448b-9576-ebcdd04fdbec (length 18990) has no trained clipping model
[2025-07-09 17:02:08.061] [jointLog] [warning] read 86b8d46b-7e17-464c-b4ac-016afd3b3346 (length 38418 - align length 487) has no trained error model
[2025-07-09 17:02:08.061] [jointLog] [warning] read 86b8d46b-7e17-464c-b4ac-016afd3b3346 (length 38418) has no trained clipping model
[2025-07-09 17:02:08.061] [jointLog] [warning] read 86b8d46b-7e17-464c-b4ac-016afd3b3346 (length 38418) has no trained clipping model
[2025-07-09 17:02:08.062] [jointLog] [warning] read ec4fcdc4-a1e4-4b8f-99a0-6b5dbd252a77 (length 14257 - align length 14247) has no trained error model
[2025-07-09 17:02:08.062] [jointLog] [warning] read ec4fcdc4-a1e4-4b8f-99a0-6b5dbd252a77 (length 14257) has no trained clipping model
[2025-07-09 17:02:08.062] [jointLog] [warning] read ec4fcdc4-a1e4-4b8f-99a0-6b5dbd252a77 (length 14257) has no trained clipping model
[2025-07-09 17:02:08.062] [jointLog] [warning] read 7d567056-1bf6-42ee-82ee-d874fefdb945 (length 35139 - align length 231) has no trained error model
[2025-07-09 17:02:08.062] [jointLog] [warning] read 7d567056-1bf6-42ee-82ee-d874fefdb945 (length 35139) has no trained clipping model
[2025-07-09 17:02:08.062] [jointLog] [warning] read 7d567056-1bf6-42ee-82ee-d874fefdb945 (length 35139) has no trained clipping model
[2025-07-09 17:02:08.062] [jointLog] [warning] read 8ef942a4-f5df-405f-b963-f0b4fcd446b3 (length 19374 - align length 283) has no trained error model
[2025-07-09 17:02:08.062] [jointLog] [warning] read 8ef942a4-f5df-405f-b963-f0b4fcd446b3 (length 19374) has no trained clipping model
[2025-07-09 17:02:08.062] [jointLog] [warning] read 8ef942a4-f5df-405f-b963-f0b4fcd446b3 (length 19374) has no trained clipping model
[2025-07-09 17:02:08.062] [jointLog] [warning] read c76eea40-dc81-4fbf-a295-048806376662 (length 13616 - align length 13608) has no trained error model
[2025-07-09 17:02:08.062] [jointLog] [warning] read 17de035c-5b4c-49fa-bc06-26e88887eec3 (length 41293 - align length 237) has no trained error model
[2025-07-09 17:02:08.062] [jointLog] [warning] read 17de035c-5b4c-49fa-bc06-26e88887eec3 (length 41293) has no trained clipping model
[2025-07-09 17:02:08.062] [jointLog] [warning] read 17de035c-5b4c-49fa-bc06-26e88887eec3 (length 41293) has no trained clipping model
[2025-07-09 17:02:08.062] [jointLog] [warning] read 21a1a1e7-e7a9-47e1-839f-a711c6cae17c (length 17285 - align length 352) has no trained error model
[2025-07-09 17:02:08.062] [jointLog] [warning] read 21a1a1e7-e7a9-47e1-839f-a711c6cae17c (length 17285) has no trained clipping model
[2025-07-09 17:02:08.062] [jointLog] [warning] read 21a1a1e7-e7a9-47e1-839f-a711c6cae17c (length 17285) has no trained clipping model
[2025-07-09 17:02:08.062] [jointLog] [warning] read eb5ac717-3595-4673-b640-74cfe1d5e421 (length 13113 - align length 175) has no trained error model
[2025-07-09 17:02:08.062] [jointLog] [warning] read eb5ac717-3595-4673-b640-74cfe1d5e421 (length 13113) has no trained clipping model
[2025-07-09 17:02:08.062] [jointLog] [warning] read eb5ac717-3595-4673-b640-74cfe1d5e421 (length 13113) has no trained clipping model
[2025-07-09 17:02:08.062] [jointLog] [warning] read 928f25f5-8d86-4b03-9400-ca27c4ac8afc (length 12041) has no trained clipping model
[2025-07-09 17:02:08.063] [jointLog] [warning] read 63b1c917-d1f5-44d8-a97c-4f19298e1cff (length 21575 - align length 1781) has no trained error model
[2025-07-09 17:02:08.063] [jointLog] [warning] read 63b1c917-d1f5-44d8-a97c-4f19298e1cff (length 21575) has no trained clipping model
[2025-07-09 17:02:08.063] [jointLog] [warning] read 63b1c917-d1f5-44d8-a97c-4f19298e1cff (length 21575) has no trained clipping model
[2025-07-09 17:02:08.063] [jointLog] [warning] read 5fba2a0c-22a1-42fa-a09b-c414d8dce912 (length 26827 - align length 900) has no trained error model
[2025-07-09 17:02:08.063] [jointLog] [warning] read 5fba2a0c-22a1-42fa-a09b-c414d8dce912 (length 26827) has no trained clipping model
[2025-07-09 17:02:08.063] [jointLog] [warning] read 5fba2a0c-22a1-42fa-a09b-c414d8dce912 (length 26827) has no trained clipping model
[2025-07-09 17:02:08.063] [jointLog] [warning] read fc7ddf1f-da1c-4ab2-850a-fe819964fe65 (length 39706 - align length 469) has no trained error model
[2025-07-09 17:02:08.063] [jointLog] [warning] read fc7ddf1f-da1c-4ab2-850a-fe819964fe65 (length 39706) has no trained clipping model
[2025-07-09 17:02:08.063] [jointLog] [warning] read fc7ddf1f-da1c-4ab2-850a-fe819964fe65 (length 39706) has no trained clipping model
[2025-07-09 17:02:08.063] [jointLog] [warning] read f8b1785b-6821-48c1-b567-b39156a0a926 (length 43674 - align length 121) has no trained error model
[2025-07-09 17:02:08.063] [jointLog] [warning] read f8b1785b-6821-48c1-b567-b39156a0a926 (length 43674) has no trained clipping model
[2025-07-09 17:02:08.063] [jointLog] [warning] read f8b1785b-6821-48c1-b567-b39156a0a926 (length 43674) has no trained clipping model
[2025-07-09 17:02:08.063] [jointLog] [warning] read 758af12a-76a1-49b9-aead-25a84756bc8b (length 25157 - align length 1104) has no trained error model
[2025-07-09 17:02:08.063] [jointLog] [warning] read 758af12a-76a1-49b9-aead-25a84756bc8b (length 25157) has no trained clipping model
[2025-07-09 17:02:08.063] [jointLog] [warning] read 758af12a-76a1-49b9-aead-25a84756bc8b (length 25157) has no trained clipping model
[2025-07-09 17:02:08.063] [jointLog] [warning] read 635668e4-e256-480a-ad26-ac8ae2815f2c (length 13777 - align length 199) has no trained error model
[2025-07-09 17:02:08.063] [jointLog] [warning] read 635668e4-e256-480a-ad26-ac8ae2815f2c (length 13777) has no trained clipping model
[2025-07-09 17:02:08.063] [jointLog] [warning] read 635668e4-e256-480a-ad26-ac8ae2815f2c (length 13777) has no trained clipping model
[2025-07-09 17:02:08.064] [jointLog] [warning] read 92687af4-533e-469c-967c-307ea2966623 (length 39882 - align length 808) has no trained error model
[2025-07-09 17:02:08.064] [jointLog] [warning] read 92687af4-533e-469c-967c-307ea2966623 (length 39882) has no trained clipping model
[2025-07-09 17:02:08.064] [jointLog] [warning] read 92687af4-533e-469c-967c-307ea2966623 (length 39882) has no trained clipping model
[2025-07-09 17:02:08.091] [jointLog] [warning] (in update()) CIGAR string for read [2f723a61-f42a-4ed3-aabe-c474a64cd05a] seems inconsistent. It implied an error rate greater than 1: 1.14337 0.00934579 0.121495
[2025-07-09 17:02:08.109] [jointLog] [warning] (in update()) CIGAR string for read [07f7c4ec-47bd-4748-866c-61f0aa7fc01a] seems inconsistent. It implied an error rate greater than 1: 1.37406 0 0.000897666
[2025-07-09 17:02:08.156] [jointLog] [warning] (in update()) CIGAR string for read [9f8e11b8-dc38-447a-82db-477ff3628676] seems inconsistent. It implied an error rate greater than 1: 1.57219 0.000884956 0
[2025-07-09 17:02:08.407] [fileLog] [info] quantification processed 5000000 fragments so far

[2025-07-09 17:02:10.526] [jointLog] [warning] read 4855baea-df04-44ae-b432-3f3ed41ce32a (length 29054 - align length 1848) has no trained error model
[2025-07-09 17:02:10.526] [jointLog] [warning] read 4855baea-df04-44ae-b432-3f3ed41ce32a (length 29054) has no trained clipping model
[2025-07-09 17:02:10.526] [jointLog] [warning] read 4855baea-df04-44ae-b432-3f3ed41ce32a (length 29054) has no trained clipping model
[2025-07-09 17:02:10.526] [jointLog] [warning] read 3cc8051f-6012-4431-abf9-c4fcacbb0751 (length 47594 - align length 246) has no trained error model
[2025-07-09 17:02:10.526] [jointLog] [warning] read 3cc8051f-6012-4431-abf9-c4fcacbb0751 (length 47594) has no trained clipping model
[2025-07-09 17:02:10.526] [jointLog] [warning] read 3cc8051f-6012-4431-abf9-c4fcacbb0751 (length 47594) has no trained clipping model
[2025-07-09 17:02:10.526] [jointLog] [warning] read 54563c02-808b-41ee-a23f-5e72a53c506c (length 30962 - align length 2650) has no trained error model
[2025-07-09 17:02:10.526] [jointLog] [warning] read 54563c02-808b-41ee-a23f-5e72a53c506c (length 30962) has no trained clipping model
[2025-07-09 17:02:10.526] [jointLog] [warning] read 54563c02-808b-41ee-a23f-5e72a53c506c (length 30962) has no trained clipping model
[2025-07-09 17:02:10.526] [jointLog] [warning] read 46364ded-f292-4108-8a56-b8ebb839b4cd (length 35897 - align length 1490) has no trained error model
[2025-07-09 17:02:10.526] [jointLog] [warning] read 46364ded-f292-4108-8a56-b8ebb839b4cd (length 35897) has no trained clipping model
[2025-07-09 17:02:10.526] [jointLog] [warning] read 46364ded-f292-4108-8a56-b8ebb839b4cd (length 35897) has no trained clipping model
[2025-07-09 17:02:10.526] [jointLog] [warning] read 0b5b3da2-67b0-4d90-be00-76320630a6a7 (length 33382 - align length 91) has no trained error model
[2025-07-09 17:02:10.526] [jointLog] [warning] read 0b5b3da2-67b0-4d90-be00-76320630a6a7 (length 33382) has no trained clipping model
[2025-07-09 17:02:10.526] [jointLog] [warning] read 0b5b3da2-67b0-4d90-be00-76320630a6a7 (length 33382) has no trained clipping model
[2025-07-09 17:02:10.526] [jointLog] [warning] read b1dcccf7-ece2-4ed3-904d-e0756159a166 (length 41511 - align length 226) has no trained error model
[2025-07-09 17:02:10.526] [jointLog] [warning] read b1dcccf7-ece2-4ed3-904d-e0756159a166 (length 41511) has no trained clipping model
[2025-07-09 17:02:10.526] [jointLog] [warning] read b1dcccf7-ece2-4ed3-904d-e0756159a166 (length 41511) has no trained clipping model
[2025-07-09 17:02:10.527] [jointLog] [warning] read 2965fb2a-0d90-4851-bb7d-ac7258a01ae5 (length 15447) has no trained clipping model
[2025-07-09 17:02:10.527] [jointLog] [warning] read d7ee0165-1761-46df-a6b1-2c5db6142637 (length 33739 - align length 953) has no trained error model
[2025-07-09 17:02:10.527] [jointLog] [warning] read d7ee0165-1761-46df-a6b1-2c5db6142637 (length 33739) has no trained clipping model
[2025-07-09 17:02:10.527] [jointLog] [warning] read d7ee0165-1761-46df-a6b1-2c5db6142637 (length 33739) has no trained clipping model
[2025-07-09 17:02:10.527] [jointLog] [warning] read b0fb819b-3211-4027-b050-3d8e8435bd39 (length 26878) has no trained clipping model
[2025-07-09 17:02:10.527] [jointLog] [warning] read 4848bceb-5a91-46ff-a210-76ce3f94077e (length 14255) has no trained clipping model
[2025-07-09 17:02:10.527] [jointLog] [warning] read b908a600-2bc1-46c3-b900-a00069d55abc (length 16206 - align length 2091) has no trained error model
[2025-07-09 17:02:10.527] [jointLog] [warning] read b908a600-2bc1-46c3-b900-a00069d55abc (length 16206) has no trained clipping model
[2025-07-09 17:02:10.527] [jointLog] [warning] read b908a600-2bc1-46c3-b900-a00069d55abc (length 16206) has no trained clipping model
[2025-07-09 17:02:10.527] [jointLog] [warning] read 1c0f1410-9f88-4495-96f7-e1f138f42018 (length 48659 - align length 1111) has no trained error model
[2025-07-09 17:02:10.527] [jointLog] [warning] read 1c0f1410-9f88-4495-96f7-e1f138f42018 (length 48659) has no trained clipping model
[2025-07-09 17:02:10.527] [jointLog] [warning] read 1c0f1410-9f88-4495-96f7-e1f138f42018 (length 48659) has no trained clipping model
[2025-07-09 17:02:10.527] [jointLog] [warning] read 74372a40-6fde-43dd-ae23-96dde12301ae (length 17859 - align length 66) has no trained error model
[2025-07-09 17:02:10.527] [jointLog] [warning] read 74372a40-6fde-43dd-ae23-96dde12301ae (length 17859) has no trained clipping model
[2025-07-09 17:02:10.527] [jointLog] [warning] read 74372a40-6fde-43dd-ae23-96dde12301ae (length 17859) has no trained clipping model
[2025-07-09 17:02:10.527] [jointLog] [warning] read 549ab024-ff83-482c-9aa2-2d2fd31b55cc (length 35363 - align length 133) has no trained error model
[2025-07-09 17:02:10.527] [jointLog] [warning] read 549ab024-ff83-482c-9aa2-2d2fd31b55cc (length 35363) has no trained clipping model
[2025-07-09 17:02:10.527] [jointLog] [warning] read 549ab024-ff83-482c-9aa2-2d2fd31b55cc (length 35363) has no trained clipping model
[2025-07-09 17:02:10.527] [jointLog] [warning] read bb0dcf49-3c7b-4678-b10b-1c73a590f617 (length 37288 - align length 291) has no trained error model
[2025-07-09 17:02:10.527] [jointLog] [warning] read bb0dcf49-3c7b-4678-b10b-1c73a590f617 (length 37288) has no trained clipping model
[2025-07-09 17:02:10.527] [jointLog] [warning] read bb0dcf49-3c7b-4678-b10b-1c73a590f617 (length 37288) has no trained clipping model
[2025-07-09 17:02:10.527] [jointLog] [warning] read a379e3ac-1735-429d-b52f-85af0084f9ed (length 38826 - align length 3805) has no trained error model
[2025-07-09 17:02:10.527] [jointLog] [warning] read a379e3ac-1735-429d-b52f-85af0084f9ed (length 38826) has no trained clipping model
[2025-07-09 17:02:10.527] [jointLog] [warning] read a379e3ac-1735-429d-b52f-85af0084f9ed (length 38826) has no trained clipping model
[2025-07-09 17:02:10.528] [jointLog] [warning] read d87d835c-cf23-4061-9760-07c33b5ab1cb (length 25585 - align length 58) has no trained error model
[2025-07-09 17:02:10.528] [jointLog] [warning] read d87d835c-cf23-4061-9760-07c33b5ab1cb (length 25585) has no trained clipping model
[2025-07-09 17:02:10.528] [jointLog] [warning] read d87d835c-cf23-4061-9760-07c33b5ab1cb (length 25585) has no trained clipping model
[2025-07-09 17:02:10.528] [jointLog] [warning] read 4e899249-8d9f-4014-98b3-bfaa8abe44da (length 29991 - align length 294) has no trained error model
[2025-07-09 17:02:10.528] [jointLog] [warning] read 4e899249-8d9f-4014-98b3-bfaa8abe44da (length 29991) has no trained clipping model
[2025-07-09 17:02:10.528] [jointLog] [warning] read 4e899249-8d9f-4014-98b3-bfaa8abe44da (length 29991) has no trained clipping model
[2025-07-09 17:02:10.528] [jointLog] [warning] read 19d70c79-9480-46a9-ab59-63664408d2f6 (length 15018 - align length 193) has no trained error model
[2025-07-09 17:02:10.528] [jointLog] [warning] read 19d70c79-9480-46a9-ab59-63664408d2f6 (length 15018) has no trained clipping model
[2025-07-09 17:02:10.528] [jointLog] [warning] read 19d70c79-9480-46a9-ab59-63664408d2f6 (length 15018) has no trained clipping model
[2025-07-09 17:02:10.528] [jointLog] [warning] read 6a8c7eab-77b7-46af-bd5f-3d63ec2e6299 (length 33651 - align length 271) has no trained error model
[2025-07-09 17:02:10.528] [jointLog] [warning] read 6a8c7eab-77b7-46af-bd5f-3d63ec2e6299 (length 33651) has no trained clipping model
[2025-07-09 17:02:10.528] [jointLog] [warning] read 6a8c7eab-77b7-46af-bd5f-3d63ec2e6299 (length 33651) has no trained clipping model
[2025-07-09 17:02:10.528] [jointLog] [warning] read 5c645bda-22cc-47bd-9706-150a285fdc5c (length 25856 - align length 731) has no trained error model
[2025-07-09 17:02:10.528] [jointLog] [warning] read 5c645bda-22cc-47bd-9706-150a285fdc5c (length 25856) has no trained clipping model
[2025-07-09 17:02:10.528] [jointLog] [warning] read 5c645bda-22cc-47bd-9706-150a285fdc5c (length 25856) has no trained clipping model
[2025-07-09 17:02:10.528] [jointLog] [warning] read cd0e5cff-c65e-4ddb-9e5b-cdd73aa5fc9e (length 35954 - align length 1030) has no trained error model
[2025-07-09 17:02:10.528] [jointLog] [warning] read cd0e5cff-c65e-4ddb-9e5b-cdd73aa5fc9e (length 35954) has no trained clipping model
[2025-07-09 17:02:10.528] [jointLog] [warning] read cd0e5cff-c65e-4ddb-9e5b-cdd73aa5fc9e (length 35954) has no trained clipping model
[2025-07-09 17:02:10.528] [jointLog] [warning] read a933f734-0ef0-4428-9698-4ed97a7e7307 (length 21771 - align length 3792) has no trained error model
[2025-07-09 17:02:10.528] [jointLog] [warning] read a933f734-0ef0-4428-9698-4ed97a7e7307 (length 21771) has no trained clipping model
[2025-07-09 17:02:10.528] [jointLog] [warning] read a933f734-0ef0-4428-9698-4ed97a7e7307 (length 21771) has no trained clipping model
[2025-07-09 17:02:10.528] [jointLog] [warning] read 7142f1dd-5671-4218-b68c-89bbb4eeb06c (length 35761 - align length 290) has no trained error model
[2025-07-09 17:02:10.528] [jointLog] [warning] read 7142f1dd-5671-4218-b68c-89bbb4eeb06c (length 35761) has no trained clipping model
[2025-07-09 17:02:10.528] [jointLog] [warning] read 7142f1dd-5671-4218-b68c-89bbb4eeb06c (length 35761) has no trained clipping model
[2025-07-09 17:02:10.528] [jointLog] [warning] read e00054c4-e220-446a-8720-36bbf8417eea (length 32397 - align length 61) has no trained error model
[2025-07-09 17:02:10.528] [jointLog] [warning] read e00054c4-e220-446a-8720-36bbf8417eea (length 32397) has no trained clipping model
[2025-07-09 17:02:10.528] [jointLog] [warning] read e00054c4-e220-446a-8720-36bbf8417eea (length 32397) has no trained clipping model
[2025-07-09 17:02:10.528] [jointLog] [warning] read 3e73bed3-e8fb-4696-8a64-666ea7f2a443 (length 25946 - align length 207) has no trained error model
[2025-07-09 17:02:10.528] [jointLog] [warning] read 3e73bed3-e8fb-4696-8a64-666ea7f2a443 (length 25946) has no trained clipping model
[2025-07-09 17:02:10.528] [jointLog] [warning] read 3e73bed3-e8fb-4696-8a64-666ea7f2a443 (length 25946) has no trained clipping model
[2025-07-09 17:02:10.528] [jointLog] [warning] read 4fd3162d-a7f7-4078-8b7b-40b655ac01ec (length 24877 - align length 149) has no trained error model
[2025-07-09 17:02:10.528] [jointLog] [warning] read 4fd3162d-a7f7-4078-8b7b-40b655ac01ec (length 24877) has no trained clipping model
[2025-07-09 17:02:10.528] [jointLog] [warning] read 4fd3162d-a7f7-4078-8b7b-40b655ac01ec (length 24877) has no trained clipping model
[2025-07-09 17:02:10.528] [jointLog] [warning] read fd6588c4-a76e-4896-a649-c6f51ce5df6e (length 39146 - align length 528) has no trained error model
[2025-07-09 17:02:10.528] [jointLog] [warning] read fd6588c4-a76e-4896-a649-c6f51ce5df6e (length 39146) has no trained clipping model
[2025-07-09 17:02:10.528] [jointLog] [warning] read fd6588c4-a76e-4896-a649-c6f51ce5df6e (length 39146) has no trained clipping model
[2025-07-09 17:02:10.528] [jointLog] [warning] read 2c4f8505-ede4-4b21-933f-919b1a742360 (length 35265 - align length 917) has no trained error model
[2025-07-09 17:02:10.528] [jointLog] [warning] read 2c4f8505-ede4-4b21-933f-919b1a742360 (length 35265) has no trained clipping model
[2025-07-09 17:02:10.528] [jointLog] [warning] read 2c4f8505-ede4-4b21-933f-919b1a742360 (length 35265) has no trained clipping model
[2025-07-09 17:02:10.529] [jointLog] [warning] read dba0fb5d-3704-478f-88fa-823e6954092c (length 13470 - align length 306) has no trained error model
[2025-07-09 17:02:10.529] [jointLog] [warning] read dba0fb5d-3704-478f-88fa-823e6954092c (length 13470) has no trained clipping model
[2025-07-09 17:02:10.529] [jointLog] [warning] read dba0fb5d-3704-478f-88fa-823e6954092c (length 13470) has no trained clipping model
[2025-07-09 17:02:10.529] [jointLog] [warning] read 692b2dee-f8a4-4113-9d9b-770ced9df1d1 (length 27586 - align length 298) has no trained error model
[2025-07-09 17:02:10.529] [jointLog] [warning] read 692b2dee-f8a4-4113-9d9b-770ced9df1d1 (length 27586) has no trained clipping model
[2025-07-09 17:02:10.529] [jointLog] [warning] read 692b2dee-f8a4-4113-9d9b-770ced9df1d1 (length 27586) has no trained clipping model
[2025-07-09 17:02:10.529] [jointLog] [warning] read ffbc639c-32f3-498e-a5b9-f57a5dc56128 (length 40539 - align length 235) has no trained error model
[2025-07-09 17:02:10.529] [jointLog] [warning] read ffbc639c-32f3-498e-a5b9-f57a5dc56128 (length 40539) has no trained clipping model
[2025-07-09 17:02:10.529] [jointLog] [warning] read ffbc639c-32f3-498e-a5b9-f57a5dc56128 (length 40539) has no trained clipping model
[2025-07-09 17:02:10.529] [jointLog] [warning] read 2e037f92-e419-4bcc-a444-100ef9835169 (length 29439 - align length 2539) has no trained error model
[2025-07-09 17:02:10.529] [jointLog] [warning] read 2e037f92-e419-4bcc-a444-100ef9835169 (length 29439) has no trained clipping model
[2025-07-09 17:02:10.529] [jointLog] [warning] read 2e037f92-e419-4bcc-a444-100ef9835169 (length 29439) has no trained clipping model
[2025-07-09 17:02:10.530] [jointLog] [warning] read 6460a80d-bfe1-415f-92b2-3ddeba5df8ec (length 14521 - align length 14401) has no trained error model
[2025-07-09 17:02:10.530] [jointLog] [warning] read 0a314202-dbf1-4bc5-a7cd-f5f60a232671 (length 24566 - align length 1082) has no trained error model
[2025-07-09 17:02:10.530] [jointLog] [warning] read 0a314202-dbf1-4bc5-a7cd-f5f60a232671 (length 24566) has no trained clipping model
[2025-07-09 17:02:10.530] [jointLog] [warning] read 0a314202-dbf1-4bc5-a7cd-f5f60a232671 (length 24566) has no trained clipping model
[2025-07-09 17:02:10.530] [jointLog] [warning] read 50ebc4be-050a-4e0b-8bea-b4b423da4211 (length 16631) has no trained clipping model
[2025-07-09 17:02:10.530] [jointLog] [warning] read 994b2c8c-906e-415a-99b1-a54ec36f204a (length 37318 - align length 951) has no trained error model
[2025-07-09 17:02:10.530] [jointLog] [warning] read 994b2c8c-906e-415a-99b1-a54ec36f204a (length 37318) has no trained clipping model
[2025-07-09 17:02:10.530] [jointLog] [warning] read 994b2c8c-906e-415a-99b1-a54ec36f204a (length 37318) has no trained clipping model
[2025-07-09 17:02:10.530] [jointLog] [warning] read 6a1eb323-6aae-4679-9f6b-45c389b26e60 (length 30778 - align length 380) has no trained error model
[2025-07-09 17:02:10.530] [jointLog] [warning] read 6a1eb323-6aae-4679-9f6b-45c389b26e60 (length 30778) has no trained clipping model
[2025-07-09 17:02:10.530] [jointLog] [warning] read 6a1eb323-6aae-4679-9f6b-45c389b26e60 (length 30778) has no trained clipping model
[2025-07-09 17:02:10.640] [jointLog] [warning] read bf651012-4fac-45e5-ad11-c59919f825e5 (length 16207 - align length 365) has no trained error model
[2025-07-09 17:02:10.640] [jointLog] [warning] read bf651012-4fac-45e5-ad11-c59919f825e5 (length 16207) has no trained clipping model
[2025-07-09 17:02:10.640] [jointLog] [warning] read bf651012-4fac-45e5-ad11-c59919f825e5 (length 16207) has no trained clipping model
[2025-07-09 17:02:10.640] [jointLog] [warning] read 56276340-16cd-4190-be5e-41b03c5b77e2 (length 28204 - align length 1864) has no trained error model
[2025-07-09 17:02:10.640] [jointLog] [warning] read 56276340-16cd-4190-be5e-41b03c5b77e2 (length 28204) has no trained clipping model
[2025-07-09 17:02:10.640] [jointLog] [warning] read 56276340-16cd-4190-be5e-41b03c5b77e2 (length 28204) has no trained clipping model
[2025-07-09 17:02:10.640] [jointLog] [warning] read 7896fc10-d0ec-4774-862b-d36e06490276 (length 16606) has no trained clipping model
[2025-07-09 17:02:10.641] [jointLog] [warning] read 92d5e1cd-e68e-4f4c-a980-a26189e23b69 (length 41476 - align length 154) has no trained error model
[2025-07-09 17:02:10.641] [jointLog] [warning] read 92d5e1cd-e68e-4f4c-a980-a26189e23b69 (length 41476) has no trained clipping model
[2025-07-09 17:02:10.641] [jointLog] [warning] read 92d5e1cd-e68e-4f4c-a980-a26189e23b69 (length 41476) has no trained clipping model
[2025-07-09 17:02:10.641] [jointLog] [warning] read 4e52899b-fffa-4050-9de8-332fbb54dbe6 (length 26092) has no trained clipping model
[2025-07-09 17:02:10.641] [jointLog] [warning] read d212b2fe-2fa6-46b6-868c-8fdb10bd4d31 (length 13487 - align length 372) has no trained error model
[2025-07-09 17:02:10.641] [jointLog] [warning] read d212b2fe-2fa6-46b6-868c-8fdb10bd4d31 (length 13487) has no trained clipping model
[2025-07-09 17:02:10.641] [jointLog] [warning] read d212b2fe-2fa6-46b6-868c-8fdb10bd4d31 (length 13487) has no trained clipping model
[2025-07-09 17:02:10.641] [jointLog] [warning] read 36635ea2-bf73-41b5-b7ac-80ab8a9de2ad (length 23425 - align length 1710) has no trained error model
[2025-07-09 17:02:10.641] [jointLog] [warning] read 36635ea2-bf73-41b5-b7ac-80ab8a9de2ad (length 23425) has no trained clipping model
[2025-07-09 17:02:10.641] [jointLog] [warning] read 36635ea2-bf73-41b5-b7ac-80ab8a9de2ad (length 23425) has no trained clipping model
[2025-07-09 17:02:10.641] [jointLog] [warning] read ac8598dd-f544-4f9b-b378-f8e32f96569d (length 20882) has no trained clipping model
[2025-07-09 17:02:10.641] [jointLog] [warning] read 571fbb69-a3bc-4d8d-9f6f-d704dbf39da2 (length 16464) has no trained clipping model
[2025-07-09 17:02:10.641] [jointLog] [warning] read 4ba11f18-484c-4680-a7f3-ca7b8e3bd101 (length 15063 - align length 463) has no trained error model
[2025-07-09 17:02:10.641] [jointLog] [warning] read 4ba11f18-484c-4680-a7f3-ca7b8e3bd101 (length 15063) has no trained clipping model
[2025-07-09 17:02:10.641] [jointLog] [warning] read 4ba11f18-484c-4680-a7f3-ca7b8e3bd101 (length 15063) has no trained clipping model
[2025-07-09 17:02:10.641] [jointLog] [warning] read 87dc8ebb-8f14-4347-9145-3777ebca232f (length 21979 - align length 2789) has no trained error model
[2025-07-09 17:02:10.641] [jointLog] [warning] read 87dc8ebb-8f14-4347-9145-3777ebca232f (length 21979) has no trained clipping model
[2025-07-09 17:02:10.641] [jointLog] [warning] read 87dc8ebb-8f14-4347-9145-3777ebca232f (length 21979) has no trained clipping model
[2025-07-09 17:02:10.641] [jointLog] [warning] read 92f43e80-899a-41f0-88d2-7ae75c30222c (length 28384 - align length 1063) has no trained error model
[2025-07-09 17:02:10.641] [jointLog] [warning] read 92f43e80-899a-41f0-88d2-7ae75c30222c (length 28384) has no trained clipping model
[2025-07-09 17:02:10.641] [jointLog] [warning] read 92f43e80-899a-41f0-88d2-7ae75c30222c (length 28384) has no trained clipping model
[2025-07-09 17:02:10.641] [jointLog] [warning] read 8feb98b2-3190-417b-912f-8d7d919865b5 (length 22927 - align length 302) has no trained error model
[2025-07-09 17:02:10.641] [jointLog] [warning] read 8feb98b2-3190-417b-912f-8d7d919865b5 (length 22927) has no trained clipping model
[2025-07-09 17:02:10.641] [jointLog] [warning] read 8feb98b2-3190-417b-912f-8d7d919865b5 (length 22927) has no trained clipping model
[2025-07-09 17:02:10.642] [jointLog] [warning] read 36dbad11-71ff-4a52-a70d-2887c1bb1d16 (length 30107) has no trained clipping model
[2025-07-09 17:02:10.642] [jointLog] [warning] read 1a231e32-5680-4713-96f4-1539c70c9f15 (length 24714 - align length 111) has no trained error model
[2025-07-09 17:02:10.642] [jointLog] [warning] read 1a231e32-5680-4713-96f4-1539c70c9f15 (length 24714) has no trained clipping model
[2025-07-09 17:02:10.642] [jointLog] [warning] read 1a231e32-5680-4713-96f4-1539c70c9f15 (length 24714) has no trained clipping model
[2025-07-09 17:02:10.642] [jointLog] [warning] read 7dbd291f-55c4-451f-b08e-eb7d7e639bb0 (length 24376 - align length 690) has no trained error model
[2025-07-09 17:02:10.642] [jointLog] [warning] read 7dbd291f-55c4-451f-b08e-eb7d7e639bb0 (length 24376) has no trained clipping model
[2025-07-09 17:02:10.642] [jointLog] [warning] read 7dbd291f-55c4-451f-b08e-eb7d7e639bb0 (length 24376) has no trained clipping model
[2025-07-09 17:02:10.642] [jointLog] [warning] read 685c240d-d129-42e8-ab93-07422e875855 (length 17422 - align length 1331) has no trained error model
[2025-07-09 17:02:10.642] [jointLog] [warning] read 685c240d-d129-42e8-ab93-07422e875855 (length 17422) has no trained clipping model
[2025-07-09 17:02:10.642] [jointLog] [warning] read 685c240d-d129-42e8-ab93-07422e875855 (length 17422) has no trained clipping model
[2025-07-09 17:02:10.642] [jointLog] [warning] read ee5affa9-114e-491b-8eab-233990a270e8 (length 36130 - align length 109) has no trained error model
[2025-07-09 17:02:10.642] [jointLog] [warning] read ee5affa9-114e-491b-8eab-233990a270e8 (length 36130) has no trained clipping model
[2025-07-09 17:02:10.642] [jointLog] [warning] read ee5affa9-114e-491b-8eab-233990a270e8 (length 36130) has no trained clipping model
[2025-07-09 17:02:10.642] [jointLog] [warning] read 6cba541a-43c6-4ae5-ab2a-56d543d719f1 (length 37313 - align length 2375) has no trained error model
[2025-07-09 17:02:10.642] [jointLog] [warning] read 6cba541a-43c6-4ae5-ab2a-56d543d719f1 (length 37313) has no trained clipping model
[2025-07-09 17:02:10.642] [jointLog] [warning] read 6cba541a-43c6-4ae5-ab2a-56d543d719f1 (length 37313) has no trained clipping model
[2025-07-09 17:02:10.642] [jointLog] [warning] read fca081f9-2b69-4179-8b0e-a201c73fc57f (length 21418 - align length 57) has no trained error model
[2025-07-09 17:02:10.642] [jointLog] [warning] read fca081f9-2b69-4179-8b0e-a201c73fc57f (length 21418) has no trained clipping model
[2025-07-09 17:02:10.642] [jointLog] [warning] read fca081f9-2b69-4179-8b0e-a201c73fc57f (length 21418) has no trained clipping model
[2025-07-09 17:02:10.642] [jointLog] [warning] read f68486bd-412f-4cde-8124-4c061ff2bb83 (length 18729 - align length 366) has no trained error model
[2025-07-09 17:02:10.642] [jointLog] [warning] read f68486bd-412f-4cde-8124-4c061ff2bb83 (length 18729) has no trained clipping model
[2025-07-09 17:02:10.642] [jointLog] [warning] read f68486bd-412f-4cde-8124-4c061ff2bb83 (length 18729) has no trained clipping model
[2025-07-09 17:02:10.642] [jointLog] [warning] read 2fa049e0-ae14-46de-8c25-fcfb57ca4131 (length 19085) has no trained clipping model
[2025-07-09 17:02:10.642] [jointLog] [warning] read 6210d6e8-ba8c-4869-9896-6696410f4f3c (length 14439 - align length 337) has no trained error model
[2025-07-09 17:02:10.642] [jointLog] [warning] read 6210d6e8-ba8c-4869-9896-6696410f4f3c (length 14439) has no trained clipping model
[2025-07-09 17:02:10.642] [jointLog] [warning] read 6210d6e8-ba8c-4869-9896-6696410f4f3c (length 14439) has no trained clipping model
[2025-07-09 17:02:10.642] [jointLog] [warning] read 0eb6c4d2-47f0-4c81-b8f3-b86cd2e52354 (length 20716 - align length 58) has no trained error model
[2025-07-09 17:02:10.642] [jointLog] [warning] read 0eb6c4d2-47f0-4c81-b8f3-b86cd2e52354 (length 20716) has no trained clipping model
[2025-07-09 17:02:10.642] [jointLog] [warning] read 0eb6c4d2-47f0-4c81-b8f3-b86cd2e52354 (length 20716) has no trained clipping model
[2025-07-09 17:02:10.642] [jointLog] [warning] read 632faa45-3717-433c-974e-c00a5445e31c (length 16460) has no trained clipping model
[2025-07-09 17:02:10.642] [jointLog] [warning] read 056ad9f4-bf40-4cb9-bfde-0e09c35e76e2 (length 18768 - align length 251) has no trained error model
[2025-07-09 17:02:10.642] [jointLog] [warning] read 056ad9f4-bf40-4cb9-bfde-0e09c35e76e2 (length 18768) has no trained clipping model
[2025-07-09 17:02:10.642] [jointLog] [warning] read 056ad9f4-bf40-4cb9-bfde-0e09c35e76e2 (length 18768) has no trained clipping model
[2025-07-09 17:02:10.643] [jointLog] [warning] read 5b546c0c-c1f7-46c1-9a83-ab5246444a53 (length 14260) has no trained clipping model
[2025-07-09 17:02:10.643] [jointLog] [warning] read 5fdea4e4-6188-4148-86cb-d13c27e260d4 (length 21228 - align length 515) has no trained error model
[2025-07-09 17:02:10.643] [jointLog] [warning] read 5fdea4e4-6188-4148-86cb-d13c27e260d4 (length 21228) has no trained clipping model
[2025-07-09 17:02:10.643] [jointLog] [warning] read 5fdea4e4-6188-4148-86cb-d13c27e260d4 (length 21228) has no trained clipping model
[2025-07-09 17:02:10.643] [jointLog] [warning] read d89f5a23-2513-49cf-bbad-f0c6928baa9a (length 46718 - align length 3787) has no trained error model
[2025-07-09 17:02:10.643] [jointLog] [warning] read d89f5a23-2513-49cf-bbad-f0c6928baa9a (length 46718) has no trained clipping model
[2025-07-09 17:02:10.643] [jointLog] [warning] read d89f5a23-2513-49cf-bbad-f0c6928baa9a (length 46718) has no trained clipping model
[2025-07-09 17:02:10.643] [jointLog] [warning] read 16bace80-b9da-4239-b8cd-091edf30213b (length 26965 - align length 65) has no trained error model
[2025-07-09 17:02:10.643] [jointLog] [warning] read 16bace80-b9da-4239-b8cd-091edf30213b (length 26965) has no trained clipping model
[2025-07-09 17:02:10.643] [jointLog] [warning] read 16bace80-b9da-4239-b8cd-091edf30213b (length 26965) has no trained clipping model
[2025-07-09 17:02:10.644] [jointLog] [warning] read 046b57cc-dfed-4b62-a440-89c706973f4f (length 35963 - align length 343) has no trained error model
[2025-07-09 17:02:10.644] [jointLog] [warning] read 046b57cc-dfed-4b62-a440-89c706973f4f (length 35963) has no trained clipping model
[2025-07-09 17:02:10.644] [jointLog] [warning] read 046b57cc-dfed-4b62-a440-89c706973f4f (length 35963) has no trained clipping model
[2025-07-09 17:02:10.644] [jointLog] [warning] read b6662f05-d0dd-4c79-b152-98ed18e7d482 (length 36904 - align length 2095) has no trained error model
[2025-07-09 17:02:10.644] [jointLog] [warning] read b6662f05-d0dd-4c79-b152-98ed18e7d482 (length 36904) has no trained clipping model
[2025-07-09 17:02:10.644] [jointLog] [warning] read b6662f05-d0dd-4c79-b152-98ed18e7d482 (length 36904) has no trained clipping model
[2025-07-09 17:02:10.644] [jointLog] [warning] read a818bf09-48d5-43b1-bd37-6d1b49fc7083 (length 20781 - align length 4481) has no trained error model
[2025-07-09 17:02:10.644] [jointLog] [warning] read a818bf09-48d5-43b1-bd37-6d1b49fc7083 (length 20781) has no trained clipping model
[2025-07-09 17:02:10.644] [jointLog] [warning] read a818bf09-48d5-43b1-bd37-6d1b49fc7083 (length 20781) has no trained clipping model
[2025-07-09 17:02:10.644] [jointLog] [warning] read 9073f9ef-fa0b-4e63-8fbd-c3bbc05baf32 (length 38953 - align length 198) has no trained error model
[2025-07-09 17:02:10.644] [jointLog] [warning] read 9073f9ef-fa0b-4e63-8fbd-c3bbc05baf32 (length 38953) has no trained clipping model
[2025-07-09 17:02:10.644] [jointLog] [warning] read 9073f9ef-fa0b-4e63-8fbd-c3bbc05baf32 (length 38953) has no trained clipping model
[2025-07-09 17:02:10.644] [jointLog] [warning] read 9a68a7f1-4d7e-44b1-ab25-43b21ba2abac (length 17351 - align length 254) has no trained error model
[2025-07-09 17:02:10.644] [jointLog] [warning] read 9a68a7f1-4d7e-44b1-ab25-43b21ba2abac (length 17351) has no trained clipping model
[2025-07-09 17:02:10.644] [jointLog] [warning] read 9a68a7f1-4d7e-44b1-ab25-43b21ba2abac (length 17351) has no trained clipping model
[2025-07-09 17:02:10.645] [jointLog] [warning] read 1a111b36-b3ad-4826-a37e-f9e957f76689 (length 34975 - align length 2452) has no trained error model
[2025-07-09 17:02:10.645] [jointLog] [warning] read 1a111b36-b3ad-4826-a37e-f9e957f76689 (length 34975) has no trained clipping model
[2025-07-09 17:02:10.645] [jointLog] [warning] read 1a111b36-b3ad-4826-a37e-f9e957f76689 (length 34975) has no trained clipping model
[2025-07-09 17:02:10.645] [jointLog] [warning] read b8f928c9-4a9a-4029-802b-fcc24f72fdbf (length 15414) has no trained clipping model
[2025-07-09 17:02:10.645] [jointLog] [warning] read 75472d95-c932-40bb-95bf-8b8c6007bd5f (length 25383 - align length 217) has no trained error model
[2025-07-09 17:02:10.645] [jointLog] [warning] read 75472d95-c932-40bb-95bf-8b8c6007bd5f (length 25383) has no trained clipping model
[2025-07-09 17:02:10.645] [jointLog] [warning] read 75472d95-c932-40bb-95bf-8b8c6007bd5f (length 25383) has no trained clipping model
[2025-07-09 17:02:10.645] [jointLog] [warning] read 863016ec-bf69-42b7-bf62-e533bf0f51b5 (length 33560 - align length 151) has no trained error model
[2025-07-09 17:02:10.645] [jointLog] [warning] read 863016ec-bf69-42b7-bf62-e533bf0f51b5 (length 33560) has no trained clipping model
[2025-07-09 17:02:10.645] [jointLog] [warning] read 863016ec-bf69-42b7-bf62-e533bf0f51b5 (length 33560) has no trained clipping model
[2025-07-09 17:02:10.645] [jointLog] [warning] read d9ece333-d7d5-4808-b3cb-e6ebf85de565 (length 41998 - align length 1680) has no trained error model
[2025-07-09 17:02:10.645] [jointLog] [warning] read d9ece333-d7d5-4808-b3cb-e6ebf85de565 (length 41998) has no trained clipping model
[2025-07-09 17:02:10.645] [jointLog] [warning] read d9ece333-d7d5-4808-b3cb-e6ebf85de565 (length 41998) has no trained clipping model
[2025-07-09 17:02:10.645] [jointLog] [warning] read c2adf87f-5dca-45e6-a7cb-17960c1a9f76 (length 16447) has no trained clipping model
[2025-07-09 17:02:10.645] [jointLog] [warning] read d5f1e0c8-bf87-4381-90a3-93f0c418b639 (length 37669 - align length 1355) has no trained error model
[2025-07-09 17:02:10.645] [jointLog] [warning] read d5f1e0c8-bf87-4381-90a3-93f0c418b639 (length 37669) has no trained clipping model
[2025-07-09 17:02:10.645] [jointLog] [warning] read d5f1e0c8-bf87-4381-90a3-93f0c418b639 (length 37669) has no trained clipping model
[2025-07-09 17:02:10.646] [jointLog] [warning] read e1639114-f6cc-40af-9da0-164325934ba0 (length 16290 - align length 2733) has no trained error model
[2025-07-09 17:02:10.646] [jointLog] [warning] read e1639114-f6cc-40af-9da0-164325934ba0 (length 16290) has no trained clipping model
[2025-07-09 17:02:10.646] [jointLog] [warning] read e1639114-f6cc-40af-9da0-164325934ba0 (length 16290) has no trained clipping model
[2025-07-09 17:02:10.646] [jointLog] [warning] read 72a656ff-973a-4f8a-8680-45acce8ebcb0 (length 15459) has no trained clipping model
[2025-07-09 17:02:10.646] [jointLog] [warning] read 24e06fc0-5cc5-4678-80ce-1161e9fb5cf2 (length 36252 - align length 1344) has no trained error model
[2025-07-09 17:02:10.646] [jointLog] [warning] read 24e06fc0-5cc5-4678-80ce-1161e9fb5cf2 (length 36252) has no trained clipping model
[2025-07-09 17:02:10.646] [jointLog] [warning] read 24e06fc0-5cc5-4678-80ce-1161e9fb5cf2 (length 36252) has no trained clipping model
[2025-07-09 17:02:10.646] [jointLog] [warning] read 5054166c-252e-43ff-92a0-6d95077e6f45 (length 27725 - align length 643) has no trained error model
[2025-07-09 17:02:10.646] [jointLog] [warning] read 5054166c-252e-43ff-92a0-6d95077e6f45 (length 27725) has no trained clipping model
[2025-07-09 17:02:10.646] [jointLog] [warning] read 5054166c-252e-43ff-92a0-6d95077e6f45 (length 27725) has no trained clipping model
[2025-07-09 17:02:10.646] [jointLog] [warning] read 36c2213c-3c65-46e5-9ca3-94c5eb2e4167 (length 23750 - align length 998) has no trained error model
[2025-07-09 17:02:10.646] [jointLog] [warning] read 36c2213c-3c65-46e5-9ca3-94c5eb2e4167 (length 23750) has no trained clipping model
[2025-07-09 17:02:10.646] [jointLog] [warning] read 36c2213c-3c65-46e5-9ca3-94c5eb2e4167 (length 23750) has no trained clipping model
[2025-07-09 17:02:10.646] [jointLog] [warning] read 106a6074-aa74-430b-8139-ec64a431afce (length 31963 - align length 760) has no trained error model
[2025-07-09 17:02:10.646] [jointLog] [warning] read 106a6074-aa74-430b-8139-ec64a431afce (length 31963) has no trained clipping model
[2025-07-09 17:02:10.646] [jointLog] [warning] read 106a6074-aa74-430b-8139-ec64a431afce (length 31963) has no trained clipping model
[2025-07-09 17:02:10.647] [jointLog] [warning] read 2c5cac72-2178-4a91-892c-b56435bb4c2a (length 17835 - align length 335) has no trained error model
[2025-07-09 17:02:10.647] [jointLog] [warning] read 2c5cac72-2178-4a91-892c-b56435bb4c2a (length 17835) has no trained clipping model
[2025-07-09 17:02:10.647] [jointLog] [warning] read 2c5cac72-2178-4a91-892c-b56435bb4c2a (length 17835) has no trained clipping model
[2025-07-09 17:02:10.647] [jointLog] [warning] read f84b40d9-02a2-4e4a-abba-167960f8e558 (length 15900) has no trained clipping model
[2025-07-09 17:02:10.647] [jointLog] [warning] read ff7cba22-dc88-413f-9595-4011530266ca (length 30380 - align length 522) has no trained error model
[2025-07-09 17:02:10.647] [jointLog] [warning] read ff7cba22-dc88-413f-9595-4011530266ca (length 30380) has no trained clipping model
[2025-07-09 17:02:10.647] [jointLog] [warning] read ff7cba22-dc88-413f-9595-4011530266ca (length 30380) has no trained clipping model
[2025-07-09 17:02:10.647] [jointLog] [warning] read 1f65834a-3793-4182-a5dc-43221b425ac8 (length 36348 - align length 1617) has no trained error model
[2025-07-09 17:02:10.647] [jointLog] [warning] read 1f65834a-3793-4182-a5dc-43221b425ac8 (length 36348) has no trained clipping model
[2025-07-09 17:02:10.647] [jointLog] [warning] read 1f65834a-3793-4182-a5dc-43221b425ac8 (length 36348) has no trained clipping model
[2025-07-09 17:02:10.647] [jointLog] [warning] read 3e125633-e584-4acc-9f77-8b56e78eff95 (length 18765 - align length 1191) has no trained error model
[2025-07-09 17:02:10.647] [jointLog] [warning] read 3e125633-e584-4acc-9f77-8b56e78eff95 (length 18765) has no trained clipping model
[2025-07-09 17:02:10.647] [jointLog] [warning] read 3e125633-e584-4acc-9f77-8b56e78eff95 (length 18765) has no trained clipping model
[2025-07-09 17:02:10.647] [jointLog] [warning] read acd32c68-abaf-4ae8-8c8b-d006b68fb8b4 (length 20613 - align length 2140) has no trained error model
[2025-07-09 17:02:10.647] [jointLog] [warning] read acd32c68-abaf-4ae8-8c8b-d006b68fb8b4 (length 20613) has no trained clipping model
[2025-07-09 17:02:10.647] [jointLog] [warning] read acd32c68-abaf-4ae8-8c8b-d006b68fb8b4 (length 20613) has no trained clipping model
[2025-07-09 17:02:10.647] [jointLog] [warning] read 47ba3407-bbff-4663-a40b-0ee6c58554e3 (length 16423) has no trained clipping model
[2025-07-09 17:02:10.647] [jointLog] [warning] read 25d96750-97ae-4149-b1ce-b2950b24456b (length 17837 - align length 6284) has no trained error model
[2025-07-09 17:02:10.647] [jointLog] [warning] read 25d96750-97ae-4149-b1ce-b2950b24456b (length 17837) has no trained clipping model
[2025-07-09 17:02:10.647] [jointLog] [warning] read 25d96750-97ae-4149-b1ce-b2950b24456b (length 17837) has no trained clipping model
[2025-07-09 17:02:10.648] [jointLog] [warning] read cd96c0b5-cd96-45d9-99a9-a73b2227ac8e (length 13385 - align length 13314) has no trained error model
[2025-07-09 17:02:10.648] [jointLog] [warning] read d7406c08-ba49-4108-bcf5-058bee367df6 (length 17384 - align length 2200) has no trained error model
[2025-07-09 17:02:10.648] [jointLog] [warning] read d7406c08-ba49-4108-bcf5-058bee367df6 (length 17384) has no trained clipping model
[2025-07-09 17:02:10.648] [jointLog] [warning] read d7406c08-ba49-4108-bcf5-058bee367df6 (length 17384) has no trained clipping model
[2025-07-09 17:02:10.648] [jointLog] [warning] read a5bbd34d-a20e-4a3c-8390-38284764a8dc (length 35441 - align length 263) has no trained error model
[2025-07-09 17:02:10.648] [jointLog] [warning] read a5bbd34d-a20e-4a3c-8390-38284764a8dc (length 35441) has no trained clipping model
[2025-07-09 17:02:10.648] [jointLog] [warning] read a5bbd34d-a20e-4a3c-8390-38284764a8dc (length 35441) has no trained clipping model
[2025-07-09 17:02:10.648] [jointLog] [warning] read 5582a986-7679-43fa-89c3-8c475d807ba8 (length 14650 - align length 14497) has no trained error model
[2025-07-09 17:02:10.648] [jointLog] [warning] read 1a8be3e7-f0f3-404f-8e5c-1df61e9af738 (length 45911 - align length 685) has no trained error model
[2025-07-09 17:02:10.648] [jointLog] [warning] read 1a8be3e7-f0f3-404f-8e5c-1df61e9af738 (length 45911) has no trained clipping model
[2025-07-09 17:02:10.648] [jointLog] [warning] read 1a8be3e7-f0f3-404f-8e5c-1df61e9af738 (length 45911) has no trained clipping model
[2025-07-09 17:02:10.648] [jointLog] [warning] read e041c72a-a549-4ed8-b7f2-6aef8dd9b31f (length 24719 - align length 5999) has no trained error model
[2025-07-09 17:02:10.648] [jointLog] [warning] read e041c72a-a549-4ed8-b7f2-6aef8dd9b31f (length 24719) has no trained clipping model
[2025-07-09 17:02:10.648] [jointLog] [warning] read e041c72a-a549-4ed8-b7f2-6aef8dd9b31f (length 24719) has no trained clipping model
[2025-07-09 17:02:10.648] [jointLog] [warning] read 25d0dd47-3bcd-428b-be12-d87142229fa7 (length 13733 - align length 13733) has no trained error model
[2025-07-09 17:02:10.648] [jointLog] [warning] read f7b1ae2a-0347-464d-bd46-c4a37e581bb7 (length 23973) has no trained clipping model
[2025-07-09 17:02:10.649] [jointLog] [warning] read ef47612e-df20-4e42-80b6-adc6ac548ff3 (length 14401 - align length 4529) has no trained error model
[2025-07-09 17:02:10.649] [jointLog] [warning] read ef47612e-df20-4e42-80b6-adc6ac548ff3 (length 14401) has no trained clipping model
[2025-07-09 17:02:10.649] [jointLog] [warning] read ef47612e-df20-4e42-80b6-adc6ac548ff3 (length 14401) has no trained clipping model
[2025-07-09 17:02:10.649] [jointLog] [warning] read 6d143b29-573a-4292-b4b9-b81ce01a361b (length 27312 - align length 833) has no trained error model
[2025-07-09 17:02:10.649] [jointLog] [warning] read 6d143b29-573a-4292-b4b9-b81ce01a361b (length 27312) has no trained clipping model
[2025-07-09 17:02:10.649] [jointLog] [warning] read 6d143b29-573a-4292-b4b9-b81ce01a361b (length 27312) has no trained clipping model
[2025-07-09 17:02:10.649] [jointLog] [warning] read c51d03cf-75a3-455e-8a48-48e464f23efb (length 36402 - align length 1496) has no trained error model
[2025-07-09 17:02:10.649] [jointLog] [warning] read c51d03cf-75a3-455e-8a48-48e464f23efb (length 36402) has no trained clipping model
[2025-07-09 17:02:10.649] [jointLog] [warning] read c51d03cf-75a3-455e-8a48-48e464f23efb (length 36402) has no trained clipping model
[2025-07-09 17:02:10.649] [jointLog] [warning] read 3e5315bd-a0f6-48ad-8d73-6ae15bd11110 (length 34406 - align length 291) has no trained error model
[2025-07-09 17:02:10.649] [jointLog] [warning] read 3e5315bd-a0f6-48ad-8d73-6ae15bd11110 (length 34406) has no trained clipping model
[2025-07-09 17:02:10.649] [jointLog] [warning] read 3e5315bd-a0f6-48ad-8d73-6ae15bd11110 (length 34406) has no trained clipping model
[2025-07-09 17:02:10.650] [jointLog] [warning] read fe453e8e-4ca4-410e-b51a-5dd98620e46f (length 13471 - align length 13164) has no trained error model
[2025-07-09 17:02:10.650] [jointLog] [warning] read fe453e8e-4ca4-410e-b51a-5dd98620e46f (length 13471) has no trained clipping model
[2025-07-09 17:02:10.650] [jointLog] [warning] read fe453e8e-4ca4-410e-b51a-5dd98620e46f (length 13471) has no trained clipping model
[2025-07-09 17:02:10.650] [jointLog] [warning] read 8f52f0b5-07a1-4457-8ade-1d5ec40aea10 (length 38906 - align length 950) has no trained error model
[2025-07-09 17:02:10.650] [jointLog] [warning] read 8f52f0b5-07a1-4457-8ade-1d5ec40aea10 (length 38906) has no trained clipping model
[2025-07-09 17:02:10.650] [jointLog] [warning] read 8f52f0b5-07a1-4457-8ade-1d5ec40aea10 (length 38906) has no trained clipping model
[2025-07-09 17:02:10.650] [jointLog] [warning] read 920540a7-bf3b-4a32-85d0-46a0db242bda (length 22466 - align length 48) has no trained error model
[2025-07-09 17:02:10.650] [jointLog] [warning] read 920540a7-bf3b-4a32-85d0-46a0db242bda (length 22466) has no trained clipping model
[2025-07-09 17:02:10.650] [jointLog] [warning] read 920540a7-bf3b-4a32-85d0-46a0db242bda (length 22466) has no trained clipping model
[2025-07-09 17:02:10.650] [jointLog] [warning] read 1d637d01-af30-49dc-bae0-3bcab206e62d (length 35918 - align length 118) has no trained error model
[2025-07-09 17:02:10.650] [jointLog] [warning] read 1d637d01-af30-49dc-bae0-3bcab206e62d (length 35918) has no trained clipping model
[2025-07-09 17:02:10.650] [jointLog] [warning] read 1d637d01-af30-49dc-bae0-3bcab206e62d (length 35918) has no trained clipping model
[2025-07-09 17:02:10.650] [jointLog] [warning] read f6303ccb-4266-4f78-b261-593fc27bc24c (length 37514 - align length 877) has no trained error model
[2025-07-09 17:02:10.650] [jointLog] [warning] read f6303ccb-4266-4f78-b261-593fc27bc24c (length 37514) has no trained clipping model
[2025-07-09 17:02:10.650] [jointLog] [warning] read f6303ccb-4266-4f78-b261-593fc27bc24c (length 37514) has no trained clipping model
[2025-07-09 17:02:10.650] [jointLog] [warning] read 7dfd96aa-241f-4f84-aa2a-d57c6881e26a (length 15987) has no trained clipping model
[2025-07-09 17:02:10.650] [jointLog] [warning] read 32b1b6c5-27d1-41c9-aac3-47fb1501ad7a (length 41952 - align length 1507) has no trained error model
[2025-07-09 17:02:10.650] [jointLog] [warning] read 32b1b6c5-27d1-41c9-aac3-47fb1501ad7a (length 41952) has no trained clipping model
[2025-07-09 17:02:10.650] [jointLog] [warning] read 32b1b6c5-27d1-41c9-aac3-47fb1501ad7a (length 41952) has no trained clipping model
[2025-07-09 17:02:10.650] [jointLog] [warning] read 4762d41e-d311-4e75-a897-c4bcd2b91265 (length 17390 - align length 88) has no trained error model
[2025-07-09 17:02:10.650] [jointLog] [warning] read 4762d41e-d311-4e75-a897-c4bcd2b91265 (length 17390) has no trained clipping model
[2025-07-09 17:02:10.650] [jointLog] [warning] read 4762d41e-d311-4e75-a897-c4bcd2b91265 (length 17390) has no trained clipping model
[2025-07-09 17:02:10.650] [jointLog] [warning] read 91c3502f-36d8-4931-8f7d-9df25e5058e5 (length 39159 - align length 812) has no trained error model
[2025-07-09 17:02:10.650] [jointLog] [warning] read 91c3502f-36d8-4931-8f7d-9df25e5058e5 (length 39159) has no trained clipping model
[2025-07-09 17:02:10.650] [jointLog] [warning] read 91c3502f-36d8-4931-8f7d-9df25e5058e5 (length 39159) has no trained clipping model
[2025-07-09 17:02:10.651] [jointLog] [warning] read 32035cf9-5d9e-498a-a630-5ee1d3c5301f (length 25433 - align length 5793) has no trained error model
[2025-07-09 17:02:10.651] [jointLog] [warning] read 32035cf9-5d9e-498a-a630-5ee1d3c5301f (length 25433) has no trained clipping model
[2025-07-09 17:02:10.651] [jointLog] [warning] read 32035cf9-5d9e-498a-a630-5ee1d3c5301f (length 25433) has no trained clipping model
[2025-07-09 17:02:10.651] [jointLog] [warning] read e6f6d608-7293-4bd7-92f2-596ceda49131 (length 18210 - align length 317) has no trained error model
[2025-07-09 17:02:10.651] [jointLog] [warning] read e6f6d608-7293-4bd7-92f2-596ceda49131 (length 18210) has no trained clipping model
[2025-07-09 17:02:10.651] [jointLog] [warning] read e6f6d608-7293-4bd7-92f2-596ceda49131 (length 18210) has no trained clipping model
[2025-07-09 17:02:10.651] [jointLog] [warning] read 9d0bee88-b316-4b16-bbe5-4856788c19fb (length 27877 - align length 596) has no trained error model
[2025-07-09 17:02:10.651] [jointLog] [warning] read 9d0bee88-b316-4b16-bbe5-4856788c19fb (length 27877) has no trained clipping model
[2025-07-09 17:02:10.651] [jointLog] [warning] read 9d0bee88-b316-4b16-bbe5-4856788c19fb (length 27877) has no trained clipping model
[2025-07-09 17:02:10.651] [jointLog] [warning] read 3268b9be-02a3-4b12-8a91-15cd65b024df (length 15766 - align length 15755) has no trained error model
[2025-07-09 17:02:10.651] [jointLog] [warning] read 3268b9be-02a3-4b12-8a91-15cd65b024df (length 15766) has no trained clipping model
[2025-07-09 17:02:10.651] [jointLog] [warning] read 3268b9be-02a3-4b12-8a91-15cd65b024df (length 15766) has no trained clipping model
[2025-07-09 17:02:10.652] [jointLog] [warning] read 8b7b94a8-374a-4cc8-a076-0630be299c76 (length 39345 - align length 396) has no trained error model
[2025-07-09 17:02:10.652] [jointLog] [warning] read 8b7b94a8-374a-4cc8-a076-0630be299c76 (length 39345) has no trained clipping model
[2025-07-09 17:02:10.652] [jointLog] [warning] read 8b7b94a8-374a-4cc8-a076-0630be299c76 (length 39345) has no trained clipping model
[2025-07-09 17:02:10.652] [jointLog] [warning] read a62e9357-a8a7-471b-902f-f8ee3196be77 (length 30390 - align length 1463) has no trained error model
[2025-07-09 17:02:10.652] [jointLog] [warning] read a62e9357-a8a7-471b-902f-f8ee3196be77 (length 30390) has no trained clipping model
[2025-07-09 17:02:10.652] [jointLog] [warning] read a62e9357-a8a7-471b-902f-f8ee3196be77 (length 30390) has no trained clipping model
[2025-07-09 17:02:10.652] [jointLog] [warning] read e66d3109-10d8-4c58-8c0f-64a6f8c63876 (length 32495 - align length 313) has no trained error model
[2025-07-09 17:02:10.652] [jointLog] [warning] read e66d3109-10d8-4c58-8c0f-64a6f8c63876 (length 32495) has no trained clipping model
[2025-07-09 17:02:10.652] [jointLog] [warning] read e66d3109-10d8-4c58-8c0f-64a6f8c63876 (length 32495) has no trained clipping model
[2025-07-09 17:02:10.652] [jointLog] [warning] read 583a8b6f-43c7-49fc-9f02-64f64e09c73c (length 27794 - align length 733) has no trained error model
[2025-07-09 17:02:10.652] [jointLog] [warning] read 583a8b6f-43c7-49fc-9f02-64f64e09c73c (length 27794) has no trained clipping model
[2025-07-09 17:02:10.652] [jointLog] [warning] read 583a8b6f-43c7-49fc-9f02-64f64e09c73c (length 27794) has no trained clipping model
[2025-07-09 17:02:10.652] [jointLog] [warning] read 842c8c12-0856-4caf-9947-e11afdb96506 (length 25543 - align length 60) has no trained error model
[2025-07-09 17:02:10.652] [jointLog] [warning] read 842c8c12-0856-4caf-9947-e11afdb96506 (length 25543) has no trained clipping model
[2025-07-09 17:02:10.652] [jointLog] [warning] read 842c8c12-0856-4caf-9947-e11afdb96506 (length 25543) has no trained clipping model
[2025-07-09 17:02:10.652] [jointLog] [warning] read e50f301a-00e1-4575-8783-d1be01683960 (length 48928 - align length 2011) has no trained error model
[2025-07-09 17:02:10.652] [jointLog] [warning] read e50f301a-00e1-4575-8783-d1be01683960 (length 48928) has no trained clipping model
[2025-07-09 17:02:10.652] [jointLog] [warning] read e50f301a-00e1-4575-8783-d1be01683960 (length 48928) has no trained clipping model
[2025-07-09 17:02:10.652] [jointLog] [warning] read 16d2ab56-c17f-4685-a451-2f757847f99f (length 46896 - align length 488) has no trained error model
[2025-07-09 17:02:10.652] [jointLog] [warning] read 16d2ab56-c17f-4685-a451-2f757847f99f (length 46896) has no trained clipping model
[2025-07-09 17:02:10.652] [jointLog] [warning] read 16d2ab56-c17f-4685-a451-2f757847f99f (length 46896) has no trained clipping model
[2025-07-09 17:02:10.652] [jointLog] [warning] read 194a84af-fe29-45ba-bdd7-2d1f1e0258e1 (length 46426 - align length 107) has no trained error model
[2025-07-09 17:02:10.652] [jointLog] [warning] read 194a84af-fe29-45ba-bdd7-2d1f1e0258e1 (length 46426) has no trained clipping model
[2025-07-09 17:02:10.652] [jointLog] [warning] read 194a84af-fe29-45ba-bdd7-2d1f1e0258e1 (length 46426) has no trained clipping model
[2025-07-09 17:02:10.652] [jointLog] [warning] read 308bcf1d-42f0-46d0-ad38-ac272c8f1f0f (length 20830) has no trained clipping model
[2025-07-09 17:02:10.653] [jointLog] [warning] read a59ae923-1034-476d-b708-dd34e4a5ed72 (length 49767 - align length 307) has no trained error model
[2025-07-09 17:02:10.653] [jointLog] [warning] read a59ae923-1034-476d-b708-dd34e4a5ed72 (length 49767) has no trained clipping model
[2025-07-09 17:02:10.653] [jointLog] [warning] read a59ae923-1034-476d-b708-dd34e4a5ed72 (length 49767) has no trained clipping model
[2025-07-09 17:02:10.653] [jointLog] [warning] read df46016f-6d73-43ba-848e-7debd6f65fa5 (length 33733 - align length 1816) has no trained error model
[2025-07-09 17:02:10.653] [jointLog] [warning] read df46016f-6d73-43ba-848e-7debd6f65fa5 (length 33733) has no trained clipping model
[2025-07-09 17:02:10.653] [jointLog] [warning] read df46016f-6d73-43ba-848e-7debd6f65fa5 (length 33733) has no trained clipping model
[2025-07-09 17:02:10.653] [jointLog] [warning] read 5327afb4-6715-4cbe-8a5c-b5e2ea2e8c43 (length 25409 - align length 366) has no trained error model
[2025-07-09 17:02:10.653] [jointLog] [warning] read 5327afb4-6715-4cbe-8a5c-b5e2ea2e8c43 (length 25409) has no trained clipping model
[2025-07-09 17:02:10.653] [jointLog] [warning] read 5327afb4-6715-4cbe-8a5c-b5e2ea2e8c43 (length 25409) has no trained clipping model
[2025-07-09 17:02:10.653] [jointLog] [warning] read 82deb4ec-0042-4ab5-ae9e-e8a9d499f3db (length 22918 - align length 1612) has no trained error model
[2025-07-09 17:02:10.653] [jointLog] [warning] read 82deb4ec-0042-4ab5-ae9e-e8a9d499f3db (length 22918) has no trained clipping model
[2025-07-09 17:02:10.653] [jointLog] [warning] read 82deb4ec-0042-4ab5-ae9e-e8a9d499f3db (length 22918) has no trained clipping model
[2025-07-09 17:02:10.653] [jointLog] [warning] read 2a1956c0-42f3-459d-8628-bd8017670f32 (length 25459 - align length 288) has no trained error model
[2025-07-09 17:02:10.653] [jointLog] [warning] read 2a1956c0-42f3-459d-8628-bd8017670f32 (length 25459) has no trained clipping model
[2025-07-09 17:02:10.653] [jointLog] [warning] read 2a1956c0-42f3-459d-8628-bd8017670f32 (length 25459) has no trained clipping model
[2025-07-09 17:02:10.653] [jointLog] [warning] read f506b1f5-8d8d-478e-9e09-4e24d2943698 (length 14086 - align length 73) has no trained error model
[2025-07-09 17:02:10.653] [jointLog] [warning] read f506b1f5-8d8d-478e-9e09-4e24d2943698 (length 14086) has no trained clipping model
[2025-07-09 17:02:10.653] [jointLog] [warning] read f506b1f5-8d8d-478e-9e09-4e24d2943698 (length 14086) has no trained clipping model
[2025-07-09 17:02:10.653] [jointLog] [warning] read 47b6cb87-8fdb-4962-876f-21b054113018 (length 42134 - align length 1276) has no trained error model
[2025-07-09 17:02:10.653] [jointLog] [warning] read 47b6cb87-8fdb-4962-876f-21b054113018 (length 42134) has no trained clipping model
[2025-07-09 17:02:10.653] [jointLog] [warning] read 47b6cb87-8fdb-4962-876f-21b054113018 (length 42134) has no trained clipping model
[2025-07-09 17:02:10.653] [jointLog] [warning] read 4457e22b-6306-4180-82f3-2c91a84c8a8a (length 21226 - align length 997) has no trained error model
[2025-07-09 17:02:10.653] [jointLog] [warning] read 4457e22b-6306-4180-82f3-2c91a84c8a8a (length 21226) has no trained clipping model
[2025-07-09 17:02:10.653] [jointLog] [warning] read 4457e22b-6306-4180-82f3-2c91a84c8a8a (length 21226) has no trained clipping model
[2025-07-09 17:02:10.653] [jointLog] [warning] read 41225bf6-fef0-4d29-92d4-8c4b7625f5bb (length 24772 - align length 564) has no trained error model
[2025-07-09 17:02:10.653] [jointLog] [warning] read 41225bf6-fef0-4d29-92d4-8c4b7625f5bb (length 24772) has no trained clipping model
[2025-07-09 17:02:10.653] [jointLog] [warning] read 41225bf6-fef0-4d29-92d4-8c4b7625f5bb (length 24772) has no trained clipping model
[2025-07-09 17:02:10.653] [jointLog] [warning] read 3affb274-7199-410a-8ff5-d92fcadf473f (length 14210) has no trained clipping model
[2025-07-09 17:02:10.653] [jointLog] [warning] read 18aad191-80a8-48dc-b5fc-a9c0be26c78f (length 15460) has no trained clipping model
[2025-07-09 17:02:10.653] [jointLog] [warning] read e95dedad-8d85-4ca2-b352-63a930d8b8f4 (length 29936 - align length 551) has no trained error model
[2025-07-09 17:02:10.653] [jointLog] [warning] read e95dedad-8d85-4ca2-b352-63a930d8b8f4 (length 29936) has no trained clipping model
[2025-07-09 17:02:10.653] [jointLog] [warning] read e95dedad-8d85-4ca2-b352-63a930d8b8f4 (length 29936) has no trained clipping model
[2025-07-09 17:02:10.654] [jointLog] [warning] read 683e2e6a-b760-46d3-a36d-7b63516267e7 (length 14211) has no trained clipping model
[2025-07-09 17:02:10.654] [jointLog] [warning] read d5319ff5-39fe-41a7-a399-442c32a0d474 (length 42273 - align length 1937) has no trained error model
[2025-07-09 17:02:10.654] [jointLog] [warning] read d5319ff5-39fe-41a7-a399-442c32a0d474 (length 42273) has no trained clipping model
[2025-07-09 17:02:10.654] [jointLog] [warning] read d5319ff5-39fe-41a7-a399-442c32a0d474 (length 42273) has no trained clipping model
[2025-07-09 17:02:10.654] [jointLog] [warning] read 15e3256a-d51e-4e9d-bf2e-8292ee423d2b (length 30133) has no trained clipping model
[2025-07-09 17:02:10.655] [jointLog] [warning] read 182db28a-5478-49b3-9b65-3295ac50d372 (length 27871 - align length 1100) has no trained error model
[2025-07-09 17:02:10.655] [jointLog] [warning] read 182db28a-5478-49b3-9b65-3295ac50d372 (length 27871) has no trained clipping model
[2025-07-09 17:02:10.655] [jointLog] [warning] read 182db28a-5478-49b3-9b65-3295ac50d372 (length 27871) has no trained clipping model
[2025-07-09 17:02:10.655] [jointLog] [warning] read b83a395e-2ff9-4552-a461-80a180aa8957 (length 23984) has no trained clipping model
[2025-07-09 17:02:10.655] [jointLog] [warning] read 8b2b818d-9e13-4e00-b969-02bc1cfdafd8 (length 20700 - align length 389) has no trained error model
[2025-07-09 17:02:10.655] [jointLog] [warning] read 8b2b818d-9e13-4e00-b969-02bc1cfdafd8 (length 20700) has no trained clipping model
[2025-07-09 17:02:10.655] [jointLog] [warning] read 8b2b818d-9e13-4e00-b969-02bc1cfdafd8 (length 20700) has no trained clipping model
[2025-07-09 17:02:10.655] [jointLog] [warning] read 99218a4c-e8df-4c4d-87d7-78cfe3ef4dc5 (length 16470) has no trained clipping model
[2025-07-09 17:02:10.655] [jointLog] [warning] read f5f253bd-dce4-4e45-b644-7f9d1c1d7859 (length 17316 - align length 923) has no trained error model
[2025-07-09 17:02:10.655] [jointLog] [warning] read f5f253bd-dce4-4e45-b644-7f9d1c1d7859 (length 17316) has no trained clipping model
[2025-07-09 17:02:10.655] [jointLog] [warning] read f5f253bd-dce4-4e45-b644-7f9d1c1d7859 (length 17316) has no trained clipping model
[2025-07-09 17:02:10.655] [jointLog] [warning] read b6b49697-7d2c-4cf5-9054-f04ea2fcaa15 (length 20529 - align length 306) has no trained error model
[2025-07-09 17:02:10.655] [jointLog] [warning] read b6b49697-7d2c-4cf5-9054-f04ea2fcaa15 (length 20529) has no trained clipping model
[2025-07-09 17:02:10.655] [jointLog] [warning] read b6b49697-7d2c-4cf5-9054-f04ea2fcaa15 (length 20529) has no trained clipping model
[2025-07-09 17:02:10.655] [jointLog] [warning] read 8aae0537-8a18-4a18-a9ee-3ad1e80c18e8 (length 37327 - align length 983) has no trained error model
[2025-07-09 17:02:10.655] [jointLog] [warning] read 8aae0537-8a18-4a18-a9ee-3ad1e80c18e8 (length 37327) has no trained clipping model
[2025-07-09 17:02:10.655] [jointLog] [warning] read 8aae0537-8a18-4a18-a9ee-3ad1e80c18e8 (length 37327) has no trained clipping model
[2025-07-09 17:02:10.655] [jointLog] [warning] read db8eb536-a560-482d-ab23-0566aef80da5 (length 42213 - align length 1249) has no trained error model
[2025-07-09 17:02:10.655] [jointLog] [warning] read db8eb536-a560-482d-ab23-0566aef80da5 (length 42213) has no trained clipping model
[2025-07-09 17:02:10.655] [jointLog] [warning] read db8eb536-a560-482d-ab23-0566aef80da5 (length 42213) has no trained clipping model
[2025-07-09 17:02:10.655] [jointLog] [warning] read 95841310-1589-4f16-970b-0ab8ebecd6e0 (length 15078 - align length 795) has no trained error model
[2025-07-09 17:02:10.655] [jointLog] [warning] read 95841310-1589-4f16-970b-0ab8ebecd6e0 (length 15078) has no trained clipping model
[2025-07-09 17:02:10.655] [jointLog] [warning] read 95841310-1589-4f16-970b-0ab8ebecd6e0 (length 15078) has no trained clipping model
[2025-07-09 17:02:10.655] [jointLog] [warning] read 04a992e0-9fdb-42aa-8030-40f35ffe3b7c (length 44151 - align length 282) has no trained error model
[2025-07-09 17:02:10.655] [jointLog] [warning] read 04a992e0-9fdb-42aa-8030-40f35ffe3b7c (length 44151) has no trained clipping model
[2025-07-09 17:02:10.655] [jointLog] [warning] read 04a992e0-9fdb-42aa-8030-40f35ffe3b7c (length 44151) has no trained clipping model
[2025-07-09 17:02:10.655] [jointLog] [warning] read e531d8bd-7405-4bee-bad7-b619e2bb2c57 (length 15719 - align length 15672) has no trained error model
[2025-07-09 17:02:10.655] [jointLog] [warning] read e531d8bd-7405-4bee-bad7-b619e2bb2c57 (length 15719) has no trained clipping model
[2025-07-09 17:02:10.655] [jointLog] [warning] read e531d8bd-7405-4bee-bad7-b619e2bb2c57 (length 15719) has no trained clipping model
[2025-07-09 17:02:10.656] [jointLog] [warning] read e0f3e932-29a5-4a04-ab7c-235d4d312562 (length 15905) has no trained clipping model
[2025-07-09 17:02:10.656] [jointLog] [warning] read 19cc48c3-0f40-4dca-871c-4a166eb444af (length 31297 - align length 1196) has no trained error model
[2025-07-09 17:02:10.656] [jointLog] [warning] read 19cc48c3-0f40-4dca-871c-4a166eb444af (length 31297) has no trained clipping model
[2025-07-09 17:02:10.656] [jointLog] [warning] read 19cc48c3-0f40-4dca-871c-4a166eb444af (length 31297) has no trained clipping model
[2025-07-09 17:02:10.656] [jointLog] [warning] read 24f5822b-057f-4dd7-aca3-80bdb865f30a (length 29168 - align length 1330) has no trained error model
[2025-07-09 17:02:10.656] [jointLog] [warning] read 24f5822b-057f-4dd7-aca3-80bdb865f30a (length 29168) has no trained clipping model
[2025-07-09 17:02:10.656] [jointLog] [warning] read 24f5822b-057f-4dd7-aca3-80bdb865f30a (length 29168) has no trained clipping model
[2025-07-09 17:02:10.656] [jointLog] [warning] read a510bb81-ceb1-489e-80c8-23fee7bf6193 (length 16677) has no trained clipping model
[2025-07-09 17:02:10.656] [jointLog] [warning] read c7beef97-34ab-4bd6-a782-f2305e7b3eff (length 35392 - align length 288) has no trained error model
[2025-07-09 17:02:10.656] [jointLog] [warning] read c7beef97-34ab-4bd6-a782-f2305e7b3eff (length 35392) has no trained clipping model
[2025-07-09 17:02:10.656] [jointLog] [warning] read c7beef97-34ab-4bd6-a782-f2305e7b3eff (length 35392) has no trained clipping model
[2025-07-09 17:02:10.656] [jointLog] [warning] read 554c54a6-4179-42eb-85c9-3a22236c97ce (length 15905) has no trained clipping model
[2025-07-09 17:02:10.656] [jointLog] [warning] read eab1593c-60c5-4184-88db-7c9bfbc699af (length 37592 - align length 932) has no trained error model
[2025-07-09 17:02:10.656] [jointLog] [warning] read eab1593c-60c5-4184-88db-7c9bfbc699af (length 37592) has no trained clipping model
[2025-07-09 17:02:10.656] [jointLog] [warning] read eab1593c-60c5-4184-88db-7c9bfbc699af (length 37592) has no trained clipping model
[2025-07-09 17:02:10.656] [jointLog] [warning] read 091f23a8-1cd8-46f2-9d83-b97b4d14a05a (length 31863) has no trained clipping model
[2025-07-09 17:02:10.656] [jointLog] [warning] read d13b9f6e-e539-4d32-8b83-d6499c4be8ca (length 36780 - align length 140) has no trained error model
[2025-07-09 17:02:10.656] [jointLog] [warning] read d13b9f6e-e539-4d32-8b83-d6499c4be8ca (length 36780) has no trained clipping model
[2025-07-09 17:02:10.656] [jointLog] [warning] read d13b9f6e-e539-4d32-8b83-d6499c4be8ca (length 36780) has no trained clipping model
[2025-07-09 17:02:10.657] [jointLog] [warning] read d996239c-0af6-4923-bcd2-9f987a4f0d09 (length 30750 - align length 2731) has no trained error model
[2025-07-09 17:02:10.657] [jointLog] [warning] read d996239c-0af6-4923-bcd2-9f987a4f0d09 (length 30750) has no trained clipping model
[2025-07-09 17:02:10.657] [jointLog] [warning] read d996239c-0af6-4923-bcd2-9f987a4f0d09 (length 30750) has no trained clipping model
[2025-07-09 17:02:10.657] [jointLog] [warning] read 146f7a76-579a-47e1-b0fc-6f4ad4770d55 (length 32428 - align length 950) has no trained error model
[2025-07-09 17:02:10.657] [jointLog] [warning] read 146f7a76-579a-47e1-b0fc-6f4ad4770d55 (length 32428) has no trained clipping model
[2025-07-09 17:02:10.657] [jointLog] [warning] read 146f7a76-579a-47e1-b0fc-6f4ad4770d55 (length 32428) has no trained clipping model
[2025-07-09 17:02:10.657] [jointLog] [warning] read 81f3f7e8-7693-4796-aadc-41b9a8ce29dd (length 40711 - align length 3746) has no trained error model
[2025-07-09 17:02:10.657] [jointLog] [warning] read 81f3f7e8-7693-4796-aadc-41b9a8ce29dd (length 40711) has no trained clipping model
[2025-07-09 17:02:10.657] [jointLog] [warning] read 81f3f7e8-7693-4796-aadc-41b9a8ce29dd (length 40711) has no trained clipping model
[2025-07-09 17:02:10.657] [jointLog] [warning] read ec0d8a32-d24b-4384-9871-9dbd0d86dfdd (length 48145 - align length 87) has no trained error model
[2025-07-09 17:02:10.657] [jointLog] [warning] read ec0d8a32-d24b-4384-9871-9dbd0d86dfdd (length 48145) has no trained clipping model
[2025-07-09 17:02:10.657] [jointLog] [warning] read ec0d8a32-d24b-4384-9871-9dbd0d86dfdd (length 48145) has no trained clipping model
[2025-07-09 17:02:10.657] [jointLog] [warning] read 1db7e737-ae00-4551-9bf3-59a782486503 (length 24291 - align length 1246) has no trained error model
[2025-07-09 17:02:10.657] [jointLog] [warning] read 1db7e737-ae00-4551-9bf3-59a782486503 (length 24291) has no trained clipping model
[2025-07-09 17:02:10.657] [jointLog] [warning] read 1db7e737-ae00-4551-9bf3-59a782486503 (length 24291) has no trained clipping model
[2025-07-09 17:02:10.658] [jointLog] [warning] read e04feac9-8546-45c4-ad52-db800a6b4f6a (length 16258 - align length 1007) has no trained error model
[2025-07-09 17:02:10.658] [jointLog] [warning] read e04feac9-8546-45c4-ad52-db800a6b4f6a (length 16258) has no trained clipping model
[2025-07-09 17:02:10.658] [jointLog] [warning] read e04feac9-8546-45c4-ad52-db800a6b4f6a (length 16258) has no trained clipping model
[2025-07-09 17:02:10.658] [jointLog] [warning] read 7544d297-3417-4b41-bac3-f895d533f0ef (length 38195 - align length 460) has no trained error model
[2025-07-09 17:02:10.658] [jointLog] [warning] read 7544d297-3417-4b41-bac3-f895d533f0ef (length 38195) has no trained clipping model
[2025-07-09 17:02:10.658] [jointLog] [warning] read 7544d297-3417-4b41-bac3-f895d533f0ef (length 38195) has no trained clipping model
[2025-07-09 17:02:10.658] [jointLog] [warning] read 349d117b-4f91-48f7-a388-1f5e5bec70c7 (length 27344 - align length 2635) has no trained error model
[2025-07-09 17:02:10.658] [jointLog] [warning] read 349d117b-4f91-48f7-a388-1f5e5bec70c7 (length 27344) has no trained clipping model
[2025-07-09 17:02:10.658] [jointLog] [warning] read 349d117b-4f91-48f7-a388-1f5e5bec70c7 (length 27344) has no trained clipping model
[2025-07-09 17:02:10.658] [jointLog] [warning] read 98caada4-3de3-4d20-93b9-e8099989143f (length 34446 - align length 2042) has no trained error model
[2025-07-09 17:02:10.658] [jointLog] [warning] read 98caada4-3de3-4d20-93b9-e8099989143f (length 34446) has no trained clipping model
[2025-07-09 17:02:10.658] [jointLog] [warning] read 98caada4-3de3-4d20-93b9-e8099989143f (length 34446) has no trained clipping model
[2025-07-09 17:02:10.658] [jointLog] [warning] read b77b1b24-d108-4d07-b551-b61abaa93e76 (length 48867 - align length 2269) has no trained error model
[2025-07-09 17:02:10.658] [jointLog] [warning] read b77b1b24-d108-4d07-b551-b61abaa93e76 (length 48867) has no trained clipping model
[2025-07-09 17:02:10.658] [jointLog] [warning] read b77b1b24-d108-4d07-b551-b61abaa93e76 (length 48867) has no trained clipping model
[2025-07-09 17:02:10.658] [jointLog] [warning] read 2c814b27-ee51-4490-b760-7ab41b039fb1 (length 23307 - align length 3465) has no trained error model
[2025-07-09 17:02:10.658] [jointLog] [warning] read 2c814b27-ee51-4490-b760-7ab41b039fb1 (length 23307) has no trained clipping model
[2025-07-09 17:02:10.658] [jointLog] [warning] read 2c814b27-ee51-4490-b760-7ab41b039fb1 (length 23307) has no trained clipping model
[2025-07-09 17:02:10.658] [jointLog] [warning] read c47542cb-f70b-4691-b6ef-5b1bc74bf063 (length 34342 - align length 265) has no trained error model
[2025-07-09 17:02:10.658] [jointLog] [warning] read c47542cb-f70b-4691-b6ef-5b1bc74bf063 (length 34342) has no trained clipping model
[2025-07-09 17:02:10.658] [jointLog] [warning] read c47542cb-f70b-4691-b6ef-5b1bc74bf063 (length 34342) has no trained clipping model
[2025-07-09 17:02:10.658] [jointLog] [warning] read 1fcecb42-116b-4405-8ed0-cbd38fff6724 (length 45873 - align length 463) has no trained error model
[2025-07-09 17:02:10.658] [jointLog] [warning] read 1fcecb42-116b-4405-8ed0-cbd38fff6724 (length 45873) has no trained clipping model
[2025-07-09 17:02:10.658] [jointLog] [warning] read 1fcecb42-116b-4405-8ed0-cbd38fff6724 (length 45873) has no trained clipping model
[2025-07-09 17:02:10.659] [jointLog] [warning] read d12bb4ae-9b9e-4d85-9333-a0fa5c97dce2 (length 17400 - align length 2564) has no trained error model
[2025-07-09 17:02:10.659] [jointLog] [warning] read d12bb4ae-9b9e-4d85-9333-a0fa5c97dce2 (length 17400) has no trained clipping model
[2025-07-09 17:02:10.659] [jointLog] [warning] read d12bb4ae-9b9e-4d85-9333-a0fa5c97dce2 (length 17400) has no trained clipping model
[2025-07-09 17:02:10.659] [jointLog] [warning] read 57f25a6d-c696-4c83-b60d-7587ff759136 (length 42787 - align length 532) has no trained error model
[2025-07-09 17:02:10.659] [jointLog] [warning] read 57f25a6d-c696-4c83-b60d-7587ff759136 (length 42787) has no trained clipping model
[2025-07-09 17:02:10.659] [jointLog] [warning] read 57f25a6d-c696-4c83-b60d-7587ff759136 (length 42787) has no trained clipping model
[2025-07-09 17:02:10.659] [jointLog] [warning] read c0ed6e3c-d942-4539-b286-ba1e499cf3f6 (length 13397 - align length 13343) has no trained error model
[2025-07-09 17:02:10.659] [jointLog] [warning] read d35281be-8779-4139-a054-1cd461c7a110 (length 13341 - align length 13326) has no trained error model
[2025-07-09 17:02:10.659] [jointLog] [warning] read 9c0dd07f-c3e1-48eb-a747-6c39a9f3e331 (length 24245 - align length 976) has no trained error model
[2025-07-09 17:02:10.659] [jointLog] [warning] read 9c0dd07f-c3e1-48eb-a747-6c39a9f3e331 (length 24245) has no trained clipping model
[2025-07-09 17:02:10.659] [jointLog] [warning] read 9c0dd07f-c3e1-48eb-a747-6c39a9f3e331 (length 24245) has no trained clipping model
[2025-07-09 17:02:10.659] [jointLog] [warning] read 981cf4ee-f5f1-4577-b6c6-94fc867d117a (length 23125 - align length 361) has no trained error model
[2025-07-09 17:02:10.659] [jointLog] [warning] read 981cf4ee-f5f1-4577-b6c6-94fc867d117a (length 23125) has no trained clipping model
[2025-07-09 17:02:10.659] [jointLog] [warning] read 981cf4ee-f5f1-4577-b6c6-94fc867d117a (length 23125) has no trained clipping model
[2025-07-09 17:02:10.660] [jointLog] [warning] read 13038b05-825b-46b4-b513-f4d6cac3d951 (length 43310 - align length 573) has no trained error model
[2025-07-09 17:02:10.660] [jointLog] [warning] read 13038b05-825b-46b4-b513-f4d6cac3d951 (length 43310) has no trained clipping model
[2025-07-09 17:02:10.660] [jointLog] [warning] read 13038b05-825b-46b4-b513-f4d6cac3d951 (length 43310) has no trained clipping model
[2025-07-09 17:02:10.660] [jointLog] [warning] read 8a795f95-24da-4992-9eea-077c02b9da41 (length 40008 - align length 1722) has no trained error model
[2025-07-09 17:02:10.660] [jointLog] [warning] read 8a795f95-24da-4992-9eea-077c02b9da41 (length 40008) has no trained clipping model
[2025-07-09 17:02:10.660] [jointLog] [warning] read 8a795f95-24da-4992-9eea-077c02b9da41 (length 40008) has no trained clipping model
[2025-07-09 17:02:10.660] [jointLog] [warning] read a1f4afed-1cd7-40c0-aad3-9eaa08d8e4e1 (length 15062 - align length 2167) has no trained error model
[2025-07-09 17:02:10.660] [jointLog] [warning] read a1f4afed-1cd7-40c0-aad3-9eaa08d8e4e1 (length 15062) has no trained clipping model
[2025-07-09 17:02:10.660] [jointLog] [warning] read a1f4afed-1cd7-40c0-aad3-9eaa08d8e4e1 (length 15062) has no trained clipping model
[2025-07-09 17:02:10.660] [jointLog] [warning] read 03313fca-a5f8-431c-aa99-0bcc489df4df (length 23460 - align length 4306) has no trained error model
[2025-07-09 17:02:10.660] [jointLog] [warning] read 03313fca-a5f8-431c-aa99-0bcc489df4df (length 23460) has no trained clipping model
[2025-07-09 17:02:10.660] [jointLog] [warning] read 03313fca-a5f8-431c-aa99-0bcc489df4df (length 23460) has no trained clipping model
[2025-07-09 17:02:10.660] [jointLog] [warning] read 235f30c4-5828-45b2-9e69-49d3335c0812 (length 12966 - align length 12930) has no trained error model
[2025-07-09 17:02:10.660] [jointLog] [warning] read 842bf983-b86c-4f56-8343-ef1f7c8f2d58 (length 25957 - align length 79) has no trained error model
[2025-07-09 17:02:10.660] [jointLog] [warning] read 842bf983-b86c-4f56-8343-ef1f7c8f2d58 (length 25957) has no trained clipping model
[2025-07-09 17:02:10.660] [jointLog] [warning] read 842bf983-b86c-4f56-8343-ef1f7c8f2d58 (length 25957) has no trained clipping model
[2025-07-09 17:02:10.660] [jointLog] [warning] read 242e7a6c-e3c1-4348-aeb5-30316561625e (length 25555 - align length 56) has no trained error model
[2025-07-09 17:02:10.660] [jointLog] [warning] read 242e7a6c-e3c1-4348-aeb5-30316561625e (length 25555) has no trained clipping model
[2025-07-09 17:02:10.660] [jointLog] [warning] read 242e7a6c-e3c1-4348-aeb5-30316561625e (length 25555) has no trained clipping model
[2025-07-09 17:02:10.660] [jointLog] [warning] read 8b251ee1-682b-4877-aca6-019aca8cb363 (length 19071) has no trained clipping model
[2025-07-09 17:02:10.660] [jointLog] [warning] read aff22175-19af-4681-8350-ed3a74cf1e56 (length 34373 - align length 65) has no trained error model
[2025-07-09 17:02:10.660] [jointLog] [warning] read aff22175-19af-4681-8350-ed3a74cf1e56 (length 34373) has no trained clipping model
[2025-07-09 17:02:10.660] [jointLog] [warning] read aff22175-19af-4681-8350-ed3a74cf1e56 (length 34373) has no trained clipping model
[2025-07-09 17:02:10.660] [jointLog] [warning] read d93602dc-1d76-49c2-8983-f58c3081fa4b (length 17843 - align length 2896) has no trained error model
[2025-07-09 17:02:10.660] [jointLog] [warning] read d93602dc-1d76-49c2-8983-f58c3081fa4b (length 17843) has no trained clipping model
[2025-07-09 17:02:10.660] [jointLog] [warning] read d93602dc-1d76-49c2-8983-f58c3081fa4b (length 17843) has no trained clipping model
[2025-07-09 17:02:10.660] [jointLog] [warning] read 45a28e45-80b0-4909-b983-3e3b199ff0b5 (length 25714 - align length 432) has no trained error model
[2025-07-09 17:02:10.660] [jointLog] [warning] read 45a28e45-80b0-4909-b983-3e3b199ff0b5 (length 25714) has no trained clipping model
[2025-07-09 17:02:10.660] [jointLog] [warning] read 45a28e45-80b0-4909-b983-3e3b199ff0b5 (length 25714) has no trained clipping model
[2025-07-09 17:02:10.660] [jointLog] [warning] read 49f1b5bb-5546-4ebb-813a-2b9111afa7f4 (length 23382 - align length 550) has no trained error model
[2025-07-09 17:02:10.660] [jointLog] [warning] read 49f1b5bb-5546-4ebb-813a-2b9111afa7f4 (length 23382) has no trained clipping model
[2025-07-09 17:02:10.661] [jointLog] [warning] read 49f1b5bb-5546-4ebb-813a-2b9111afa7f4 (length 23382) has no trained clipping model
[2025-07-09 17:02:10.661] [jointLog] [warning] read bb7ce375-888c-4e14-90c1-8220e3997d75 (length 48172 - align length 795) has no trained error model
[2025-07-09 17:02:10.661] [jointLog] [warning] read bb7ce375-888c-4e14-90c1-8220e3997d75 (length 48172) has no trained clipping model
[2025-07-09 17:02:10.661] [jointLog] [warning] read bb7ce375-888c-4e14-90c1-8220e3997d75 (length 48172) has no trained clipping model
[2025-07-09 17:02:10.661] [jointLog] [warning] read e302b65b-da6b-47bb-8f1a-088987d767a7 (length 27506 - align length 94) has no trained error model
[2025-07-09 17:02:10.661] [jointLog] [warning] read e302b65b-da6b-47bb-8f1a-088987d767a7 (length 27506) has no trained clipping model
[2025-07-09 17:02:10.661] [jointLog] [warning] read e302b65b-da6b-47bb-8f1a-088987d767a7 (length 27506) has no trained clipping model
[2025-07-09 17:02:10.661] [jointLog] [warning] read 8d5d10a4-bc41-4edf-ae54-27a0494b5c97 (length 17637) has no trained clipping model
[2025-07-09 17:02:10.661] [jointLog] [warning] read 59f4cc69-12e4-4029-a914-2384deaff43d (length 16624) has no trained clipping model
[2025-07-09 17:02:10.661] [jointLog] [warning] read dd2ee541-aff0-43d7-8237-efa1e385bf76 (length 32079 - align length 920) has no trained error model
[2025-07-09 17:02:10.661] [jointLog] [warning] read dd2ee541-aff0-43d7-8237-efa1e385bf76 (length 32079) has no trained clipping model
[2025-07-09 17:02:10.661] [jointLog] [warning] read dd2ee541-aff0-43d7-8237-efa1e385bf76 (length 32079) has no trained clipping model
[2025-07-09 17:02:10.661] [jointLog] [warning] read a06bbb76-4cb9-4b25-a321-a3507e2028bb (length 49375 - align length 962) has no trained error model
[2025-07-09 17:02:10.661] [jointLog] [warning] read a06bbb76-4cb9-4b25-a321-a3507e2028bb (length 49375) has no trained clipping model
[2025-07-09 17:02:10.661] [jointLog] [warning] read a06bbb76-4cb9-4b25-a321-a3507e2028bb (length 49375) has no trained clipping model
[2025-07-09 17:02:10.661] [jointLog] [warning] read fe3d965a-8528-445f-bc19-1715c55b31cd (length 39964 - align length 1465) has no trained error model
[2025-07-09 17:02:10.661] [jointLog] [warning] read fe3d965a-8528-445f-bc19-1715c55b31cd (length 39964) has no trained clipping model
[2025-07-09 17:02:10.661] [jointLog] [warning] read fe3d965a-8528-445f-bc19-1715c55b31cd (length 39964) has no trained clipping model
[2025-07-09 17:02:10.661] [jointLog] [warning] read 29e75ecf-9a65-4586-97a9-5e8c8daa883b (length 30660 - align length 4249) has no trained error model
[2025-07-09 17:02:10.661] [jointLog] [warning] read 29e75ecf-9a65-4586-97a9-5e8c8daa883b (length 30660) has no trained clipping model
[2025-07-09 17:02:10.661] [jointLog] [warning] read 29e75ecf-9a65-4586-97a9-5e8c8daa883b (length 30660) has no trained clipping model
[2025-07-09 17:02:10.661] [jointLog] [warning] read 27a2470e-5be8-48cb-83ee-a1e6efa24992 (length 14057 - align length 286) has no trained error model
[2025-07-09 17:02:10.661] [jointLog] [warning] read 27a2470e-5be8-48cb-83ee-a1e6efa24992 (length 14057) has no trained clipping model
[2025-07-09 17:02:10.661] [jointLog] [warning] read 27a2470e-5be8-48cb-83ee-a1e6efa24992 (length 14057) has no trained clipping model
[2025-07-09 17:02:10.661] [jointLog] [warning] read eef712aa-f477-48e5-a296-9dcd90cae278 (length 36209 - align length 626) has no trained error model
[2025-07-09 17:02:10.661] [jointLog] [warning] read eef712aa-f477-48e5-a296-9dcd90cae278 (length 36209) has no trained clipping model
[2025-07-09 17:02:10.661] [jointLog] [warning] read eef712aa-f477-48e5-a296-9dcd90cae278 (length 36209) has no trained clipping model
[2025-07-09 17:02:10.661] [jointLog] [warning] read f96e0eb0-b404-4eab-a547-c29d3f241261 (length 45407 - align length 651) has no trained error model
[2025-07-09 17:02:10.661] [jointLog] [warning] read f96e0eb0-b404-4eab-a547-c29d3f241261 (length 45407) has no trained clipping model
[2025-07-09 17:02:10.661] [jointLog] [warning] read f96e0eb0-b404-4eab-a547-c29d3f241261 (length 45407) has no trained clipping model
[2025-07-09 17:02:10.661] [jointLog] [warning] read be4e4bc1-010a-4325-93aa-86c1c2904d5d (length 41432 - align length 1198) has no trained error model
[2025-07-09 17:02:10.661] [jointLog] [warning] read be4e4bc1-010a-4325-93aa-86c1c2904d5d (length 41432) has no trained clipping model
[2025-07-09 17:02:10.661] [jointLog] [warning] read be4e4bc1-010a-4325-93aa-86c1c2904d5d (length 41432) has no trained clipping model
[2025-07-09 17:02:10.661] [jointLog] [warning] read 3193dfc2-8240-4cf6-8e81-04c347ab5010 (length 42722 - align length 594) has no trained error model
[2025-07-09 17:02:10.661] [jointLog] [warning] read 3193dfc2-8240-4cf6-8e81-04c347ab5010 (length 42722) has no trained clipping model
[2025-07-09 17:02:10.661] [jointLog] [warning] read 3193dfc2-8240-4cf6-8e81-04c347ab5010 (length 42722) has no trained clipping model
[2025-07-09 17:02:10.662] [jointLog] [warning] read 8f9edc2a-8c32-4056-acc7-8dd255329c9e (length 24008 - align length 295) has no trained error model
[2025-07-09 17:02:10.662] [jointLog] [warning] read 8f9edc2a-8c32-4056-acc7-8dd255329c9e (length 24008) has no trained clipping model
[2025-07-09 17:02:10.662] [jointLog] [warning] read 8f9edc2a-8c32-4056-acc7-8dd255329c9e (length 24008) has no trained clipping model
[2025-07-09 17:02:10.662] [jointLog] [warning] read 2812033c-2370-4ecb-856f-6456195aeb92 (length 22410 - align length 2712) has no trained error model
[2025-07-09 17:02:10.662] [jointLog] [warning] read 2812033c-2370-4ecb-856f-6456195aeb92 (length 22410) has no trained clipping model
[2025-07-09 17:02:10.662] [jointLog] [warning] read 2812033c-2370-4ecb-856f-6456195aeb92 (length 22410) has no trained clipping model
[2025-07-09 17:02:10.662] [jointLog] [warning] read 9121023f-1aa4-490e-bdab-f09ca23c0c7a (length 27163) has no trained clipping model
[2025-07-09 17:02:10.662] [jointLog] [warning] read 709f5b3b-8f6c-4d06-95cf-3c5b1c9fe589 (length 19480 - align length 815) has no trained error model
[2025-07-09 17:02:10.662] [jointLog] [warning] read 709f5b3b-8f6c-4d06-95cf-3c5b1c9fe589 (length 19480) has no trained clipping model
[2025-07-09 17:02:10.662] [jointLog] [warning] read 709f5b3b-8f6c-4d06-95cf-3c5b1c9fe589 (length 19480) has no trained clipping model
[2025-07-09 17:02:10.662] [jointLog] [warning] read 42d617b4-78da-4d5e-8676-a71d305583d1 (length 42248 - align length 602) has no trained error model
[2025-07-09 17:02:10.662] [jointLog] [warning] read 42d617b4-78da-4d5e-8676-a71d305583d1 (length 42248) has no trained clipping model
[2025-07-09 17:02:10.662] [jointLog] [warning] read 42d617b4-78da-4d5e-8676-a71d305583d1 (length 42248) has no trained clipping model
[2025-07-09 17:02:10.662] [jointLog] [warning] read e78ed359-5c44-4526-a79b-89baf07585b6 (length 19279 - align length 1600) has no trained error model
[2025-07-09 17:02:10.662] [jointLog] [warning] read e78ed359-5c44-4526-a79b-89baf07585b6 (length 19279) has no trained clipping model
[2025-07-09 17:02:10.662] [jointLog] [warning] read e78ed359-5c44-4526-a79b-89baf07585b6 (length 19279) has no trained clipping model
[2025-07-09 17:02:10.662] [jointLog] [warning] read 1f08b0de-8ddf-42cc-a7b3-92e3edd9c36f (length 36044 - align length 955) has no trained error model
[2025-07-09 17:02:10.662] [jointLog] [warning] read 1f08b0de-8ddf-42cc-a7b3-92e3edd9c36f (length 36044) has no trained clipping model
[2025-07-09 17:02:10.662] [jointLog] [warning] read 1f08b0de-8ddf-42cc-a7b3-92e3edd9c36f (length 36044) has no trained clipping model
[2025-07-09 17:02:10.662] [jointLog] [warning] read 02acfb21-6b98-4c4d-b6e0-2549f9807688 (length 27560 - align length 757) has no trained error model
[2025-07-09 17:02:10.662] [jointLog] [warning] read 02acfb21-6b98-4c4d-b6e0-2549f9807688 (length 27560) has no trained clipping model
[2025-07-09 17:02:10.662] [jointLog] [warning] read 02acfb21-6b98-4c4d-b6e0-2549f9807688 (length 27560) has no trained clipping model
[2025-07-09 17:02:10.662] [jointLog] [warning] read 1a9f29bc-545d-4a9a-a7ca-c8ef1103d472 (length 17393 - align length 373) has no trained error model
[2025-07-09 17:02:10.662] [jointLog] [warning] read 1a9f29bc-545d-4a9a-a7ca-c8ef1103d472 (length 17393) has no trained clipping model
[2025-07-09 17:02:10.662] [jointLog] [warning] read 1a9f29bc-545d-4a9a-a7ca-c8ef1103d472 (length 17393) has no trained clipping model
[2025-07-09 17:02:10.662] [jointLog] [warning] read e7a527b9-2873-4ddd-bee0-d36a88379dd3 (length 38701 - align length 403) has no trained error model
[2025-07-09 17:02:10.662] [jointLog] [warning] read e7a527b9-2873-4ddd-bee0-d36a88379dd3 (length 38701) has no trained clipping model
[2025-07-09 17:02:10.662] [jointLog] [warning] read e7a527b9-2873-4ddd-bee0-d36a88379dd3 (length 38701) has no trained clipping model
[2025-07-09 17:02:10.662] [jointLog] [warning] read 48e33094-6ae7-4161-b305-6852787a380a (length 15984) has no trained clipping model
[2025-07-09 17:02:10.662] [jointLog] [warning] read f7f53856-0a69-473f-b062-132816f5b32c (length 14429 - align length 329) has no trained error model
[2025-07-09 17:02:10.662] [jointLog] [warning] read f7f53856-0a69-473f-b062-132816f5b32c (length 14429) has no trained clipping model
[2025-07-09 17:02:10.662] [jointLog] [warning] read f7f53856-0a69-473f-b062-132816f5b32c (length 14429) has no trained clipping model
[2025-07-09 17:02:10.663] [jointLog] [warning] read 33618d52-8023-42cf-bcd6-0a476f15d4c8 (length 14494 - align length 263) has no trained error model
[2025-07-09 17:02:10.663] [jointLog] [warning] read 33618d52-8023-42cf-bcd6-0a476f15d4c8 (length 14494) has no trained clipping model
[2025-07-09 17:02:10.663] [jointLog] [warning] read 33618d52-8023-42cf-bcd6-0a476f15d4c8 (length 14494) has no trained clipping model
[2025-07-09 17:02:10.663] [jointLog] [warning] read 63e8dd63-1688-4a3c-b1c0-8318e9b26987 (length 34438 - align length 975) has no trained error model
[2025-07-09 17:02:10.663] [jointLog] [warning] read 63e8dd63-1688-4a3c-b1c0-8318e9b26987 (length 34438) has no trained clipping model
[2025-07-09 17:02:10.663] [jointLog] [warning] read 63e8dd63-1688-4a3c-b1c0-8318e9b26987 (length 34438) has no trained clipping model
[2025-07-09 17:02:10.663] [jointLog] [warning] read a6731d04-e11a-49e9-989d-81add8d70ae2 (length 14465 - align length 295) has no trained error model
[2025-07-09 17:02:10.663] [jointLog] [warning] read a6731d04-e11a-49e9-989d-81add8d70ae2 (length 14465) has no trained clipping model
[2025-07-09 17:02:10.663] [jointLog] [warning] read a6731d04-e11a-49e9-989d-81add8d70ae2 (length 14465) has no trained clipping model
[2025-07-09 17:02:10.663] [jointLog] [warning] read bec6d0c3-479f-40a7-bceb-340bcea6b157 (length 36189 - align length 108) has no trained error model
[2025-07-09 17:02:10.663] [jointLog] [warning] read bec6d0c3-479f-40a7-bceb-340bcea6b157 (length 36189) has no trained clipping model
[2025-07-09 17:02:10.663] [jointLog] [warning] read bec6d0c3-479f-40a7-bceb-340bcea6b157 (length 36189) has no trained clipping model
[2025-07-09 17:02:10.663] [jointLog] [warning] read 66837877-9aec-4ef7-8a12-135f27b45da7 (length 41116 - align length 456) has no trained error model
[2025-07-09 17:02:10.663] [jointLog] [warning] read 66837877-9aec-4ef7-8a12-135f27b45da7 (length 41116) has no trained clipping model
[2025-07-09 17:02:10.663] [jointLog] [warning] read 66837877-9aec-4ef7-8a12-135f27b45da7 (length 41116) has no trained clipping model
[2025-07-09 17:02:10.663] [jointLog] [warning] read e940db9b-eebe-40a3-b074-1d8008b8b73f (length 18243 - align length 1107) has no trained error model
[2025-07-09 17:02:10.663] [jointLog] [warning] read e940db9b-eebe-40a3-b074-1d8008b8b73f (length 18243) has no trained clipping model
[2025-07-09 17:02:10.663] [jointLog] [warning] read e940db9b-eebe-40a3-b074-1d8008b8b73f (length 18243) has no trained clipping model
[2025-07-09 17:02:10.663] [jointLog] [warning] read 136c185a-613d-4c56-9860-d04ae72503a7 (length 25262 - align length 838) has no trained error model
[2025-07-09 17:02:10.663] [jointLog] [warning] read 136c185a-613d-4c56-9860-d04ae72503a7 (length 25262) has no trained clipping model
[2025-07-09 17:02:10.663] [jointLog] [warning] read 136c185a-613d-4c56-9860-d04ae72503a7 (length 25262) has no trained clipping model
[2025-07-09 17:02:10.663] [jointLog] [warning] read 3963e3a3-8a52-4b2a-aebf-d65f0578f25f (length 14903 - align length 14901) has no trained error model
[2025-07-09 17:02:10.664] [jointLog] [warning] read 13995349-03e3-4cc2-98b9-4a859e1ed617 (length 30483 - align length 821) has no trained error model
[2025-07-09 17:02:10.664] [jointLog] [warning] read 13995349-03e3-4cc2-98b9-4a859e1ed617 (length 30483) has no trained clipping model
[2025-07-09 17:02:10.664] [jointLog] [warning] read 13995349-03e3-4cc2-98b9-4a859e1ed617 (length 30483) has no trained clipping model
[2025-07-09 17:02:10.664] [jointLog] [warning] read 3bba3fd3-901c-4993-9265-f1c9746e044b (length 43449 - align length 392) has no trained error model
[2025-07-09 17:02:10.664] [jointLog] [warning] read 3bba3fd3-901c-4993-9265-f1c9746e044b (length 43449) has no trained clipping model
[2025-07-09 17:02:10.664] [jointLog] [warning] read 3bba3fd3-901c-4993-9265-f1c9746e044b (length 43449) has no trained clipping model
[2025-07-09 17:02:10.664] [jointLog] [warning] read dd725aa7-5f63-4d75-8fde-d992ce12fcc9 (length 16663) has no trained clipping model
[2025-07-09 17:02:10.664] [jointLog] [warning] read c762b0bc-5e40-454d-adfc-dc943ff5c76f (length 17360 - align length 1736) has no trained error model
[2025-07-09 17:02:10.664] [jointLog] [warning] read c762b0bc-5e40-454d-adfc-dc943ff5c76f (length 17360) has no trained clipping model
[2025-07-09 17:02:10.664] [jointLog] [warning] read c762b0bc-5e40-454d-adfc-dc943ff5c76f (length 17360) has no trained clipping model
[2025-07-09 17:02:10.664] [jointLog] [warning] read 5096fbc1-7aba-4e76-b07b-41f242cbb695 (length 24234 - align length 1084) has no trained error model
[2025-07-09 17:02:10.664] [jointLog] [warning] read 5096fbc1-7aba-4e76-b07b-41f242cbb695 (length 24234) has no trained clipping model
[2025-07-09 17:02:10.664] [jointLog] [warning] read 5096fbc1-7aba-4e76-b07b-41f242cbb695 (length 24234) has no trained clipping model
[2025-07-09 17:02:10.664] [jointLog] [warning] read 5b81a2b4-737f-4ddd-a351-f47ffd804674 (length 34876 - align length 778) has no trained error model
[2025-07-09 17:02:10.664] [jointLog] [warning] read 5b81a2b4-737f-4ddd-a351-f47ffd804674 (length 34876) has no trained clipping model
[2025-07-09 17:02:10.664] [jointLog] [warning] read 5b81a2b4-737f-4ddd-a351-f47ffd804674 (length 34876) has no trained clipping model
[2025-07-09 17:02:10.664] [jointLog] [warning] read e8f741fa-1c2f-42ed-9b7f-b13295bfdac6 (length 29817) has no trained clipping model
[2025-07-09 17:02:10.664] [jointLog] [warning] read 706f7b9c-cbad-48bf-9947-4aa0ffe259f4 (length 25311 - align length 1349) has no trained error model
[2025-07-09 17:02:10.664] [jointLog] [warning] read 706f7b9c-cbad-48bf-9947-4aa0ffe259f4 (length 25311) has no trained clipping model
[2025-07-09 17:02:10.664] [jointLog] [warning] read 706f7b9c-cbad-48bf-9947-4aa0ffe259f4 (length 25311) has no trained clipping model
[2025-07-09 17:02:10.665] [jointLog] [warning] read fec572eb-1f97-4acd-9df7-d0409e62d0be (length 22499 - align length 843) has no trained error model
[2025-07-09 17:02:10.665] [jointLog] [warning] read fec572eb-1f97-4acd-9df7-d0409e62d0be (length 22499) has no trained clipping model
[2025-07-09 17:02:10.665] [jointLog] [warning] read fec572eb-1f97-4acd-9df7-d0409e62d0be (length 22499) has no trained clipping model
[2025-07-09 17:02:10.665] [jointLog] [warning] read 9df26660-3a87-4725-a94b-dc4a7eac4b2f (length 31553 - align length 120) has no trained error model
[2025-07-09 17:02:10.665] [jointLog] [warning] read 9df26660-3a87-4725-a94b-dc4a7eac4b2f (length 31553) has no trained clipping model
[2025-07-09 17:02:10.665] [jointLog] [warning] read 9df26660-3a87-4725-a94b-dc4a7eac4b2f (length 31553) has no trained clipping model
[2025-07-09 17:02:10.665] [jointLog] [warning] read 9abf96af-e96e-430c-97e4-bac9f277e79d (length 13430 - align length 944) has no trained error model
[2025-07-09 17:02:10.665] [jointLog] [warning] read 9abf96af-e96e-430c-97e4-bac9f277e79d (length 13430) has no trained clipping model
[2025-07-09 17:02:10.665] [jointLog] [warning] read 9abf96af-e96e-430c-97e4-bac9f277e79d (length 13430) has no trained clipping model
[2025-07-09 17:02:10.665] [jointLog] [warning] read 0a995bd3-1056-440d-be40-e9f32eb6c07a (length 25927 - align length 1238) has no trained error model
[2025-07-09 17:02:10.665] [jointLog] [warning] read 0a995bd3-1056-440d-be40-e9f32eb6c07a (length 25927) has no trained clipping model
[2025-07-09 17:02:10.665] [jointLog] [warning] read 0a995bd3-1056-440d-be40-e9f32eb6c07a (length 25927) has no trained clipping model
[2025-07-09 17:02:10.665] [jointLog] [warning] read f032b40e-5204-416e-9994-250ce27acc53 (length 35290 - align length 4478) has no trained error model
[2025-07-09 17:02:10.665] [jointLog] [warning] read f032b40e-5204-416e-9994-250ce27acc53 (length 35290) has no trained clipping model
[2025-07-09 17:02:10.665] [jointLog] [warning] read f032b40e-5204-416e-9994-250ce27acc53 (length 35290) has no trained clipping model
[2025-07-09 17:02:10.665] [jointLog] [warning] read db5d1254-e5d8-461f-b34d-e5ecfc766632 (length 24951 - align length 77) has no trained error model
[2025-07-09 17:02:10.665] [jointLog] [warning] read db5d1254-e5d8-461f-b34d-e5ecfc766632 (length 24951) has no trained clipping model
[2025-07-09 17:02:10.665] [jointLog] [warning] read db5d1254-e5d8-461f-b34d-e5ecfc766632 (length 24951) has no trained clipping model
[2025-07-09 17:02:10.665] [jointLog] [warning] read 391c0a64-a1b1-4da2-8dd2-c3c94969ab1a (length 23797 - align length 239) has no trained error model
[2025-07-09 17:02:10.665] [jointLog] [warning] read 391c0a64-a1b1-4da2-8dd2-c3c94969ab1a (length 23797) has no trained clipping model
[2025-07-09 17:02:10.665] [jointLog] [warning] read 391c0a64-a1b1-4da2-8dd2-c3c94969ab1a (length 23797) has no trained clipping model
[2025-07-09 17:02:10.665] [jointLog] [warning] read 70cc0e77-ba91-4505-9ce6-19dbfb1a893a (length 35303 - align length 258) has no trained error model
[2025-07-09 17:02:10.665] [jointLog] [warning] read 70cc0e77-ba91-4505-9ce6-19dbfb1a893a (length 35303) has no trained clipping model
[2025-07-09 17:02:10.665] [jointLog] [warning] read 70cc0e77-ba91-4505-9ce6-19dbfb1a893a (length 35303) has no trained clipping model
[2025-07-09 17:02:10.665] [jointLog] [warning] read 214c9a8c-196b-4621-9951-b520ecbf7d7a (length 22567 - align length 896) has no trained error model
[2025-07-09 17:02:10.665] [jointLog] [warning] read 214c9a8c-196b-4621-9951-b520ecbf7d7a (length 22567) has no trained clipping model
[2025-07-09 17:02:10.665] [jointLog] [warning] read 214c9a8c-196b-4621-9951-b520ecbf7d7a (length 22567) has no trained clipping model
[2025-07-09 17:02:10.665] [jointLog] [warning] read 0c10db87-29df-4943-8a9b-78f862db1eeb (length 20857) has no trained clipping model
[2025-07-09 17:02:10.665] [jointLog] [warning] read d45e1de7-c22b-4923-a7c8-cbf94e0ec70d (length 27215 - align length 2149) has no trained error model
[2025-07-09 17:02:10.665] [jointLog] [warning] read d45e1de7-c22b-4923-a7c8-cbf94e0ec70d (length 27215) has no trained clipping model
[2025-07-09 17:02:10.665] [jointLog] [warning] read d45e1de7-c22b-4923-a7c8-cbf94e0ec70d (length 27215) has no trained clipping model
[2025-07-09 17:02:10.665] [jointLog] [warning] read 69597f8b-86f0-43fd-a150-c6c475d1bdc2 (length 19979 - align length 2629) has no trained error model
[2025-07-09 17:02:10.665] [jointLog] [warning] read 69597f8b-86f0-43fd-a150-c6c475d1bdc2 (length 19979) has no trained clipping model
[2025-07-09 17:02:10.665] [jointLog] [warning] read 69597f8b-86f0-43fd-a150-c6c475d1bdc2 (length 19979) has no trained clipping model
[2025-07-09 17:02:10.665] [jointLog] [warning] read a1baedfe-7399-49db-8ad4-5228af476e1c (length 30340 - align length 4234) has no trained error model
[2025-07-09 17:02:10.665] [jointLog] [warning] read a1baedfe-7399-49db-8ad4-5228af476e1c (length 30340) has no trained clipping model
[2025-07-09 17:02:10.665] [jointLog] [warning] read a1baedfe-7399-49db-8ad4-5228af476e1c (length 30340) has no trained clipping model
[2025-07-09 17:02:10.665] [jointLog] [warning] read 346fdd8d-1acf-4e14-b13b-cb0717d55fd5 (length 21449 - align length 925) has no trained error model
[2025-07-09 17:02:10.665] [jointLog] [warning] read 346fdd8d-1acf-4e14-b13b-cb0717d55fd5 (length 21449) has no trained clipping model
[2025-07-09 17:02:10.666] [jointLog] [warning] read 346fdd8d-1acf-4e14-b13b-cb0717d55fd5 (length 21449) has no trained clipping model
[2025-07-09 17:02:10.666] [jointLog] [warning] read 28da7082-cdb5-4b57-9d71-675df940350a (length 33325 - align length 1354) has no trained error model
[2025-07-09 17:02:10.666] [jointLog] [warning] read 28da7082-cdb5-4b57-9d71-675df940350a (length 33325) has no trained clipping model
[2025-07-09 17:02:10.666] [jointLog] [warning] read 28da7082-cdb5-4b57-9d71-675df940350a (length 33325) has no trained clipping model
[2025-07-09 17:02:10.666] [jointLog] [warning] read 6a47b688-1c17-4c43-916f-3fff0e6d5437 (length 33760 - align length 4162) has no trained error model
[2025-07-09 17:02:10.666] [jointLog] [warning] read 6a47b688-1c17-4c43-916f-3fff0e6d5437 (length 33760) has no trained clipping model
[2025-07-09 17:02:10.666] [jointLog] [warning] read 6a47b688-1c17-4c43-916f-3fff0e6d5437 (length 33760) has no trained clipping model
[2025-07-09 17:02:10.666] [jointLog] [warning] read 3dec0b14-0027-4c92-bb2f-eaa2cd548977 (length 41729 - align length 750) has no trained error model
[2025-07-09 17:02:10.666] [jointLog] [warning] read 3dec0b14-0027-4c92-bb2f-eaa2cd548977 (length 41729) has no trained clipping model
[2025-07-09 17:02:10.666] [jointLog] [warning] read 3dec0b14-0027-4c92-bb2f-eaa2cd548977 (length 41729) has no trained clipping model
[2025-07-09 17:02:10.666] [jointLog] [warning] read 4dd12500-2dc1-4017-8503-44995b593a44 (length 15981) has no trained clipping model
[2025-07-09 17:02:10.666] [jointLog] [warning] read 9d6c26bb-0909-4624-96c3-2d571914e7c7 (length 24216 - align length 87) has no trained error model
[2025-07-09 17:02:10.666] [jointLog] [warning] read 9d6c26bb-0909-4624-96c3-2d571914e7c7 (length 24216) has no trained clipping model
[2025-07-09 17:02:10.666] [jointLog] [warning] read 9d6c26bb-0909-4624-96c3-2d571914e7c7 (length 24216) has no trained clipping model
[2025-07-09 17:02:10.666] [jointLog] [warning] read 90340700-d7ba-4f7f-99a3-7c9814fa9d36 (length 24203 - align length 152) has no trained error model
[2025-07-09 17:02:10.666] [jointLog] [warning] read 90340700-d7ba-4f7f-99a3-7c9814fa9d36 (length 24203) has no trained clipping model
[2025-07-09 17:02:10.666] [jointLog] [warning] read 90340700-d7ba-4f7f-99a3-7c9814fa9d36 (length 24203) has no trained clipping model
[2025-07-09 17:02:10.666] [jointLog] [warning] read a22aab3d-e358-4173-8968-6d806c4eec07 (length 31120 - align length 263) has no trained error model
[2025-07-09 17:02:10.666] [jointLog] [warning] read a22aab3d-e358-4173-8968-6d806c4eec07 (length 31120) has no trained clipping model
[2025-07-09 17:02:10.666] [jointLog] [warning] read a22aab3d-e358-4173-8968-6d806c4eec07 (length 31120) has no trained clipping model
[2025-07-09 17:02:10.666] [jointLog] [warning] read 9beab701-1e78-4511-8e3b-58ade4f9d607 (length 30298 - align length 1114) has no trained error model
[2025-07-09 17:02:10.666] [jointLog] [warning] read 9beab701-1e78-4511-8e3b-58ade4f9d607 (length 30298) has no trained clipping model
[2025-07-09 17:02:10.666] [jointLog] [warning] read 9beab701-1e78-4511-8e3b-58ade4f9d607 (length 30298) has no trained clipping model
[2025-07-09 17:02:10.666] [jointLog] [warning] read ac983311-0de6-4cf8-821f-782c580f696c (length 25886 - align length 260) has no trained error model
[2025-07-09 17:02:10.666] [jointLog] [warning] read ac983311-0de6-4cf8-821f-782c580f696c (length 25886) has no trained clipping model
[2025-07-09 17:02:10.666] [jointLog] [warning] read ac983311-0de6-4cf8-821f-782c580f696c (length 25886) has no trained clipping model
[2025-07-09 17:02:10.666] [jointLog] [warning] read df90ff15-01e0-4107-9429-3917d43e7c68 (length 25829 - align length 3106) has no trained error model
[2025-07-09 17:02:10.666] [jointLog] [warning] read df90ff15-01e0-4107-9429-3917d43e7c68 (length 25829) has no trained clipping model
[2025-07-09 17:02:10.666] [jointLog] [warning] read df90ff15-01e0-4107-9429-3917d43e7c68 (length 25829) has no trained clipping model
[2025-07-09 17:02:10.666] [jointLog] [warning] read 9831ed87-a656-473a-a0b2-a6a12a1e5323 (length 27839 - align length 746) has no trained error model
[2025-07-09 17:02:10.666] [jointLog] [warning] read 9831ed87-a656-473a-a0b2-a6a12a1e5323 (length 27839) has no trained clipping model
[2025-07-09 17:02:10.666] [jointLog] [warning] read 9831ed87-a656-473a-a0b2-a6a12a1e5323 (length 27839) has no trained clipping model
[2025-07-09 17:02:10.667] [jointLog] [warning] read 191bb0d5-346d-4ee7-bb91-1aa21d4bddee (length 13700 - align length 13394) has no trained error model
[2025-07-09 17:02:10.667] [jointLog] [warning] read 805a5bd0-35cf-40c4-81f4-0520507547f5 (length 17458 - align length 129) has no trained error model
[2025-07-09 17:02:10.667] [jointLog] [warning] read 805a5bd0-35cf-40c4-81f4-0520507547f5 (length 17458) has no trained clipping model
[2025-07-09 17:02:10.667] [jointLog] [warning] read 805a5bd0-35cf-40c4-81f4-0520507547f5 (length 17458) has no trained clipping model
[2025-07-09 17:02:10.667] [jointLog] [warning] read b1f233d8-9eb1-47a3-b119-620ec159f19e (length 17876 - align length 1570) has no trained error model
[2025-07-09 17:02:10.667] [jointLog] [warning] read b1f233d8-9eb1-47a3-b119-620ec159f19e (length 17876) has no trained clipping model
[2025-07-09 17:02:10.667] [jointLog] [warning] read b1f233d8-9eb1-47a3-b119-620ec159f19e (length 17876) has no trained clipping model
[2025-07-09 17:02:10.667] [jointLog] [warning] read 9a80b000-b749-47dc-833c-26140d802fae (length 35470 - align length 1167) has no trained error model
[2025-07-09 17:02:10.667] [jointLog] [warning] read 9a80b000-b749-47dc-833c-26140d802fae (length 35470) has no trained clipping model
[2025-07-09 17:02:10.667] [jointLog] [warning] read 9a80b000-b749-47dc-833c-26140d802fae (length 35470) has no trained clipping model
[2025-07-09 17:02:10.667] [jointLog] [warning] read 5d70ab8c-157f-4462-a04a-5f86b1fe4da6 (length 19238 - align length 905) has no trained error model
[2025-07-09 17:02:10.667] [jointLog] [warning] read 5d70ab8c-157f-4462-a04a-5f86b1fe4da6 (length 19238) has no trained clipping model
[2025-07-09 17:02:10.667] [jointLog] [warning] read 5d70ab8c-157f-4462-a04a-5f86b1fe4da6 (length 19238) has no trained clipping model
[2025-07-09 17:02:10.667] [jointLog] [warning] read 40ec13e3-6390-43e7-bb54-162ac9eb93a8 (length 14215) has no trained clipping model
[2025-07-09 17:02:10.667] [jointLog] [warning] read a237edd0-ef99-4ccf-9eed-b0f73a5b321b (length 44649 - align length 1543) has no trained error model
[2025-07-09 17:02:10.667] [jointLog] [warning] read a237edd0-ef99-4ccf-9eed-b0f73a5b321b (length 44649) has no trained clipping model
[2025-07-09 17:02:10.667] [jointLog] [warning] read a237edd0-ef99-4ccf-9eed-b0f73a5b321b (length 44649) has no trained clipping model
[2025-07-09 17:02:10.668] [jointLog] [warning] read 94105e2e-4ec8-4453-9444-deecdf32b431 (length 21762 - align length 1099) has no trained error model
[2025-07-09 17:02:10.668] [jointLog] [warning] read 94105e2e-4ec8-4453-9444-deecdf32b431 (length 21762) has no trained clipping model
[2025-07-09 17:02:10.668] [jointLog] [warning] read 94105e2e-4ec8-4453-9444-deecdf32b431 (length 21762) has no trained clipping model
[2025-07-09 17:02:10.668] [jointLog] [warning] read 6dc5ae73-e585-4fa2-9755-062170a27399 (length 31790 - align length 56) has no trained error model
[2025-07-09 17:02:10.668] [jointLog] [warning] read 6dc5ae73-e585-4fa2-9755-062170a27399 (length 31790) has no trained clipping model
[2025-07-09 17:02:10.668] [jointLog] [warning] read 6dc5ae73-e585-4fa2-9755-062170a27399 (length 31790) has no trained clipping model
[2025-07-09 17:02:10.668] [jointLog] [warning] read 3ab00c1f-6631-43ae-bcab-81d9f758d041 (length 26919 - align length 252) has no trained error model
[2025-07-09 17:02:10.668] [jointLog] [warning] read 3ab00c1f-6631-43ae-bcab-81d9f758d041 (length 26919) has no trained clipping model
[2025-07-09 17:02:10.668] [jointLog] [warning] read 3ab00c1f-6631-43ae-bcab-81d9f758d041 (length 26919) has no trained clipping model
[2025-07-09 17:02:10.668] [jointLog] [warning] read 3189f9fc-7712-4247-acf5-f485456e9034 (length 19119 - align length 855) has no trained error model
[2025-07-09 17:02:10.668] [jointLog] [warning] read 3189f9fc-7712-4247-acf5-f485456e9034 (length 19119) has no trained clipping model
[2025-07-09 17:02:10.668] [jointLog] [warning] read 3189f9fc-7712-4247-acf5-f485456e9034 (length 19119) has no trained clipping model
[2025-07-09 17:02:10.668] [jointLog] [warning] read 2e0e9b1f-73de-4dbd-b1c9-fb60b6917001 (length 46076 - align length 1215) has no trained error model
[2025-07-09 17:02:10.668] [jointLog] [warning] read 2e0e9b1f-73de-4dbd-b1c9-fb60b6917001 (length 46076) has no trained clipping model
[2025-07-09 17:02:10.668] [jointLog] [warning] read 2e0e9b1f-73de-4dbd-b1c9-fb60b6917001 (length 46076) has no trained clipping model
[2025-07-09 17:02:10.668] [jointLog] [warning] read ee05c3b1-d71b-46da-a303-e329e359f65f (length 16678) has no trained clipping model
[2025-07-09 17:02:10.668] [jointLog] [warning] read f2c45ed5-da0f-4991-8540-931e2d087090 (length 46073 - align length 1584) has no trained error model
[2025-07-09 17:02:10.668] [jointLog] [warning] read f2c45ed5-da0f-4991-8540-931e2d087090 (length 46073) has no trained clipping model
[2025-07-09 17:02:10.668] [jointLog] [warning] read f2c45ed5-da0f-4991-8540-931e2d087090 (length 46073) has no trained clipping model
[2025-07-09 17:02:10.668] [jointLog] [warning] read cbcd1d13-e667-471d-b61c-769a4b51c1cf (length 18671 - align length 1743) has no trained error model
[2025-07-09 17:02:10.668] [jointLog] [warning] read cbcd1d13-e667-471d-b61c-769a4b51c1cf (length 18671) has no trained clipping model
[2025-07-09 17:02:10.668] [jointLog] [warning] read cbcd1d13-e667-471d-b61c-769a4b51c1cf (length 18671) has no trained clipping model
[2025-07-09 17:02:10.669] [jointLog] [warning] read 8e80b5cb-af9c-40cd-90ec-63926a3a6b35 (length 36361 - align length 1574) has no trained error model
[2025-07-09 17:02:10.669] [jointLog] [warning] read 8e80b5cb-af9c-40cd-90ec-63926a3a6b35 (length 36361) has no trained clipping model
[2025-07-09 17:02:10.669] [jointLog] [warning] read 8e80b5cb-af9c-40cd-90ec-63926a3a6b35 (length 36361) has no trained clipping model
[2025-07-09 17:02:10.669] [jointLog] [warning] read f95077e5-7c0b-4053-857f-4689de5da4c2 (length 49518 - align length 1800) has no trained error model
[2025-07-09 17:02:10.669] [jointLog] [warning] read f95077e5-7c0b-4053-857f-4689de5da4c2 (length 49518) has no trained clipping model
[2025-07-09 17:02:10.669] [jointLog] [warning] read f95077e5-7c0b-4053-857f-4689de5da4c2 (length 49518) has no trained clipping model
[2025-07-09 17:02:10.669] [jointLog] [warning] read 4986d247-1a83-4747-9e3c-3cf84d2623a9 (length 14746 - align length 14467) has no trained error model
[2025-07-09 17:02:10.669] [jointLog] [warning] read 8b85c94f-bbc4-4184-b2fe-32822927cd16 (length 25972 - align length 529) has no trained error model
[2025-07-09 17:02:10.669] [jointLog] [warning] read 8b85c94f-bbc4-4184-b2fe-32822927cd16 (length 25972) has no trained clipping model
[2025-07-09 17:02:10.669] [jointLog] [warning] read 8b85c94f-bbc4-4184-b2fe-32822927cd16 (length 25972) has no trained clipping model
[2025-07-09 17:02:10.669] [jointLog] [warning] read 3058ef6f-917b-4d67-9d72-6a494dad2937 (length 15009 - align length 14957) has no trained error model
[2025-07-09 17:02:10.669] [jointLog] [warning] read 3058ef6f-917b-4d67-9d72-6a494dad2937 (length 15009) has no trained clipping model
[2025-07-09 17:02:10.669] [jointLog] [warning] read 3058ef6f-917b-4d67-9d72-6a494dad2937 (length 15009) has no trained clipping model
[2025-07-09 17:02:10.669] [jointLog] [warning] read 4dc51c84-5bf4-4d87-aabd-e4e2a7ded5e5 (length 28606 - align length 79) has no trained error model
[2025-07-09 17:02:10.669] [jointLog] [warning] read 4dc51c84-5bf4-4d87-aabd-e4e2a7ded5e5 (length 28606) has no trained clipping model
[2025-07-09 17:02:10.669] [jointLog] [warning] read 4dc51c84-5bf4-4d87-aabd-e4e2a7ded5e5 (length 28606) has no trained clipping model
[2025-07-09 17:02:10.669] [jointLog] [warning] read f8db0880-946f-40c5-a542-317a8489c7d2 (length 29369 - align length 116) has no trained error model
[2025-07-09 17:02:10.669] [jointLog] [warning] read f8db0880-946f-40c5-a542-317a8489c7d2 (length 29369) has no trained clipping model
[2025-07-09 17:02:10.669] [jointLog] [warning] read f8db0880-946f-40c5-a542-317a8489c7d2 (length 29369) has no trained clipping model
[2025-07-09 17:02:10.669] [jointLog] [warning] read 4ccf3719-708f-465b-8a96-76d3aa08db50 (length 36793 - align length 301) has no trained error model
[2025-07-09 17:02:10.669] [jointLog] [warning] read 4ccf3719-708f-465b-8a96-76d3aa08db50 (length 36793) has no trained clipping model
[2025-07-09 17:02:10.669] [jointLog] [warning] read 4ccf3719-708f-465b-8a96-76d3aa08db50 (length 36793) has no trained clipping model
[2025-07-09 17:02:10.669] [jointLog] [warning] read 3bc21228-d8f3-4596-96ea-16520bcce86c (length 39119 - align length 56) has no trained error model
[2025-07-09 17:02:10.669] [jointLog] [warning] read 3bc21228-d8f3-4596-96ea-16520bcce86c (length 39119) has no trained clipping model
[2025-07-09 17:02:10.669] [jointLog] [warning] read 3bc21228-d8f3-4596-96ea-16520bcce86c (length 39119) has no trained clipping model
[2025-07-09 17:02:10.669] [jointLog] [warning] read 38a4d5a8-9e46-4108-ba43-3d44e7151b39 (length 39978 - align length 507) has no trained error model
[2025-07-09 17:02:10.669] [jointLog] [warning] read 38a4d5a8-9e46-4108-ba43-3d44e7151b39 (length 39978) has no trained clipping model
[2025-07-09 17:02:10.669] [jointLog] [warning] read 38a4d5a8-9e46-4108-ba43-3d44e7151b39 (length 39978) has no trained clipping model
[2025-07-09 17:02:10.669] [jointLog] [warning] read 0b726ef6-49bf-40d7-9d29-12ca1eec903e (length 23047 - align length 467) has no trained error model
[2025-07-09 17:02:10.669] [jointLog] [warning] read 0b726ef6-49bf-40d7-9d29-12ca1eec903e (length 23047) has no trained clipping model
[2025-07-09 17:02:10.669] [jointLog] [warning] read 0b726ef6-49bf-40d7-9d29-12ca1eec903e (length 23047) has no trained clipping model
[2025-07-09 17:02:10.670] [jointLog] [warning] read 8398b5a7-9fb3-4bcc-a03d-346e27952c2c (length 17380 - align length 710) has no trained error model
[2025-07-09 17:02:10.670] [jointLog] [warning] read 8398b5a7-9fb3-4bcc-a03d-346e27952c2c (length 17380) has no trained clipping model
[2025-07-09 17:02:10.670] [jointLog] [warning] read 8398b5a7-9fb3-4bcc-a03d-346e27952c2c (length 17380) has no trained clipping model
[2025-07-09 17:02:10.670] [jointLog] [warning] read 02ec4968-4b30-450e-a108-603f013e97e7 (length 31105 - align length 2480) has no trained error model
[2025-07-09 17:02:10.670] [jointLog] [warning] read 02ec4968-4b30-450e-a108-603f013e97e7 (length 31105) has no trained clipping model
[2025-07-09 17:02:10.670] [jointLog] [warning] read 02ec4968-4b30-450e-a108-603f013e97e7 (length 31105) has no trained clipping model
[2025-07-09 17:02:10.670] [jointLog] [warning] read 3fbc87d4-08bb-4748-8f1f-7aa136a3b23f (length 14665 - align length 14440) has no trained error model
[2025-07-09 17:02:10.670] [jointLog] [warning] read 7322eec9-7d2c-44b6-93ff-26a053368869 (length 15420) has no trained clipping model
[2025-07-09 17:02:10.670] [jointLog] [warning] read 5ae5753e-7405-47b0-a8bb-a08613707807 (length 25205 - align length 871) has no trained error model
[2025-07-09 17:02:10.670] [jointLog] [warning] read 5ae5753e-7405-47b0-a8bb-a08613707807 (length 25205) has no trained clipping model
[2025-07-09 17:02:10.670] [jointLog] [warning] read 5ae5753e-7405-47b0-a8bb-a08613707807 (length 25205) has no trained clipping model
[2025-07-09 17:02:10.670] [jointLog] [warning] read 8875ac71-ff0d-42c9-942e-44b4544afc0e (length 41432 - align length 632) has no trained error model
[2025-07-09 17:02:10.670] [jointLog] [warning] read 8875ac71-ff0d-42c9-942e-44b4544afc0e (length 41432) has no trained clipping model
[2025-07-09 17:02:10.670] [jointLog] [warning] read 8875ac71-ff0d-42c9-942e-44b4544afc0e (length 41432) has no trained clipping model
[2025-07-09 17:02:10.670] [jointLog] [warning] read d596583a-fe1b-45bc-9094-5fd5dbca5a9e (length 39017 - align length 2630) has no trained error model
[2025-07-09 17:02:10.670] [jointLog] [warning] read d596583a-fe1b-45bc-9094-5fd5dbca5a9e (length 39017) has no trained clipping model
[2025-07-09 17:02:10.670] [jointLog] [warning] read d596583a-fe1b-45bc-9094-5fd5dbca5a9e (length 39017) has no trained clipping model
[2025-07-09 17:02:10.670] [jointLog] [warning] read 97474f65-7d58-43ba-9ea9-235758a79e14 (length 38147 - align length 591) has no trained error model
[2025-07-09 17:02:10.670] [jointLog] [warning] read 97474f65-7d58-43ba-9ea9-235758a79e14 (length 38147) has no trained clipping model
[2025-07-09 17:02:10.670] [jointLog] [warning] read 97474f65-7d58-43ba-9ea9-235758a79e14 (length 38147) has no trained clipping model
[2025-07-09 17:02:10.670] [jointLog] [warning] read e4235f8a-3379-4340-80c5-f0d8c973a93f (length 28237 - align length 2092) has no trained error model
[2025-07-09 17:02:10.670] [jointLog] [warning] read e4235f8a-3379-4340-80c5-f0d8c973a93f (length 28237) has no trained clipping model
[2025-07-09 17:02:10.670] [jointLog] [warning] read e4235f8a-3379-4340-80c5-f0d8c973a93f (length 28237) has no trained clipping model
[2025-07-09 17:02:10.670] [jointLog] [warning] read ee57ed0c-3f47-4f4f-8221-a0216512406c (length 23083 - align length 5245) has no trained error model
[2025-07-09 17:02:10.670] [jointLog] [warning] read ee57ed0c-3f47-4f4f-8221-a0216512406c (length 23083) has no trained clipping model
[2025-07-09 17:02:10.670] [jointLog] [warning] read ee57ed0c-3f47-4f4f-8221-a0216512406c (length 23083) has no trained clipping model
[2025-07-09 17:02:10.671] [jointLog] [warning] read b0f21abd-b02c-486d-8bba-c12f73286737 (length 29100 - align length 226) has no trained error model
[2025-07-09 17:02:10.671] [jointLog] [warning] read b0f21abd-b02c-486d-8bba-c12f73286737 (length 29100) has no trained clipping model
[2025-07-09 17:02:10.671] [jointLog] [warning] read b0f21abd-b02c-486d-8bba-c12f73286737 (length 29100) has no trained clipping model
[2025-07-09 17:02:10.671] [jointLog] [warning] read 1d804b62-2a60-4193-801b-afb98e65c134 (length 19415 - align length 2608) has no trained error model
[2025-07-09 17:02:10.671] [jointLog] [warning] read 1d804b62-2a60-4193-801b-afb98e65c134 (length 19415) has no trained clipping model
[2025-07-09 17:02:10.671] [jointLog] [warning] read 1d804b62-2a60-4193-801b-afb98e65c134 (length 19415) has no trained clipping model
[2025-07-09 17:02:10.671] [jointLog] [warning] read 9c31fa1f-4deb-4ab5-949d-36150fff1527 (length 16271 - align length 2057) has no trained error model
[2025-07-09 17:02:10.671] [jointLog] [warning] read 9c31fa1f-4deb-4ab5-949d-36150fff1527 (length 16271) has no trained clipping model
[2025-07-09 17:02:10.671] [jointLog] [warning] read 9c31fa1f-4deb-4ab5-949d-36150fff1527 (length 16271) has no trained clipping model
[2025-07-09 17:02:10.671] [jointLog] [warning] read 5cc5483b-19e1-4506-9f1f-d7a7088401f6 (length 27291 - align length 441) has no trained error model
[2025-07-09 17:02:10.671] [jointLog] [warning] read 5cc5483b-19e1-4506-9f1f-d7a7088401f6 (length 27291) has no trained clipping model
[2025-07-09 17:02:10.671] [jointLog] [warning] read 5cc5483b-19e1-4506-9f1f-d7a7088401f6 (length 27291) has no trained clipping model
[2025-07-09 17:02:10.671] [jointLog] [warning] read bbc18f6d-b67c-415e-addc-209f49014443 (length 31704 - align length 1296) has no trained error model
[2025-07-09 17:02:10.671] [jointLog] [warning] read bbc18f6d-b67c-415e-addc-209f49014443 (length 31704) has no trained clipping model
[2025-07-09 17:02:10.671] [jointLog] [warning] read bbc18f6d-b67c-415e-addc-209f49014443 (length 31704) has no trained clipping model
[2025-07-09 17:02:10.671] [jointLog] [warning] read 6bdf02ca-f826-4b7b-b839-97212d53e6af (length 40346 - align length 307) has no trained error model
[2025-07-09 17:02:10.671] [jointLog] [warning] read 6bdf02ca-f826-4b7b-b839-97212d53e6af (length 40346) has no trained clipping model
[2025-07-09 17:02:10.671] [jointLog] [warning] read 6bdf02ca-f826-4b7b-b839-97212d53e6af (length 40346) has no trained clipping model
[2025-07-09 17:02:10.671] [jointLog] [warning] read 07cc2021-126f-4479-bed2-0ba52107bb71 (length 25219 - align length 931) has no trained error model
[2025-07-09 17:02:10.671] [jointLog] [warning] read 07cc2021-126f-4479-bed2-0ba52107bb71 (length 25219) has no trained clipping model
[2025-07-09 17:02:10.671] [jointLog] [warning] read 07cc2021-126f-4479-bed2-0ba52107bb71 (length 25219) has no trained clipping model
[2025-07-09 17:02:10.671] [jointLog] [warning] read 67038085-c7eb-4e20-a895-082709036b5e (length 16284 - align length 123) has no trained error model
[2025-07-09 17:02:10.671] [jointLog] [warning] read 67038085-c7eb-4e20-a895-082709036b5e (length 16284) has no trained clipping model
[2025-07-09 17:02:10.671] [jointLog] [warning] read 67038085-c7eb-4e20-a895-082709036b5e (length 16284) has no trained clipping model
[2025-07-09 17:02:10.671] [jointLog] [warning] read 4ae8b84e-812a-4c80-8a26-357616049cde (length 20837) has no trained clipping model
[2025-07-09 17:02:10.671] [jointLog] [warning] read 9df44abe-523c-4a69-9f09-b9712fd0d328 (length 17755 - align length 526) has no trained error model
[2025-07-09 17:02:10.671] [jointLog] [warning] read 9df44abe-523c-4a69-9f09-b9712fd0d328 (length 17755) has no trained clipping model
[2025-07-09 17:02:10.671] [jointLog] [warning] read 9df44abe-523c-4a69-9f09-b9712fd0d328 (length 17755) has no trained clipping model
[2025-07-09 17:02:10.671] [jointLog] [warning] read ce24bfd0-3125-4e14-875e-4b5c2c1097c4 (length 34793 - align length 85) has no trained error model
[2025-07-09 17:02:10.671] [jointLog] [warning] read ce24bfd0-3125-4e14-875e-4b5c2c1097c4 (length 34793) has no trained clipping model
[2025-07-09 17:02:10.671] [jointLog] [warning] read ce24bfd0-3125-4e14-875e-4b5c2c1097c4 (length 34793) has no trained clipping model
[2025-07-09 17:02:10.671] [jointLog] [warning] read 38d36cd4-7c2f-4dfe-9e44-8ec2058eef7c (length 14226) has no trained clipping model
[2025-07-09 17:02:10.671] [jointLog] [warning] read 7f60285f-dcf6-486e-9697-4fdde0e47355 (length 21783 - align length 268) has no trained error model
[2025-07-09 17:02:10.671] [jointLog] [warning] read 7f60285f-dcf6-486e-9697-4fdde0e47355 (length 21783) has no trained clipping model
[2025-07-09 17:02:10.671] [jointLog] [warning] read 7f60285f-dcf6-486e-9697-4fdde0e47355 (length 21783) has no trained clipping model
[2025-07-09 17:02:10.671] [jointLog] [warning] read 8555e1d3-885d-45af-ba8d-429c62cdc70c (length 29160 - align length 295) has no trained error model
[2025-07-09 17:02:10.671] [jointLog] [warning] read 8555e1d3-885d-45af-ba8d-429c62cdc70c (length 29160) has no trained clipping model
[2025-07-09 17:02:10.671] [jointLog] [warning] read 8555e1d3-885d-45af-ba8d-429c62cdc70c (length 29160) has no trained clipping model
[2025-07-09 17:02:10.671] [jointLog] [warning] read 83c1bc79-69af-4e26-84de-354007dd21da (length 21700 - align length 2071) has no trained error model
[2025-07-09 17:02:10.671] [jointLog] [warning] read 83c1bc79-69af-4e26-84de-354007dd21da (length 21700) has no trained clipping model
[2025-07-09 17:02:10.671] [jointLog] [warning] read 83c1bc79-69af-4e26-84de-354007dd21da (length 21700) has no trained clipping model
[2025-07-09 17:02:10.671] [jointLog] [warning] read 9b10cdf9-d88c-42eb-8856-a8bbf6d55d9d (length 24990 - align length 1313) has no trained error model
[2025-07-09 17:02:10.671] [jointLog] [warning] read 9b10cdf9-d88c-42eb-8856-a8bbf6d55d9d (length 24990) has no trained clipping model
[2025-07-09 17:02:10.671] [jointLog] [warning] read 9b10cdf9-d88c-42eb-8856-a8bbf6d55d9d (length 24990) has no trained clipping model
[2025-07-09 17:02:10.672] [jointLog] [warning] read c85fe5b6-e31e-430c-9f91-9660f131fd98 (length 19048) has no trained clipping model
[2025-07-09 17:02:10.672] [jointLog] [warning] read 4b188915-402d-4634-896f-be3cf5f113df (length 13043 - align length 12952) has no trained error model
[2025-07-09 17:02:10.672] [jointLog] [warning] read 002f5016-1695-4621-8ee2-beacd5c1436c (length 15903) has no trained clipping model
[2025-07-09 17:02:10.672] [jointLog] [warning] read fff36047-80b2-480a-89a3-130684e52517 (length 16463) has no trained clipping model
[2025-07-09 17:02:10.672] [jointLog] [warning] read 7fb08899-4437-4a66-b35b-267d91605378 (length 15709 - align length 4256) has no trained error model
[2025-07-09 17:02:10.672] [jointLog] [warning] read 7fb08899-4437-4a66-b35b-267d91605378 (length 15709) has no trained clipping model
[2025-07-09 17:02:10.672] [jointLog] [warning] read 7fb08899-4437-4a66-b35b-267d91605378 (length 15709) has no trained clipping model
[2025-07-09 17:02:10.672] [jointLog] [warning] read a85986a3-2222-4682-9c3c-d08693daa001 (length 24503 - align length 1051) has no trained error model
[2025-07-09 17:02:10.672] [jointLog] [warning] read a85986a3-2222-4682-9c3c-d08693daa001 (length 24503) has no trained clipping model
[2025-07-09 17:02:10.672] [jointLog] [warning] read a85986a3-2222-4682-9c3c-d08693daa001 (length 24503) has no trained clipping model
[2025-07-09 17:02:10.673] [jointLog] [warning] read eb5357cf-08ee-443e-b53f-3b5882a8c97b (length 19055) has no trained clipping model
[2025-07-09 17:02:10.673] [jointLog] [warning] read 4ead9e69-e952-4392-b820-20908dc261b2 (length 30174) has no trained clipping model
[2025-07-09 17:02:10.673] [jointLog] [warning] read 05f81fee-0a98-4f21-b7ef-02f20a24aa50 (length 39915 - align length 993) has no trained error model
[2025-07-09 17:02:10.673] [jointLog] [warning] read 05f81fee-0a98-4f21-b7ef-02f20a24aa50 (length 39915) has no trained clipping model
[2025-07-09 17:02:10.673] [jointLog] [warning] read 05f81fee-0a98-4f21-b7ef-02f20a24aa50 (length 39915) has no trained clipping model
[2025-07-09 17:02:10.675] [jointLog] [warning] read f9bf037c-9ba9-4ecb-9986-15c3031a3c4a (length 15390 - align length 15347) has no trained error model
[2025-07-09 17:02:10.675] [jointLog] [warning] read deb12e63-99ae-43cc-9952-ddc079b1f297 (length 37662 - align length 193) has no trained error model
[2025-07-09 17:02:10.675] [jointLog] [warning] read deb12e63-99ae-43cc-9952-ddc079b1f297 (length 37662) has no trained clipping model
[2025-07-09 17:02:10.675] [jointLog] [warning] read deb12e63-99ae-43cc-9952-ddc079b1f297 (length 37662) has no trained clipping model
[2025-07-09 17:02:13.342] [fileLog] [info] quantification processed 6000000 fragments so far

[2025-07-09 17:02:13.591] [jointLog] [warning] read a6c0ca4a-3f4c-4758-927b-e1ed0ed9bc90 (length 47043 - align length 593) has no trained error model
[2025-07-09 17:02:13.591] [jointLog] [warning] read a6c0ca4a-3f4c-4758-927b-e1ed0ed9bc90 (length 47043) has no trained clipping model
[2025-07-09 17:02:13.591] [jointLog] [warning] read a6c0ca4a-3f4c-4758-927b-e1ed0ed9bc90 (length 47043) has no trained clipping model
[2025-07-09 17:02:13.591] [jointLog] [warning] read 7dae0569-ae9b-4f26-9d51-1487ba599415 (length 30250 - align length 222) has no trained error model
[2025-07-09 17:02:13.591] [jointLog] [warning] read 7dae0569-ae9b-4f26-9d51-1487ba599415 (length 30250) has no trained clipping model
[2025-07-09 17:02:13.591] [jointLog] [warning] read 7dae0569-ae9b-4f26-9d51-1487ba599415 (length 30250) has no trained clipping model
[2025-07-09 17:02:13.592] [jointLog] [warning] read 308cd37a-5c92-4f6d-be85-caaa9dabfb57 (length 14275) has no trained clipping model
[2025-07-09 17:02:13.612] [jointLog] [warning] read f0856a49-cf49-4c80-9daa-6af39c0b8aca (length 28171 - align length 130) has no trained error model
[2025-07-09 17:02:13.612] [jointLog] [warning] read f0856a49-cf49-4c80-9daa-6af39c0b8aca (length 28171) has no trained clipping model
[2025-07-09 17:02:13.612] [jointLog] [warning] read f0856a49-cf49-4c80-9daa-6af39c0b8aca (length 28171) has no trained clipping model
[2025-07-09 17:02:13.613] [jointLog] [warning] read 632567aa-8c97-40cf-9b1a-82b5c3d1fbf4 (length 15495) has no trained clipping model
[2025-07-09 17:02:13.613] [jointLog] [warning] read e11fcad6-1268-47f3-88a9-e8fd72cbd330 (length 27704 - align length 520) has no trained error model
[2025-07-09 17:02:13.613] [jointLog] [warning] read e11fcad6-1268-47f3-88a9-e8fd72cbd330 (length 27704) has no trained clipping model
[2025-07-09 17:02:13.613] [jointLog] [warning] read e11fcad6-1268-47f3-88a9-e8fd72cbd330 (length 27704) has no trained clipping model
[2025-07-09 17:02:13.613] [jointLog] [warning] read 42411cbd-2a56-4379-9625-8688b04045da (length 46017 - align length 282) has no trained error model
[2025-07-09 17:02:13.613] [jointLog] [warning] read 42411cbd-2a56-4379-9625-8688b04045da (length 46017) has no trained clipping model
[2025-07-09 17:02:13.613] [jointLog] [warning] read 42411cbd-2a56-4379-9625-8688b04045da (length 46017) has no trained clipping model
[2025-07-09 17:02:13.613] [jointLog] [warning] read 047f2864-443c-415c-a0ab-74e049e7f73f (length 19435 - align length 121) has no trained error model
[2025-07-09 17:02:13.613] [jointLog] [warning] read 047f2864-443c-415c-a0ab-74e049e7f73f (length 19435) has no trained clipping model
[2025-07-09 17:02:13.613] [jointLog] [warning] read 047f2864-443c-415c-a0ab-74e049e7f73f (length 19435) has no trained clipping model
[2025-07-09 17:02:13.613] [jointLog] [warning] read 4c7f5452-843d-41a5-a315-6b3b454e6db5 (length 19441 - align length 288) has no trained error model
[2025-07-09 17:02:13.613] [jointLog] [warning] read 4c7f5452-843d-41a5-a315-6b3b454e6db5 (length 19441) has no trained clipping model
[2025-07-09 17:02:13.613] [jointLog] [warning] read 4c7f5452-843d-41a5-a315-6b3b454e6db5 (length 19441) has no trained clipping model
[2025-07-09 17:02:13.613] [jointLog] [warning] read f1e5aa7e-f05f-4b58-bc1a-7909b2142ed3 (length 14065 - align length 1646) has no trained error model
[2025-07-09 17:02:13.613] [jointLog] [warning] read f1e5aa7e-f05f-4b58-bc1a-7909b2142ed3 (length 14065) has no trained clipping model
[2025-07-09 17:02:13.613] [jointLog] [warning] read f1e5aa7e-f05f-4b58-bc1a-7909b2142ed3 (length 14065) has no trained clipping model
[2025-07-09 17:02:13.613] [jointLog] [warning] read b3099e99-6e7c-43e9-96c3-30a8a6c7cfea (length 40578 - align length 337) has no trained error model
[2025-07-09 17:02:13.613] [jointLog] [warning] read b3099e99-6e7c-43e9-96c3-30a8a6c7cfea (length 40578) has no trained clipping model
[2025-07-09 17:02:13.613] [jointLog] [warning] read b3099e99-6e7c-43e9-96c3-30a8a6c7cfea (length 40578) has no trained clipping model
[2025-07-09 17:02:13.672] [jointLog] [warning] read b4aac16c-39ae-467b-af71-fec073681840 (length 12909 - align length 12901) has no trained error model
[2025-07-09 17:02:15.736] [jointLog] [warning] read 7ca1c419-cece-44da-8eda-818151ccee0c (length 24769 - align length 1373) has no trained error model
[2025-07-09 17:02:15.736] [jointLog] [warning] read 7ca1c419-cece-44da-8eda-818151ccee0c (length 24769) has no trained clipping model
[2025-07-09 17:02:15.736] [jointLog] [warning] read 7ca1c419-cece-44da-8eda-818151ccee0c (length 24769) has no trained clipping model
[2025-07-09 17:02:15.736] [jointLog] [warning] read 6a042c0e-804c-4898-b618-c1664aec1ecf (length 14330 - align length 14043) has no trained error model
[2025-07-09 17:02:15.736] [jointLog] [warning] read b2b77151-7172-4fcb-b00f-0b2fdac792ec (length 29304 - align length 399) has no trained error model
[2025-07-09 17:02:15.736] [jointLog] [warning] read b2b77151-7172-4fcb-b00f-0b2fdac792ec (length 29304) has no trained clipping model
[2025-07-09 17:02:15.736] [jointLog] [warning] read b2b77151-7172-4fcb-b00f-0b2fdac792ec (length 29304) has no trained clipping model
[2025-07-09 17:02:15.737] [jointLog] [warning] read 9645f344-c178-4774-beda-bcc70a907d1a (length 15081 - align length 396) has no trained error model
[2025-07-09 17:02:15.737] [jointLog] [warning] read 9645f344-c178-4774-beda-bcc70a907d1a (length 15081) has no trained clipping model
[2025-07-09 17:02:15.737] [jointLog] [warning] read 9645f344-c178-4774-beda-bcc70a907d1a (length 15081) has no trained clipping model
[2025-07-09 17:02:15.737] [jointLog] [warning] read b10b7cd1-acea-4fdd-b358-c626b8b8b4b8 (length 15965) has no trained clipping model
[2025-07-09 17:02:15.737] [jointLog] [warning] read ea9749cf-333b-406b-a135-cb7aa5360df2 (length 49033) has no trained clipping model
[2025-07-09 17:02:15.737] [jointLog] [warning] read 8b09a0f5-ae1a-47b7-865f-0c2a7f9edea5 (length 40167 - align length 68) has no trained error model
[2025-07-09 17:02:15.737] [jointLog] [warning] read 8b09a0f5-ae1a-47b7-865f-0c2a7f9edea5 (length 40167) has no trained clipping model
[2025-07-09 17:02:15.737] [jointLog] [warning] read 8b09a0f5-ae1a-47b7-865f-0c2a7f9edea5 (length 40167) has no trained clipping model
[2025-07-09 17:02:15.737] [jointLog] [warning] read 2e7c74a9-ab1f-4eac-a084-8259adc48447 (length 14028 - align length 13924) has no trained error model
[2025-07-09 17:02:15.737] [jointLog] [warning] read 2e7c74a9-ab1f-4eac-a084-8259adc48447 (length 14028) has no trained clipping model
[2025-07-09 17:02:15.737] [jointLog] [warning] read 2e7c74a9-ab1f-4eac-a084-8259adc48447 (length 14028) has no trained clipping model
[2025-07-09 17:02:15.737] [jointLog] [warning] read ed6d1423-c249-4762-ac06-7ae04fcb1a1d (length 24871 - align length 534) has no trained error model
[2025-07-09 17:02:15.737] [jointLog] [warning] read ed6d1423-c249-4762-ac06-7ae04fcb1a1d (length 24871) has no trained clipping model
[2025-07-09 17:02:15.737] [jointLog] [warning] read ed6d1423-c249-4762-ac06-7ae04fcb1a1d (length 24871) has no trained clipping model
[2025-07-09 17:02:15.737] [jointLog] [warning] read 48b1d8d0-46c5-4c8c-a946-85e012f26312 (length 34254 - align length 1118) has no trained error model
[2025-07-09 17:02:15.737] [jointLog] [warning] read 48b1d8d0-46c5-4c8c-a946-85e012f26312 (length 34254) has no trained clipping model
[2025-07-09 17:02:15.737] [jointLog] [warning] read 48b1d8d0-46c5-4c8c-a946-85e012f26312 (length 34254) has no trained clipping model
[2025-07-09 17:02:15.737] [jointLog] [warning] read 029b0671-188a-4c91-8d17-9f4f4329e22c (length 17835 - align length 370) has no trained error model
[2025-07-09 17:02:15.737] [jointLog] [warning] read 029b0671-188a-4c91-8d17-9f4f4329e22c (length 17835) has no trained clipping model
[2025-07-09 17:02:15.737] [jointLog] [warning] read 029b0671-188a-4c91-8d17-9f4f4329e22c (length 17835) has no trained clipping model
[2025-07-09 17:02:15.737] [jointLog] [warning] read 76237aac-e334-4761-bfcb-f1f45f9e353e (length 46714 - align length 1619) has no trained error model
[2025-07-09 17:02:15.737] [jointLog] [warning] read 76237aac-e334-4761-bfcb-f1f45f9e353e (length 46714) has no trained clipping model
[2025-07-09 17:02:15.737] [jointLog] [warning] read 76237aac-e334-4761-bfcb-f1f45f9e353e (length 46714) has no trained clipping model
[2025-07-09 17:02:15.737] [jointLog] [warning] read 7373f9fd-31e1-4ed2-a759-54d1f8505913 (length 35721 - align length 2135) has no trained error model
[2025-07-09 17:02:15.737] [jointLog] [warning] read 7373f9fd-31e1-4ed2-a759-54d1f8505913 (length 35721) has no trained clipping model
[2025-07-09 17:02:15.737] [jointLog] [warning] read 7373f9fd-31e1-4ed2-a759-54d1f8505913 (length 35721) has no trained clipping model
[2025-07-09 17:02:15.737] [jointLog] [warning] read b236b710-69e9-46da-a1f3-e6b706504b9a (length 27557 - align length 428) has no trained error model
[2025-07-09 17:02:15.737] [jointLog] [warning] read b236b710-69e9-46da-a1f3-e6b706504b9a (length 27557) has no trained clipping model
[2025-07-09 17:02:15.737] [jointLog] [warning] read b236b710-69e9-46da-a1f3-e6b706504b9a (length 27557) has no trained clipping model
[2025-07-09 17:02:15.737] [jointLog] [warning] read 964c9e59-6c25-496d-80a1-959053ce74c2 (length 14043 - align length 13976) has no trained error model
[2025-07-09 17:02:15.737] [jointLog] [warning] read 964c9e59-6c25-496d-80a1-959053ce74c2 (length 14043) has no trained clipping model
[2025-07-09 17:02:15.737] [jointLog] [warning] read 964c9e59-6c25-496d-80a1-959053ce74c2 (length 14043) has no trained clipping model
[2025-07-09 17:02:15.737] [jointLog] [warning] read 8f915f0d-e028-401e-9e47-281112e61ce3 (length 25476 - align length 212) has no trained error model
[2025-07-09 17:02:15.737] [jointLog] [warning] read 8f915f0d-e028-401e-9e47-281112e61ce3 (length 25476) has no trained clipping model
[2025-07-09 17:02:15.737] [jointLog] [warning] read 8f915f0d-e028-401e-9e47-281112e61ce3 (length 25476) has no trained clipping model
[2025-07-09 17:02:15.737] [jointLog] [warning] read 0fd3f42d-816a-4907-aa61-56a4ae5e32f3 (length 47042 - align length 1697) has no trained error model
[2025-07-09 17:02:15.737] [jointLog] [warning] read 0fd3f42d-816a-4907-aa61-56a4ae5e32f3 (length 47042) has no trained clipping model
[2025-07-09 17:02:15.737] [jointLog] [warning] read 0fd3f42d-816a-4907-aa61-56a4ae5e32f3 (length 47042) has no trained clipping model
[2025-07-09 17:02:15.737] [jointLog] [warning] read fdaee4c3-622e-4a00-aec6-12aa95524190 (length 25575 - align length 748) has no trained error model
[2025-07-09 17:02:15.737] [jointLog] [warning] read fdaee4c3-622e-4a00-aec6-12aa95524190 (length 25575) has no trained clipping model
[2025-07-09 17:02:15.737] [jointLog] [warning] read fdaee4c3-622e-4a00-aec6-12aa95524190 (length 25575) has no trained clipping model
[2025-07-09 17:02:15.737] [jointLog] [warning] read a9c3d703-b939-484a-858b-e0f27572c913 (length 32063 - align length 4241) has no trained error model
[2025-07-09 17:02:15.737] [jointLog] [warning] read a9c3d703-b939-484a-858b-e0f27572c913 (length 32063) has no trained clipping model
[2025-07-09 17:02:15.737] [jointLog] [warning] read a9c3d703-b939-484a-858b-e0f27572c913 (length 32063) has no trained clipping model
[2025-07-09 17:02:15.737] [jointLog] [warning] read 2a9ec001-1196-4489-a397-d6a22f983eaf (length 20697 - align length 86) has no trained error model
[2025-07-09 17:02:15.737] [jointLog] [warning] read 2a9ec001-1196-4489-a397-d6a22f983eaf (length 20697) has no trained clipping model
[2025-07-09 17:02:15.738] [jointLog] [warning] read 2a9ec001-1196-4489-a397-d6a22f983eaf (length 20697) has no trained clipping model
[2025-07-09 17:02:15.738] [jointLog] [warning] read 982efe2a-d27e-4316-945d-e06165a8701e (length 46664 - align length 4294) has no trained error model
[2025-07-09 17:02:15.738] [jointLog] [warning] read 982efe2a-d27e-4316-945d-e06165a8701e (length 46664) has no trained clipping model
[2025-07-09 17:02:15.738] [jointLog] [warning] read 982efe2a-d27e-4316-945d-e06165a8701e (length 46664) has no trained clipping model
[2025-07-09 17:02:15.738] [jointLog] [warning] read 72cb6e69-f911-4617-b4f6-05ac9df0f236 (length 20714 - align length 402) has no trained error model
[2025-07-09 17:02:15.738] [jointLog] [warning] read 72cb6e69-f911-4617-b4f6-05ac9df0f236 (length 20714) has no trained clipping model
[2025-07-09 17:02:15.738] [jointLog] [warning] read 72cb6e69-f911-4617-b4f6-05ac9df0f236 (length 20714) has no trained clipping model
[2025-07-09 17:02:15.738] [jointLog] [warning] read 8f7e3d81-d4e1-4775-80eb-57dc655a941e (length 36565 - align length 3788) has no trained error model
[2025-07-09 17:02:15.738] [jointLog] [warning] read 8f7e3d81-d4e1-4775-80eb-57dc655a941e (length 36565) has no trained clipping model
[2025-07-09 17:02:15.738] [jointLog] [warning] read 8f7e3d81-d4e1-4775-80eb-57dc655a941e (length 36565) has no trained clipping model
[2025-07-09 17:02:15.738] [jointLog] [warning] read e51a4b5b-bd55-4cdd-89d3-74390433274d (length 37568 - align length 784) has no trained error model
[2025-07-09 17:02:15.738] [jointLog] [warning] read e51a4b5b-bd55-4cdd-89d3-74390433274d (length 37568) has no trained clipping model
[2025-07-09 17:02:15.738] [jointLog] [warning] read e51a4b5b-bd55-4cdd-89d3-74390433274d (length 37568) has no trained clipping model
[2025-07-09 17:02:15.738] [jointLog] [warning] read d9000b3c-66b5-4cdc-b7a7-3851d9d45f6a (length 26035) has no trained clipping model
[2025-07-09 17:02:15.738] [jointLog] [warning] read 481b1ff7-caea-44da-af6e-0b8f8cf437de (length 37237 - align length 294) has no trained error model
[2025-07-09 17:02:15.738] [jointLog] [warning] read 481b1ff7-caea-44da-af6e-0b8f8cf437de (length 37237) has no trained clipping model
[2025-07-09 17:02:15.738] [jointLog] [warning] read 481b1ff7-caea-44da-af6e-0b8f8cf437de (length 37237) has no trained clipping model
[2025-07-09 17:02:15.738] [jointLog] [warning] read 6fa41d51-6009-43e6-944f-a507f81d0b55 (length 40628 - align length 680) has no trained error model
[2025-07-09 17:02:15.738] [jointLog] [warning] read 6fa41d51-6009-43e6-944f-a507f81d0b55 (length 40628) has no trained clipping model
[2025-07-09 17:02:15.738] [jointLog] [warning] read 6fa41d51-6009-43e6-944f-a507f81d0b55 (length 40628) has no trained clipping model
[2025-07-09 17:02:15.738] [jointLog] [warning] read 86d958a3-3c7a-4d34-841f-7d90500cd78b (length 15779 - align length 59) has no trained error model
[2025-07-09 17:02:15.738] [jointLog] [warning] read 86d958a3-3c7a-4d34-841f-7d90500cd78b (length 15779) has no trained clipping model
[2025-07-09 17:02:15.738] [jointLog] [warning] read 86d958a3-3c7a-4d34-841f-7d90500cd78b (length 15779) has no trained clipping model
[2025-07-09 17:02:15.738] [jointLog] [warning] read e03992e4-5b0d-453f-a472-bb996e97b52a (length 23714 - align length 75) has no trained error model
[2025-07-09 17:02:15.738] [jointLog] [warning] read e03992e4-5b0d-453f-a472-bb996e97b52a (length 23714) has no trained clipping model
[2025-07-09 17:02:15.738] [jointLog] [warning] read e03992e4-5b0d-453f-a472-bb996e97b52a (length 23714) has no trained clipping model
[2025-07-09 17:02:15.738] [jointLog] [warning] read 157b446e-67bf-4bb1-bb45-d0178c9dcaa3 (length 15794 - align length 94) has no trained error model
[2025-07-09 17:02:15.738] [jointLog] [warning] read 157b446e-67bf-4bb1-bb45-d0178c9dcaa3 (length 15794) has no trained clipping model
[2025-07-09 17:02:15.738] [jointLog] [warning] read 157b446e-67bf-4bb1-bb45-d0178c9dcaa3 (length 15794) has no trained clipping model
[2025-07-09 17:02:15.738] [jointLog] [warning] read b1a85282-0f6c-4c7e-ac7e-9779afe7bd41 (length 31446 - align length 268) has no trained error model
[2025-07-09 17:02:15.738] [jointLog] [warning] read b1a85282-0f6c-4c7e-ac7e-9779afe7bd41 (length 31446) has no trained clipping model
[2025-07-09 17:02:15.738] [jointLog] [warning] read b1a85282-0f6c-4c7e-ac7e-9779afe7bd41 (length 31446) has no trained clipping model
[2025-07-09 17:02:15.738] [jointLog] [warning] read 5aa364aa-c499-4d5e-a38b-2486982be4aa (length 38887 - align length 623) has no trained error model
[2025-07-09 17:02:15.738] [jointLog] [warning] read 5aa364aa-c499-4d5e-a38b-2486982be4aa (length 38887) has no trained clipping model
[2025-07-09 17:02:15.738] [jointLog] [warning] read 5aa364aa-c499-4d5e-a38b-2486982be4aa (length 38887) has no trained clipping model
[2025-07-09 17:02:15.738] [jointLog] [warning] read d8dfc665-d8f3-4903-b16d-70d0f0c1135a (length 44606 - align length 1778) has no trained error model
[2025-07-09 17:02:15.738] [jointLog] [warning] read d8dfc665-d8f3-4903-b16d-70d0f0c1135a (length 44606) has no trained clipping model
[2025-07-09 17:02:15.738] [jointLog] [warning] read d8dfc665-d8f3-4903-b16d-70d0f0c1135a (length 44606) has no trained clipping model
[2025-07-09 17:02:16.756] [jointLog] [warning] read bef4bec0-8902-45f1-9a90-1703392c6431 (length 16416) has no trained clipping model
[2025-07-09 17:02:16.756] [jointLog] [warning] read edcd64a9-89ab-4f0d-99d0-85646c9a2bda (length 13270 - align length 13195) has no trained error model
[2025-07-09 17:02:16.756] [jointLog] [warning] read e288b9c0-56e7-4554-a29c-dd84f3ce420c (length 41764 - align length 213) has no trained error model
[2025-07-09 17:02:16.756] [jointLog] [warning] read e288b9c0-56e7-4554-a29c-dd84f3ce420c (length 41764) has no trained clipping model
[2025-07-09 17:02:16.756] [jointLog] [warning] read e288b9c0-56e7-4554-a29c-dd84f3ce420c (length 41764) has no trained clipping model
[2025-07-09 17:02:16.756] [jointLog] [warning] read ee82f976-beea-4f46-8d15-4bb995951779 (length 32336 - align length 149) has no trained error model
[2025-07-09 17:02:16.756] [jointLog] [warning] read ee82f976-beea-4f46-8d15-4bb995951779 (length 32336) has no trained clipping model
[2025-07-09 17:02:16.756] [jointLog] [warning] read ee82f976-beea-4f46-8d15-4bb995951779 (length 32336) has no trained clipping model
[2025-07-09 17:02:16.757] [jointLog] [warning] read aa305b1b-cddc-4b7e-9a2c-49c61ddfc7f7 (length 25827 - align length 423) has no trained error model
[2025-07-09 17:02:16.757] [jointLog] [warning] read aa305b1b-cddc-4b7e-9a2c-49c61ddfc7f7 (length 25827) has no trained clipping model
[2025-07-09 17:02:16.757] [jointLog] [warning] read aa305b1b-cddc-4b7e-9a2c-49c61ddfc7f7 (length 25827) has no trained clipping model
[2025-07-09 17:02:16.757] [jointLog] [warning] read 6f4e4221-9e5e-4f97-8417-876cd6330424 (length 25837 - align length 753) has no trained error model
[2025-07-09 17:02:16.757] [jointLog] [warning] read 6f4e4221-9e5e-4f97-8417-876cd6330424 (length 25837) has no trained clipping model
[2025-07-09 17:02:16.757] [jointLog] [warning] read 6f4e4221-9e5e-4f97-8417-876cd6330424 (length 25837) has no trained clipping model
[2025-07-09 17:02:16.890] [jointLog] [warning] read 6b00e4fb-6be7-46be-93f7-929ff3104194 (length 13178 - align length 13157) has no trained error model
[2025-07-09 17:02:17.237] [jointLog] [warning] read 049b5c12-0380-4a0f-8f4a-ab551791644a (length 15000 - align length 651) has no trained error model
[2025-07-09 17:02:17.237] [jointLog] [warning] read 049b5c12-0380-4a0f-8f4a-ab551791644a (length 15000) has no trained clipping model
[2025-07-09 17:02:17.237] [jointLog] [warning] read 049b5c12-0380-4a0f-8f4a-ab551791644a (length 15000) has no trained clipping model
[2025-07-09 17:02:17.238] [jointLog] [warning] read ff95006f-e6d3-4c4a-a149-494797019e0b (length 33532 - align length 1394) has no trained error model
[2025-07-09 17:02:17.238] [jointLog] [warning] read ff95006f-e6d3-4c4a-a149-494797019e0b (length 33532) has no trained clipping model
[2025-07-09 17:02:17.238] [jointLog] [warning] read ff95006f-e6d3-4c4a-a149-494797019e0b (length 33532) has no trained clipping model
[2025-07-09 17:02:17.238] [jointLog] [warning] read 0e8f18a0-ec29-4e8c-b5d6-a92886fcdb4a (length 39880) has no trained clipping model
[2025-07-09 17:02:17.238] [jointLog] [warning] read e5094493-b770-441d-8ebb-a2a31349e2e5 (length 36032 - align length 398) has no trained error model
[2025-07-09 17:02:17.238] [jointLog] [warning] read e5094493-b770-441d-8ebb-a2a31349e2e5 (length 36032) has no trained clipping model
[2025-07-09 17:02:17.238] [jointLog] [warning] read e5094493-b770-441d-8ebb-a2a31349e2e5 (length 36032) has no trained clipping model
[2025-07-09 17:02:17.238] [jointLog] [warning] read d9e6879c-4315-4330-bb6d-43d401e32ee5 (length 19023) has no trained clipping model
[2025-07-09 17:02:17.238] [jointLog] [warning] read c6965e9b-c892-4111-84e8-2bf68f23571b (length 27944 - align length 140) has no trained error model
[2025-07-09 17:02:17.238] [jointLog] [warning] read c6965e9b-c892-4111-84e8-2bf68f23571b (length 27944) has no trained clipping model
[2025-07-09 17:02:17.238] [jointLog] [warning] read c6965e9b-c892-4111-84e8-2bf68f23571b (length 27944) has no trained clipping model
[2025-07-09 17:02:17.238] [jointLog] [warning] read ffe43c1b-b0cb-47bc-8194-caf19cf0bf29 (length 21973 - align length 2331) has no trained error model
[2025-07-09 17:02:17.238] [jointLog] [warning] read ffe43c1b-b0cb-47bc-8194-caf19cf0bf29 (length 21973) has no trained clipping model
[2025-07-09 17:02:17.238] [jointLog] [warning] read ffe43c1b-b0cb-47bc-8194-caf19cf0bf29 (length 21973) has no trained clipping model
[2025-07-09 17:02:17.238] [jointLog] [warning] read 75dec12a-a3d9-4b21-8bf3-cf08c5f4858a (length 20575 - align length 114) has no trained error model
[2025-07-09 17:02:17.238] [jointLog] [warning] read 75dec12a-a3d9-4b21-8bf3-cf08c5f4858a (length 20575) has no trained clipping model
[2025-07-09 17:02:17.238] [jointLog] [warning] read 75dec12a-a3d9-4b21-8bf3-cf08c5f4858a (length 20575) has no trained clipping model
[2025-07-09 17:02:18.363] [fileLog] [info] quantification processed 7000000 fragments so far

[2025-07-09 17:02:22.941] [fileLog] [info] quantification processed 8000000 fragments so far

[2025-07-09 17:02:27.523] [fileLog] [info] quantification processed 9000000 fragments so far

[2025-07-09 17:02:27.843] [jointLog] [warning] read cd66d008-abbb-4bc1-89c2-b3bab03c900e (length 36194 - align length 4074) has no trained error model
[2025-07-09 17:02:27.843] [jointLog] [warning] read cd66d008-abbb-4bc1-89c2-b3bab03c900e (length 36194) has no trained clipping model
[2025-07-09 17:02:27.843] [jointLog] [warning] read cd66d008-abbb-4bc1-89c2-b3bab03c900e (length 36194) has no trained clipping model
[2025-07-09 17:02:27.843] [jointLog] [warning] read b0bc92e8-b0c4-4631-9c8a-d3bc3af6b455 (length 24539 - align length 335) has no trained error model
[2025-07-09 17:02:27.843] [jointLog] [warning] read b0bc92e8-b0c4-4631-9c8a-d3bc3af6b455 (length 24539) has no trained clipping model
[2025-07-09 17:02:27.843] [jointLog] [warning] read b0bc92e8-b0c4-4631-9c8a-d3bc3af6b455 (length 24539) has no trained clipping model
[2025-07-09 17:02:27.843] [jointLog] [warning] read 7fc09719-4164-48c3-a5ba-02d80bc3dd36 (length 21757 - align length 3368) has no trained error model
[2025-07-09 17:02:27.843] [jointLog] [warning] read 7fc09719-4164-48c3-a5ba-02d80bc3dd36 (length 21757) has no trained clipping model
[2025-07-09 17:02:27.843] [jointLog] [warning] read 7fc09719-4164-48c3-a5ba-02d80bc3dd36 (length 21757) has no trained clipping model
[2025-07-09 17:02:27.843] [jointLog] [warning] read 232613ba-c753-429f-a2ff-1b97f6164cbc (length 14011 - align length 13913) has no trained error model
[2025-07-09 17:02:27.843] [jointLog] [warning] read 232613ba-c753-429f-a2ff-1b97f6164cbc (length 14011) has no trained clipping model
[2025-07-09 17:02:27.843] [jointLog] [warning] read 232613ba-c753-429f-a2ff-1b97f6164cbc (length 14011) has no trained clipping model
[2025-07-09 17:02:27.843] [jointLog] [warning] read 5f70e634-4768-479c-a8fd-1dd16f2c3828 (length 19440 - align length 3185) has no trained error model
[2025-07-09 17:02:27.843] [jointLog] [warning] read 5f70e634-4768-479c-a8fd-1dd16f2c3828 (length 19440) has no trained clipping model
[2025-07-09 17:02:27.843] [jointLog] [warning] read 5f70e634-4768-479c-a8fd-1dd16f2c3828 (length 19440) has no trained clipping model
[2025-07-09 17:02:27.844] [jointLog] [warning] read 16921044-4661-494a-8332-d74334a96f75 (length 19114 - align length 3353) has no trained error model
[2025-07-09 17:02:27.844] [jointLog] [warning] read 16921044-4661-494a-8332-d74334a96f75 (length 19114) has no trained clipping model
[2025-07-09 17:02:27.844] [jointLog] [warning] read 16921044-4661-494a-8332-d74334a96f75 (length 19114) has no trained clipping model
[2025-07-09 17:02:27.844] [jointLog] [warning] read 93eb7091-7d98-4ee0-894c-516ca392091e (length 34210 - align length 1805) has no trained error model
[2025-07-09 17:02:27.844] [jointLog] [warning] read 93eb7091-7d98-4ee0-894c-516ca392091e (length 34210) has no trained clipping model
[2025-07-09 17:02:27.844] [jointLog] [warning] read 93eb7091-7d98-4ee0-894c-516ca392091e (length 34210) has no trained clipping model
[2025-07-09 17:02:27.844] [jointLog] [warning] read e3dac21c-cb09-4970-ae03-ffa2b677a6f7 (length 23124 - align length 94) has no trained error model
[2025-07-09 17:02:27.844] [jointLog] [warning] read e3dac21c-cb09-4970-ae03-ffa2b677a6f7 (length 23124) has no trained clipping model
[2025-07-09 17:02:27.844] [jointLog] [warning] read e3dac21c-cb09-4970-ae03-ffa2b677a6f7 (length 23124) has no trained clipping model
[2025-07-09 17:02:27.844] [jointLog] [warning] read c325d5d9-567b-4de2-844a-5312378b5c7c (length 33061 - align length 408) has no trained error model
[2025-07-09 17:02:27.844] [jointLog] [warning] read c325d5d9-567b-4de2-844a-5312378b5c7c (length 33061) has no trained clipping model
[2025-07-09 17:02:27.844] [jointLog] [warning] read c325d5d9-567b-4de2-844a-5312378b5c7c (length 33061) has no trained clipping model
[2025-07-09 17:02:27.844] [jointLog] [warning] read cc5f3374-37ef-4e90-811c-148ef13548c0 (length 22908 - align length 339) has no trained error model
[2025-07-09 17:02:27.844] [jointLog] [warning] read cc5f3374-37ef-4e90-811c-148ef13548c0 (length 22908) has no trained clipping model
[2025-07-09 17:02:27.844] [jointLog] [warning] read cc5f3374-37ef-4e90-811c-148ef13548c0 (length 22908) has no trained clipping model
[2025-07-09 17:02:27.844] [jointLog] [warning] read 7ebe89b2-00ae-4196-b4cf-56375a90bbbc (length 45700 - align length 287) has no trained error model
[2025-07-09 17:02:27.844] [jointLog] [warning] read 7ebe89b2-00ae-4196-b4cf-56375a90bbbc (length 45700) has no trained clipping model
[2025-07-09 17:02:27.844] [jointLog] [warning] read 7ebe89b2-00ae-4196-b4cf-56375a90bbbc (length 45700) has no trained clipping model
[2025-07-09 17:02:27.844] [jointLog] [warning] read 7e424dde-b279-44fa-a987-17efc6cd55ff (length 36250 - align length 510) has no trained error model
[2025-07-09 17:02:27.844] [jointLog] [warning] read 7e424dde-b279-44fa-a987-17efc6cd55ff (length 36250) has no trained clipping model
[2025-07-09 17:02:27.844] [jointLog] [warning] read 7e424dde-b279-44fa-a987-17efc6cd55ff (length 36250) has no trained clipping model
[2025-07-09 17:02:27.844] [jointLog] [warning] read c01e736c-fff6-41bc-bdd4-8b2ee761ce05 (length 49398 - align length 227) has no trained error model
[2025-07-09 17:02:27.844] [jointLog] [warning] read c01e736c-fff6-41bc-bdd4-8b2ee761ce05 (length 49398) has no trained clipping model
[2025-07-09 17:02:27.844] [jointLog] [warning] read c01e736c-fff6-41bc-bdd4-8b2ee761ce05 (length 49398) has no trained clipping model
[2025-07-09 17:02:27.844] [jointLog] [warning] read f385b8ec-7370-4e2b-b104-47864808f7cd (length 48045 - align length 2467) has no trained error model
[2025-07-09 17:02:27.844] [jointLog] [warning] read f385b8ec-7370-4e2b-b104-47864808f7cd (length 48045) has no trained clipping model
[2025-07-09 17:02:27.844] [jointLog] [warning] read f385b8ec-7370-4e2b-b104-47864808f7cd (length 48045) has no trained clipping model
[2025-07-09 17:02:27.845] [jointLog] [warning] read 28e130f5-150c-48fa-82a4-0b74f0b2ebd2 (length 15012 - align length 124) has no trained error model
[2025-07-09 17:02:27.845] [jointLog] [warning] read 28e130f5-150c-48fa-82a4-0b74f0b2ebd2 (length 15012) has no trained clipping model
[2025-07-09 17:02:27.845] [jointLog] [warning] read 28e130f5-150c-48fa-82a4-0b74f0b2ebd2 (length 15012) has no trained clipping model
[2025-07-09 17:02:27.845] [jointLog] [warning] read 739978c0-3399-4121-9b26-42388184e21f (length 48137 - align length 208) has no trained error model
[2025-07-09 17:02:27.845] [jointLog] [warning] read 739978c0-3399-4121-9b26-42388184e21f (length 48137) has no trained clipping model
[2025-07-09 17:02:27.845] [jointLog] [warning] read 739978c0-3399-4121-9b26-42388184e21f (length 48137) has no trained clipping model
[2025-07-09 17:02:27.845] [jointLog] [warning] read b8bf430f-8c02-4532-87db-0c718ff1789c (length 23827 - align length 518) has no trained error model
[2025-07-09 17:02:27.845] [jointLog] [warning] read b8bf430f-8c02-4532-87db-0c718ff1789c (length 23827) has no trained clipping model
[2025-07-09 17:02:27.845] [jointLog] [warning] read b8bf430f-8c02-4532-87db-0c718ff1789c (length 23827) has no trained clipping model
[2025-07-09 17:02:27.845] [jointLog] [warning] read 4a9467f0-5893-45f3-9fdb-5238f1238fbe (length 12986 - align length 12931) has no trained error model
[2025-07-09 17:02:27.845] [jointLog] [warning] read 03ded044-9f1f-44e9-816d-15b2cd2e52a9 (length 24916 - align length 4260) has no trained error model
[2025-07-09 17:02:27.845] [jointLog] [warning] read 03ded044-9f1f-44e9-816d-15b2cd2e52a9 (length 24916) has no trained clipping model
[2025-07-09 17:02:27.845] [jointLog] [warning] read 03ded044-9f1f-44e9-816d-15b2cd2e52a9 (length 24916) has no trained clipping model
[2025-07-09 17:02:27.845] [jointLog] [warning] read 38ba4ebb-fee1-4654-b96d-05aaa43cc9c0 (length 30102) has no trained clipping model
[2025-07-09 17:02:27.845] [jointLog] [warning] read 83ea5496-5ea7-40ba-820e-c3015e31c018 (length 31804) has no trained clipping model
[2025-07-09 17:02:27.845] [jointLog] [warning] read a9bef6a5-01e9-499e-8fcc-d04a6486a842 (length 47299 - align length 905) has no trained error model
[2025-07-09 17:02:27.845] [jointLog] [warning] read a9bef6a5-01e9-499e-8fcc-d04a6486a842 (length 47299) has no trained clipping model
[2025-07-09 17:02:27.845] [jointLog] [warning] read a9bef6a5-01e9-499e-8fcc-d04a6486a842 (length 47299) has no trained clipping model
[2025-07-09 17:02:27.846] [jointLog] [warning] read 6b84310e-a9c8-4b97-8ce7-d416bbff1b5f (length 14176 - align length 14099) has no trained error model
[2025-07-09 17:02:27.846] [jointLog] [warning] read 0f950951-6457-4dd2-90e3-31408ed4ebe1 (length 30189) has no trained clipping model
[2025-07-09 17:02:27.846] [jointLog] [warning] read 3f715f82-0e03-4b83-8d06-764b70fac2a0 (length 46119 - align length 734) has no trained error model
[2025-07-09 17:02:27.846] [jointLog] [warning] read 3f715f82-0e03-4b83-8d06-764b70fac2a0 (length 46119) has no trained clipping model
[2025-07-09 17:02:27.846] [jointLog] [warning] read 3f715f82-0e03-4b83-8d06-764b70fac2a0 (length 46119) has no trained clipping model
[2025-07-09 17:02:27.846] [jointLog] [warning] read ceedb368-6296-45fc-8fe0-b9d3d8f17974 (length 35331 - align length 920) has no trained error model
[2025-07-09 17:02:27.846] [jointLog] [warning] read ceedb368-6296-45fc-8fe0-b9d3d8f17974 (length 35331) has no trained clipping model
[2025-07-09 17:02:27.846] [jointLog] [warning] read ceedb368-6296-45fc-8fe0-b9d3d8f17974 (length 35331) has no trained clipping model
[2025-07-09 17:02:27.846] [jointLog] [warning] read 182193b8-f203-460a-b539-b4ada7cc460d (length 19209 - align length 169) has no trained error model
[2025-07-09 17:02:27.846] [jointLog] [warning] read 182193b8-f203-460a-b539-b4ada7cc460d (length 19209) has no trained clipping model
[2025-07-09 17:02:27.846] [jointLog] [warning] read 182193b8-f203-460a-b539-b4ada7cc460d (length 19209) has no trained clipping model
[2025-07-09 17:02:27.846] [jointLog] [warning] read d3ca48c0-9913-403c-9431-315c639c1686 (length 31525 - align length 2391) has no trained error model
[2025-07-09 17:02:27.846] [jointLog] [warning] read d3ca48c0-9913-403c-9431-315c639c1686 (length 31525) has no trained clipping model
[2025-07-09 17:02:27.846] [jointLog] [warning] read d3ca48c0-9913-403c-9431-315c639c1686 (length 31525) has no trained clipping model
[2025-07-09 17:02:27.846] [jointLog] [warning] read 9f22d1ae-9aed-4884-881d-7b09f249f592 (length 19226 - align length 3960) has no trained error model
[2025-07-09 17:02:27.846] [jointLog] [warning] read 9f22d1ae-9aed-4884-881d-7b09f249f592 (length 19226) has no trained clipping model
[2025-07-09 17:02:27.846] [jointLog] [warning] read 9f22d1ae-9aed-4884-881d-7b09f249f592 (length 19226) has no trained clipping model
[2025-07-09 17:02:27.846] [jointLog] [warning] read 8d385dd8-8051-4345-a0c4-cc615019c8aa (length 22443 - align length 258) has no trained error model
[2025-07-09 17:02:27.846] [jointLog] [warning] read 8d385dd8-8051-4345-a0c4-cc615019c8aa (length 22443) has no trained clipping model
[2025-07-09 17:02:27.846] [jointLog] [warning] read 8d385dd8-8051-4345-a0c4-cc615019c8aa (length 22443) has no trained clipping model
[2025-07-09 17:02:27.846] [jointLog] [warning] read 2c19c05d-ec3b-44e7-99af-54201c260621 (length 27513 - align length 1994) has no trained error model
[2025-07-09 17:02:27.846] [jointLog] [warning] read 2c19c05d-ec3b-44e7-99af-54201c260621 (length 27513) has no trained clipping model
[2025-07-09 17:02:27.846] [jointLog] [warning] read 2c19c05d-ec3b-44e7-99af-54201c260621 (length 27513) has no trained clipping model
[2025-07-09 17:02:27.846] [jointLog] [warning] read 284dbede-a54d-41ba-8b1b-2339a6c7a46d (length 20890) has no trained clipping model
[2025-07-09 17:02:27.846] [jointLog] [warning] read f1f2e257-e139-4ddf-8f6e-dbb8f667ccc4 (length 37129 - align length 457) has no trained error model
[2025-07-09 17:02:27.846] [jointLog] [warning] read f1f2e257-e139-4ddf-8f6e-dbb8f667ccc4 (length 37129) has no trained clipping model
[2025-07-09 17:02:27.846] [jointLog] [warning] read f1f2e257-e139-4ddf-8f6e-dbb8f667ccc4 (length 37129) has no trained clipping model
[2025-07-09 17:02:27.846] [jointLog] [warning] read 21507274-20de-47b6-9c30-c7003f77bb03 (length 26888) has no trained clipping model
[2025-07-09 17:02:27.846] [jointLog] [warning] read e09028a6-2082-4310-9af5-85b25916324d (length 41024 - align length 896) has no trained error model
[2025-07-09 17:02:27.846] [jointLog] [warning] read e09028a6-2082-4310-9af5-85b25916324d (length 41024) has no trained clipping model
[2025-07-09 17:02:27.846] [jointLog] [warning] read e09028a6-2082-4310-9af5-85b25916324d (length 41024) has no trained clipping model
[2025-07-09 17:02:27.846] [jointLog] [warning] read 1427c847-6370-4b99-9449-06dedccc9e27 (length 24858 - align length 130) has no trained error model
[2025-07-09 17:02:27.846] [jointLog] [warning] read 1427c847-6370-4b99-9449-06dedccc9e27 (length 24858) has no trained clipping model
[2025-07-09 17:02:27.846] [jointLog] [warning] read 1427c847-6370-4b99-9449-06dedccc9e27 (length 24858) has no trained clipping model
[2025-07-09 17:02:27.846] [jointLog] [warning] read b4fa7d2a-4b84-4b1f-99a9-de3b6f8435ca (length 28193 - align length 2362) has no trained error model
[2025-07-09 17:02:27.846] [jointLog] [warning] read b4fa7d2a-4b84-4b1f-99a9-de3b6f8435ca (length 28193) has no trained clipping model
[2025-07-09 17:02:27.846] [jointLog] [warning] read b4fa7d2a-4b84-4b1f-99a9-de3b6f8435ca (length 28193) has no trained clipping model
[2025-07-09 17:02:27.846] [jointLog] [warning] read f551bae5-b6a9-4466-94c1-d403ff7e1a59 (length 31059 - align length 395) has no trained error model
[2025-07-09 17:02:27.846] [jointLog] [warning] read f551bae5-b6a9-4466-94c1-d403ff7e1a59 (length 31059) has no trained clipping model
[2025-07-09 17:02:27.846] [jointLog] [warning] read f551bae5-b6a9-4466-94c1-d403ff7e1a59 (length 31059) has no trained clipping model
[2025-07-09 17:02:27.847] [jointLog] [warning] read fc7228c6-fbf3-405e-baff-1fd5888acfd6 (length 32376 - align length 2069) has no trained error model
[2025-07-09 17:02:27.847] [jointLog] [warning] read fc7228c6-fbf3-405e-baff-1fd5888acfd6 (length 32376) has no trained clipping model
[2025-07-09 17:02:27.847] [jointLog] [warning] read fc7228c6-fbf3-405e-baff-1fd5888acfd6 (length 32376) has no trained clipping model
[2025-07-09 17:02:27.847] [jointLog] [warning] read 9458f9c9-eeae-4d6a-9bd2-b862b679a6bc (length 38095 - align length 114) has no trained error model
[2025-07-09 17:02:27.847] [jointLog] [warning] read 9458f9c9-eeae-4d6a-9bd2-b862b679a6bc (length 38095) has no trained clipping model
[2025-07-09 17:02:27.847] [jointLog] [warning] read 9458f9c9-eeae-4d6a-9bd2-b862b679a6bc (length 38095) has no trained clipping model
[2025-07-09 17:02:27.847] [jointLog] [warning] read 8a813aee-1263-4bc0-a1a3-1daeb3ca5e74 (length 22082) has no trained clipping model
[2025-07-09 17:02:27.847] [jointLog] [warning] read 2ca08f15-8a22-4478-8edf-446c8fca96a8 (length 25523 - align length 300) has no trained error model
[2025-07-09 17:02:27.847] [jointLog] [warning] read 2ca08f15-8a22-4478-8edf-446c8fca96a8 (length 25523) has no trained clipping model
[2025-07-09 17:02:27.847] [jointLog] [warning] read 2ca08f15-8a22-4478-8edf-446c8fca96a8 (length 25523) has no trained clipping model
[2025-07-09 17:02:27.847] [jointLog] [warning] read cef96474-19a2-4d7b-be3e-f907c3a04440 (length 23179 - align length 107) has no trained error model
[2025-07-09 17:02:27.847] [jointLog] [warning] read cef96474-19a2-4d7b-be3e-f907c3a04440 (length 23179) has no trained clipping model
[2025-07-09 17:02:27.847] [jointLog] [warning] read cef96474-19a2-4d7b-be3e-f907c3a04440 (length 23179) has no trained clipping model
[2025-07-09 17:02:27.847] [jointLog] [warning] read 94b2b89c-0cae-4674-96f2-fa6b5298bf77 (length 25437 - align length 309) has no trained error model
[2025-07-09 17:02:27.847] [jointLog] [warning] read 94b2b89c-0cae-4674-96f2-fa6b5298bf77 (length 25437) has no trained clipping model
[2025-07-09 17:02:27.847] [jointLog] [warning] read 94b2b89c-0cae-4674-96f2-fa6b5298bf77 (length 25437) has no trained clipping model
[2025-07-09 17:02:27.848] [jointLog] [warning] read 6adc5e1e-a65e-4862-aa37-30bb2b223372 (length 22381 - align length 6310) has no trained error model
[2025-07-09 17:02:27.848] [jointLog] [warning] read 6adc5e1e-a65e-4862-aa37-30bb2b223372 (length 22381) has no trained clipping model
[2025-07-09 17:02:27.848] [jointLog] [warning] read 6adc5e1e-a65e-4862-aa37-30bb2b223372 (length 22381) has no trained clipping model
[2025-07-09 17:02:27.848] [jointLog] [warning] read d07cb72d-22df-4d0b-96cc-f816e2fc35e5 (length 49892 - align length 647) has no trained error model
[2025-07-09 17:02:27.848] [jointLog] [warning] read d07cb72d-22df-4d0b-96cc-f816e2fc35e5 (length 49892) has no trained clipping model
[2025-07-09 17:02:27.848] [jointLog] [warning] read d07cb72d-22df-4d0b-96cc-f816e2fc35e5 (length 49892) has no trained clipping model
[2025-07-09 17:02:32.200] [fileLog] [info] quantification processed 10000000 fragments so far

[2025-07-09 17:02:32.311] [jointLog] [warning] read 83c54874-a53f-4098-96ec-59957379c3b2 (length 13408 - align length 13376) has no trained error model
[2025-07-09 17:02:32.311] [jointLog] [warning] read 83c54874-a53f-4098-96ec-59957379c3b2 (length 13408) has no trained clipping model
[2025-07-09 17:02:32.311] [jointLog] [warning] read 83c54874-a53f-4098-96ec-59957379c3b2 (length 13408) has no trained clipping model
[2025-07-09 17:02:33.192] [jointLog] [warning] read 386f162b-6044-4f8d-9811-8eb65abc1281 (length 16827 - align length 16663) has no trained error model
[2025-07-09 17:02:33.192] [jointLog] [warning] read c1bbfee0-001e-4007-abb2-ecdfff5184db (length 48990 - align length 434) has no trained error model
[2025-07-09 17:02:33.192] [jointLog] [warning] read c1bbfee0-001e-4007-abb2-ecdfff5184db (length 48990) has no trained clipping model
[2025-07-09 17:02:33.192] [jointLog] [warning] read c1bbfee0-001e-4007-abb2-ecdfff5184db (length 48990) has no trained clipping model
[2025-07-09 17:02:33.192] [jointLog] [warning] read 3503a987-1804-40a9-8732-e94af3d3a70f (length 42460 - align length 1106) has no trained error model
[2025-07-09 17:02:33.192] [jointLog] [warning] read 3503a987-1804-40a9-8732-e94af3d3a70f (length 42460) has no trained clipping model
[2025-07-09 17:02:33.192] [jointLog] [warning] read 3503a987-1804-40a9-8732-e94af3d3a70f (length 42460) has no trained clipping model
[2025-07-09 17:02:33.193] [jointLog] [warning] read 3ad92d08-f1dd-42e7-bb36-112b490ace59 (length 36348 - align length 2281) has no trained error model
[2025-07-09 17:02:33.193] [jointLog] [warning] read 3ad92d08-f1dd-42e7-bb36-112b490ace59 (length 36348) has no trained clipping model
[2025-07-09 17:02:33.193] [jointLog] [warning] read 3ad92d08-f1dd-42e7-bb36-112b490ace59 (length 36348) has no trained clipping model
[2025-07-09 17:02:33.193] [jointLog] [warning] read 72fbd342-c217-4aa0-bdd0-eb655e71fe05 (length 39620 - align length 697) has no trained error model
[2025-07-09 17:02:33.193] [jointLog] [warning] read 72fbd342-c217-4aa0-bdd0-eb655e71fe05 (length 39620) has no trained clipping model
[2025-07-09 17:02:33.193] [jointLog] [warning] read 72fbd342-c217-4aa0-bdd0-eb655e71fe05 (length 39620) has no trained clipping model
[2025-07-09 17:02:33.193] [jointLog] [warning] read 7991b1ff-96f1-42b1-8478-2b02295452dc (length 39893) has no trained clipping model
[2025-07-09 17:02:33.193] [jointLog] [warning] read 90fdbff5-585d-47ea-9284-a3f384c1f80b (length 21701 - align length 3067) has no trained error model
[2025-07-09 17:02:33.193] [jointLog] [warning] read 90fdbff5-585d-47ea-9284-a3f384c1f80b (length 21701) has no trained clipping model
[2025-07-09 17:02:33.193] [jointLog] [warning] read 90fdbff5-585d-47ea-9284-a3f384c1f80b (length 21701) has no trained clipping model
[2025-07-09 17:02:33.193] [jointLog] [warning] read 78fcecf8-ccdc-4814-b713-8edadfcc539f (length 23823 - align length 1250) has no trained error model
[2025-07-09 17:02:33.193] [jointLog] [warning] read 78fcecf8-ccdc-4814-b713-8edadfcc539f (length 23823) has no trained clipping model
[2025-07-09 17:02:33.193] [jointLog] [warning] read 78fcecf8-ccdc-4814-b713-8edadfcc539f (length 23823) has no trained clipping model
[2025-07-09 17:02:33.193] [jointLog] [warning] read d96bc33a-62f5-4451-b272-85b06afdc990 (length 31988 - align length 248) has no trained error model
[2025-07-09 17:02:33.193] [jointLog] [warning] read d96bc33a-62f5-4451-b272-85b06afdc990 (length 31988) has no trained clipping model
[2025-07-09 17:02:33.193] [jointLog] [warning] read d96bc33a-62f5-4451-b272-85b06afdc990 (length 31988) has no trained clipping model
[2025-07-09 17:02:33.193] [jointLog] [warning] read 5fe06a55-d0b0-44c1-96e9-316f87005a3b (length 22088) has no trained clipping model
[2025-07-09 17:02:33.193] [jointLog] [warning] read 5525915c-06b0-4efd-9dfb-2f86db82475e (length 42176 - align length 493) has no trained error model
[2025-07-09 17:02:33.193] [jointLog] [warning] read 5525915c-06b0-4efd-9dfb-2f86db82475e (length 42176) has no trained clipping model
[2025-07-09 17:02:33.193] [jointLog] [warning] read 5525915c-06b0-4efd-9dfb-2f86db82475e (length 42176) has no trained clipping model
[2025-07-09 17:02:35.673] [jointLog] [warning] read 5d3f6b55-26fb-48c7-b46d-1a81c475ab8a (length 15768 - align length 4314) has no trained error model
[2025-07-09 17:02:35.673] [jointLog] [warning] read 5d3f6b55-26fb-48c7-b46d-1a81c475ab8a (length 15768) has no trained clipping model
[2025-07-09 17:02:35.673] [jointLog] [warning] read 5d3f6b55-26fb-48c7-b46d-1a81c475ab8a (length 15768) has no trained clipping model
[2025-07-09 17:02:35.673] [jointLog] [warning] read 46208ef5-545a-441c-816f-f29f534c050c (length 36180 - align length 349) has no trained error model
[2025-07-09 17:02:35.673] [jointLog] [warning] read 46208ef5-545a-441c-816f-f29f534c050c (length 36180) has no trained clipping model
[2025-07-09 17:02:35.673] [jointLog] [warning] read 46208ef5-545a-441c-816f-f29f534c050c (length 36180) has no trained clipping model
[2025-07-09 17:02:35.673] [jointLog] [warning] read f323be1e-33c5-4566-9cfe-83dc141b9e6c (length 34277 - align length 999) has no trained error model
[2025-07-09 17:02:35.673] [jointLog] [warning] read f323be1e-33c5-4566-9cfe-83dc141b9e6c (length 34277) has no trained clipping model
[2025-07-09 17:02:35.673] [jointLog] [warning] read f323be1e-33c5-4566-9cfe-83dc141b9e6c (length 34277) has no trained clipping model
[2025-07-09 17:02:35.673] [jointLog] [warning] read e680748d-e162-4fd7-8806-9fa1d0ea5c64 (length 19005) has no trained clipping model
[2025-07-09 17:02:35.674] [jointLog] [warning] read a73a5e59-6953-4a77-ba44-11504d1862a9 (length 40280 - align length 1601) has no trained error model
[2025-07-09 17:02:35.674] [jointLog] [warning] read a73a5e59-6953-4a77-ba44-11504d1862a9 (length 40280) has no trained clipping model
[2025-07-09 17:02:35.674] [jointLog] [warning] read a73a5e59-6953-4a77-ba44-11504d1862a9 (length 40280) has no trained clipping model
[2025-07-09 17:02:35.674] [jointLog] [warning] read fd72a8ed-2197-4e7a-b985-0a3b9792a839 (length 19042) has no trained clipping model
[2025-07-09 17:02:35.674] [jointLog] [warning] read 1cb342a1-e90a-42ec-a6ae-b282a00d1f96 (length 13400 - align length 416) has no trained error model
[2025-07-09 17:02:35.674] [jointLog] [warning] read 1cb342a1-e90a-42ec-a6ae-b282a00d1f96 (length 13400) has no trained clipping model
[2025-07-09 17:02:35.674] [jointLog] [warning] read 1cb342a1-e90a-42ec-a6ae-b282a00d1f96 (length 13400) has no trained clipping model
[2025-07-09 17:02:35.674] [jointLog] [warning] read 832f73be-ce7e-4e5c-aa90-4670b80a70b0 (length 31092 - align length 1974) has no trained error model
[2025-07-09 17:02:35.674] [jointLog] [warning] read 832f73be-ce7e-4e5c-aa90-4670b80a70b0 (length 31092) has no trained clipping model
[2025-07-09 17:02:35.674] [jointLog] [warning] read 832f73be-ce7e-4e5c-aa90-4670b80a70b0 (length 31092) has no trained clipping model
[2025-07-09 17:02:35.674] [jointLog] [warning] read 0105ca5e-ecef-4161-a3a5-618b05da452b (length 16613) has no trained clipping model
[2025-07-09 17:02:35.674] [jointLog] [warning] read 407773fa-a5b2-4537-afa4-0930875d1982 (length 46004 - align length 457) has no trained error model
[2025-07-09 17:02:35.674] [jointLog] [warning] read 407773fa-a5b2-4537-afa4-0930875d1982 (length 46004) has no trained clipping model
[2025-07-09 17:02:35.674] [jointLog] [warning] read 407773fa-a5b2-4537-afa4-0930875d1982 (length 46004) has no trained clipping model
[2025-07-09 17:02:35.674] [jointLog] [warning] read 28365666-4f28-45fe-a197-35bf9141a6ab (length 15665 - align length 15585) has no trained error model
[2025-07-09 17:02:35.674] [jointLog] [warning] read 6f6e4077-6d12-4f02-a66c-dc78d3344ac6 (length 35443 - align length 2231) has no trained error model
[2025-07-09 17:02:35.674] [jointLog] [warning] read 6f6e4077-6d12-4f02-a66c-dc78d3344ac6 (length 35443) has no trained clipping model
[2025-07-09 17:02:35.674] [jointLog] [warning] read 6f6e4077-6d12-4f02-a66c-dc78d3344ac6 (length 35443) has no trained clipping model
[2025-07-09 17:02:35.674] [jointLog] [warning] read da3babcf-779c-444b-bc26-0acd767389f8 (length 21715 - align length 747) has no trained error model
[2025-07-09 17:02:35.674] [jointLog] [warning] read da3babcf-779c-444b-bc26-0acd767389f8 (length 21715) has no trained clipping model
[2025-07-09 17:02:35.674] [jointLog] [warning] read da3babcf-779c-444b-bc26-0acd767389f8 (length 21715) has no trained clipping model
[2025-07-09 17:02:35.674] [jointLog] [warning] read cd033b38-45a8-488f-a97a-2698ab1c4867 (length 23074 - align length 1162) has no trained error model
[2025-07-09 17:02:35.674] [jointLog] [warning] read cd033b38-45a8-488f-a97a-2698ab1c4867 (length 23074) has no trained clipping model
[2025-07-09 17:02:35.674] [jointLog] [warning] read cd033b38-45a8-488f-a97a-2698ab1c4867 (length 23074) has no trained clipping model
[2025-07-09 17:02:35.675] [jointLog] [warning] read 49dcc4d2-0c3b-48db-acce-49891a9ec309 (length 41560 - align length 1153) has no trained error model
[2025-07-09 17:02:35.675] [jointLog] [warning] read 49dcc4d2-0c3b-48db-acce-49891a9ec309 (length 41560) has no trained clipping model
[2025-07-09 17:02:35.675] [jointLog] [warning] read 49dcc4d2-0c3b-48db-acce-49891a9ec309 (length 41560) has no trained clipping model
[2025-07-09 17:02:35.675] [jointLog] [warning] read 3bc3fc09-8df5-4411-8c8d-5e542cb52ad6 (length 38655 - align length 1804) has no trained error model
[2025-07-09 17:02:35.675] [jointLog] [warning] read 3bc3fc09-8df5-4411-8c8d-5e542cb52ad6 (length 38655) has no trained clipping model
[2025-07-09 17:02:35.675] [jointLog] [warning] read 3bc3fc09-8df5-4411-8c8d-5e542cb52ad6 (length 38655) has no trained clipping model
[2025-07-09 17:02:35.675] [jointLog] [warning] read f7585cd9-fa25-4eec-842a-113fc58f782f (length 36956 - align length 96) has no trained error model
[2025-07-09 17:02:35.675] [jointLog] [warning] read f7585cd9-fa25-4eec-842a-113fc58f782f (length 36956) has no trained clipping model
[2025-07-09 17:02:35.675] [jointLog] [warning] read f7585cd9-fa25-4eec-842a-113fc58f782f (length 36956) has no trained clipping model
[2025-07-09 17:02:35.675] [jointLog] [warning] read 72637919-2248-4cee-b6f6-5ac33092e0fc (length 18659 - align length 345) has no trained error model
[2025-07-09 17:02:35.675] [jointLog] [warning] read 72637919-2248-4cee-b6f6-5ac33092e0fc (length 18659) has no trained clipping model
[2025-07-09 17:02:35.675] [jointLog] [warning] read 72637919-2248-4cee-b6f6-5ac33092e0fc (length 18659) has no trained clipping model
[2025-07-09 17:02:35.675] [jointLog] [warning] read 4ca13447-18ec-42aa-a5e5-5c5c00622cbe (length 38657 - align length 1851) has no trained error model
[2025-07-09 17:02:35.675] [jointLog] [warning] read 4ca13447-18ec-42aa-a5e5-5c5c00622cbe (length 38657) has no trained clipping model
[2025-07-09 17:02:35.675] [jointLog] [warning] read 4ca13447-18ec-42aa-a5e5-5c5c00622cbe (length 38657) has no trained clipping model
[2025-07-09 17:02:35.675] [jointLog] [warning] read 5cff9b82-1bcc-448a-94cb-e6984d3d723f (length 17366 - align length 1897) has no trained error model
[2025-07-09 17:02:35.675] [jointLog] [warning] read 5cff9b82-1bcc-448a-94cb-e6984d3d723f (length 17366) has no trained clipping model
[2025-07-09 17:02:35.675] [jointLog] [warning] read 5cff9b82-1bcc-448a-94cb-e6984d3d723f (length 17366) has no trained clipping model
[2025-07-09 17:02:35.675] [jointLog] [warning] read 14aa8338-5116-4301-99fa-5966a42be152 (length 36296 - align length 70) has no trained error model
[2025-07-09 17:02:35.675] [jointLog] [warning] read 14aa8338-5116-4301-99fa-5966a42be152 (length 36296) has no trained clipping model
[2025-07-09 17:02:35.675] [jointLog] [warning] read 14aa8338-5116-4301-99fa-5966a42be152 (length 36296) has no trained clipping model
[2025-07-09 17:02:35.675] [jointLog] [warning] read 07f9387b-b351-4460-beb3-318b45211a51 (length 20730 - align length 371) has no trained error model
[2025-07-09 17:02:35.675] [jointLog] [warning] read 07f9387b-b351-4460-beb3-318b45211a51 (length 20730) has no trained clipping model
[2025-07-09 17:02:35.675] [jointLog] [warning] read 07f9387b-b351-4460-beb3-318b45211a51 (length 20730) has no trained clipping model
[2025-07-09 17:02:35.675] [jointLog] [warning] read f441c2cd-dd1d-496d-ae37-99f0334ca2b8 (length 24890 - align length 3361) has no trained error model
[2025-07-09 17:02:35.675] [jointLog] [warning] read f441c2cd-dd1d-496d-ae37-99f0334ca2b8 (length 24890) has no trained clipping model
[2025-07-09 17:02:35.675] [jointLog] [warning] read f441c2cd-dd1d-496d-ae37-99f0334ca2b8 (length 24890) has no trained clipping model
[2025-07-09 17:02:35.675] [jointLog] [warning] read 25b3887a-a568-4d77-a83e-672cb881a048 (length 20680 - align length 781) has no trained error model
[2025-07-09 17:02:35.675] [jointLog] [warning] read 25b3887a-a568-4d77-a83e-672cb881a048 (length 20680) has no trained clipping model
[2025-07-09 17:02:35.675] [jointLog] [warning] read 25b3887a-a568-4d77-a83e-672cb881a048 (length 20680) has no trained clipping model
[2025-07-09 17:02:35.675] [jointLog] [warning] read b9d14ed0-eb6a-4967-859c-f5f1a68a8feb (length 24526 - align length 1003) has no trained error model
[2025-07-09 17:02:35.675] [jointLog] [warning] read b9d14ed0-eb6a-4967-859c-f5f1a68a8feb (length 24526) has no trained clipping model
[2025-07-09 17:02:35.675] [jointLog] [warning] read b9d14ed0-eb6a-4967-859c-f5f1a68a8feb (length 24526) has no trained clipping model
[2025-07-09 17:02:35.675] [jointLog] [warning] read 9fd872e9-7e96-45d1-bff8-8f43cc3e6caa (length 17753 - align length 650) has no trained error model
[2025-07-09 17:02:35.675] [jointLog] [warning] read 9fd872e9-7e96-45d1-bff8-8f43cc3e6caa (length 17753) has no trained clipping model
[2025-07-09 17:02:35.675] [jointLog] [warning] read 9fd872e9-7e96-45d1-bff8-8f43cc3e6caa (length 17753) has no trained clipping model
[2025-07-09 17:02:35.675] [jointLog] [warning] read 56d08895-0334-443b-a17f-321b91da0c00 (length 45937 - align length 475) has no trained error model
[2025-07-09 17:02:35.675] [jointLog] [warning] read 56d08895-0334-443b-a17f-321b91da0c00 (length 45937) has no trained clipping model
[2025-07-09 17:02:35.675] [jointLog] [warning] read 56d08895-0334-443b-a17f-321b91da0c00 (length 45937) has no trained clipping model
[2025-07-09 17:02:35.675] [jointLog] [warning] read 4ecf87f1-e25e-49a4-8968-5f944a6a0ee5 (length 18651 - align length 519) has no trained error model
[2025-07-09 17:02:35.675] [jointLog] [warning] read 4ecf87f1-e25e-49a4-8968-5f944a6a0ee5 (length 18651) has no trained clipping model
[2025-07-09 17:02:35.675] [jointLog] [warning] read 4ecf87f1-e25e-49a4-8968-5f944a6a0ee5 (length 18651) has no trained clipping model
[2025-07-09 17:02:35.675] [jointLog] [warning] read 80069522-1f71-4154-afa9-f09896fd0f09 (length 44449 - align length 1356) has no trained error model
[2025-07-09 17:02:35.675] [jointLog] [warning] read 80069522-1f71-4154-afa9-f09896fd0f09 (length 44449) has no trained clipping model
[2025-07-09 17:02:35.675] [jointLog] [warning] read 80069522-1f71-4154-afa9-f09896fd0f09 (length 44449) has no trained clipping model
[2025-07-09 17:02:35.675] [jointLog] [warning] read 6dbbfe0c-b211-4515-ae8c-63ad2ee5b556 (length 34777 - align length 354) has no trained error model
[2025-07-09 17:02:35.675] [jointLog] [warning] read 6dbbfe0c-b211-4515-ae8c-63ad2ee5b556 (length 34777) has no trained clipping model
[2025-07-09 17:02:35.675] [jointLog] [warning] read 6dbbfe0c-b211-4515-ae8c-63ad2ee5b556 (length 34777) has no trained clipping model
[2025-07-09 17:02:35.675] [jointLog] [warning] read a57e1ba6-8332-4c31-8833-57045b87fbc9 (length 15734 - align length 1567) has no trained error model
[2025-07-09 17:02:35.675] [jointLog] [warning] read a57e1ba6-8332-4c31-8833-57045b87fbc9 (length 15734) has no trained clipping model
[2025-07-09 17:02:35.675] [jointLog] [warning] read a57e1ba6-8332-4c31-8833-57045b87fbc9 (length 15734) has no trained clipping model
[2025-07-09 17:02:35.676] [jointLog] [warning] read c9febdde-69fc-492b-9380-25fac5d5ebde (length 16671) has no trained clipping model
[2025-07-09 17:02:35.676] [jointLog] [warning] read 259a57af-23dc-466c-929d-452a4fe39a68 (length 25307 - align length 954) has no trained error model
[2025-07-09 17:02:35.676] [jointLog] [warning] read 259a57af-23dc-466c-929d-452a4fe39a68 (length 25307) has no trained clipping model
[2025-07-09 17:02:35.676] [jointLog] [warning] read 259a57af-23dc-466c-929d-452a4fe39a68 (length 25307) has no trained clipping model
[2025-07-09 17:02:35.676] [jointLog] [warning] read d461d2f5-352c-435b-8ea0-c43dc3602199 (length 21206 - align length 125) has no trained error model
[2025-07-09 17:02:35.676] [jointLog] [warning] read d461d2f5-352c-435b-8ea0-c43dc3602199 (length 21206) has no trained clipping model
[2025-07-09 17:02:35.676] [jointLog] [warning] read d461d2f5-352c-435b-8ea0-c43dc3602199 (length 21206) has no trained clipping model
[2025-07-09 17:02:35.676] [jointLog] [warning] read f8560a4b-f512-4b5f-9275-ebf0e6162cc8 (length 15797 - align length 1298) has no trained error model
[2025-07-09 17:02:35.676] [jointLog] [warning] read f8560a4b-f512-4b5f-9275-ebf0e6162cc8 (length 15797) has no trained clipping model
[2025-07-09 17:02:35.676] [jointLog] [warning] read f8560a4b-f512-4b5f-9275-ebf0e6162cc8 (length 15797) has no trained clipping model
[2025-07-09 17:02:35.676] [jointLog] [warning] read cc18f4ff-ad63-495f-ae0c-8c9816f2353f (length 40186 - align length 69) has no trained error model
[2025-07-09 17:02:35.676] [jointLog] [warning] read cc18f4ff-ad63-495f-ae0c-8c9816f2353f (length 40186) has no trained clipping model
[2025-07-09 17:02:35.676] [jointLog] [warning] read cc18f4ff-ad63-495f-ae0c-8c9816f2353f (length 40186) has no trained clipping model
[2025-07-09 17:02:35.676] [jointLog] [warning] read 8342d4ef-00d9-4f57-aa6a-872c5976c699 (length 24911 - align length 104) has no trained error model
[2025-07-09 17:02:35.676] [jointLog] [warning] read 8342d4ef-00d9-4f57-aa6a-872c5976c699 (length 24911) has no trained clipping model
[2025-07-09 17:02:35.676] [jointLog] [warning] read 8342d4ef-00d9-4f57-aa6a-872c5976c699 (length 24911) has no trained clipping model
[2025-07-09 17:02:35.676] [jointLog] [warning] read 1b932a8b-7bc2-4a6b-b405-48e64ad370bb (length 26456 - align length 592) has no trained error model
[2025-07-09 17:02:35.676] [jointLog] [warning] read 1b932a8b-7bc2-4a6b-b405-48e64ad370bb (length 26456) has no trained clipping model
[2025-07-09 17:02:35.676] [jointLog] [warning] read 1b932a8b-7bc2-4a6b-b405-48e64ad370bb (length 26456) has no trained clipping model
[2025-07-09 17:02:35.676] [jointLog] [warning] read 3db4b195-95dd-4ec4-ae7b-c2809a14bebc (length 18741 - align length 360) has no trained error model
[2025-07-09 17:02:35.676] [jointLog] [warning] read 3db4b195-95dd-4ec4-ae7b-c2809a14bebc (length 18741) has no trained clipping model
[2025-07-09 17:02:35.676] [jointLog] [warning] read 3db4b195-95dd-4ec4-ae7b-c2809a14bebc (length 18741) has no trained clipping model
[2025-07-09 17:02:35.676] [jointLog] [warning] read 200e34c1-5b96-4bdf-a3b6-327b659f4dfd (length 26861) has no trained clipping model
[2025-07-09 17:02:35.676] [jointLog] [warning] read b4b214a2-fb43-4eb4-bf4d-bb1dc37b830a (length 19402 - align length 77) has no trained error model
[2025-07-09 17:02:35.676] [jointLog] [warning] read b4b214a2-fb43-4eb4-bf4d-bb1dc37b830a (length 19402) has no trained clipping model
[2025-07-09 17:02:35.676] [jointLog] [warning] read b4b214a2-fb43-4eb4-bf4d-bb1dc37b830a (length 19402) has no trained clipping model
[2025-07-09 17:02:35.676] [jointLog] [warning] read 7d3ef8c9-bee2-4124-a7b4-8944224c1db5 (length 24932 - align length 345) has no trained error model
[2025-07-09 17:02:35.676] [jointLog] [warning] read 7d3ef8c9-bee2-4124-a7b4-8944224c1db5 (length 24932) has no trained clipping model
[2025-07-09 17:02:35.676] [jointLog] [warning] read 7d3ef8c9-bee2-4124-a7b4-8944224c1db5 (length 24932) has no trained clipping model
[2025-07-09 17:02:35.677] [jointLog] [warning] read dcfeeabc-736a-4dc4-b87e-2b4b576439e1 (length 16418) has no trained clipping model
[2025-07-09 17:02:35.677] [jointLog] [warning] read 9a8bf692-4c43-492d-8620-efae23e4108e (length 19268 - align length 51) has no trained error model
[2025-07-09 17:02:35.677] [jointLog] [warning] read 9a8bf692-4c43-492d-8620-efae23e4108e (length 19268) has no trained clipping model
[2025-07-09 17:02:35.677] [jointLog] [warning] read 9a8bf692-4c43-492d-8620-efae23e4108e (length 19268) has no trained clipping model
[2025-07-09 17:02:35.677] [jointLog] [warning] read 13e3805f-f6ab-406b-8fb5-758a9fab4049 (length 22422 - align length 573) has no trained error model
[2025-07-09 17:02:35.677] [jointLog] [warning] read 13e3805f-f6ab-406b-8fb5-758a9fab4049 (length 22422) has no trained clipping model
[2025-07-09 17:02:35.677] [jointLog] [warning] read 13e3805f-f6ab-406b-8fb5-758a9fab4049 (length 22422) has no trained clipping model
[2025-07-09 17:02:35.677] [jointLog] [warning] read 13c671d9-df42-403f-bc97-34232f410712 (length 39543 - align length 1075) has no trained error model
[2025-07-09 17:02:35.677] [jointLog] [warning] read 13c671d9-df42-403f-bc97-34232f410712 (length 39543) has no trained clipping model
[2025-07-09 17:02:35.677] [jointLog] [warning] read 13c671d9-df42-403f-bc97-34232f410712 (length 39543) has no trained clipping model
[2025-07-09 17:02:35.677] [jointLog] [warning] read 9e2d5bd0-e658-4bf8-9f78-3e0f118fcc49 (length 31469 - align length 2333) has no trained error model
[2025-07-09 17:02:35.677] [jointLog] [warning] read 9e2d5bd0-e658-4bf8-9f78-3e0f118fcc49 (length 31469) has no trained clipping model
[2025-07-09 17:02:35.677] [jointLog] [warning] read 9e2d5bd0-e658-4bf8-9f78-3e0f118fcc49 (length 31469) has no trained clipping model
[2025-07-09 17:02:35.677] [jointLog] [warning] read ce9a062c-4e17-4b4b-b86a-891a1e240940 (length 36377 - align length 1013) has no trained error model
[2025-07-09 17:02:35.677] [jointLog] [warning] read ce9a062c-4e17-4b4b-b86a-891a1e240940 (length 36377) has no trained clipping model
[2025-07-09 17:02:35.677] [jointLog] [warning] read ce9a062c-4e17-4b4b-b86a-891a1e240940 (length 36377) has no trained clipping model
[2025-07-09 17:02:35.677] [jointLog] [warning] read af191410-c011-41fe-a4a1-c70da70c9538 (length 14012 - align length 337) has no trained error model
[2025-07-09 17:02:35.677] [jointLog] [warning] read af191410-c011-41fe-a4a1-c70da70c9538 (length 14012) has no trained clipping model
[2025-07-09 17:02:35.677] [jointLog] [warning] read af191410-c011-41fe-a4a1-c70da70c9538 (length 14012) has no trained clipping model
[2025-07-09 17:02:37.025] [fileLog] [info] quantification processed 11000000 fragments so far

[2025-07-09 17:02:40.577] [jointLog] [warning] read ed592b93-024e-4edb-95ff-fd7103459be1 (length 13376 - align length 13352) has no trained error model
[2025-07-09 17:02:41.058] [jointLog] [warning] read c49ca868-56d9-4e9a-a3f4-8b7cb4097f76 (length 39333 - align length 334) has no trained error model
[2025-07-09 17:02:41.058] [jointLog] [warning] read c49ca868-56d9-4e9a-a3f4-8b7cb4097f76 (length 39333) has no trained clipping model
[2025-07-09 17:02:41.058] [jointLog] [warning] read c49ca868-56d9-4e9a-a3f4-8b7cb4097f76 (length 39333) has no trained clipping model
[2025-07-09 17:02:41.058] [jointLog] [warning] read df3c5156-c638-4f11-8c79-af69d5998deb (length 30972 - align length 796) has no trained error model
[2025-07-09 17:02:41.058] [jointLog] [warning] read df3c5156-c638-4f11-8c79-af69d5998deb (length 30972) has no trained clipping model
[2025-07-09 17:02:41.058] [jointLog] [warning] read df3c5156-c638-4f11-8c79-af69d5998deb (length 30972) has no trained clipping model
[2025-07-09 17:02:41.058] [jointLog] [warning] read 0eab8b37-038b-409b-b815-afaa72d6d751 (length 31954 - align length 442) has no trained error model
[2025-07-09 17:02:41.058] [jointLog] [warning] read 0eab8b37-038b-409b-b815-afaa72d6d751 (length 31954) has no trained clipping model
[2025-07-09 17:02:41.058] [jointLog] [warning] read 0eab8b37-038b-409b-b815-afaa72d6d751 (length 31954) has no trained clipping model
[2025-07-09 17:02:41.058] [jointLog] [warning] read efa538f3-3bcb-4077-90ca-e81e9811da8e (length 37632 - align length 1148) has no trained error model
[2025-07-09 17:02:41.058] [jointLog] [warning] read efa538f3-3bcb-4077-90ca-e81e9811da8e (length 37632) has no trained clipping model
[2025-07-09 17:02:41.058] [jointLog] [warning] read efa538f3-3bcb-4077-90ca-e81e9811da8e (length 37632) has no trained clipping model
[2025-07-09 17:02:41.058] [jointLog] [warning] read 921e33e0-2cdc-41f9-98a8-0e5164bd0869 (length 25795 - align length 387) has no trained error model
[2025-07-09 17:02:41.058] [jointLog] [warning] read 921e33e0-2cdc-41f9-98a8-0e5164bd0869 (length 25795) has no trained clipping model
[2025-07-09 17:02:41.058] [jointLog] [warning] read 921e33e0-2cdc-41f9-98a8-0e5164bd0869 (length 25795) has no trained clipping model
[2025-07-09 17:02:41.059] [jointLog] [warning] read d105ae69-cf15-48dd-b231-64b372cf37c1 (length 35946 - align length 318) has no trained error model
[2025-07-09 17:02:41.059] [jointLog] [warning] read d105ae69-cf15-48dd-b231-64b372cf37c1 (length 35946) has no trained clipping model
[2025-07-09 17:02:41.059] [jointLog] [warning] read d105ae69-cf15-48dd-b231-64b372cf37c1 (length 35946) has no trained clipping model
[2025-07-09 17:02:41.649] [fileLog] [info] quantification processed 12000000 fragments so far

[2025-07-09 17:02:42.576] [jointLog] [warning] read 68cf5124-7435-4e0b-a8d6-8eb285ef0f6a (length 12971 - align length 12954) has no trained error model
[2025-07-09 17:02:45.822] [jointLog] [warning] read 5e5a6405-bb9e-4b05-98c8-76ea570dcf2f (length 26997 - align length 384) has no trained error model
[2025-07-09 17:02:45.822] [jointLog] [warning] read 5e5a6405-bb9e-4b05-98c8-76ea570dcf2f (length 26997) has no trained clipping model
[2025-07-09 17:02:45.822] [jointLog] [warning] read 5e5a6405-bb9e-4b05-98c8-76ea570dcf2f (length 26997) has no trained clipping model
[2025-07-09 17:02:45.823] [jointLog] [warning] read 734f7ba1-2120-4568-b854-a175119b89dc (length 36220 - align length 1896) has no trained error model
[2025-07-09 17:02:45.823] [jointLog] [warning] read 734f7ba1-2120-4568-b854-a175119b89dc (length 36220) has no trained clipping model
[2025-07-09 17:02:45.823] [jointLog] [warning] read 734f7ba1-2120-4568-b854-a175119b89dc (length 36220) has no trained clipping model
[2025-07-09 17:02:45.823] [jointLog] [warning] read 035a29a9-e73d-414d-b445-fa6070d55944 (length 34558 - align length 2154) has no trained error model
[2025-07-09 17:02:45.823] [jointLog] [warning] read 035a29a9-e73d-414d-b445-fa6070d55944 (length 34558) has no trained clipping model
[2025-07-09 17:02:45.823] [jointLog] [warning] read 035a29a9-e73d-414d-b445-fa6070d55944 (length 34558) has no trained clipping model
[2025-07-09 17:02:45.823] [jointLog] [warning] read f6694fbb-39a8-45d7-86a2-0f95bce58c8e (length 42613 - align length 701) has no trained error model
[2025-07-09 17:02:45.823] [jointLog] [warning] read f6694fbb-39a8-45d7-86a2-0f95bce58c8e (length 42613) has no trained clipping model
[2025-07-09 17:02:45.823] [jointLog] [warning] read f6694fbb-39a8-45d7-86a2-0f95bce58c8e (length 42613) has no trained clipping model
[2025-07-09 17:02:45.823] [jointLog] [warning] read 03d16d9f-9962-41b4-9205-c2b198128c10 (length 18269 - align length 1306) has no trained error model
[2025-07-09 17:02:45.823] [jointLog] [warning] read 03d16d9f-9962-41b4-9205-c2b198128c10 (length 18269) has no trained clipping model
[2025-07-09 17:02:45.823] [jointLog] [warning] read 03d16d9f-9962-41b4-9205-c2b198128c10 (length 18269) has no trained clipping model
[2025-07-09 17:02:45.823] [jointLog] [warning] read ed5ed662-fd8b-4257-9507-0470bd1c8d8f (length 29944 - align length 1253) has no trained error model
[2025-07-09 17:02:45.823] [jointLog] [warning] read ed5ed662-fd8b-4257-9507-0470bd1c8d8f (length 29944) has no trained clipping model
[2025-07-09 17:02:45.823] [jointLog] [warning] read ed5ed662-fd8b-4257-9507-0470bd1c8d8f (length 29944) has no trained clipping model
[2025-07-09 17:02:45.823] [jointLog] [warning] read cc420ca1-a750-4e3f-aa86-b5830cc7d410 (length 39837) has no trained clipping model
[2025-07-09 17:02:45.823] [jointLog] [warning] read de6e0512-0264-42cd-9b22-2fdcf2f38a5c (length 30383 - align length 422) has no trained error model
[2025-07-09 17:02:45.823] [jointLog] [warning] read de6e0512-0264-42cd-9b22-2fdcf2f38a5c (length 30383) has no trained clipping model
[2025-07-09 17:02:45.823] [jointLog] [warning] read de6e0512-0264-42cd-9b22-2fdcf2f38a5c (length 30383) has no trained clipping model
[2025-07-09 17:02:45.823] [jointLog] [warning] read 1e62c7a7-e664-4968-92ee-5b61b681d455 (length 16718 - align length 16252) has no trained error model
[2025-07-09 17:02:45.823] [jointLog] [warning] read 5f0cd4c5-a4c9-4a26-bfeb-77f930af5d95 (length 29889) has no trained clipping model
[2025-07-09 17:02:45.823] [jointLog] [warning] read d5aacf64-e1ff-4fbb-b035-5db81340dc83 (length 23401 - align length 225) has no trained error model
[2025-07-09 17:02:45.823] [jointLog] [warning] read d5aacf64-e1ff-4fbb-b035-5db81340dc83 (length 23401) has no trained clipping model
[2025-07-09 17:02:45.823] [jointLog] [warning] read d5aacf64-e1ff-4fbb-b035-5db81340dc83 (length 23401) has no trained clipping model
[2025-07-09 17:02:46.196] [fileLog] [info] quantification processed 13000000 fragments so far

[2025-07-09 17:02:50.238] [jointLog] [warning] read 4a8e84b7-3af5-4e20-bef6-1cef7c0ca0f9 (length 29485 - align length 466) has no trained error model
[2025-07-09 17:02:50.238] [jointLog] [warning] read 4a8e84b7-3af5-4e20-bef6-1cef7c0ca0f9 (length 29485) has no trained clipping model
[2025-07-09 17:02:50.238] [jointLog] [warning] read 4a8e84b7-3af5-4e20-bef6-1cef7c0ca0f9 (length 29485) has no trained clipping model
[2025-07-09 17:02:50.241] [jointLog] [warning] read a6898cbf-123c-4fcd-a288-4393b4f4fa9c (length 15421) has no trained clipping model
[2025-07-09 17:02:50.252] [jointLog] [warning] read b72caa38-69da-4578-bd12-2230e99e9a09 (length 19479 - align length 374) has no trained error model
[2025-07-09 17:02:50.252] [jointLog] [warning] read b72caa38-69da-4578-bd12-2230e99e9a09 (length 19479) has no trained clipping model
[2025-07-09 17:02:50.252] [jointLog] [warning] read b72caa38-69da-4578-bd12-2230e99e9a09 (length 19479) has no trained clipping model
[2025-07-09 17:02:50.252] [jointLog] [warning] read 02a77748-4f53-4905-b30b-04a3eb4cbd6f (length 29861) has no trained clipping model
[2025-07-09 17:02:50.252] [jointLog] [warning] read 27247673-dc8d-4877-9bae-49327d5594bf (length 31993 - align length 3430) has no trained error model
[2025-07-09 17:02:50.252] [jointLog] [warning] read 27247673-dc8d-4877-9bae-49327d5594bf (length 31993) has no trained clipping model
[2025-07-09 17:02:50.252] [jointLog] [warning] read 27247673-dc8d-4877-9bae-49327d5594bf (length 31993) has no trained clipping model
[2025-07-09 17:02:50.252] [jointLog] [warning] read 70974687-7813-4fbd-b934-d08b567173bd (length 26954 - align length 372) has no trained error model
[2025-07-09 17:02:50.252] [jointLog] [warning] read 70974687-7813-4fbd-b934-d08b567173bd (length 26954) has no trained clipping model
[2025-07-09 17:02:50.252] [jointLog] [warning] read 70974687-7813-4fbd-b934-d08b567173bd (length 26954) has no trained clipping model
[2025-07-09 17:02:50.252] [jointLog] [warning] read ad558f9b-de3e-461c-b4eb-e400e3ae56c5 (length 13188 - align length 13114) has no trained error model
[2025-07-09 17:02:50.252] [jointLog] [warning] read f6b6d393-8926-4448-b1df-01405bc171d7 (length 36842 - align length 462) has no trained error model
[2025-07-09 17:02:50.252] [jointLog] [warning] read f6b6d393-8926-4448-b1df-01405bc171d7 (length 36842) has no trained clipping model
[2025-07-09 17:02:50.252] [jointLog] [warning] read f6b6d393-8926-4448-b1df-01405bc171d7 (length 36842) has no trained clipping model
[2025-07-09 17:02:50.252] [jointLog] [warning] read 4a8505e6-52d6-4895-b134-b95bd2131add (length 25028 - align length 266) has no trained error model
[2025-07-09 17:02:50.252] [jointLog] [warning] read 4a8505e6-52d6-4895-b134-b95bd2131add (length 25028) has no trained clipping model
[2025-07-09 17:02:50.252] [jointLog] [warning] read 4a8505e6-52d6-4895-b134-b95bd2131add (length 25028) has no trained clipping model
[2025-07-09 17:02:50.252] [jointLog] [warning] read 26f5885c-d843-47b2-967c-26923201c6c4 (length 28215 - align length 1122) has no trained error model
[2025-07-09 17:02:50.252] [jointLog] [warning] read 26f5885c-d843-47b2-967c-26923201c6c4 (length 28215) has no trained clipping model
[2025-07-09 17:02:50.252] [jointLog] [warning] read 26f5885c-d843-47b2-967c-26923201c6c4 (length 28215) has no trained clipping model
[2025-07-09 17:02:50.252] [jointLog] [warning] read 4bf40c9b-94f9-46e7-a118-3c051dc45690 (length 41062 - align length 1146) has no trained error model
[2025-07-09 17:02:50.252] [jointLog] [warning] read 4bf40c9b-94f9-46e7-a118-3c051dc45690 (length 41062) has no trained clipping model
[2025-07-09 17:02:50.252] [jointLog] [warning] read 4bf40c9b-94f9-46e7-a118-3c051dc45690 (length 41062) has no trained clipping model
[2025-07-09 17:02:50.252] [jointLog] [warning] read cd5349c7-ae5d-40c2-b72b-ae1569992bca (length 13418 - align length 146) has no trained error model
[2025-07-09 17:02:50.252] [jointLog] [warning] read cd5349c7-ae5d-40c2-b72b-ae1569992bca (length 13418) has no trained clipping model
[2025-07-09 17:02:50.252] [jointLog] [warning] read cd5349c7-ae5d-40c2-b72b-ae1569992bca (length 13418) has no trained clipping model
[2025-07-09 17:02:50.252] [jointLog] [warning] read 95c6f0cc-f3e1-4687-a4e3-64a2302b38b4 (length 24242 - align length 944) has no trained error model
[2025-07-09 17:02:50.252] [jointLog] [warning] read 95c6f0cc-f3e1-4687-a4e3-64a2302b38b4 (length 24242) has no trained clipping model
[2025-07-09 17:02:50.252] [jointLog] [warning] read 95c6f0cc-f3e1-4687-a4e3-64a2302b38b4 (length 24242) has no trained clipping model
[2025-07-09 17:02:50.253] [jointLog] [warning] read c4774cb1-0d93-4e01-83b8-bbf7aa4ed373 (length 28251 - align length 405) has no trained error model
[2025-07-09 17:02:50.253] [jointLog] [warning] read c4774cb1-0d93-4e01-83b8-bbf7aa4ed373 (length 28251) has no trained clipping model
[2025-07-09 17:02:50.253] [jointLog] [warning] read c4774cb1-0d93-4e01-83b8-bbf7aa4ed373 (length 28251) has no trained clipping model
[2025-07-09 17:02:50.254] [jointLog] [warning] read 9f9e814a-7c15-4262-9e45-2029edbe855c (length 14078 - align length 330) has no trained error model
[2025-07-09 17:02:50.254] [jointLog] [warning] read 9f9e814a-7c15-4262-9e45-2029edbe855c (length 14078) has no trained clipping model
[2025-07-09 17:02:50.254] [jointLog] [warning] read 9f9e814a-7c15-4262-9e45-2029edbe855c (length 14078) has no trained clipping model
[2025-07-09 17:02:50.255] [jointLog] [warning] read 65b99b4a-0d02-4e01-9b2c-78aff81b79e5 (length 20757 - align length 900) has no trained error model
[2025-07-09 17:02:50.255] [jointLog] [warning] read 65b99b4a-0d02-4e01-9b2c-78aff81b79e5 (length 20757) has no trained clipping model
[2025-07-09 17:02:50.255] [jointLog] [warning] read 65b99b4a-0d02-4e01-9b2c-78aff81b79e5 (length 20757) has no trained clipping model
[2025-07-09 17:02:50.255] [jointLog] [warning] read c44c9f57-ac6a-4d0a-9843-1a90a046e52b (length 29056 - align length 778) has no trained error model
[2025-07-09 17:02:50.255] [jointLog] [warning] read c44c9f57-ac6a-4d0a-9843-1a90a046e52b (length 29056) has no trained clipping model
[2025-07-09 17:02:50.255] [jointLog] [warning] read c44c9f57-ac6a-4d0a-9843-1a90a046e52b (length 29056) has no trained clipping model
[2025-07-09 17:02:50.255] [jointLog] [warning] read 8fe6479f-023c-4bca-b245-0724255a405b (length 14200) has no trained clipping model
[2025-07-09 17:02:50.257] [jointLog] [warning] read 3794ad14-3ee3-42e2-808c-17a50875c62b (length 27749 - align length 3270) has no trained error model
[2025-07-09 17:02:50.257] [jointLog] [warning] read 3794ad14-3ee3-42e2-808c-17a50875c62b (length 27749) has no trained clipping model
[2025-07-09 17:02:50.257] [jointLog] [warning] read 3794ad14-3ee3-42e2-808c-17a50875c62b (length 27749) has no trained clipping model
[2025-07-09 17:02:50.890] [fileLog] [info] quantification processed 14000000 fragments so far

[2025-07-09 17:02:51.619] [jointLog] [warning] read 0ad6b81d-cb3e-4da5-a714-9e8482613714 (length 42727 - align length 572) has no trained error model
[2025-07-09 17:02:51.619] [jointLog] [warning] read 0ad6b81d-cb3e-4da5-a714-9e8482613714 (length 42727) has no trained clipping model
[2025-07-09 17:02:51.619] [jointLog] [warning] read 0ad6b81d-cb3e-4da5-a714-9e8482613714 (length 42727) has no trained clipping model
[2025-07-09 17:02:51.619] [jointLog] [warning] read aafc61d0-d501-40df-9a2a-513d7227f122 (length 49216 - align length 890) has no trained error model
[2025-07-09 17:02:51.619] [jointLog] [warning] read aafc61d0-d501-40df-9a2a-513d7227f122 (length 49216) has no trained clipping model
[2025-07-09 17:02:51.619] [jointLog] [warning] read aafc61d0-d501-40df-9a2a-513d7227f122 (length 49216) has no trained clipping model
[2025-07-09 17:02:51.619] [jointLog] [warning] read acbbf05d-d898-422f-8632-e9ad6ae03fed (length 46428 - align length 404) has no trained error model
[2025-07-09 17:02:51.619] [jointLog] [warning] read acbbf05d-d898-422f-8632-e9ad6ae03fed (length 46428) has no trained clipping model
[2025-07-09 17:02:51.619] [jointLog] [warning] read acbbf05d-d898-422f-8632-e9ad6ae03fed (length 46428) has no trained clipping model
[2025-07-09 17:02:51.620] [jointLog] [warning] read dc20d1c3-aa3d-4c7e-9454-2aa27c8367e9 (length 18664 - align length 246) has no trained error model
[2025-07-09 17:02:51.620] [jointLog] [warning] read dc20d1c3-aa3d-4c7e-9454-2aa27c8367e9 (length 18664) has no trained clipping model
[2025-07-09 17:02:51.620] [jointLog] [warning] read dc20d1c3-aa3d-4c7e-9454-2aa27c8367e9 (length 18664) has no trained clipping model
[2025-07-09 17:02:51.620] [jointLog] [warning] read 253af2be-4d3c-45c4-ab75-a7b4687ec771 (length 33267 - align length 1246) has no trained error model
[2025-07-09 17:02:51.620] [jointLog] [warning] read 253af2be-4d3c-45c4-ab75-a7b4687ec771 (length 33267) has no trained clipping model
[2025-07-09 17:02:51.620] [jointLog] [warning] read 253af2be-4d3c-45c4-ab75-a7b4687ec771 (length 33267) has no trained clipping model
[2025-07-09 17:02:54.117] [jointLog] [warning] read 449af12b-f768-41ad-b286-b48e8c69209c (length 13209 - align length 13164) has no trained error model
[2025-07-09 17:02:55.655] [jointLog] [warning] read b4fc3a99-f3b6-4c8e-8548-0304063814a3 (length 13830 - align length 13717) has no trained error model
[2025-07-09 17:02:55.548] [fileLog] [info] quantification processed 15000000 fragments so far

[2025-07-09 17:02:59.974] [jointLog] [warning] read 502a397a-a229-4eef-b364-07e788cfbf67 (length 17491 - align length 97) has no trained error model
[2025-07-09 17:02:59.974] [jointLog] [warning] read 502a397a-a229-4eef-b364-07e788cfbf67 (length 17491) has no trained clipping model
[2025-07-09 17:02:59.974] [jointLog] [warning] read 502a397a-a229-4eef-b364-07e788cfbf67 (length 17491) has no trained clipping model
[2025-07-09 17:02:59.974] [jointLog] [warning] read dc9336ae-eec5-4eff-a933-3fbac1d14f55 (length 43387 - align length 3275) has no trained error model
[2025-07-09 17:02:59.974] [jointLog] [warning] read dc9336ae-eec5-4eff-a933-3fbac1d14f55 (length 43387) has no trained clipping model
[2025-07-09 17:02:59.974] [jointLog] [warning] read dc9336ae-eec5-4eff-a933-3fbac1d14f55 (length 43387) has no trained clipping model
[2025-07-09 17:02:59.974] [jointLog] [warning] read f3e59f8e-7688-4ff8-af94-ea03e6fb64c0 (length 41364 - align length 828) has no trained error model
[2025-07-09 17:02:59.974] [jointLog] [warning] read f3e59f8e-7688-4ff8-af94-ea03e6fb64c0 (length 41364) has no trained clipping model
[2025-07-09 17:02:59.974] [jointLog] [warning] read f3e59f8e-7688-4ff8-af94-ea03e6fb64c0 (length 41364) has no trained clipping model
[2025-07-09 17:02:59.974] [jointLog] [warning] read 27c89bb2-85fd-4ee7-878e-30d7d2740af7 (length 15678 - align length 15572) has no trained error model
[2025-07-09 17:02:59.975] [jointLog] [warning] read e68453bd-83b7-41c2-8450-6fd74f734694 (length 33267 - align length 2501) has no trained error model
[2025-07-09 17:02:59.975] [jointLog] [warning] read e68453bd-83b7-41c2-8450-6fd74f734694 (length 33267) has no trained clipping model
[2025-07-09 17:02:59.975] [jointLog] [warning] read e68453bd-83b7-41c2-8450-6fd74f734694 (length 33267) has no trained clipping model
[2025-07-09 17:02:59.975] [jointLog] [warning] read d1d9690b-7d8e-4805-b810-043d5c321a74 (length 14067 - align length 271) has no trained error model
[2025-07-09 17:02:59.975] [jointLog] [warning] read d1d9690b-7d8e-4805-b810-043d5c321a74 (length 14067) has no trained clipping model
[2025-07-09 17:02:59.975] [jointLog] [warning] read d1d9690b-7d8e-4805-b810-043d5c321a74 (length 14067) has no trained clipping model
[2025-07-09 17:02:59.975] [jointLog] [warning] read 7d72a10d-818f-472e-b804-9c883c8ce5c6 (length 47180 - align length 229) has no trained error model
[2025-07-09 17:02:59.975] [jointLog] [warning] read 7d72a10d-818f-472e-b804-9c883c8ce5c6 (length 47180) has no trained clipping model
[2025-07-09 17:02:59.975] [jointLog] [warning] read 7d72a10d-818f-472e-b804-9c883c8ce5c6 (length 47180) has no trained clipping model
[2025-07-09 17:02:59.975] [jointLog] [warning] read 526b3376-5a0d-4bad-a711-d75748a5e39c (length 45012 - align length 975) has no trained error model
[2025-07-09 17:02:59.975] [jointLog] [warning] read 526b3376-5a0d-4bad-a711-d75748a5e39c (length 45012) has no trained clipping model
[2025-07-09 17:02:59.975] [jointLog] [warning] read 526b3376-5a0d-4bad-a711-d75748a5e39c (length 45012) has no trained clipping model
[2025-07-09 17:02:59.975] [jointLog] [warning] read 7703fdf1-ee76-4e17-b266-248c6c253670 (length 33088 - align length 56) has no trained error model
[2025-07-09 17:02:59.975] [jointLog] [warning] read 7703fdf1-ee76-4e17-b266-248c6c253670 (length 33088) has no trained clipping model
[2025-07-09 17:02:59.975] [jointLog] [warning] read 7703fdf1-ee76-4e17-b266-248c6c253670 (length 33088) has no trained clipping model
[2025-07-09 17:03:00.033] [fileLog] [info] quantification processed 16000000 fragments so far

[2025-07-09 17:03:04.528] [fileLog] [info] quantification processed 17000000 fragments so far

[2025-07-09 17:03:09.291] [fileLog] [info] quantification processed 18000000 fragments so far

[2025-07-09 17:03:11.030] [jointLog] [warning] read afea4107-2293-4c80-82ca-d307574dfa23 (length 25280 - align length 315) has no trained error model
[2025-07-09 17:03:11.030] [jointLog] [warning] read afea4107-2293-4c80-82ca-d307574dfa23 (length 25280) has no trained clipping model
[2025-07-09 17:03:11.030] [jointLog] [warning] read afea4107-2293-4c80-82ca-d307574dfa23 (length 25280) has no trained clipping model
[2025-07-09 17:03:11.030] [jointLog] [warning] read 2bc910e4-5fd9-4718-b3c0-6826c59de224 (length 21934 - align length 642) has no trained error model
[2025-07-09 17:03:11.030] [jointLog] [warning] read 2bc910e4-5fd9-4718-b3c0-6826c59de224 (length 21934) has no trained clipping model
[2025-07-09 17:03:11.030] [jointLog] [warning] read 2bc910e4-5fd9-4718-b3c0-6826c59de224 (length 21934) has no trained clipping model
[2025-07-09 17:03:11.030] [jointLog] [warning] read 7c869fc1-870d-4236-86e9-eeb3579cad82 (length 14455 - align length 14349) has no trained error model
[2025-07-09 17:03:11.030] [jointLog] [warning] read 7c869fc1-870d-4236-86e9-eeb3579cad82 (length 14455) has no trained clipping model
[2025-07-09 17:03:11.030] [jointLog] [warning] read 7c869fc1-870d-4236-86e9-eeb3579cad82 (length 14455) has no trained clipping model
[2025-07-09 17:03:11.030] [jointLog] [warning] read 7497c174-4116-4ce4-857c-302b375cc6a8 (length 21090 - align length 21080) has no trained error model
[2025-07-09 17:03:11.030] [jointLog] [warning] read da237425-2491-46c6-8c2d-6b80e145967b (length 47324 - align length 691) has no trained error model
[2025-07-09 17:03:11.030] [jointLog] [warning] read da237425-2491-46c6-8c2d-6b80e145967b (length 47324) has no trained clipping model
[2025-07-09 17:03:11.030] [jointLog] [warning] read da237425-2491-46c6-8c2d-6b80e145967b (length 47324) has no trained clipping model
[2025-07-09 17:03:11.031] [jointLog] [warning] read 8690b190-cd96-46c5-8e51-ac471597c600 (length 14406 - align length 14359) has no trained error model
[2025-07-09 17:03:11.031] [jointLog] [warning] read 8690b190-cd96-46c5-8e51-ac471597c600 (length 14406) has no trained clipping model
[2025-07-09 17:03:11.031] [jointLog] [warning] read 8690b190-cd96-46c5-8e51-ac471597c600 (length 14406) has no trained clipping model
[2025-07-09 17:03:11.031] [jointLog] [warning] read 813bf470-c1fe-46f6-b10a-5644e2bafd50 (length 17700 - align length 5049) has no trained error model
[2025-07-09 17:03:11.031] [jointLog] [warning] read 813bf470-c1fe-46f6-b10a-5644e2bafd50 (length 17700) has no trained clipping model
[2025-07-09 17:03:11.031] [jointLog] [warning] read 813bf470-c1fe-46f6-b10a-5644e2bafd50 (length 17700) has no trained clipping model
[2025-07-09 17:03:11.031] [jointLog] [warning] read e638be42-1520-4be6-9375-ff389bca6b63 (length 29841) has no trained clipping model
[2025-07-09 17:03:11.031] [jointLog] [warning] read 14be1160-573c-4f98-949e-2dc95fe2a47d (length 26403 - align length 830) has no trained error model
[2025-07-09 17:03:11.031] [jointLog] [warning] read 14be1160-573c-4f98-949e-2dc95fe2a47d (length 26403) has no trained clipping model
[2025-07-09 17:03:11.031] [jointLog] [warning] read 14be1160-573c-4f98-949e-2dc95fe2a47d (length 26403) has no trained clipping model
[2025-07-09 17:03:11.031] [jointLog] [warning] read 402bea58-fc84-403f-8ee4-ac3944e0d9d2 (length 47904 - align length 220) has no trained error model
[2025-07-09 17:03:11.031] [jointLog] [warning] read 402bea58-fc84-403f-8ee4-ac3944e0d9d2 (length 47904) has no trained clipping model
[2025-07-09 17:03:11.031] [jointLog] [warning] read 402bea58-fc84-403f-8ee4-ac3944e0d9d2 (length 47904) has no trained clipping model
[2025-07-09 17:03:11.031] [jointLog] [warning] read cc4ec8bd-6c10-4bc9-b652-d647dfb4c619 (length 42428 - align length 2724) has no trained error model
[2025-07-09 17:03:11.031] [jointLog] [warning] read cc4ec8bd-6c10-4bc9-b652-d647dfb4c619 (length 42428) has no trained clipping model
[2025-07-09 17:03:11.031] [jointLog] [warning] read cc4ec8bd-6c10-4bc9-b652-d647dfb4c619 (length 42428) has no trained clipping model
[2025-07-09 17:03:11.031] [jointLog] [warning] read ad8b2cc9-a80a-4f71-8a37-7717d913a039 (length 19139 - align length 297) has no trained error model
[2025-07-09 17:03:11.031] [jointLog] [warning] read ad8b2cc9-a80a-4f71-8a37-7717d913a039 (length 19139) has no trained clipping model
[2025-07-09 17:03:11.031] [jointLog] [warning] read ad8b2cc9-a80a-4f71-8a37-7717d913a039 (length 19139) has no trained clipping model
[2025-07-09 17:03:11.031] [jointLog] [warning] read 1fd92311-988b-4f62-8d25-dad8ad12d5d4 (length 40563 - align length 241) has no trained error model
[2025-07-09 17:03:11.031] [jointLog] [warning] read 1fd92311-988b-4f62-8d25-dad8ad12d5d4 (length 40563) has no trained clipping model
[2025-07-09 17:03:11.031] [jointLog] [warning] read 1fd92311-988b-4f62-8d25-dad8ad12d5d4 (length 40563) has no trained clipping model
[2025-07-09 17:03:11.031] [jointLog] [warning] read f0e38a9f-28cb-463f-ac9c-b662b53c6af8 (length 18217 - align length 923) has no trained error model
[2025-07-09 17:03:11.031] [jointLog] [warning] read f0e38a9f-28cb-463f-ac9c-b662b53c6af8 (length 18217) has no trained clipping model
[2025-07-09 17:03:11.031] [jointLog] [warning] read f0e38a9f-28cb-463f-ac9c-b662b53c6af8 (length 18217) has no trained clipping model
[2025-07-09 17:03:11.032] [jointLog] [warning] read f8880e4a-4d9d-4ad5-98b2-75d095e6d38c (length 30480 - align length 214) has no trained error model
[2025-07-09 17:03:11.032] [jointLog] [warning] read f8880e4a-4d9d-4ad5-98b2-75d095e6d38c (length 30480) has no trained clipping model
[2025-07-09 17:03:11.032] [jointLog] [warning] read f8880e4a-4d9d-4ad5-98b2-75d095e6d38c (length 30480) has no trained clipping model
[2025-07-09 17:03:11.032] [jointLog] [warning] read 7a655032-10fe-49d2-a615-757a72be0955 (length 14400 - align length 1588) has no trained error model
[2025-07-09 17:03:11.032] [jointLog] [warning] read 7a655032-10fe-49d2-a615-757a72be0955 (length 14400) has no trained clipping model
[2025-07-09 17:03:11.032] [jointLog] [warning] read 7a655032-10fe-49d2-a615-757a72be0955 (length 14400) has no trained clipping model
[2025-07-09 17:03:11.032] [jointLog] [warning] read cafdddaf-7a3c-4bb9-a98f-eede2babe071 (length 16466) has no trained clipping model
[2025-07-09 17:03:11.032] [jointLog] [warning] read 4fe96a62-c360-4e07-b267-66364c9e54d4 (length 42377 - align length 518) has no trained error model
[2025-07-09 17:03:11.032] [jointLog] [warning] read 4fe96a62-c360-4e07-b267-66364c9e54d4 (length 42377) has no trained clipping model
[2025-07-09 17:03:11.032] [jointLog] [warning] read 4fe96a62-c360-4e07-b267-66364c9e54d4 (length 42377) has no trained clipping model
[2025-07-09 17:03:11.032] [jointLog] [warning] read cdc56e94-7ae5-4ec2-a80d-23e3230f8428 (length 36822 - align length 2135) has no trained error model
[2025-07-09 17:03:11.032] [jointLog] [warning] read cdc56e94-7ae5-4ec2-a80d-23e3230f8428 (length 36822) has no trained clipping model
[2025-07-09 17:03:11.032] [jointLog] [warning] read cdc56e94-7ae5-4ec2-a80d-23e3230f8428 (length 36822) has no trained clipping model
[2025-07-09 17:03:11.032] [jointLog] [warning] read 386ab266-a151-4998-83db-b4df460630e2 (length 46462 - align length 1075) has no trained error model
[2025-07-09 17:03:11.032] [jointLog] [warning] read 386ab266-a151-4998-83db-b4df460630e2 (length 46462) has no trained clipping model
[2025-07-09 17:03:11.032] [jointLog] [warning] read 386ab266-a151-4998-83db-b4df460630e2 (length 46462) has no trained clipping model
[2025-07-09 17:03:11.033] [jointLog] [warning] read 2f4bc926-e452-4232-9fb5-6b92cd5ba095 (length 49268 - align length 183) has no trained error model
[2025-07-09 17:03:11.033] [jointLog] [warning] read 2f4bc926-e452-4232-9fb5-6b92cd5ba095 (length 49268) has no trained clipping model
[2025-07-09 17:03:11.033] [jointLog] [warning] read 2f4bc926-e452-4232-9fb5-6b92cd5ba095 (length 49268) has no trained clipping model
[2025-07-09 17:03:11.947] [jointLog] [warning] read f436953e-c176-4f76-a030-c790928073fc (length 17898 - align length 309) has no trained error model
[2025-07-09 17:03:11.947] [jointLog] [warning] read f436953e-c176-4f76-a030-c790928073fc (length 17898) has no trained clipping model
[2025-07-09 17:03:11.947] [jointLog] [warning] read f436953e-c176-4f76-a030-c790928073fc (length 17898) has no trained clipping model
[2025-07-09 17:03:11.947] [jointLog] [warning] read 5bce7f7b-1ed0-4796-b38d-eda6f0ab529f (length 20359 - align length 20259) has no trained error model
[2025-07-09 17:03:11.947] [jointLog] [warning] read 7f590bc3-6180-473d-b495-7f67e17e4177 (length 23199 - align length 513) has no trained error model
[2025-07-09 17:03:11.947] [jointLog] [warning] read 7f590bc3-6180-473d-b495-7f67e17e4177 (length 23199) has no trained clipping model
[2025-07-09 17:03:11.947] [jointLog] [warning] read 7f590bc3-6180-473d-b495-7f67e17e4177 (length 23199) has no trained clipping model
[2025-07-09 17:03:11.947] [jointLog] [warning] read e6d8d65c-dddd-4f67-a3c4-a31503a6b927 (length 14247) has no trained clipping model
[2025-07-09 17:03:11.947] [jointLog] [warning] read 1619f5fc-9aae-457c-9e72-2dd6f0f53a24 (length 22361 - align length 2847) has no trained error model
[2025-07-09 17:03:11.947] [jointLog] [warning] read 1619f5fc-9aae-457c-9e72-2dd6f0f53a24 (length 22361) has no trained clipping model
[2025-07-09 17:03:11.947] [jointLog] [warning] read 1619f5fc-9aae-457c-9e72-2dd6f0f53a24 (length 22361) has no trained clipping model
[2025-07-09 17:03:11.947] [jointLog] [warning] read 05fbcb72-808b-4d72-8972-43240871460e (length 39568 - align length 2778) has no trained error model
[2025-07-09 17:03:11.947] [jointLog] [warning] read 05fbcb72-808b-4d72-8972-43240871460e (length 39568) has no trained clipping model
[2025-07-09 17:03:11.947] [jointLog] [warning] read 05fbcb72-808b-4d72-8972-43240871460e (length 39568) has no trained clipping model
[2025-07-09 17:03:11.947] [jointLog] [warning] read 68a21981-ce3b-45be-884e-501d6a5d8d63 (length 28619 - align length 1392) has no trained error model
[2025-07-09 17:03:11.947] [jointLog] [warning] read 68a21981-ce3b-45be-884e-501d6a5d8d63 (length 28619) has no trained clipping model
[2025-07-09 17:03:11.947] [jointLog] [warning] read 68a21981-ce3b-45be-884e-501d6a5d8d63 (length 28619) has no trained clipping model
[2025-07-09 17:03:12.808] [jointLog] [warning] read f407e0db-d070-441a-b582-5adab408fcba (length 44360 - align length 268) has no trained error model
[2025-07-09 17:03:12.808] [jointLog] [warning] read f407e0db-d070-441a-b582-5adab408fcba (length 44360) has no trained clipping model
[2025-07-09 17:03:12.808] [jointLog] [warning] read f407e0db-d070-441a-b582-5adab408fcba (length 44360) has no trained clipping model
[2025-07-09 17:03:12.808] [jointLog] [warning] read 1d4de332-4ed4-4dc1-8d9e-51fa5ed90b33 (length 18285 - align length 16914) has no trained error model
[2025-07-09 17:03:12.808] [jointLog] [warning] read 1d4de332-4ed4-4dc1-8d9e-51fa5ed90b33 (length 18285) has no trained clipping model
[2025-07-09 17:03:12.808] [jointLog] [warning] read 1d4de332-4ed4-4dc1-8d9e-51fa5ed90b33 (length 18285) has no trained clipping model
[2025-07-09 17:03:12.809] [jointLog] [warning] read cfc091ad-e850-45a8-b789-e1eadaa1c7dc (length 23742 - align length 2664) has no trained error model
[2025-07-09 17:03:12.809] [jointLog] [warning] read cfc091ad-e850-45a8-b789-e1eadaa1c7dc (length 23742) has no trained clipping model
[2025-07-09 17:03:12.809] [jointLog] [warning] read cfc091ad-e850-45a8-b789-e1eadaa1c7dc (length 23742) has no trained clipping model
[2025-07-09 17:03:12.809] [jointLog] [warning] read eb979c86-cb58-4bf5-9fb2-c5835cfff9f8 (length 20105 - align length 941) has no trained error model
[2025-07-09 17:03:12.809] [jointLog] [warning] read eb979c86-cb58-4bf5-9fb2-c5835cfff9f8 (length 20105) has no trained clipping model
[2025-07-09 17:03:12.809] [jointLog] [warning] read eb979c86-cb58-4bf5-9fb2-c5835cfff9f8 (length 20105) has no trained clipping model
[2025-07-09 17:03:12.809] [jointLog] [warning] read 6bec3b60-7a28-4a0f-9627-1802c6fcf847 (length 14502 - align length 14497) has no trained error model
[2025-07-09 17:03:12.809] [jointLog] [warning] read 05eee7ac-7063-456d-ae11-bd7e60ef394b (length 21438 - align length 177) has no trained error model
[2025-07-09 17:03:12.809] [jointLog] [warning] read 05eee7ac-7063-456d-ae11-bd7e60ef394b (length 21438) has no trained clipping model
[2025-07-09 17:03:12.809] [jointLog] [warning] read 05eee7ac-7063-456d-ae11-bd7e60ef394b (length 21438) has no trained clipping model
[2025-07-09 17:03:12.809] [jointLog] [warning] read 2dbc84a4-dcad-45f9-87c7-070a44930284 (length 31583 - align length 772) has no trained error model
[2025-07-09 17:03:12.809] [jointLog] [warning] read 2dbc84a4-dcad-45f9-87c7-070a44930284 (length 31583) has no trained clipping model
[2025-07-09 17:03:12.809] [jointLog] [warning] read 2dbc84a4-dcad-45f9-87c7-070a44930284 (length 31583) has no trained clipping model
[2025-07-09 17:03:12.809] [jointLog] [warning] read 51f85a04-b580-4e10-b6b4-6f99daec8d51 (length 21411 - align length 372) has no trained error model
[2025-07-09 17:03:12.809] [jointLog] [warning] read 51f85a04-b580-4e10-b6b4-6f99daec8d51 (length 21411) has no trained clipping model
[2025-07-09 17:03:12.809] [jointLog] [warning] read 51f85a04-b580-4e10-b6b4-6f99daec8d51 (length 21411) has no trained clipping model
[2025-07-09 17:03:12.809] [jointLog] [warning] read 7d0c52ca-88fe-4849-b829-a20542068556 (length 23908) has no trained clipping model
[2025-07-09 17:03:12.809] [jointLog] [warning] read aa07ce27-99a9-43ce-b628-65c2fb8e5728 (length 38181 - align length 154) has no trained error model
[2025-07-09 17:03:12.809] [jointLog] [warning] read aa07ce27-99a9-43ce-b628-65c2fb8e5728 (length 38181) has no trained clipping model
[2025-07-09 17:03:12.809] [jointLog] [warning] read aa07ce27-99a9-43ce-b628-65c2fb8e5728 (length 38181) has no trained clipping model
[2025-07-09 17:03:12.809] [jointLog] [warning] read 301d9170-607f-4989-9b9b-8ab085d2fd91 (length 19251 - align length 116) has no trained error model
[2025-07-09 17:03:12.809] [jointLog] [warning] read 301d9170-607f-4989-9b9b-8ab085d2fd91 (length 19251) has no trained clipping model
[2025-07-09 17:03:12.809] [jointLog] [warning] read 301d9170-607f-4989-9b9b-8ab085d2fd91 (length 19251) has no trained clipping model
[2025-07-09 17:03:12.810] [jointLog] [warning] read 9667efca-cc44-47ee-924b-bf8165b125c5 (length 36421 - align length 268) has no trained error model
[2025-07-09 17:03:12.810] [jointLog] [warning] read 9667efca-cc44-47ee-924b-bf8165b125c5 (length 36421) has no trained clipping model
[2025-07-09 17:03:12.810] [jointLog] [warning] read 9667efca-cc44-47ee-924b-bf8165b125c5 (length 36421) has no trained clipping model
[2025-07-09 17:03:12.810] [jointLog] [warning] read 0f1906c0-b781-42b0-aeff-d546e4db5515 (length 39194 - align length 497) has no trained error model
[2025-07-09 17:03:12.810] [jointLog] [warning] read 0f1906c0-b781-42b0-aeff-d546e4db5515 (length 39194) has no trained clipping model
[2025-07-09 17:03:12.810] [jointLog] [warning] read 0f1906c0-b781-42b0-aeff-d546e4db5515 (length 39194) has no trained clipping model
[2025-07-09 17:03:12.810] [jointLog] [warning] read 6eec5feb-78ec-4728-afaf-e6f3b813012a (length 37616 - align length 591) has no trained error model
[2025-07-09 17:03:12.810] [jointLog] [warning] read 6eec5feb-78ec-4728-afaf-e6f3b813012a (length 37616) has no trained clipping model
[2025-07-09 17:03:12.810] [jointLog] [warning] read 6eec5feb-78ec-4728-afaf-e6f3b813012a (length 37616) has no trained clipping model
[2025-07-09 17:03:12.810] [jointLog] [warning] read af370ae8-3229-4ba5-abc8-e63748bd314b (length 34733 - align length 1447) has no trained error model
[2025-07-09 17:03:12.810] [jointLog] [warning] read af370ae8-3229-4ba5-abc8-e63748bd314b (length 34733) has no trained clipping model
[2025-07-09 17:03:12.810] [jointLog] [warning] read af370ae8-3229-4ba5-abc8-e63748bd314b (length 34733) has no trained clipping model
[2025-07-09 17:03:12.810] [jointLog] [warning] read e3f3cdff-d980-4a1f-a712-509ff85d4953 (length 32003 - align length 3311) has no trained error model
[2025-07-09 17:03:12.810] [jointLog] [warning] read e3f3cdff-d980-4a1f-a712-509ff85d4953 (length 32003) has no trained clipping model
[2025-07-09 17:03:12.810] [jointLog] [warning] read e3f3cdff-d980-4a1f-a712-509ff85d4953 (length 32003) has no trained clipping model
[2025-07-09 17:03:12.811] [jointLog] [warning] read bcd307af-cd9d-4312-9675-cb3644605918 (length 30793 - align length 934) has no trained error model
[2025-07-09 17:03:12.811] [jointLog] [warning] read bcd307af-cd9d-4312-9675-cb3644605918 (length 30793) has no trained clipping model
[2025-07-09 17:03:12.811] [jointLog] [warning] read bcd307af-cd9d-4312-9675-cb3644605918 (length 30793) has no trained clipping model
[2025-07-09 17:03:12.811] [jointLog] [warning] read fe03f5a6-f2e0-4ff1-b7e6-95890856b56a (length 49023) has no trained clipping model
[2025-07-09 17:03:12.811] [jointLog] [warning] read 2b458906-c538-4f90-a759-85cf927f5128 (length 23101 - align length 255) has no trained error model
[2025-07-09 17:03:12.811] [jointLog] [warning] read 2b458906-c538-4f90-a759-85cf927f5128 (length 23101) has no trained clipping model
[2025-07-09 17:03:12.811] [jointLog] [warning] read 2b458906-c538-4f90-a759-85cf927f5128 (length 23101) has no trained clipping model
[2025-07-09 17:03:12.811] [jointLog] [warning] read 9c78230e-d544-4a46-86f6-0684b5ac417b (length 43930 - align length 1342) has no trained error model
[2025-07-09 17:03:12.811] [jointLog] [warning] read 9c78230e-d544-4a46-86f6-0684b5ac417b (length 43930) has no trained clipping model
[2025-07-09 17:03:12.811] [jointLog] [warning] read 9c78230e-d544-4a46-86f6-0684b5ac417b (length 43930) has no trained clipping model
[2025-07-09 17:03:12.811] [jointLog] [warning] read 37b6090d-d333-4278-9900-138981428df8 (length 15432) has no trained clipping model
[2025-07-09 17:03:14.076] [fileLog] [info] quantification processed 19000000 fragments so far

[2025-07-09 17:03:16.030] [jointLog] [warning] read a09ba69d-258d-47cc-9953-3ba445d8d861 (length 18644 - align length 1285) has no trained error model
[2025-07-09 17:03:16.030] [jointLog] [warning] read a09ba69d-258d-47cc-9953-3ba445d8d861 (length 18644) has no trained clipping model
[2025-07-09 17:03:16.030] [jointLog] [warning] read a09ba69d-258d-47cc-9953-3ba445d8d861 (length 18644) has no trained clipping model
[2025-07-09 17:03:16.030] [jointLog] [warning] read e12c4da6-1033-4aec-bbf6-691ae338c6bc (length 33657 - align length 115) has no trained error model
[2025-07-09 17:03:16.030] [jointLog] [warning] read e12c4da6-1033-4aec-bbf6-691ae338c6bc (length 33657) has no trained clipping model
[2025-07-09 17:03:16.030] [jointLog] [warning] read e12c4da6-1033-4aec-bbf6-691ae338c6bc (length 33657) has no trained clipping model
[2025-07-09 17:03:16.030] [jointLog] [warning] read 614935c7-3a28-41b1-9357-910f784461e4 (length 36427 - align length 3503) has no trained error model
[2025-07-09 17:03:16.030] [jointLog] [warning] read 614935c7-3a28-41b1-9357-910f784461e4 (length 36427) has no trained clipping model
[2025-07-09 17:03:16.030] [jointLog] [warning] read 614935c7-3a28-41b1-9357-910f784461e4 (length 36427) has no trained clipping model
[2025-07-09 17:03:16.030] [jointLog] [warning] read 71f6fbff-2133-454c-8c08-c21f464ca08a (length 34773 - align length 69) has no trained error model
[2025-07-09 17:03:16.030] [jointLog] [warning] read 71f6fbff-2133-454c-8c08-c21f464ca08a (length 34773) has no trained clipping model
[2025-07-09 17:03:16.030] [jointLog] [warning] read 71f6fbff-2133-454c-8c08-c21f464ca08a (length 34773) has no trained clipping model
[2025-07-09 17:03:16.030] [jointLog] [warning] read a67a644b-b626-4a25-876e-ffdd22f3b511 (length 15795 - align length 86) has no trained error model
[2025-07-09 17:03:16.030] [jointLog] [warning] read a67a644b-b626-4a25-876e-ffdd22f3b511 (length 15795) has no trained clipping model
[2025-07-09 17:03:16.030] [jointLog] [warning] read a67a644b-b626-4a25-876e-ffdd22f3b511 (length 15795) has no trained clipping model
[2025-07-09 17:03:16.030] [jointLog] [warning] read f349d3ce-f581-4a49-ae54-dc5670d2f373 (length 42611 - align length 115) has no trained error model
[2025-07-09 17:03:16.030] [jointLog] [warning] read f349d3ce-f581-4a49-ae54-dc5670d2f373 (length 42611) has no trained clipping model
[2025-07-09 17:03:16.030] [jointLog] [warning] read f349d3ce-f581-4a49-ae54-dc5670d2f373 (length 42611) has no trained clipping model
[2025-07-09 17:03:16.030] [jointLog] [warning] read f623c1b9-fd5a-4480-a7ca-4595e06633f8 (length 38555 - align length 156) has no trained error model
[2025-07-09 17:03:16.030] [jointLog] [warning] read f623c1b9-fd5a-4480-a7ca-4595e06633f8 (length 38555) has no trained clipping model
[2025-07-09 17:03:16.030] [jointLog] [warning] read f623c1b9-fd5a-4480-a7ca-4595e06633f8 (length 38555) has no trained clipping model
[2025-07-09 17:03:16.031] [jointLog] [warning] read c3f6dc88-a791-49bd-b432-557f388614c4 (length 23493 - align length 103) has no trained error model
[2025-07-09 17:03:16.031] [jointLog] [warning] read c3f6dc88-a791-49bd-b432-557f388614c4 (length 23493) has no trained clipping model
[2025-07-09 17:03:16.031] [jointLog] [warning] read c3f6dc88-a791-49bd-b432-557f388614c4 (length 23493) has no trained clipping model
[2025-07-09 17:03:16.031] [jointLog] [warning] read b54570d5-d696-4729-bfbf-33a29f77d204 (length 32231) has no trained clipping model
[2025-07-09 17:03:16.031] [jointLog] [warning] read af1b1f76-d13a-4941-a9c5-c2881b119b15 (length 27548 - align length 3033) has no trained error model
[2025-07-09 17:03:16.031] [jointLog] [warning] read af1b1f76-d13a-4941-a9c5-c2881b119b15 (length 27548) has no trained clipping model
[2025-07-09 17:03:16.031] [jointLog] [warning] read af1b1f76-d13a-4941-a9c5-c2881b119b15 (length 27548) has no trained clipping model
[2025-07-09 17:03:16.031] [jointLog] [warning] read 0b25fb17-88ef-4aef-8604-97da4c72da89 (length 37151 - align length 785) has no trained error model
[2025-07-09 17:03:16.031] [jointLog] [warning] read 0b25fb17-88ef-4aef-8604-97da4c72da89 (length 37151) has no trained clipping model
[2025-07-09 17:03:16.031] [jointLog] [warning] read 0b25fb17-88ef-4aef-8604-97da4c72da89 (length 37151) has no trained clipping model
[2025-07-09 17:03:16.031] [jointLog] [warning] read bc9b58d4-44a5-4581-ab10-ec2480799b2f (length 27590 - align length 833) has no trained error model
[2025-07-09 17:03:16.031] [jointLog] [warning] read bc9b58d4-44a5-4581-ab10-ec2480799b2f (length 27590) has no trained clipping model
[2025-07-09 17:03:16.031] [jointLog] [warning] read bc9b58d4-44a5-4581-ab10-ec2480799b2f (length 27590) has no trained clipping model
[2025-07-09 17:03:16.031] [jointLog] [warning] read c1f298fc-5d2c-4190-900f-ec2a59900f03 (length 19076) has no trained clipping model
[2025-07-09 17:03:16.031] [jointLog] [warning] read 86a8b94d-c7b0-41cf-9b22-55e017f2538e (length 17101 - align length 16825) has no trained error model
[2025-07-09 17:03:16.031] [jointLog] [warning] read 1cb9de79-8c71-42ff-b933-68d8e65e67fa (length 36208 - align length 317) has no trained error model
[2025-07-09 17:03:16.031] [jointLog] [warning] read 1cb9de79-8c71-42ff-b933-68d8e65e67fa (length 36208) has no trained clipping model
[2025-07-09 17:03:16.031] [jointLog] [warning] read 1cb9de79-8c71-42ff-b933-68d8e65e67fa (length 36208) has no trained clipping model
[2025-07-09 17:03:16.032] [jointLog] [warning] read c2f04088-75ce-4fcb-b1b0-95be2afb3721 (length 25865 - align length 583) has no trained error model
[2025-07-09 17:03:16.032] [jointLog] [warning] read c2f04088-75ce-4fcb-b1b0-95be2afb3721 (length 25865) has no trained clipping model
[2025-07-09 17:03:16.032] [jointLog] [warning] read c2f04088-75ce-4fcb-b1b0-95be2afb3721 (length 25865) has no trained clipping model
[2025-07-09 17:03:16.032] [jointLog] [warning] read 2fb7eeb4-7960-4235-b9c0-dbc8ffc1ccc2 (length 43754 - align length 246) has no trained error model
[2025-07-09 17:03:16.032] [jointLog] [warning] read 2fb7eeb4-7960-4235-b9c0-dbc8ffc1ccc2 (length 43754) has no trained clipping model
[2025-07-09 17:03:16.032] [jointLog] [warning] read 2fb7eeb4-7960-4235-b9c0-dbc8ffc1ccc2 (length 43754) has no trained clipping model
[2025-07-09 17:03:17.370] [jointLog] [warning] read febfb360-692a-45c2-ac74-62d5bf75388c (length 25226 - align length 117) has no trained error model
[2025-07-09 17:03:17.370] [jointLog] [warning] read febfb360-692a-45c2-ac74-62d5bf75388c (length 25226) has no trained clipping model
[2025-07-09 17:03:17.370] [jointLog] [warning] read febfb360-692a-45c2-ac74-62d5bf75388c (length 25226) has no trained clipping model
[2025-07-09 17:03:17.370] [jointLog] [warning] read cc650900-43d5-485a-94c2-a20ce7f593ce (length 39195 - align length 210) has no trained error model
[2025-07-09 17:03:17.370] [jointLog] [warning] read cc650900-43d5-485a-94c2-a20ce7f593ce (length 39195) has no trained clipping model
[2025-07-09 17:03:17.370] [jointLog] [warning] read cc650900-43d5-485a-94c2-a20ce7f593ce (length 39195) has no trained clipping model
[2025-07-09 17:03:18.945] [jointLog] [info] Thread saw mini-batch with a maximum of 37.20% zero probability fragments
[2025-07-09 17:03:18.945] [jointLog] [info] Thread saw mini-batch with a maximum of 12.90% zero probability fragments
[2025-07-09 17:03:18.950] [jointLog] [info] Thread saw mini-batch with a maximum of 15.90% zero probability fragments
[2025-07-09 17:03:18.958] [jointLog] [info] Thread saw mini-batch with a maximum of 10.40% zero probability fragments
[2025-07-09 17:03:18.960] [jointLog] [info] Thread saw mini-batch with a maximum of 15.20% zero probability fragments
[2025-07-09 17:03:18.960] [jointLog] [info] 


Completed first pass through the alignment file.
Total # of mapped reads : 20006027
# of uniquely mapped reads : 19406913
# ambiguously mapped reads : 599114



[2025-07-09 17:03:18.997] [jointLog] [info] Computed 46,247 rich equivalence classes for further processing
[2025-07-09 17:03:18.997] [jointLog] [info] Counted 18,611,438 total reads in the equivalence classes 
[2025-07-09 17:03:18.999] [jointLog] [info] starting optimizer
[2025-07-09 17:03:19.055] [jointLog] [info] Marked 0 weighted equivalence classes as degenerate
[2025-07-09 17:03:19.058] [jointLog] [info] iteration = 0 | max rel diff. = 938.173
[2025-07-09 17:03:18.919] [fileLog] [info] quantification processed 20000000 fragments so far

[2025-07-09 17:03:18.945] [fileLog] [info] quantification processed 20006027 fragments so far

[2025-07-09 17:03:19.369] [jointLog] [info] iteration = 100 | max rel diff. = 2.10244e-16
[2025-07-09 17:03:19.384] [jointLog] [info] finished optimizer
[2025-07-09 17:03:19.384] [jointLog] [info] writing output
