[2025-07-09 16:57:13.958] [jointLog] [info] setting maxHashResizeThreads to 10
[2025-07-09 16:57:13.958] [jointLog] [info] Fragment incompatibility prior below threshold.  Incompatible fragments will be ignored.
[2025-07-09 16:57:14.160] [jointLog] [info] numQuantThreads = 5
[2025-07-09 16:57:16.552] [fileLog] [info] quantification processed 0 fragments so far

[2025-07-09 16:57:16.408] [jointLog] [info] replaced 0 non-ACGT nucleotides with random nucleotides
[2025-07-09 16:57:16.569] [jointLog] [warning] read 6c45f5df-7224-430c-b71b-3e638b221f08 (length 4353 - align length 4353) has no trained error model
[2025-07-09 16:57:16.569] [jointLog] [warning] read 6c45f5df-7224-430c-b71b-3e638b221f08 (length 4353) has no trained clipping model
[2025-07-09 16:57:16.569] [jointLog] [warning] read 6c45f5df-7224-430c-b71b-3e638b221f08 (length 4353) has no trained clipping model
[2025-07-09 16:57:16.570] [jointLog] [warning] read 1e522914-1198-4386-812d-de1e5386e164 (length 4482) has no trained clipping model
[2025-07-09 16:57:16.571] [jointLog] [warning] read f551a716-3503-4773-9993-6885b03d0fde (length 4381) has no trained clipping model
[2025-07-09 16:57:16.571] [jointLog] [warning] read f551a716-3503-4773-9993-6885b03d0fde (length 4381) has no trained clipping model
[2025-07-09 16:57:16.573] [jointLog] [warning] read 9458b32a-ad1f-45e9-9f47-fcbb06174edd (length 5279 - align length 5217) has no trained error model
[2025-07-09 16:57:16.573] [jointLog] [warning] read 611ee38e-27ca-4c97-81b4-7e8df73095e6 (length 6016) has no trained clipping model
[2025-07-09 16:57:16.576] [jointLog] [warning] read 1390b522-37ae-451c-b2b9-d21c3b616ed9 (length 8754 - align length 8639) has no trained error model
[2025-07-09 16:57:16.576] [jointLog] [warning] read 1390b522-37ae-451c-b2b9-d21c3b616ed9 (length 8754) has no trained clipping model
[2025-07-09 16:57:16.576] [jointLog] [warning] read 1390b522-37ae-451c-b2b9-d21c3b616ed9 (length 8754) has no trained clipping model
[2025-07-09 16:57:16.577] [jointLog] [warning] read fe6a0b39-268b-4eea-86af-be642975cdc2 (length 4543 - align length 4543) has no trained error model
[2025-07-09 16:57:16.577] [jointLog] [warning] read fe6a0b39-268b-4eea-86af-be642975cdc2 (length 4543) has no trained clipping model
[2025-07-09 16:57:16.577] [jointLog] [warning] read fe6a0b39-268b-4eea-86af-be642975cdc2 (length 4543) has no trained clipping model
[2025-07-09 16:57:16.577] [jointLog] [warning] read 12954536-6b99-4b5d-a97c-917087044205 (length 5708) has no trained clipping model
[2025-07-09 16:57:16.578] [jointLog] [warning] read efd395f8-38ee-4f85-8a19-48d124b616d7 (length 6941 - align length 6886) has no trained error model
[2025-07-09 16:57:16.578] [jointLog] [warning] read efd395f8-38ee-4f85-8a19-48d124b616d7 (length 6941) has no trained clipping model
[2025-07-09 16:57:16.578] [jointLog] [warning] read efd395f8-38ee-4f85-8a19-48d124b616d7 (length 6941) has no trained clipping model
[2025-07-09 16:57:16.579] [jointLog] [warning] read bdf36356-5dfe-45e1-8062-5e2b5413f1c0 (length 6681 - align length 6632) has no trained error model
[2025-07-09 16:57:16.579] [jointLog] [warning] read bdf36356-5dfe-45e1-8062-5e2b5413f1c0 (length 6681) has no trained clipping model
[2025-07-09 16:57:16.579] [jointLog] [warning] read bdf36356-5dfe-45e1-8062-5e2b5413f1c0 (length 6681) has no trained clipping model
[2025-07-09 16:57:16.579] [jointLog] [warning] read dbd3dd5a-5bd0-4cdc-a570-cd20916e8e37 (length 4904 - align length 4901) has no trained error model
[2025-07-09 16:57:16.579] [jointLog] [warning] read dbd3dd5a-5bd0-4cdc-a570-cd20916e8e37 (length 4904) has no trained clipping model
[2025-07-09 16:57:16.579] [jointLog] [warning] read dbd3dd5a-5bd0-4cdc-a570-cd20916e8e37 (length 4904) has no trained clipping model
[2025-07-09 16:57:16.581] [jointLog] [warning] read 141e1ab4-ab90-4964-944b-381833609930 (length 5525 - align length 5484) has no trained error model
[2025-07-09 16:57:16.582] [jointLog] [warning] read 9749d92b-cad1-44fa-ad23-b3dafbee5ce9 (length 4541) has no trained clipping model
[2025-07-09 16:57:16.582] [jointLog] [warning] read 9749d92b-cad1-44fa-ad23-b3dafbee5ce9 (length 4541) has no trained clipping model
[2025-07-09 16:57:16.582] [jointLog] [warning] read c298a21e-5839-4e74-a255-33fa67a35611 (length 6060) has no trained clipping model
[2025-07-09 16:57:16.585] [jointLog] [warning] read 7455ea23-4354-4eec-a43d-440e738f7df5 (length 5338) has no trained clipping model
[2025-07-09 16:57:16.585] [jointLog] [warning] read 7455ea23-4354-4eec-a43d-440e738f7df5 (length 5338) has no trained clipping model
[2025-07-09 16:57:16.585] [jointLog] [warning] read bdddacb5-bf96-474d-a07d-555f51dc89ae (length 5343) has no trained clipping model
[2025-07-09 16:57:16.586] [jointLog] [warning] read bf99b674-53d7-4998-b75d-443024d59be1 (length 4906) has no trained clipping model
[2025-07-09 16:57:16.586] [jointLog] [warning] read fc880502-af38-4ca5-8ef8-740f686586c6 (length 7873 - align length 7782) has no trained error model
[2025-07-09 16:57:16.586] [jointLog] [warning] read fc880502-af38-4ca5-8ef8-740f686586c6 (length 7873) has no trained clipping model
[2025-07-09 16:57:16.586] [jointLog] [warning] read fc880502-af38-4ca5-8ef8-740f686586c6 (length 7873) has no trained clipping model
[2025-07-09 16:57:16.588] [jointLog] [warning] read 3a70a8bd-e687-4a4b-b54f-a218a4349518 (length 7213 - align length 7179) has no trained error model
[2025-07-09 16:57:16.588] [jointLog] [warning] read 3a70a8bd-e687-4a4b-b54f-a218a4349518 (length 7213) has no trained clipping model
[2025-07-09 16:57:16.588] [jointLog] [warning] read 3a70a8bd-e687-4a4b-b54f-a218a4349518 (length 7213) has no trained clipping model
[2025-07-09 16:57:16.592] [jointLog] [warning] read 5e8c1da1-9c60-433a-8caf-f6eb78275a81 (length 6885 - align length 5925) has no trained error model
[2025-07-09 16:57:16.592] [jointLog] [warning] read 5e8c1da1-9c60-433a-8caf-f6eb78275a81 (length 6885) has no trained clipping model
[2025-07-09 16:57:16.592] [jointLog] [warning] read 5e8c1da1-9c60-433a-8caf-f6eb78275a81 (length 6885) has no trained clipping model
[2025-07-09 16:57:16.594] [jointLog] [warning] read 35dc3c5c-0873-456c-a694-346b059c5368 (length 4562) has no trained clipping model
[2025-07-09 16:57:16.597] [jointLog] [warning] read 8b575105-88ef-4984-8645-39009a84444e (length 4594) has no trained clipping model
[2025-07-09 16:57:16.598] [jointLog] [warning] read bc52bcea-9505-4c5c-a112-83143b607a9c (length 8007 - align length 7982) has no trained error model
[2025-07-09 16:57:16.598] [jointLog] [warning] read bc52bcea-9505-4c5c-a112-83143b607a9c (length 8007) has no trained clipping model
[2025-07-09 16:57:16.598] [jointLog] [warning] read bc52bcea-9505-4c5c-a112-83143b607a9c (length 8007) has no trained clipping model
[2025-07-09 16:57:16.598] [jointLog] [warning] read 0c35cb29-7008-4e8b-86eb-27a489f0b8eb (length 7394 - align length 3381) has no trained error model
[2025-07-09 16:57:16.598] [jointLog] [warning] read 0c35cb29-7008-4e8b-86eb-27a489f0b8eb (length 7394) has no trained clipping model
[2025-07-09 16:57:16.598] [jointLog] [warning] read 0c35cb29-7008-4e8b-86eb-27a489f0b8eb (length 7394) has no trained clipping model
[2025-07-09 16:57:16.600] [jointLog] [warning] read b16527f4-5824-4d8a-99dd-2fb7d4e9b278 (length 4590) has no trained clipping model
[2025-07-09 16:57:16.604] [jointLog] [warning] read 061b0ade-585a-405c-a543-2dc844ccdc1f (length 5941 - align length 5837) has no trained error model
[2025-07-09 16:57:16.606] [jointLog] [warning] read 702c7803-1971-4405-a990-22c4336d51e3 (length 7354) has no trained clipping model
[2025-07-09 16:57:16.615] [jointLog] [warning] read d1729e36-a506-41ef-893b-cf709512b80d (length 11257 - align length 11222) has no trained error model
[2025-07-09 16:57:16.615] [jointLog] [warning] read d1729e36-a506-41ef-893b-cf709512b80d (length 11257) has no trained clipping model
[2025-07-09 16:57:16.615] [jointLog] [warning] read d1729e36-a506-41ef-893b-cf709512b80d (length 11257) has no trained clipping model
[2025-07-09 16:57:16.632] [jointLog] [warning] read e95738c3-c042-4906-a527-878bcef64dc1 (length 6171 - align length 6049) has no trained error model
[2025-07-09 16:57:16.632] [jointLog] [warning] read e95738c3-c042-4906-a527-878bcef64dc1 (length 6171) has no trained clipping model
[2025-07-09 16:57:16.632] [jointLog] [warning] read e95738c3-c042-4906-a527-878bcef64dc1 (length 6171) has no trained clipping model
[2025-07-09 16:57:16.632] [jointLog] [warning] read 8c5da8c7-b3f8-4ba5-ae48-f0173d280593 (length 5864 - align length 5853) has no trained error model
[2025-07-09 16:57:16.632] [jointLog] [warning] read 8c5da8c7-b3f8-4ba5-ae48-f0173d280593 (length 5864) has no trained clipping model
[2025-07-09 16:57:16.632] [jointLog] [warning] read 8c5da8c7-b3f8-4ba5-ae48-f0173d280593 (length 5864) has no trained clipping model
[2025-07-09 16:57:16.633] [jointLog] [warning] read fe491fbd-ecd6-434b-8bbd-10a48f16c6e3 (length 7207) has no trained clipping model
[2025-07-09 16:57:16.638] [jointLog] [warning] read 01c5c3af-be3a-44ce-abef-35ecc2e64f68 (length 5846) has no trained clipping model
[2025-07-09 16:57:16.640] [jointLog] [warning] read 04750523-9569-4156-bc93-447dc80210ea (length 6446 - align length 6390) has no trained error model
[2025-07-09 16:57:16.640] [jointLog] [warning] read 04750523-9569-4156-bc93-447dc80210ea (length 6446) has no trained clipping model
[2025-07-09 16:57:16.640] [jointLog] [warning] read 04750523-9569-4156-bc93-447dc80210ea (length 6446) has no trained clipping model
[2025-07-09 16:57:16.641] [jointLog] [warning] read dd5ec03d-8529-4f02-8bd4-fb5b16adeb21 (length 7566 - align length 7506) has no trained error model
[2025-07-09 16:57:16.641] [jointLog] [warning] read dd5ec03d-8529-4f02-8bd4-fb5b16adeb21 (length 7566) has no trained clipping model
[2025-07-09 16:57:16.641] [jointLog] [warning] read dd5ec03d-8529-4f02-8bd4-fb5b16adeb21 (length 7566) has no trained clipping model
[2025-07-09 16:57:16.661] [jointLog] [warning] read 41295cf6-1520-4274-9759-6cf817fb880c (length 8956 - align length 8935) has no trained error model
[2025-07-09 16:57:16.661] [jointLog] [warning] read 41295cf6-1520-4274-9759-6cf817fb880c (length 8956) has no trained clipping model
[2025-07-09 16:57:16.661] [jointLog] [warning] read 41295cf6-1520-4274-9759-6cf817fb880c (length 8956) has no trained clipping model
[2025-07-09 16:57:16.663] [jointLog] [warning] read 9f1d9f48-5f93-458e-bc42-eafe6c4acf5a (length 7054 - align length 7038) has no trained error model
[2025-07-09 16:57:16.663] [jointLog] [warning] read 9f1d9f48-5f93-458e-bc42-eafe6c4acf5a (length 7054) has no trained clipping model
[2025-07-09 16:57:16.663] [jointLog] [warning] read 9f1d9f48-5f93-458e-bc42-eafe6c4acf5a (length 7054) has no trained clipping model
[2025-07-09 16:57:16.664] [jointLog] [warning] read 26a8df8f-a5d8-4cd9-a294-a04f556dedaa (length 6161 - align length 6159) has no trained error model
[2025-07-09 16:57:16.671] [jointLog] [warning] read d10d4ebf-3e2a-42c6-a767-7a89d835cfb5 (length 9435 - align length 9366) has no trained error model
[2025-07-09 16:57:16.671] [jointLog] [warning] read d10d4ebf-3e2a-42c6-a767-7a89d835cfb5 (length 9435) has no trained clipping model
[2025-07-09 16:57:16.671] [jointLog] [warning] read d10d4ebf-3e2a-42c6-a767-7a89d835cfb5 (length 9435) has no trained clipping model
[2025-07-09 16:57:16.679] [jointLog] [warning] read c1b2ee3d-0a66-458c-b16a-4fea09ba71c7 (length 7221 - align length 7208) has no trained error model
[2025-07-09 16:57:16.683] [jointLog] [warning] read cfea6bf7-ef71-40fa-9e01-aaffeb854769 (length 10225 - align length 10225) has no trained error model
[2025-07-09 16:57:16.683] [jointLog] [warning] read cfea6bf7-ef71-40fa-9e01-aaffeb854769 (length 10225) has no trained clipping model
[2025-07-09 16:57:16.683] [jointLog] [warning] read cfea6bf7-ef71-40fa-9e01-aaffeb854769 (length 10225) has no trained clipping model
[2025-07-09 16:57:16.695] [jointLog] [warning] read 0ef63c49-b4b3-4b50-a861-55bf8f05d0c7 (length 6563 - align length 6511) has no trained error model
[2025-07-09 16:57:16.695] [jointLog] [warning] read 0ef63c49-b4b3-4b50-a861-55bf8f05d0c7 (length 6563) has no trained clipping model
[2025-07-09 16:57:16.695] [jointLog] [warning] read 63539c9d-e917-4f9b-bada-b36fc8cbc026 (length 12666 - align length 12666) has no trained error model
[2025-07-09 16:57:16.695] [jointLog] [warning] read 63539c9d-e917-4f9b-bada-b36fc8cbc026 (length 12666) has no trained clipping model
[2025-07-09 16:57:16.695] [jointLog] [warning] read 63539c9d-e917-4f9b-bada-b36fc8cbc026 (length 12666) has no trained clipping model
[2025-07-09 16:57:16.719] [jointLog] [warning] read 6f052aee-03b9-4d32-b0df-1ab7d803ec8d (length 6919) has no trained clipping model
[2025-07-09 16:57:16.726] [jointLog] [info] Automatically detected most likely library type as SF

[2025-07-09 16:57:16.726] [jointLog] [warning] read 57d3eb6b-3254-44be-ada9-ff729e84a0c7 (length 7361 - align length 7317) has no trained error model
[2025-07-09 16:57:16.729] [jointLog] [warning] read fa80a876-ea05-401f-a2db-208dd744f9d6 (length 8373 - align length 8342) has no trained error model
[2025-07-09 16:57:16.729] [jointLog] [warning] read fa80a876-ea05-401f-a2db-208dd744f9d6 (length 8373) has no trained clipping model
[2025-07-09 16:57:16.729] [jointLog] [warning] read fa80a876-ea05-401f-a2db-208dd744f9d6 (length 8373) has no trained clipping model
[2025-07-09 16:57:16.733] [jointLog] [warning] read 70e545d8-dd82-44b9-93c4-f602848765be (length 7006 - align length 6986) has no trained error model
[2025-07-09 16:57:16.733] [jointLog] [warning] read 70e545d8-dd82-44b9-93c4-f602848765be (length 7006) has no trained clipping model
[2025-07-09 16:57:16.758] [jointLog] [warning] read a4110069-ffad-4e75-97d9-039abc116f9e (length 5861 - align length 5736) has no trained error model
[2025-07-09 16:57:16.764] [jointLog] [warning] read 8a7e13d1-479a-41fd-b6c7-78c41c861cb0 (length 6663 - align length 6295) has no trained error model
[2025-07-09 16:57:16.765] [jointLog] [warning] read 9c41a903-6d29-4929-b402-2b54d6143cb5 (length 6960) has no trained clipping model
[2025-07-09 16:57:16.778] [jointLog] [warning] read 94262795-2ef7-4c4e-8e68-73c59c4e78cf (length 5810 - align length 5728) has no trained error model
[2025-07-09 16:57:16.778] [jointLog] [warning] (in update()) CIGAR string for read [1258c7ae-14a2-4511-90ec-bf202734f69c] seems inconsistent. It implied an error rate greater than 1: 1.01923 0.00425532 0.331915
[2025-07-09 16:57:16.778] [jointLog] [warning] read bdd2bfa0-0561-45e4-a4bb-074dc9f153e0 (length 7886 - align length 7874) has no trained error model
[2025-07-09 16:57:16.779] [jointLog] [warning] read abe4daa2-2e85-468e-a79f-6a742c48d025 (length 6516) has no trained clipping model
[2025-07-09 16:57:16.788] [jointLog] [warning] read 81d315a1-eabd-4f2f-bd12-12a59858bfe2 (length 5796 - align length 5768) has no trained error model
[2025-07-09 16:57:16.797] [jointLog] [warning] (in update()) CIGAR string for read [c9535b06-bd63-4405-8598-e6d34528671d] seems inconsistent. It implied an error rate greater than 1: 1.12626 0 0.0263746
[2025-07-09 16:57:16.824] [jointLog] [warning] read 398596b9-aaf6-47dc-b7d1-ab76a247c578 (length 7964 - align length 7957) has no trained error model
[2025-07-09 16:57:16.824] [jointLog] [warning] read 398596b9-aaf6-47dc-b7d1-ab76a247c578 (length 7964) has no trained clipping model
[2025-07-09 16:57:16.824] [jointLog] [warning] read 398596b9-aaf6-47dc-b7d1-ab76a247c578 (length 7964) has no trained clipping model
[2025-07-09 16:57:16.838] [jointLog] [warning] read 88a2c4f0-7329-4e66-a410-9af8e62fbc34 (length 6370 - align length 6094) has no trained error model
[2025-07-09 16:57:16.838] [jointLog] [warning] read 88a2c4f0-7329-4e66-a410-9af8e62fbc34 (length 6370) has no trained clipping model
[2025-07-09 16:57:16.838] [jointLog] [warning] read 88a2c4f0-7329-4e66-a410-9af8e62fbc34 (length 6370) has no trained clipping model
[2025-07-09 16:57:16.846] [jointLog] [warning] read 83d59a77-e731-47cf-9dbb-b8e504152db8 (length 8832 - align length 8817) has no trained error model
[2025-07-09 16:57:16.846] [jointLog] [warning] read 83d59a77-e731-47cf-9dbb-b8e504152db8 (length 8832) has no trained clipping model
[2025-07-09 16:57:16.846] [jointLog] [warning] read 83d59a77-e731-47cf-9dbb-b8e504152db8 (length 8832) has no trained clipping model
[2025-07-09 16:57:16.863] [jointLog] [warning] (in update()) CIGAR string for read [e069f478-b2f6-4ee5-a7a5-85c7601b46e0] seems inconsistent. It implied an error rate greater than 1: 1.57827 0 0.0224274
[2025-07-09 16:57:16.871] [jointLog] [warning] read 483880ee-d6e4-4aa9-a5a3-514e03ebc1ae (length 7154 - align length 7087) has no trained error model
[2025-07-09 16:57:16.871] [jointLog] [warning] read 483880ee-d6e4-4aa9-a5a3-514e03ebc1ae (length 7154) has no trained clipping model
[2025-07-09 16:57:16.871] [jointLog] [warning] read 483880ee-d6e4-4aa9-a5a3-514e03ebc1ae (length 7154) has no trained clipping model
[2025-07-09 16:57:16.878] [jointLog] [warning] read 866adea5-7265-4a42-be52-2c287f4a9bfb (length 6718 - align length 6694) has no trained error model
[2025-07-09 16:57:16.878] [jointLog] [warning] read 866adea5-7265-4a42-be52-2c287f4a9bfb (length 6718) has no trained clipping model
[2025-07-09 16:57:16.878] [jointLog] [warning] read 866adea5-7265-4a42-be52-2c287f4a9bfb (length 6718) has no trained clipping model
[2025-07-09 16:57:16.900] [jointLog] [warning] read 1a40f99c-5bbb-4c79-b2ff-ad2d7f27a294 (length 6392 - align length 6225) has no trained error model
[2025-07-09 16:57:16.904] [jointLog] [warning] read 2b1d6c4e-91e2-4b95-a0ae-0752cd491862 (length 10174 - align length 2716) has no trained error model
[2025-07-09 16:57:16.904] [jointLog] [warning] read 2b1d6c4e-91e2-4b95-a0ae-0752cd491862 (length 10174) has no trained clipping model
[2025-07-09 16:57:16.904] [jointLog] [warning] read 2b1d6c4e-91e2-4b95-a0ae-0752cd491862 (length 10174) has no trained clipping model
[2025-07-09 16:57:16.906] [jointLog] [warning] read 00667af4-5b92-46d8-9501-144591f9fe66 (length 7632) has no trained clipping model
[2025-07-09 16:57:16.909] [jointLog] [warning] read 635ad88b-5580-4ec9-985b-d2b5da9cea45 (length 6212 - align length 6210) has no trained error model
[2025-07-09 16:57:16.909] [jointLog] [warning] read 635ad88b-5580-4ec9-985b-d2b5da9cea45 (length 6212) has no trained clipping model
[2025-07-09 16:57:16.909] [jointLog] [warning] read 635ad88b-5580-4ec9-985b-d2b5da9cea45 (length 6212) has no trained clipping model
[2025-07-09 16:57:16.910] [jointLog] [warning] read fa676bc5-dfad-4ddc-94f2-34d6c13f164e (length 8434 - align length 1913) has no trained error model
[2025-07-09 16:57:16.910] [jointLog] [warning] read fa676bc5-dfad-4ddc-94f2-34d6c13f164e (length 8434) has no trained clipping model
[2025-07-09 16:57:16.910] [jointLog] [warning] read fa676bc5-dfad-4ddc-94f2-34d6c13f164e (length 8434) has no trained clipping model
[2025-07-09 16:57:16.910] [jointLog] [warning] read 0e56d19b-1af8-42d9-b71d-f09e57fffc4a (length 6273) has no trained clipping model
[2025-07-09 16:57:16.914] [jointLog] [warning] read b237fd45-3b0e-455c-831b-c25abba3e8bb (length 6257) has no trained clipping model
[2025-07-09 16:57:16.926] [jointLog] [warning] read 90e70c00-2a95-4a5c-880e-9ea1ea2d206e (length 8078 - align length 8076) has no trained error model
[2025-07-09 16:57:16.929] [jointLog] [warning] read f0902caf-ebe7-48ee-941d-88d340355ad2 (length 32446 - align length 1102) has no trained error model
[2025-07-09 16:57:16.929] [jointLog] [warning] read f0902caf-ebe7-48ee-941d-88d340355ad2 (length 32446) has no trained clipping model
[2025-07-09 16:57:16.929] [jointLog] [warning] read f0902caf-ebe7-48ee-941d-88d340355ad2 (length 32446) has no trained clipping model
[2025-07-09 16:57:16.974] [jointLog] [warning] read 7c30a3ad-125c-4a14-9223-e5695705bc93 (length 13209 - align length 311) has no trained error model
[2025-07-09 16:57:16.974] [jointLog] [warning] read 7c30a3ad-125c-4a14-9223-e5695705bc93 (length 13209) has no trained clipping model
[2025-07-09 16:57:16.974] [jointLog] [warning] read 7c30a3ad-125c-4a14-9223-e5695705bc93 (length 13209) has no trained clipping model
[2025-07-09 16:57:16.974] [jointLog] [warning] read 54248229-af6c-49a3-8ab2-705e2e9bf482 (length 43248 - align length 3678) has no trained error model
[2025-07-09 16:57:16.974] [jointLog] [warning] read 54248229-af6c-49a3-8ab2-705e2e9bf482 (length 43248) has no trained clipping model
[2025-07-09 16:57:16.974] [jointLog] [warning] read 54248229-af6c-49a3-8ab2-705e2e9bf482 (length 43248) has no trained clipping model
[2025-07-09 16:57:16.974] [jointLog] [warning] read 4b960973-e629-4181-8107-981bcb0efece (length 22149 - align length 242) has no trained error model
[2025-07-09 16:57:16.974] [jointLog] [warning] read 4b960973-e629-4181-8107-981bcb0efece (length 22149) has no trained clipping model
[2025-07-09 16:57:16.974] [jointLog] [warning] read 4b960973-e629-4181-8107-981bcb0efece (length 22149) has no trained clipping model
[2025-07-09 16:57:16.974] [jointLog] [warning] read 827a8ff0-6b98-4b7d-8498-e05ca5c7ca29 (length 33404 - align length 180) has no trained error model
[2025-07-09 16:57:16.974] [jointLog] [warning] read 827a8ff0-6b98-4b7d-8498-e05ca5c7ca29 (length 33404) has no trained clipping model
[2025-07-09 16:57:16.974] [jointLog] [warning] read 827a8ff0-6b98-4b7d-8498-e05ca5c7ca29 (length 33404) has no trained clipping model
[2025-07-09 16:57:16.974] [jointLog] [warning] read b6717eea-895a-4388-8300-d7d1f971f483 (length 17579 - align length 3769) has no trained error model
[2025-07-09 16:57:16.974] [jointLog] [warning] read b6717eea-895a-4388-8300-d7d1f971f483 (length 17579) has no trained clipping model
[2025-07-09 16:57:16.974] [jointLog] [warning] read b6717eea-895a-4388-8300-d7d1f971f483 (length 17579) has no trained clipping model
[2025-07-09 16:57:16.974] [jointLog] [warning] read cd1ac946-eda3-42a8-89d0-326e82524c57 (length 84037 - align length 111) has no trained error model
[2025-07-09 16:57:16.974] [jointLog] [warning] read cd1ac946-eda3-42a8-89d0-326e82524c57 (length 84037) has no trained clipping model
[2025-07-09 16:57:16.974] [jointLog] [warning] read cd1ac946-eda3-42a8-89d0-326e82524c57 (length 84037) has no trained clipping model
[2025-07-09 16:57:16.975] [jointLog] [warning] read 810da566-adf9-4c2c-a945-8d39202d2d51 (length 16648 - align length 2648) has no trained error model
[2025-07-09 16:57:16.975] [jointLog] [warning] read 810da566-adf9-4c2c-a945-8d39202d2d51 (length 16648) has no trained clipping model
[2025-07-09 16:57:16.975] [jointLog] [warning] read 810da566-adf9-4c2c-a945-8d39202d2d51 (length 16648) has no trained clipping model
[2025-07-09 16:57:16.976] [jointLog] [warning] read 6495d0a2-ec67-44ca-aa6f-c43e3d1b1c06 (length 14707 - align length 921) has no trained error model
[2025-07-09 16:57:16.976] [jointLog] [warning] read 6495d0a2-ec67-44ca-aa6f-c43e3d1b1c06 (length 14707) has no trained clipping model
[2025-07-09 16:57:16.976] [jointLog] [warning] read 6495d0a2-ec67-44ca-aa6f-c43e3d1b1c06 (length 14707) has no trained clipping model
[2025-07-09 16:57:16.976] [jointLog] [warning] read 66e471f0-0772-4571-b07c-5a4bb1cccbeb (length 15797 - align length 1893) has no trained error model
[2025-07-09 16:57:16.976] [jointLog] [warning] read 66e471f0-0772-4571-b07c-5a4bb1cccbeb (length 15797) has no trained clipping model
[2025-07-09 16:57:16.976] [jointLog] [warning] read 66e471f0-0772-4571-b07c-5a4bb1cccbeb (length 15797) has no trained clipping model
[2025-07-09 16:57:16.976] [jointLog] [warning] read d684059d-563c-468a-8f6f-7c1b1bc38e59 (length 33683 - align length 1589) has no trained error model
[2025-07-09 16:57:16.976] [jointLog] [warning] read d684059d-563c-468a-8f6f-7c1b1bc38e59 (length 33683) has no trained clipping model
[2025-07-09 16:57:16.976] [jointLog] [warning] read d684059d-563c-468a-8f6f-7c1b1bc38e59 (length 33683) has no trained clipping model
[2025-07-09 16:57:16.976] [jointLog] [warning] read 28f66ec1-4788-4439-8b59-7041ebf24c5f (length 28716 - align length 299) has no trained error model
[2025-07-09 16:57:16.976] [jointLog] [warning] read 28f66ec1-4788-4439-8b59-7041ebf24c5f (length 28716) has no trained clipping model
[2025-07-09 16:57:16.976] [jointLog] [warning] read 28f66ec1-4788-4439-8b59-7041ebf24c5f (length 28716) has no trained clipping model
[2025-07-09 16:57:16.976] [jointLog] [warning] read 3b9c70a7-59cc-42c1-80bd-3deb7c0f153f (length 28465 - align length 2924) has no trained error model
[2025-07-09 16:57:16.976] [jointLog] [warning] read 3b9c70a7-59cc-42c1-80bd-3deb7c0f153f (length 28465) has no trained clipping model
[2025-07-09 16:57:16.976] [jointLog] [warning] read 3b9c70a7-59cc-42c1-80bd-3deb7c0f153f (length 28465) has no trained clipping model
[2025-07-09 16:57:16.976] [jointLog] [warning] read 7e74ef89-3a70-484d-b74e-7674300fec39 (length 12464 - align length 383) has no trained error model
[2025-07-09 16:57:16.976] [jointLog] [warning] read 7e74ef89-3a70-484d-b74e-7674300fec39 (length 12464) has no trained clipping model
[2025-07-09 16:57:16.976] [jointLog] [warning] read 7e74ef89-3a70-484d-b74e-7674300fec39 (length 12464) has no trained clipping model
[2025-07-09 16:57:16.976] [jointLog] [warning] read 38677840-c7a0-43c6-a5b0-eef856c1e2cf (length 19841 - align length 246) has no trained error model
[2025-07-09 16:57:16.976] [jointLog] [warning] read 38677840-c7a0-43c6-a5b0-eef856c1e2cf (length 19841) has no trained clipping model
[2025-07-09 16:57:16.976] [jointLog] [warning] read 38677840-c7a0-43c6-a5b0-eef856c1e2cf (length 19841) has no trained clipping model
[2025-07-09 16:57:16.976] [jointLog] [warning] read 80caca38-32f6-4eb9-b4b6-af9f0cbbc270 (length 14820 - align length 2419) has no trained error model
[2025-07-09 16:57:16.976] [jointLog] [warning] read 80caca38-32f6-4eb9-b4b6-af9f0cbbc270 (length 14820) has no trained clipping model
[2025-07-09 16:57:16.976] [jointLog] [warning] read 80caca38-32f6-4eb9-b4b6-af9f0cbbc270 (length 14820) has no trained clipping model
[2025-07-09 16:57:16.976] [jointLog] [warning] read 27f3bc2b-fa98-4cad-9552-48f714b930bb (length 22715 - align length 2704) has no trained error model
[2025-07-09 16:57:16.976] [jointLog] [warning] read 27f3bc2b-fa98-4cad-9552-48f714b930bb (length 22715) has no trained clipping model
[2025-07-09 16:57:16.976] [jointLog] [warning] read 27f3bc2b-fa98-4cad-9552-48f714b930bb (length 22715) has no trained clipping model
[2025-07-09 16:57:16.976] [jointLog] [warning] read a5fd052e-4746-4452-a37e-416742742885 (length 19048 - align length 1090) has no trained error model
[2025-07-09 16:57:16.976] [jointLog] [warning] read a5fd052e-4746-4452-a37e-416742742885 (length 19048) has no trained clipping model
[2025-07-09 16:57:16.976] [jointLog] [warning] read a5fd052e-4746-4452-a37e-416742742885 (length 19048) has no trained clipping model
[2025-07-09 16:57:16.976] [jointLog] [warning] read 75ef6540-0478-4bf7-add7-70a44be53dd8 (length 7409 - align length 6790) has no trained error model
[2025-07-09 16:57:16.976] [jointLog] [warning] read 75ef6540-0478-4bf7-add7-70a44be53dd8 (length 7409) has no trained clipping model
[2025-07-09 16:57:16.976] [jointLog] [warning] read 75ef6540-0478-4bf7-add7-70a44be53dd8 (length 7409) has no trained clipping model
[2025-07-09 16:57:16.976] [jointLog] [warning] read e92568b3-4ec7-4973-9cfd-a2aa0e79cee7 (length 15136 - align length 15072) has no trained error model
[2025-07-09 16:57:16.976] [jointLog] [warning] read e92568b3-4ec7-4973-9cfd-a2aa0e79cee7 (length 15136) has no trained clipping model
[2025-07-09 16:57:16.976] [jointLog] [warning] read e92568b3-4ec7-4973-9cfd-a2aa0e79cee7 (length 15136) has no trained clipping model
[2025-07-09 16:57:16.977] [jointLog] [warning] read 34d6b8fd-ed01-4b7f-b118-38aa81096d5a (length 15227 - align length 14583) has no trained error model
[2025-07-09 16:57:16.977] [jointLog] [warning] read 34d6b8fd-ed01-4b7f-b118-38aa81096d5a (length 15227) has no trained clipping model
[2025-07-09 16:57:16.977] [jointLog] [warning] read 34d6b8fd-ed01-4b7f-b118-38aa81096d5a (length 15227) has no trained clipping model
[2025-07-09 16:57:16.977] [jointLog] [warning] read 992658d5-649f-42fa-823b-59ca3d8b7838 (length 14976 - align length 135) has no trained error model
[2025-07-09 16:57:16.977] [jointLog] [warning] read 992658d5-649f-42fa-823b-59ca3d8b7838 (length 14976) has no trained clipping model
[2025-07-09 16:57:16.977] [jointLog] [warning] read 992658d5-649f-42fa-823b-59ca3d8b7838 (length 14976) has no trained clipping model
[2025-07-09 16:57:16.977] [jointLog] [warning] read 2d1eea1a-d4f2-4c41-b5ec-249a8102972c (length 16494 - align length 2189) has no trained error model
[2025-07-09 16:57:16.977] [jointLog] [warning] read 2d1eea1a-d4f2-4c41-b5ec-249a8102972c (length 16494) has no trained clipping model
[2025-07-09 16:57:16.977] [jointLog] [warning] read 2d1eea1a-d4f2-4c41-b5ec-249a8102972c (length 16494) has no trained clipping model
[2025-07-09 16:57:16.977] [jointLog] [warning] read 2c41a448-adfc-4ba6-aefd-f74ddae53e58 (length 16056 - align length 373) has no trained error model
[2025-07-09 16:57:16.977] [jointLog] [warning] read 2c41a448-adfc-4ba6-aefd-f74ddae53e58 (length 16056) has no trained clipping model
[2025-07-09 16:57:16.977] [jointLog] [warning] read 2c41a448-adfc-4ba6-aefd-f74ddae53e58 (length 16056) has no trained clipping model
[2025-07-09 16:57:16.977] [jointLog] [warning] read 48f603b5-9009-4144-ad45-65de1a0b3b27 (length 15753 - align length 15682) has no trained error model
[2025-07-09 16:57:16.977] [jointLog] [warning] read 48f603b5-9009-4144-ad45-65de1a0b3b27 (length 15753) has no trained clipping model
[2025-07-09 16:57:16.977] [jointLog] [warning] read 80814f44-c89b-4dbb-ba31-ca72712fe7f8 (length 23502 - align length 1200) has no trained error model
[2025-07-09 16:57:16.977] [jointLog] [warning] read 80814f44-c89b-4dbb-ba31-ca72712fe7f8 (length 23502) has no trained clipping model
[2025-07-09 16:57:16.977] [jointLog] [warning] read 80814f44-c89b-4dbb-ba31-ca72712fe7f8 (length 23502) has no trained clipping model
[2025-07-09 16:57:16.977] [jointLog] [warning] read fcc3cf1c-519a-4076-85ed-29c767470c32 (length 24742 - align length 254) has no trained error model
[2025-07-09 16:57:16.977] [jointLog] [warning] read fcc3cf1c-519a-4076-85ed-29c767470c32 (length 24742) has no trained clipping model
[2025-07-09 16:57:16.977] [jointLog] [warning] read fcc3cf1c-519a-4076-85ed-29c767470c32 (length 24742) has no trained clipping model
[2025-07-09 16:57:16.977] [jointLog] [warning] read 40785441-dcf7-4851-a0ca-c082aa4ae595 (length 31729 - align length 96) has no trained error model
[2025-07-09 16:57:16.977] [jointLog] [warning] read 40785441-dcf7-4851-a0ca-c082aa4ae595 (length 31729) has no trained clipping model
[2025-07-09 16:57:16.977] [jointLog] [warning] read 40785441-dcf7-4851-a0ca-c082aa4ae595 (length 31729) has no trained clipping model
[2025-07-09 16:57:16.977] [jointLog] [warning] read ccfa79eb-845e-4288-91bb-44608f9720ea (length 39380 - align length 345) has no trained error model
[2025-07-09 16:57:16.977] [jointLog] [warning] read ccfa79eb-845e-4288-91bb-44608f9720ea (length 39380) has no trained clipping model
[2025-07-09 16:57:16.977] [jointLog] [warning] read ccfa79eb-845e-4288-91bb-44608f9720ea (length 39380) has no trained clipping model
[2025-07-09 16:57:16.977] [jointLog] [warning] read 83b961f7-c090-4b8a-8ab2-3af7aa60e890 (length 15388 - align length 4730) has no trained error model
[2025-07-09 16:57:16.977] [jointLog] [warning] read 83b961f7-c090-4b8a-8ab2-3af7aa60e890 (length 15388) has no trained clipping model
[2025-07-09 16:57:16.977] [jointLog] [warning] read 83b961f7-c090-4b8a-8ab2-3af7aa60e890 (length 15388) has no trained clipping model
[2025-07-09 16:57:16.977] [jointLog] [warning] read 87952a1a-f29f-44b2-ab25-6ec3ade8a43f (length 14645 - align length 362) has no trained error model
[2025-07-09 16:57:16.977] [jointLog] [warning] read 87952a1a-f29f-44b2-ab25-6ec3ade8a43f (length 14645) has no trained clipping model
[2025-07-09 16:57:16.977] [jointLog] [warning] read 87952a1a-f29f-44b2-ab25-6ec3ade8a43f (length 14645) has no trained clipping model
[2025-07-09 16:57:16.977] [jointLog] [warning] read cf1764e7-1887-43da-814a-fe9d7ec4fa3c (length 11747 - align length 2690) has no trained error model
[2025-07-09 16:57:16.977] [jointLog] [warning] read cf1764e7-1887-43da-814a-fe9d7ec4fa3c (length 11747) has no trained clipping model
[2025-07-09 16:57:16.977] [jointLog] [warning] read cf1764e7-1887-43da-814a-fe9d7ec4fa3c (length 11747) has no trained clipping model
[2025-07-09 16:57:16.977] [jointLog] [warning] read c34df304-75fc-4de5-817c-2421b83b8da0 (length 29029 - align length 1147) has no trained error model
[2025-07-09 16:57:16.977] [jointLog] [warning] read c34df304-75fc-4de5-817c-2421b83b8da0 (length 29029) has no trained clipping model
[2025-07-09 16:57:16.977] [jointLog] [warning] read c34df304-75fc-4de5-817c-2421b83b8da0 (length 29029) has no trained clipping model
[2025-07-09 16:57:16.977] [jointLog] [warning] read b8189f8e-47d9-48c5-bce8-c1540fd7ab11 (length 14369 - align length 14289) has no trained error model
[2025-07-09 16:57:16.977] [jointLog] [warning] read b8189f8e-47d9-48c5-bce8-c1540fd7ab11 (length 14369) has no trained clipping model
[2025-07-09 16:57:16.977] [jointLog] [warning] read b8189f8e-47d9-48c5-bce8-c1540fd7ab11 (length 14369) has no trained clipping model
[2025-07-09 16:57:16.977] [jointLog] [warning] read 32df52c3-5679-4714-990f-f59b5612bde2 (length 11477 - align length 1286) has no trained error model
[2025-07-09 16:57:16.977] [jointLog] [warning] read 32df52c3-5679-4714-990f-f59b5612bde2 (length 11477) has no trained clipping model
[2025-07-09 16:57:16.977] [jointLog] [warning] read 32df52c3-5679-4714-990f-f59b5612bde2 (length 11477) has no trained clipping model
[2025-07-09 16:57:16.978] [jointLog] [warning] read 5db84e30-8477-4341-a055-9b76360042fa (length 14046 - align length 13973) has no trained error model
[2025-07-09 16:57:16.978] [jointLog] [warning] read 5db84e30-8477-4341-a055-9b76360042fa (length 14046) has no trained clipping model
[2025-07-09 16:57:16.978] [jointLog] [warning] read 5db84e30-8477-4341-a055-9b76360042fa (length 14046) has no trained clipping model
[2025-07-09 16:57:16.978] [jointLog] [warning] read 99167b70-f90f-4ae6-adf3-0c4f20ef7dd4 (length 36449 - align length 2330) has no trained error model
[2025-07-09 16:57:16.978] [jointLog] [warning] read 99167b70-f90f-4ae6-adf3-0c4f20ef7dd4 (length 36449) has no trained clipping model
[2025-07-09 16:57:16.978] [jointLog] [warning] read 99167b70-f90f-4ae6-adf3-0c4f20ef7dd4 (length 36449) has no trained clipping model
[2025-07-09 16:57:16.978] [jointLog] [warning] read 5db22b93-ea65-4e98-a71c-34bcc973577c (length 12946 - align length 1038) has no trained error model
[2025-07-09 16:57:16.978] [jointLog] [warning] read 5db22b93-ea65-4e98-a71c-34bcc973577c (length 12946) has no trained clipping model
[2025-07-09 16:57:16.978] [jointLog] [warning] read 5db22b93-ea65-4e98-a71c-34bcc973577c (length 12946) has no trained clipping model
[2025-07-09 16:57:16.978] [jointLog] [warning] read 8c6fa020-6c3a-41b5-a27c-a1cb8479bf13 (length 13110 - align length 2455) has no trained error model
[2025-07-09 16:57:16.978] [jointLog] [warning] read 8c6fa020-6c3a-41b5-a27c-a1cb8479bf13 (length 13110) has no trained clipping model
[2025-07-09 16:57:16.978] [jointLog] [warning] read 8c6fa020-6c3a-41b5-a27c-a1cb8479bf13 (length 13110) has no trained clipping model
[2025-07-09 16:57:16.978] [jointLog] [warning] read 6d8c4db8-226f-4f27-85f5-d4b1d4e1718a (length 14796 - align length 14604) has no trained error model
[2025-07-09 16:57:16.978] [jointLog] [warning] read c5780e09-5be2-4899-989e-4fc87b5a8e4d (length 11048 - align length 633) has no trained error model
[2025-07-09 16:57:16.978] [jointLog] [warning] read c5780e09-5be2-4899-989e-4fc87b5a8e4d (length 11048) has no trained clipping model
[2025-07-09 16:57:16.978] [jointLog] [warning] read c5780e09-5be2-4899-989e-4fc87b5a8e4d (length 11048) has no trained clipping model
[2025-07-09 16:57:16.978] [jointLog] [warning] read 0b21b178-dc00-422d-abd5-8685ea43a2c4 (length 12219 - align length 835) has no trained error model
[2025-07-09 16:57:16.978] [jointLog] [warning] read 0b21b178-dc00-422d-abd5-8685ea43a2c4 (length 12219) has no trained clipping model
[2025-07-09 16:57:16.978] [jointLog] [warning] read 0b21b178-dc00-422d-abd5-8685ea43a2c4 (length 12219) has no trained clipping model
[2025-07-09 16:57:16.978] [jointLog] [warning] read d9e735f8-d4e5-4c84-9dae-c123b8707799 (length 8961 - align length 8794) has no trained error model
[2025-07-09 16:57:16.978] [jointLog] [warning] read 5e6139c0-4810-4ee5-950d-8473f3c600af (length 9912 - align length 651) has no trained error model
[2025-07-09 16:57:16.978] [jointLog] [warning] read 5e6139c0-4810-4ee5-950d-8473f3c600af (length 9912) has no trained clipping model
[2025-07-09 16:57:16.978] [jointLog] [warning] read 5e6139c0-4810-4ee5-950d-8473f3c600af (length 9912) has no trained clipping model
[2025-07-09 16:57:16.978] [jointLog] [warning] read cbbc169d-26d2-4b1a-87cd-085ac891dee5 (length 13435 - align length 578) has no trained error model
[2025-07-09 16:57:16.978] [jointLog] [warning] read cbbc169d-26d2-4b1a-87cd-085ac891dee5 (length 13435) has no trained clipping model
[2025-07-09 16:57:16.978] [jointLog] [warning] read cbbc169d-26d2-4b1a-87cd-085ac891dee5 (length 13435) has no trained clipping model
[2025-07-09 16:57:16.978] [jointLog] [warning] read b4b753da-0a7a-4e2c-a040-4cc04366c035 (length 11593 - align length 119) has no trained error model
[2025-07-09 16:57:16.978] [jointLog] [warning] read b4b753da-0a7a-4e2c-a040-4cc04366c035 (length 11593) has no trained clipping model
[2025-07-09 16:57:16.978] [jointLog] [warning] read b4b753da-0a7a-4e2c-a040-4cc04366c035 (length 11593) has no trained clipping model
[2025-07-09 16:57:16.978] [jointLog] [warning] read 0f1d532d-d383-4dfc-88d9-bd60326e2570 (length 31586 - align length 2927) has no trained error model
[2025-07-09 16:57:16.978] [jointLog] [warning] read 0f1d532d-d383-4dfc-88d9-bd60326e2570 (length 31586) has no trained clipping model
[2025-07-09 16:57:16.978] [jointLog] [warning] read 0f1d532d-d383-4dfc-88d9-bd60326e2570 (length 31586) has no trained clipping model
[2025-07-09 16:57:16.978] [jointLog] [warning] read e089ea42-4086-42cf-89fc-c481d013bb23 (length 23678 - align length 138) has no trained error model
[2025-07-09 16:57:16.978] [jointLog] [warning] read e089ea42-4086-42cf-89fc-c481d013bb23 (length 23678) has no trained clipping model
[2025-07-09 16:57:16.978] [jointLog] [warning] read e089ea42-4086-42cf-89fc-c481d013bb23 (length 23678) has no trained clipping model
[2025-07-09 16:57:16.978] [jointLog] [warning] read 289d265b-4379-4758-acd3-7da6ea3501f8 (length 12307 - align length 1420) has no trained error model
[2025-07-09 16:57:16.978] [jointLog] [warning] read 289d265b-4379-4758-acd3-7da6ea3501f8 (length 12307) has no trained clipping model
[2025-07-09 16:57:16.978] [jointLog] [warning] read 289d265b-4379-4758-acd3-7da6ea3501f8 (length 12307) has no trained clipping model
[2025-07-09 16:57:16.979] [jointLog] [warning] read 6e827b98-1113-4046-a56c-7deb52e361dd (length 13387 - align length 13366) has no trained error model
[2025-07-09 16:57:16.979] [jointLog] [warning] read 6e827b98-1113-4046-a56c-7deb52e361dd (length 13387) has no trained clipping model
[2025-07-09 16:57:16.979] [jointLog] [warning] read 6e827b98-1113-4046-a56c-7deb52e361dd (length 13387) has no trained clipping model
[2025-07-09 16:57:16.979] [jointLog] [warning] read 0322bb86-d145-4f8c-9758-461b386642c0 (length 6542) has no trained clipping model
[2025-07-09 16:57:16.979] [jointLog] [warning] read 858a5b40-f275-4792-a59c-1b7d32955006 (length 7691) has no trained clipping model
[2025-07-09 16:57:16.979] [jointLog] [warning] read 03814b0e-03ff-4abb-b87b-46db74e2d090 (length 10980 - align length 85) has no trained error model
[2025-07-09 16:57:16.979] [jointLog] [warning] read 03814b0e-03ff-4abb-b87b-46db74e2d090 (length 10980) has no trained clipping model
[2025-07-09 16:57:16.979] [jointLog] [warning] read 03814b0e-03ff-4abb-b87b-46db74e2d090 (length 10980) has no trained clipping model
[2025-07-09 16:57:16.979] [jointLog] [warning] read 12350ba9-0da3-4409-a71c-f4f69ffd3be3 (length 12302) has no trained clipping model
[2025-07-09 16:57:16.979] [jointLog] [warning] read be1d2bc8-bcbb-4036-9296-c01275c64bc2 (length 18744 - align length 129) has no trained error model
[2025-07-09 16:57:16.979] [jointLog] [warning] read be1d2bc8-bcbb-4036-9296-c01275c64bc2 (length 18744) has no trained clipping model
[2025-07-09 16:57:16.979] [jointLog] [warning] read be1d2bc8-bcbb-4036-9296-c01275c64bc2 (length 18744) has no trained clipping model
[2025-07-09 16:57:16.979] [jointLog] [warning] read 24d35a88-5455-4849-9a90-8d1813c90d52 (length 9279 - align length 9217) has no trained error model
[2025-07-09 16:57:16.979] [jointLog] [warning] read 24d35a88-5455-4849-9a90-8d1813c90d52 (length 9279) has no trained clipping model
[2025-07-09 16:57:16.979] [jointLog] [warning] read 24d35a88-5455-4849-9a90-8d1813c90d52 (length 9279) has no trained clipping model
[2025-07-09 16:57:16.979] [jointLog] [warning] read ce70eaac-9233-4b4c-a390-40da07d12854 (length 24289 - align length 530) has no trained error model
[2025-07-09 16:57:16.979] [jointLog] [warning] read ce70eaac-9233-4b4c-a390-40da07d12854 (length 24289) has no trained clipping model
[2025-07-09 16:57:16.979] [jointLog] [warning] read ce70eaac-9233-4b4c-a390-40da07d12854 (length 24289) has no trained clipping model
[2025-07-09 16:57:16.979] [jointLog] [warning] read 198d13b2-491f-4f3f-b051-9c1f3627053c (length 12621) has no trained clipping model
[2025-07-09 16:57:16.979] [jointLog] [warning] read 198d13b2-491f-4f3f-b051-9c1f3627053c (length 12621) has no trained clipping model
[2025-07-09 16:57:16.979] [jointLog] [warning] read f82f537f-7e87-44db-96cc-3b3365d4bb1a (length 16758 - align length 2472) has no trained error model
[2025-07-09 16:57:16.979] [jointLog] [warning] read f82f537f-7e87-44db-96cc-3b3365d4bb1a (length 16758) has no trained clipping model
[2025-07-09 16:57:16.979] [jointLog] [warning] read f82f537f-7e87-44db-96cc-3b3365d4bb1a (length 16758) has no trained clipping model
[2025-07-09 16:57:16.979] [jointLog] [warning] read 9e5cae74-aabf-45b9-a8aa-866f6eafda18 (length 8124 - align length 8023) has no trained error model
[2025-07-09 16:57:16.979] [jointLog] [warning] read 9e5cae74-aabf-45b9-a8aa-866f6eafda18 (length 8124) has no trained clipping model
[2025-07-09 16:57:16.979] [jointLog] [warning] read 9e5cae74-aabf-45b9-a8aa-866f6eafda18 (length 8124) has no trained clipping model
[2025-07-09 16:57:16.979] [jointLog] [warning] read 387a0d46-3006-439d-b151-86920e9ad311 (length 7144) has no trained clipping model
[2025-07-09 16:57:16.979] [jointLog] [warning] read 1e2eac6e-243f-4389-952a-c201067a32e3 (length 13308) has no trained clipping model
[2025-07-09 16:57:16.979] [jointLog] [warning] read 3ea45db8-abb3-41a1-b0dc-10a5147fc73d (length 15404 - align length 13503) has no trained error model
[2025-07-09 16:57:16.979] [jointLog] [warning] read 3ea45db8-abb3-41a1-b0dc-10a5147fc73d (length 15404) has no trained clipping model
[2025-07-09 16:57:16.979] [jointLog] [warning] read 3ea45db8-abb3-41a1-b0dc-10a5147fc73d (length 15404) has no trained clipping model
[2025-07-09 16:57:16.980] [jointLog] [warning] read b89813d2-5da1-4992-8de9-a9b8ac739a99 (length 15244) has no trained clipping model
[2025-07-09 16:57:16.980] [jointLog] [warning] read d7fd729a-35af-42a5-9964-aa41b129490e (length 16232 - align length 1964) has no trained error model
[2025-07-09 16:57:16.980] [jointLog] [warning] read d7fd729a-35af-42a5-9964-aa41b129490e (length 16232) has no trained clipping model
[2025-07-09 16:57:16.980] [jointLog] [warning] read d7fd729a-35af-42a5-9964-aa41b129490e (length 16232) has no trained clipping model
[2025-07-09 16:57:16.980] [jointLog] [warning] read 72f5b431-f051-4f1f-9f5e-0e482ec9a609 (length 8786 - align length 8503) has no trained error model
[2025-07-09 16:57:16.980] [jointLog] [warning] read cae8fba7-2d1b-4e58-8d47-75e03b4b94af (length 14200 - align length 57) has no trained error model
[2025-07-09 16:57:16.980] [jointLog] [warning] read cae8fba7-2d1b-4e58-8d47-75e03b4b94af (length 14200) has no trained clipping model
[2025-07-09 16:57:16.980] [jointLog] [warning] read cae8fba7-2d1b-4e58-8d47-75e03b4b94af (length 14200) has no trained clipping model
[2025-07-09 16:57:16.980] [jointLog] [warning] read c755631f-78c3-4141-9b0d-3b20e93b9956 (length 23950 - align length 1067) has no trained error model
[2025-07-09 16:57:16.980] [jointLog] [warning] read c755631f-78c3-4141-9b0d-3b20e93b9956 (length 23950) has no trained clipping model
[2025-07-09 16:57:16.980] [jointLog] [warning] read c755631f-78c3-4141-9b0d-3b20e93b9956 (length 23950) has no trained clipping model
[2025-07-09 16:57:16.980] [jointLog] [warning] read 6ee55623-d6bc-41c3-9d19-1c883dd64c5b (length 12693) has no trained clipping model
[2025-07-09 16:57:16.980] [jointLog] [warning] read 2f337f70-9c6c-4829-b0cc-79363bd7713e (length 17722 - align length 1583) has no trained error model
[2025-07-09 16:57:16.980] [jointLog] [warning] read 2f337f70-9c6c-4829-b0cc-79363bd7713e (length 17722) has no trained clipping model
[2025-07-09 16:57:16.980] [jointLog] [warning] read 2f337f70-9c6c-4829-b0cc-79363bd7713e (length 17722) has no trained clipping model
[2025-07-09 16:57:16.980] [jointLog] [warning] read de73335e-62a6-456b-9322-36fcee3cf759 (length 9305 - align length 1440) has no trained error model
[2025-07-09 16:57:16.980] [jointLog] [warning] read de73335e-62a6-456b-9322-36fcee3cf759 (length 9305) has no trained clipping model
[2025-07-09 16:57:16.980] [jointLog] [warning] read de73335e-62a6-456b-9322-36fcee3cf759 (length 9305) has no trained clipping model
[2025-07-09 16:57:16.980] [jointLog] [warning] read 7eed8764-85a3-4c11-8ea2-92989d79d065 (length 20792 - align length 57) has no trained error model
[2025-07-09 16:57:16.980] [jointLog] [warning] read 7eed8764-85a3-4c11-8ea2-92989d79d065 (length 20792) has no trained clipping model
[2025-07-09 16:57:16.980] [jointLog] [warning] read 7eed8764-85a3-4c11-8ea2-92989d79d065 (length 20792) has no trained clipping model
[2025-07-09 16:57:16.980] [jointLog] [warning] read f79dfa08-a2d2-4736-b5d5-91dd2cc6fee4 (length 44865 - align length 121) has no trained error model
[2025-07-09 16:57:16.980] [jointLog] [warning] read f79dfa08-a2d2-4736-b5d5-91dd2cc6fee4 (length 44865) has no trained clipping model
[2025-07-09 16:57:16.980] [jointLog] [warning] read f79dfa08-a2d2-4736-b5d5-91dd2cc6fee4 (length 44865) has no trained clipping model
[2025-07-09 16:57:16.980] [jointLog] [warning] read 37fba86f-f85f-4c70-a21a-06f7f8327714 (length 7528 - align length 7470) has no trained error model
[2025-07-09 16:57:16.980] [jointLog] [warning] read 2cc33584-8671-4514-aea0-c29ef0a8d8d5 (length 22398 - align length 55) has no trained error model
[2025-07-09 16:57:16.980] [jointLog] [warning] read 2cc33584-8671-4514-aea0-c29ef0a8d8d5 (length 22398) has no trained clipping model
[2025-07-09 16:57:16.980] [jointLog] [warning] read 2cc33584-8671-4514-aea0-c29ef0a8d8d5 (length 22398) has no trained clipping model
[2025-07-09 16:57:16.980] [jointLog] [warning] read 7bbe65ff-3973-4aca-b887-10e4531f22da (length 35747 - align length 671) has no trained error model
[2025-07-09 16:57:16.980] [jointLog] [warning] read 7bbe65ff-3973-4aca-b887-10e4531f22da (length 35747) has no trained clipping model
[2025-07-09 16:57:16.980] [jointLog] [warning] read 7bbe65ff-3973-4aca-b887-10e4531f22da (length 35747) has no trained clipping model
[2025-07-09 16:57:16.980] [jointLog] [warning] read 190effb3-4082-41ca-ab58-c1a3d46fbc2c (length 39663 - align length 58) has no trained error model
[2025-07-09 16:57:16.980] [jointLog] [warning] read 190effb3-4082-41ca-ab58-c1a3d46fbc2c (length 39663) has no trained clipping model
[2025-07-09 16:57:16.980] [jointLog] [warning] read 190effb3-4082-41ca-ab58-c1a3d46fbc2c (length 39663) has no trained clipping model
[2025-07-09 16:57:16.980] [jointLog] [warning] read 681141f9-1a2f-4d9f-92de-d157c01670c6 (length 11106 - align length 1160) has no trained error model
[2025-07-09 16:57:16.981] [jointLog] [warning] read 681141f9-1a2f-4d9f-92de-d157c01670c6 (length 11106) has no trained clipping model
[2025-07-09 16:57:16.981] [jointLog] [warning] read 681141f9-1a2f-4d9f-92de-d157c01670c6 (length 11106) has no trained clipping model
[2025-07-09 16:57:16.981] [jointLog] [warning] read 67e040f7-bf3b-467e-9b0b-1a0ca6080f16 (length 17122 - align length 3822) has no trained error model
[2025-07-09 16:57:16.981] [jointLog] [warning] read 67e040f7-bf3b-467e-9b0b-1a0ca6080f16 (length 17122) has no trained clipping model
[2025-07-09 16:57:16.981] [jointLog] [warning] read 67e040f7-bf3b-467e-9b0b-1a0ca6080f16 (length 17122) has no trained clipping model
[2025-07-09 16:57:16.981] [jointLog] [warning] read 007a43da-e3ac-46e0-8f6f-b8a049348e43 (length 11956 - align length 11903) has no trained error model
[2025-07-09 16:57:16.981] [jointLog] [warning] read 007a43da-e3ac-46e0-8f6f-b8a049348e43 (length 11956) has no trained clipping model
[2025-07-09 16:57:16.981] [jointLog] [warning] read 007a43da-e3ac-46e0-8f6f-b8a049348e43 (length 11956) has no trained clipping model
[2025-07-09 16:57:16.981] [jointLog] [warning] read b145fc12-e652-46cd-8169-763eed9ada56 (length 25110 - align length 84) has no trained error model
[2025-07-09 16:57:16.981] [jointLog] [warning] read b145fc12-e652-46cd-8169-763eed9ada56 (length 25110) has no trained clipping model
[2025-07-09 16:57:16.981] [jointLog] [warning] read b145fc12-e652-46cd-8169-763eed9ada56 (length 25110) has no trained clipping model
[2025-07-09 16:57:16.981] [jointLog] [warning] read 82d3f1a9-45c8-41d1-9bbb-6cd4bc2513be (length 13924 - align length 13896) has no trained error model
[2025-07-09 16:57:16.981] [jointLog] [warning] read 82d3f1a9-45c8-41d1-9bbb-6cd4bc2513be (length 13924) has no trained clipping model
[2025-07-09 16:57:16.981] [jointLog] [warning] read 82d3f1a9-45c8-41d1-9bbb-6cd4bc2513be (length 13924) has no trained clipping model
[2025-07-09 16:57:16.981] [jointLog] [warning] read 47de66e5-94a0-4160-8258-fa26d0cf5062 (length 21965 - align length 531) has no trained error model
[2025-07-09 16:57:16.981] [jointLog] [warning] read 47de66e5-94a0-4160-8258-fa26d0cf5062 (length 21965) has no trained clipping model
[2025-07-09 16:57:16.981] [jointLog] [warning] read 47de66e5-94a0-4160-8258-fa26d0cf5062 (length 21965) has no trained clipping model
[2025-07-09 16:57:16.981] [jointLog] [warning] read feb647d3-e74b-4fb0-9b37-b857f15fecbb (length 9742 - align length 843) has no trained error model
[2025-07-09 16:57:16.981] [jointLog] [warning] read feb647d3-e74b-4fb0-9b37-b857f15fecbb (length 9742) has no trained clipping model
[2025-07-09 16:57:16.981] [jointLog] [warning] read feb647d3-e74b-4fb0-9b37-b857f15fecbb (length 9742) has no trained clipping model
[2025-07-09 16:57:16.981] [jointLog] [warning] read 72e6cf76-e793-4ebc-8347-094964199f85 (length 10762 - align length 404) has no trained error model
[2025-07-09 16:57:16.981] [jointLog] [warning] read 72e6cf76-e793-4ebc-8347-094964199f85 (length 10762) has no trained clipping model
[2025-07-09 16:57:16.981] [jointLog] [warning] read 72e6cf76-e793-4ebc-8347-094964199f85 (length 10762) has no trained clipping model
[2025-07-09 16:57:16.981] [jointLog] [warning] read 0cb709b8-abe8-4946-be47-223177e724d8 (length 34311 - align length 73) has no trained error model
[2025-07-09 16:57:16.981] [jointLog] [warning] read 0cb709b8-abe8-4946-be47-223177e724d8 (length 34311) has no trained clipping model
[2025-07-09 16:57:16.981] [jointLog] [warning] read 0cb709b8-abe8-4946-be47-223177e724d8 (length 34311) has no trained clipping model
[2025-07-09 16:57:16.981] [jointLog] [warning] read 54df369a-d699-43db-bf0b-29c81af1cc72 (length 14533 - align length 336) has no trained error model
[2025-07-09 16:57:16.981] [jointLog] [warning] read 54df369a-d699-43db-bf0b-29c81af1cc72 (length 14533) has no trained clipping model
[2025-07-09 16:57:16.981] [jointLog] [warning] read 54df369a-d699-43db-bf0b-29c81af1cc72 (length 14533) has no trained clipping model
[2025-07-09 16:57:16.981] [jointLog] [warning] read 0808c0f6-b1f0-4854-90ad-c05713a78c03 (length 13957) has no trained clipping model
[2025-07-09 16:57:16.981] [jointLog] [warning] read 35d7b93a-6f36-4f3e-8687-f78cdc85311a (length 11327 - align length 381) has no trained error model
[2025-07-09 16:57:16.981] [jointLog] [warning] read 35d7b93a-6f36-4f3e-8687-f78cdc85311a (length 11327) has no trained clipping model
[2025-07-09 16:57:16.981] [jointLog] [warning] read 35d7b93a-6f36-4f3e-8687-f78cdc85311a (length 11327) has no trained clipping model
[2025-07-09 16:57:16.981] [jointLog] [warning] read 24944ca8-847f-4684-b5ac-f4ce116a5c7a (length 14973) has no trained clipping model
[2025-07-09 16:57:16.982] [jointLog] [warning] read 1f5b1cdf-1d91-4c1a-9691-a18d220deaac (length 14838 - align length 14837) has no trained error model
[2025-07-09 16:57:16.982] [jointLog] [warning] read 1f5b1cdf-1d91-4c1a-9691-a18d220deaac (length 14838) has no trained clipping model
[2025-07-09 16:57:16.982] [jointLog] [warning] read 898f3f79-5514-4049-b292-5ade4e5c08d8 (length 40307 - align length 57) has no trained error model
[2025-07-09 16:57:16.982] [jointLog] [warning] read 898f3f79-5514-4049-b292-5ade4e5c08d8 (length 40307) has no trained clipping model
[2025-07-09 16:57:16.982] [jointLog] [warning] read 898f3f79-5514-4049-b292-5ade4e5c08d8 (length 40307) has no trained clipping model
[2025-07-09 16:57:16.982] [jointLog] [warning] read 7f0f2f5b-618c-40bf-b216-ea824c415631 (length 11049) has no trained clipping model
[2025-07-09 16:57:16.982] [jointLog] [warning] read 5319505a-65b3-4531-aeaa-6a42e904f68e (length 32194 - align length 1005) has no trained error model
[2025-07-09 16:57:16.982] [jointLog] [warning] read 5319505a-65b3-4531-aeaa-6a42e904f68e (length 32194) has no trained clipping model
[2025-07-09 16:57:16.982] [jointLog] [warning] read 5319505a-65b3-4531-aeaa-6a42e904f68e (length 32194) has no trained clipping model
[2025-07-09 16:57:16.982] [jointLog] [warning] read 867cd0a6-d3c8-48b9-825b-152dcc993a8c (length 14816) has no trained clipping model
[2025-07-09 16:57:16.982] [jointLog] [warning] read 444c911c-c3c6-407d-8f2b-6d70498062be (length 11719) has no trained clipping model
[2025-07-09 16:57:16.982] [jointLog] [warning] read 1650df40-8253-48ed-be69-f17f35b2118f (length 38154 - align length 255) has no trained error model
[2025-07-09 16:57:16.982] [jointLog] [warning] read 1650df40-8253-48ed-be69-f17f35b2118f (length 38154) has no trained clipping model
[2025-07-09 16:57:16.982] [jointLog] [warning] read 1650df40-8253-48ed-be69-f17f35b2118f (length 38154) has no trained clipping model
[2025-07-09 16:57:16.982] [jointLog] [warning] read 95f400b8-6d3c-4666-8872-578c44af83a7 (length 10579 - align length 2646) has no trained error model
[2025-07-09 16:57:16.982] [jointLog] [warning] read 95f400b8-6d3c-4666-8872-578c44af83a7 (length 10579) has no trained clipping model
[2025-07-09 16:57:16.982] [jointLog] [warning] read 95f400b8-6d3c-4666-8872-578c44af83a7 (length 10579) has no trained clipping model
[2025-07-09 16:57:16.983] [jointLog] [warning] read 2f7609c6-86d7-42a5-9a5a-b60a576591ab (length 15203 - align length 14791) has no trained error model
[2025-07-09 16:57:16.983] [jointLog] [warning] read 6c2d04fb-749c-42db-80b1-ebb09317edba (length 22240 - align length 2055) has no trained error model
[2025-07-09 16:57:16.983] [jointLog] [warning] read 6c2d04fb-749c-42db-80b1-ebb09317edba (length 22240) has no trained clipping model
[2025-07-09 16:57:16.983] [jointLog] [warning] read 6c2d04fb-749c-42db-80b1-ebb09317edba (length 22240) has no trained clipping model
[2025-07-09 16:57:16.983] [jointLog] [warning] read c7b46ff1-c0de-49d2-9fa8-ec6114b150bd (length 36443) has no trained clipping model
[2025-07-09 16:57:16.983] [jointLog] [warning] read 5f55d9d7-e020-4376-b614-652f8bf359eb (length 15925 - align length 3254) has no trained error model
[2025-07-09 16:57:16.983] [jointLog] [warning] read 5f55d9d7-e020-4376-b614-652f8bf359eb (length 15925) has no trained clipping model
[2025-07-09 16:57:16.983] [jointLog] [warning] read 5f55d9d7-e020-4376-b614-652f8bf359eb (length 15925) has no trained clipping model
[2025-07-09 16:57:16.983] [jointLog] [warning] read 9778f606-0bcc-43e1-9579-a25c28a933b7 (length 26010 - align length 695) has no trained error model
[2025-07-09 16:57:16.983] [jointLog] [warning] read 9778f606-0bcc-43e1-9579-a25c28a933b7 (length 26010) has no trained clipping model
[2025-07-09 16:57:16.983] [jointLog] [warning] read 9778f606-0bcc-43e1-9579-a25c28a933b7 (length 26010) has no trained clipping model
[2025-07-09 16:57:16.983] [jointLog] [warning] read 163d5ce3-a960-43df-8edb-bc4aa161c244 (length 13611 - align length 13544) has no trained error model
[2025-07-09 16:57:16.983] [jointLog] [warning] read 163d5ce3-a960-43df-8edb-bc4aa161c244 (length 13611) has no trained clipping model
[2025-07-09 16:57:16.983] [jointLog] [warning] read 163d5ce3-a960-43df-8edb-bc4aa161c244 (length 13611) has no trained clipping model
[2025-07-09 16:57:16.983] [jointLog] [warning] read bbabda16-308a-43cf-b589-ea09f5b167b8 (length 38914 - align length 4273) has no trained error model
[2025-07-09 16:57:16.983] [jointLog] [warning] read bbabda16-308a-43cf-b589-ea09f5b167b8 (length 38914) has no trained clipping model
[2025-07-09 16:57:16.983] [jointLog] [warning] read bbabda16-308a-43cf-b589-ea09f5b167b8 (length 38914) has no trained clipping model
[2025-07-09 16:57:16.983] [jointLog] [warning] read 052d66fa-e9b1-426b-8f29-517ccbec2a07 (length 12215) has no trained clipping model
[2025-07-09 16:57:16.984] [jointLog] [warning] read 6dd4dae8-2410-4d5e-a74e-0b88b8a1c108 (length 14899) has no trained clipping model
[2025-07-09 16:57:16.986] [jointLog] [warning] read 54ceb103-e331-4207-b21f-8643d92bddbc (length 42526 - align length 187) has no trained error model
[2025-07-09 16:57:16.986] [jointLog] [warning] read 54ceb103-e331-4207-b21f-8643d92bddbc (length 42526) has no trained clipping model
[2025-07-09 16:57:16.986] [jointLog] [warning] read 54ceb103-e331-4207-b21f-8643d92bddbc (length 42526) has no trained clipping model
[2025-07-09 16:57:17.011] [jointLog] [warning] read fa5717ef-17a5-4e9f-9ca4-50c7612afab4 (length 9006 - align length 8940) has no trained error model
[2025-07-09 16:57:17.011] [jointLog] [warning] read fa5717ef-17a5-4e9f-9ca4-50c7612afab4 (length 9006) has no trained clipping model
[2025-07-09 16:57:17.011] [jointLog] [warning] read fa5717ef-17a5-4e9f-9ca4-50c7612afab4 (length 9006) has no trained clipping model
[2025-07-09 16:57:17.020] [jointLog] [warning] read f34d1176-f65d-445f-a6ea-f068c5ba4796 (length 8152 - align length 8118) has no trained error model
[2025-07-09 16:57:17.043] [jointLog] [warning] read 57006d1f-b856-48e9-b25e-3df68cef0159 (length 9078 - align length 9052) has no trained error model
[2025-07-09 16:57:17.043] [jointLog] [warning] read 57006d1f-b856-48e9-b25e-3df68cef0159 (length 9078) has no trained clipping model
[2025-07-09 16:57:17.105] [jointLog] [warning] (in update()) CIGAR string for read [92b28f0b-1cde-4bf4-ae3f-36a544f0bd7b] seems inconsistent. It implied an error rate greater than 1: 1.34979 0 0.00497221
[2025-07-09 16:57:17.132] [jointLog] [warning] read 08f0f418-09f2-4e7d-80d2-bde4554b1212 (length 8514 - align length 1137) has no trained error model
[2025-07-09 16:57:17.132] [jointLog] [warning] read 08f0f418-09f2-4e7d-80d2-bde4554b1212 (length 8514) has no trained clipping model
[2025-07-09 16:57:17.132] [jointLog] [warning] read 08f0f418-09f2-4e7d-80d2-bde4554b1212 (length 8514) has no trained clipping model
[2025-07-09 16:57:17.137] [jointLog] [warning] (in update()) CIGAR string for read [b9a211f6-fc56-4312-8db9-1af0be37d5a3] seems inconsistent. It implied an error rate greater than 1: 1.81041 0 0.00634456
[2025-07-09 16:57:17.166] [jointLog] [warning] read 6f415f42-9301-49e2-80ea-9cdc4b9f3ca8 (length 6768) has no trained clipping model
[2025-07-09 16:57:17.200] [jointLog] [warning] read e78c0e35-3b95-407a-a527-dba2ffce14be (length 8348) has no trained clipping model
[2025-07-09 16:57:17.228] [jointLog] [warning] read 277cf421-0d30-47b9-809d-d50eb7efd98d (length 10497 - align length 175) has no trained error model
[2025-07-09 16:57:17.228] [jointLog] [warning] read 277cf421-0d30-47b9-809d-d50eb7efd98d (length 10497) has no trained clipping model
[2025-07-09 16:57:17.228] [jointLog] [warning] read 277cf421-0d30-47b9-809d-d50eb7efd98d (length 10497) has no trained clipping model
[2025-07-09 16:57:17.229] [jointLog] [warning] read 5e192ea5-5bdc-4acf-8416-166f28f39c99 (length 10137 - align length 10134) has no trained error model
[2025-07-09 16:57:17.270] [jointLog] [warning] read ad7c9bd2-f05d-496f-a6d4-786195699590 (length 7920) has no trained clipping model
[2025-07-09 16:57:17.375] [jointLog] [warning] read 3c563128-50bb-445d-bf46-eb77d5d9acdb (length 8218 - align length 8199) has no trained error model
[2025-07-09 16:57:17.375] [jointLog] [warning] read 3c563128-50bb-445d-bf46-eb77d5d9acdb (length 8218) has no trained clipping model
[2025-07-09 16:57:17.375] [jointLog] [warning] read 3c563128-50bb-445d-bf46-eb77d5d9acdb (length 8218) has no trained clipping model
[2025-07-09 16:57:17.446] [jointLog] [warning] read 5b041f65-dac3-4d4f-bd65-4dced5f89d6b (length 7721 - align length 7668) has no trained error model
[2025-07-09 16:57:17.446] [jointLog] [warning] read 5b041f65-dac3-4d4f-bd65-4dced5f89d6b (length 7721) has no trained clipping model
[2025-07-09 16:57:17.446] [jointLog] [warning] read 5b041f65-dac3-4d4f-bd65-4dced5f89d6b (length 7721) has no trained clipping model
[2025-07-09 16:57:17.494] [jointLog] [warning] read f9babc0f-151d-4560-9722-f002a9cb5e90 (length 11436 - align length 11409) has no trained error model
[2025-07-09 16:57:17.571] [jointLog] [warning] read 914e3097-f1ac-427c-984e-84cd2c38ac73 (length 9149 - align length 8975) has no trained error model
[2025-07-09 16:57:17.571] [jointLog] [warning] read 914e3097-f1ac-427c-984e-84cd2c38ac73 (length 9149) has no trained clipping model
[2025-07-09 16:57:17.571] [jointLog] [warning] read 914e3097-f1ac-427c-984e-84cd2c38ac73 (length 9149) has no trained clipping model
[2025-07-09 16:57:17.619] [jointLog] [warning] read ef68abfa-0de6-4849-a902-73174fb5efc1 (length 7795) has no trained clipping model
[2025-07-09 16:57:17.736] [jointLog] [warning] read 0cf9319f-02f1-472a-8314-8b0ea97b41b5 (length 9194 - align length 9194) has no trained error model
[2025-07-09 16:57:17.767] [jointLog] [warning] (in update()) CIGAR string for read [3710b50f-40df-480e-86a0-cf10be4c54e4] seems inconsistent. It implied an error rate greater than 1: 2.00959 0.00239234 0
[2025-07-09 16:57:17.779] [jointLog] [warning] (in update()) CIGAR string for read [7c0608e0-858e-48b6-941c-3113b57a88f8] seems inconsistent. It implied an error rate greater than 1: 1.60232 0.0212202 0.0066313
[2025-07-09 16:57:17.828] [jointLog] [warning] read 52fedeeb-794d-45fa-92b2-6492426ec3dd (length 9612 - align length 9516) has no trained error model
[2025-07-09 16:57:17.828] [jointLog] [warning] read 52fedeeb-794d-45fa-92b2-6492426ec3dd (length 9612) has no trained clipping model
[2025-07-09 16:57:17.828] [jointLog] [warning] read 52fedeeb-794d-45fa-92b2-6492426ec3dd (length 9612) has no trained clipping model
[2025-07-09 16:57:17.874] [jointLog] [warning] read 5b2bb0bc-748e-4bf4-8766-1c29ab6225a6 (length 10695 - align length 9842) has no trained error model
[2025-07-09 16:57:17.874] [jointLog] [warning] read 5b2bb0bc-748e-4bf4-8766-1c29ab6225a6 (length 10695) has no trained clipping model
[2025-07-09 16:57:17.874] [jointLog] [warning] read 5b2bb0bc-748e-4bf4-8766-1c29ab6225a6 (length 10695) has no trained clipping model
[2025-07-09 16:57:17.916] [jointLog] [warning] (in update()) CIGAR string for read [b3599ce0-a27d-49b2-997c-e73a3116e51f] seems inconsistent. It implied an error rate greater than 1: 1.03563 0.000968054 0.00726041
[2025-07-09 16:57:17.927] [jointLog] [warning] read c4a3146e-c4a4-456b-a388-a054c6b58da4 (length 8246) has no trained clipping model
[2025-07-09 16:57:17.932] [jointLog] [warning] read 9b489e35-e429-4233-85c9-a4f0514051fb (length 8271 - align length 8216) has no trained error model
[2025-07-09 16:57:17.951] [jointLog] [warning] read 13598bbd-bed7-4883-8bb6-1ffc1be2e700 (length 10771 - align length 10710) has no trained error model
[2025-07-09 16:57:17.952] [jointLog] [warning] read 36ba1a87-7679-426e-8db9-a3a9c7fc7373 (length 8544 - align length 8461) has no trained error model
[2025-07-09 16:57:18.035] [jointLog] [warning] read fb4d7a90-9465-4711-978c-259fecf423e7 (length 10328 - align length 5136) has no trained error model
[2025-07-09 16:57:18.035] [jointLog] [warning] read fb4d7a90-9465-4711-978c-259fecf423e7 (length 10328) has no trained clipping model
[2025-07-09 16:57:18.035] [jointLog] [warning] read fb4d7a90-9465-4711-978c-259fecf423e7 (length 10328) has no trained clipping model
[2025-07-09 16:57:18.097] [jointLog] [warning] (in update()) CIGAR string for read [5046dfb2-9893-4cd4-bb5a-22e4e847c146] seems inconsistent. It implied an error rate greater than 1: 1.34201 0.000869061 0.0089803
[2025-07-09 16:57:18.217] [jointLog] [warning] read 62631d94-53bc-43dd-af76-f80af3f2a282 (length 8615 - align length 8514) has no trained error model
[2025-07-09 16:57:18.217] [jointLog] [warning] read 62631d94-53bc-43dd-af76-f80af3f2a282 (length 8615) has no trained clipping model
[2025-07-09 16:57:18.217] [jointLog] [warning] read 62631d94-53bc-43dd-af76-f80af3f2a282 (length 8615) has no trained clipping model
[2025-07-09 16:57:18.245] [jointLog] [warning] (in update()) CIGAR string for read [3d935a0a-1edf-46a3-8b46-6f9fab43c4b5] seems inconsistent. It implied an error rate greater than 1: 1.55725 0 0.0195948
[2025-07-09 16:57:18.246] [jointLog] [warning] read d4d8cdc4-9d0e-44c9-ba9a-781b602b93ea (length 9700 - align length 9615) has no trained error model
[2025-07-09 16:57:18.300] [jointLog] [warning] read 43950a7c-51d9-4b9f-b873-59d35ea225b9 (length 10919 - align length 10696) has no trained error model
[2025-07-09 16:57:18.300] [jointLog] [warning] read 43950a7c-51d9-4b9f-b873-59d35ea225b9 (length 10919) has no trained clipping model
[2025-07-09 16:57:18.366] [jointLog] [warning] read e76ec3d0-0941-476a-9e30-0efc4c4851c9 (length 13199 - align length 13126) has no trained error model
[2025-07-09 16:57:18.437] [jointLog] [warning] (in update()) CIGAR string for read [abdf2511-6047-4a23-848a-6fa20deb6eb1] seems inconsistent. It implied an error rate greater than 1: 1.02716 0 0.0284536
[2025-07-09 16:57:18.465] [jointLog] [warning] (in update()) CIGAR string for read [00db3183-3390-4e95-bc2d-bb34f3f48ac7] seems inconsistent. It implied an error rate greater than 1: 1.03001 0.00672948 0.00672948
[2025-07-09 16:57:18.477] [jointLog] [warning] read 433a74bd-d5ab-4fe3-96ae-9f6906220be7 (length 8687) has no trained clipping model
[2025-07-09 16:57:18.560] [jointLog] [warning] (in update()) CIGAR string for read [37e11f1f-28be-493d-8278-80c1e1bb61bb] seems inconsistent. It implied an error rate greater than 1: 1.14136 0 0.010989
[2025-07-09 16:57:18.563] [jointLog] [warning] read 22afd1c1-387e-495f-ab6b-5bfc3bebbb07 (length 10303 - align length 10303) has no trained error model
[2025-07-09 16:57:18.575] [jointLog] [warning] read 32591ba6-442c-4848-b008-259b0a67663e (length 12577 - align length 12513) has no trained error model
[2025-07-09 16:57:18.575] [jointLog] [warning] read 32591ba6-442c-4848-b008-259b0a67663e (length 12577) has no trained clipping model
[2025-07-09 16:57:18.575] [jointLog] [warning] read 32591ba6-442c-4848-b008-259b0a67663e (length 12577) has no trained clipping model
[2025-07-09 16:57:18.729] [jointLog] [warning] read d87d2a94-7811-4a56-8ea7-b61320ffd8ce (length 9835 - align length 9764) has no trained error model
[2025-07-09 16:57:18.729] [jointLog] [warning] read d87d2a94-7811-4a56-8ea7-b61320ffd8ce (length 9835) has no trained clipping model
[2025-07-09 16:57:18.729] [jointLog] [warning] read d87d2a94-7811-4a56-8ea7-b61320ffd8ce (length 9835) has no trained clipping model
[2025-07-09 16:57:18.779] [jointLog] [warning] (in update()) CIGAR string for read [2262ef77-cb5a-468d-8d2f-0240e3bbeb65] seems inconsistent. It implied an error rate greater than 1: 1.26167 0 0.00911002
[2025-07-09 16:57:19.172] [jointLog] [warning] (in update()) CIGAR string for read [432b1c41-0baf-449c-a1e5-945452634f05] seems inconsistent. It implied an error rate greater than 1: 1.19238 0.0116086 0.0746269
[2025-07-09 16:57:19.194] [jointLog] [warning] (in update()) CIGAR string for read [631dece4-4fe9-4f4a-b83f-cfc9a08e2d8c] seems inconsistent. It implied an error rate greater than 1: 1.18149 0.0123239 0.0176056
[2025-07-09 16:57:19.241] [jointLog] [warning] (in update()) CIGAR string for read [6f973408-3cdc-4bb0-a01d-02921751ba49] seems inconsistent. It implied an error rate greater than 1: 1.08194 0.0070922 0.0407801
[2025-07-09 16:57:19.320] [jointLog] [warning] (in update()) CIGAR string for read [1aa97bb2-5f45-4b36-a5d9-f02dc9296402] seems inconsistent. It implied an error rate greater than 1: 1.04613 0.00395257 0.0250329
[2025-07-09 16:57:19.543] [jointLog] [warning] read f970e4b5-c5c1-4eac-a91a-9552149e8688 (length 9550 - align length 9453) has no trained error model
[2025-07-09 16:57:19.543] [jointLog] [warning] read f970e4b5-c5c1-4eac-a91a-9552149e8688 (length 9550) has no trained clipping model
[2025-07-09 16:57:19.543] [jointLog] [warning] read f970e4b5-c5c1-4eac-a91a-9552149e8688 (length 9550) has no trained clipping model
[2025-07-09 16:57:19.671] [jointLog] [warning] read c198053d-8c17-45d5-b12f-51ecc6fbd293 (length 10111 - align length 10052) has no trained error model
[2025-07-09 16:57:19.724] [jointLog] [warning] (in update()) CIGAR string for read [a761657f-4c42-495f-8f32-ead99410a37d] seems inconsistent. It implied an error rate greater than 1: 1.55263 0 0.00269179
[2025-07-09 16:57:19.753] [jointLog] [warning] read 85cf11a6-0631-476f-9fe1-eaaff9e88379 (length 10985 - align length 10952) has no trained error model
[2025-07-09 16:57:19.960] [jointLog] [warning] (in update()) CIGAR string for read [a0bac302-9d5d-436b-b8f2-92d6d8f7a808] seems inconsistent. It implied an error rate greater than 1: 1.35147 0 0.00555718
[2025-07-09 16:57:19.975] [jointLog] [warning] read 556cd1ed-5c65-4634-97aa-e295f02b72c0 (length 12095 - align length 12081) has no trained error model
[2025-07-09 16:57:19.975] [jointLog] [warning] read 556cd1ed-5c65-4634-97aa-e295f02b72c0 (length 12095) has no trained clipping model
[2025-07-09 16:57:19.975] [jointLog] [warning] read 556cd1ed-5c65-4634-97aa-e295f02b72c0 (length 12095) has no trained clipping model
[2025-07-09 16:57:20.065] [jointLog] [warning] read 878c9338-a204-4620-851b-cc7ee0b88e52 (length 12783 - align length 12762) has no trained error model
[2025-07-09 16:57:20.065] [jointLog] [warning] read 878c9338-a204-4620-851b-cc7ee0b88e52 (length 12783) has no trained clipping model
[2025-07-09 16:57:20.065] [jointLog] [warning] read 878c9338-a204-4620-851b-cc7ee0b88e52 (length 12783) has no trained clipping model
[2025-07-09 16:57:20.076] [jointLog] [warning] read b0f3375e-51e7-40d2-a1ac-c0c5e941c756 (length 12164 - align length 5827) has no trained error model
[2025-07-09 16:57:20.076] [jointLog] [warning] read b0f3375e-51e7-40d2-a1ac-c0c5e941c756 (length 12164) has no trained clipping model
[2025-07-09 16:57:20.076] [jointLog] [warning] read b0f3375e-51e7-40d2-a1ac-c0c5e941c756 (length 12164) has no trained clipping model
[2025-07-09 16:57:20.095] [jointLog] [warning] read 2af352e8-8031-4d3b-8ea2-3dd0b88be496 (length 10099 - align length 9932) has no trained error model
[2025-07-09 16:57:20.095] [jointLog] [warning] read 2af352e8-8031-4d3b-8ea2-3dd0b88be496 (length 10099) has no trained clipping model
[2025-07-09 16:57:20.095] [jointLog] [warning] read 2af352e8-8031-4d3b-8ea2-3dd0b88be496 (length 10099) has no trained clipping model
[2025-07-09 16:57:20.255] [jointLog] [warning] (in update()) CIGAR string for read [d4ac79ee-0d52-4dbc-9451-b19f5c282224] seems inconsistent. It implied an error rate greater than 1: 1.59551 0.017341 0.0378934
[2025-07-09 16:57:20.280] [jointLog] [warning] (in update()) CIGAR string for read [51e527e1-914d-4bda-8079-bf316829078c] seems inconsistent. It implied an error rate greater than 1: 1.19188 0.0161002 0.0143113
[2025-07-09 16:57:20.302] [jointLog] [warning] (in update()) CIGAR string for read [02ab1389-da8c-46bc-88c1-f72169fd4ae2] seems inconsistent. It implied an error rate greater than 1: 1.35324 0 0.00322486
[2025-07-09 16:57:20.361] [jointLog] [warning] (in update()) CIGAR string for read [a3c4f84d-bbe4-4778-95aa-0046df2712d8] seems inconsistent. It implied an error rate greater than 1: 1.36391 0 0.015488
[2025-07-09 16:57:20.628] [jointLog] [warning] read 1927f458-3d73-457d-b879-278b5927d7f4 (length 11874 - align length 11834) has no trained error model
[2025-07-09 16:57:20.628] [jointLog] [warning] read 1927f458-3d73-457d-b879-278b5927d7f4 (length 11874) has no trained clipping model
[2025-07-09 16:57:20.628] [jointLog] [warning] read 1927f458-3d73-457d-b879-278b5927d7f4 (length 11874) has no trained clipping model
[2025-07-09 16:57:20.649] [jointLog] [warning] read a82ecb4c-6576-4396-afb0-74284dfca100 (length 10995 - align length 10893) has no trained error model
[2025-07-09 16:57:20.666] [jointLog] [warning] (in update()) CIGAR string for read [5b733052-e3e2-4877-a79d-172f1e85f04a] seems inconsistent. It implied an error rate greater than 1: 1.09727 0.00331126 0.0264901
[2025-07-09 16:57:20.766] [jointLog] [warning] read 9a4365e1-2c9d-45ea-a8ef-4464dc159e92 (length 34159 - align length 154) has no trained error model
[2025-07-09 16:57:20.766] [jointLog] [warning] read 9a4365e1-2c9d-45ea-a8ef-4464dc159e92 (length 34159) has no trained clipping model
[2025-07-09 16:57:20.766] [jointLog] [warning] read 9a4365e1-2c9d-45ea-a8ef-4464dc159e92 (length 34159) has no trained clipping model
[2025-07-09 16:57:20.766] [jointLog] [warning] read f25f9500-66b6-404c-8652-09a55b2262ba (length 18513 - align length 787) has no trained error model
[2025-07-09 16:57:20.766] [jointLog] [warning] read f25f9500-66b6-404c-8652-09a55b2262ba (length 18513) has no trained clipping model
[2025-07-09 16:57:20.766] [jointLog] [warning] read f25f9500-66b6-404c-8652-09a55b2262ba (length 18513) has no trained clipping model
[2025-07-09 16:57:20.766] [jointLog] [warning] read 39e27d99-ebc2-4cac-8139-994e8da7f811 (length 13571 - align length 58) has no trained error model
[2025-07-09 16:57:20.766] [jointLog] [warning] read 39e27d99-ebc2-4cac-8139-994e8da7f811 (length 13571) has no trained clipping model
[2025-07-09 16:57:20.766] [jointLog] [warning] read 39e27d99-ebc2-4cac-8139-994e8da7f811 (length 13571) has no trained clipping model
[2025-07-09 16:57:20.766] [jointLog] [warning] read b2bbf63e-9b76-4c1a-824e-f35cb5be2632 (length 14404 - align length 14285) has no trained error model
[2025-07-09 16:57:20.766] [jointLog] [warning] read b2bbf63e-9b76-4c1a-824e-f35cb5be2632 (length 14404) has no trained clipping model
[2025-07-09 16:57:20.766] [jointLog] [warning] read b2bbf63e-9b76-4c1a-824e-f35cb5be2632 (length 14404) has no trained clipping model
[2025-07-09 16:57:20.766] [jointLog] [warning] read bb4a6968-1d4d-4776-bfd0-0646e716754d (length 21201 - align length 801) has no trained error model
[2025-07-09 16:57:20.766] [jointLog] [warning] read bb4a6968-1d4d-4776-bfd0-0646e716754d (length 21201) has no trained clipping model
[2025-07-09 16:57:20.766] [jointLog] [warning] read bb4a6968-1d4d-4776-bfd0-0646e716754d (length 21201) has no trained clipping model
[2025-07-09 16:57:20.766] [jointLog] [warning] read 9c275c13-a2b8-4b54-9d27-11afa79dd536 (length 15944 - align length 15893) has no trained error model
[2025-07-09 16:57:20.766] [jointLog] [warning] read 39476384-3083-4390-b826-fa5597e43946 (length 45794 - align length 470) has no trained error model
[2025-07-09 16:57:20.766] [jointLog] [warning] read 39476384-3083-4390-b826-fa5597e43946 (length 45794) has no trained clipping model
[2025-07-09 16:57:20.766] [jointLog] [warning] read 39476384-3083-4390-b826-fa5597e43946 (length 45794) has no trained clipping model
[2025-07-09 16:57:20.766] [jointLog] [warning] read 5aa50a27-941c-4053-951d-32cdb72ce52e (length 14082 - align length 14070) has no trained error model
[2025-07-09 16:57:20.766] [jointLog] [warning] read 3df048e1-c439-44f6-8d3b-10ee95686bad (length 22818 - align length 1474) has no trained error model
[2025-07-09 16:57:20.766] [jointLog] [warning] read 3df048e1-c439-44f6-8d3b-10ee95686bad (length 22818) has no trained clipping model
[2025-07-09 16:57:20.766] [jointLog] [warning] read 3df048e1-c439-44f6-8d3b-10ee95686bad (length 22818) has no trained clipping model
[2025-07-09 16:57:20.767] [jointLog] [warning] read 9faf0bc7-c213-4345-85fa-0b459d1f89af (length 18726) has no trained clipping model
[2025-07-09 16:57:20.767] [jointLog] [warning] read c493d8a6-5be9-4250-a726-6d23c006f4e6 (length 21778 - align length 1477) has no trained error model
[2025-07-09 16:57:20.767] [jointLog] [warning] read c493d8a6-5be9-4250-a726-6d23c006f4e6 (length 21778) has no trained clipping model
[2025-07-09 16:57:20.767] [jointLog] [warning] read c493d8a6-5be9-4250-a726-6d23c006f4e6 (length 21778) has no trained clipping model
[2025-07-09 16:57:20.767] [jointLog] [warning] read 09e804e6-8f39-4fc1-bfec-4ab73135a821 (length 24962 - align length 715) has no trained error model
[2025-07-09 16:57:20.767] [jointLog] [warning] read 09e804e6-8f39-4fc1-bfec-4ab73135a821 (length 24962) has no trained clipping model
[2025-07-09 16:57:20.767] [jointLog] [warning] read 09e804e6-8f39-4fc1-bfec-4ab73135a821 (length 24962) has no trained clipping model
[2025-07-09 16:57:20.767] [jointLog] [warning] read f1c370a9-bb1d-41fb-a957-dd723cd028de (length 12469) has no trained clipping model
[2025-07-09 16:57:20.767] [jointLog] [warning] read d090daa3-aee6-4a1c-9119-ef6d315df9fa (length 25189) has no trained clipping model
[2025-07-09 16:57:20.767] [jointLog] [warning] read 66d71b9f-83bb-40ca-9cfd-e22fe5e056c1 (length 12500) has no trained clipping model
[2025-07-09 16:57:20.767] [jointLog] [warning] read 565810bb-c6a5-4196-8d2f-c87fc4fd3bfb (length 46844 - align length 683) has no trained error model
[2025-07-09 16:57:20.767] [jointLog] [warning] read 565810bb-c6a5-4196-8d2f-c87fc4fd3bfb (length 46844) has no trained clipping model
[2025-07-09 16:57:20.767] [jointLog] [warning] read 565810bb-c6a5-4196-8d2f-c87fc4fd3bfb (length 46844) has no trained clipping model
[2025-07-09 16:57:20.767] [jointLog] [warning] read d9d5b020-1bb8-441b-ab92-17c9a89903d1 (length 24388 - align length 1298) has no trained error model
[2025-07-09 16:57:20.767] [jointLog] [warning] read d9d5b020-1bb8-441b-ab92-17c9a89903d1 (length 24388) has no trained clipping model
[2025-07-09 16:57:20.767] [jointLog] [warning] read d9d5b020-1bb8-441b-ab92-17c9a89903d1 (length 24388) has no trained clipping model
[2025-07-09 16:57:20.767] [jointLog] [warning] read 1873eca1-53dd-487b-996a-c892598ef390 (length 38763 - align length 48) has no trained error model
[2025-07-09 16:57:20.767] [jointLog] [warning] read 1873eca1-53dd-487b-996a-c892598ef390 (length 38763) has no trained clipping model
[2025-07-09 16:57:20.767] [jointLog] [warning] read 1873eca1-53dd-487b-996a-c892598ef390 (length 38763) has no trained clipping model
[2025-07-09 16:57:20.767] [jointLog] [warning] read 4349deee-5c85-4b13-83e6-609f5cb85cf0 (length 18988 - align length 456) has no trained error model
[2025-07-09 16:57:20.767] [jointLog] [warning] read 4349deee-5c85-4b13-83e6-609f5cb85cf0 (length 18988) has no trained clipping model
[2025-07-09 16:57:20.767] [jointLog] [warning] read 4349deee-5c85-4b13-83e6-609f5cb85cf0 (length 18988) has no trained clipping model
[2025-07-09 16:57:20.767] [jointLog] [warning] read 0b72892c-9d27-4662-8d62-a94a4a87f7ad (length 10282) has no trained clipping model
[2025-07-09 16:57:20.767] [jointLog] [warning] read 0b72892c-9d27-4662-8d62-a94a4a87f7ad (length 10282) has no trained clipping model
[2025-07-09 16:57:20.767] [jointLog] [warning] read 0ff31cee-74d9-4b55-a84a-2418328742aa (length 10839 - align length 255) has no trained error model
[2025-07-09 16:57:20.767] [jointLog] [warning] read 0ff31cee-74d9-4b55-a84a-2418328742aa (length 10839) has no trained clipping model
[2025-07-09 16:57:20.767] [jointLog] [warning] read 0ff31cee-74d9-4b55-a84a-2418328742aa (length 10839) has no trained clipping model
[2025-07-09 16:57:20.768] [jointLog] [warning] read 253e852b-81ca-4637-814e-77953a09e421 (length 48080 - align length 1349) has no trained error model
[2025-07-09 16:57:20.768] [jointLog] [warning] read 253e852b-81ca-4637-814e-77953a09e421 (length 48080) has no trained clipping model
[2025-07-09 16:57:20.768] [jointLog] [warning] read 253e852b-81ca-4637-814e-77953a09e421 (length 48080) has no trained clipping model
[2025-07-09 16:57:20.768] [jointLog] [warning] read 34910c34-5aea-4a22-80d4-07f0ef799532 (length 20180 - align length 1319) has no trained error model
[2025-07-09 16:57:20.768] [jointLog] [warning] read 34910c34-5aea-4a22-80d4-07f0ef799532 (length 20180) has no trained clipping model
[2025-07-09 16:57:20.768] [jointLog] [warning] read 34910c34-5aea-4a22-80d4-07f0ef799532 (length 20180) has no trained clipping model
[2025-07-09 16:57:20.768] [jointLog] [warning] read 70f3d26b-8851-4c06-9e15-9db90fe082f3 (length 13107 - align length 13053) has no trained error model
[2025-07-09 16:57:20.768] [jointLog] [warning] read 30f48f27-8982-4460-9c06-1149ca46930c (length 39458 - align length 665) has no trained error model
[2025-07-09 16:57:20.768] [jointLog] [warning] read 30f48f27-8982-4460-9c06-1149ca46930c (length 39458) has no trained clipping model
[2025-07-09 16:57:20.768] [jointLog] [warning] read 30f48f27-8982-4460-9c06-1149ca46930c (length 39458) has no trained clipping model
[2025-07-09 16:57:20.768] [jointLog] [warning] read c4319087-9801-4785-8f9e-888bba46660c (length 29933 - align length 1569) has no trained error model
[2025-07-09 16:57:20.768] [jointLog] [warning] read c4319087-9801-4785-8f9e-888bba46660c (length 29933) has no trained clipping model
[2025-07-09 16:57:20.768] [jointLog] [warning] read c4319087-9801-4785-8f9e-888bba46660c (length 29933) has no trained clipping model
[2025-07-09 16:57:20.768] [jointLog] [warning] read 4ce70f3b-e6cb-4764-9bed-955888682dd4 (length 15076 - align length 183) has no trained error model
[2025-07-09 16:57:20.768] [jointLog] [warning] read 4ce70f3b-e6cb-4764-9bed-955888682dd4 (length 15076) has no trained clipping model
[2025-07-09 16:57:20.768] [jointLog] [warning] read 4ce70f3b-e6cb-4764-9bed-955888682dd4 (length 15076) has no trained clipping model
[2025-07-09 16:57:20.768] [jointLog] [warning] read 96e9cb3c-f94d-4e34-a026-5552ebc04849 (length 49540 - align length 1278) has no trained error model
[2025-07-09 16:57:20.768] [jointLog] [warning] read 96e9cb3c-f94d-4e34-a026-5552ebc04849 (length 49540) has no trained clipping model
[2025-07-09 16:57:20.768] [jointLog] [warning] read 96e9cb3c-f94d-4e34-a026-5552ebc04849 (length 49540) has no trained clipping model
[2025-07-09 16:57:20.768] [jointLog] [warning] read 09a19b3b-23fe-47a4-ada5-50b85949e66a (length 16815 - align length 4136) has no trained error model
[2025-07-09 16:57:20.768] [jointLog] [warning] read 09a19b3b-23fe-47a4-ada5-50b85949e66a (length 16815) has no trained clipping model
[2025-07-09 16:57:20.768] [jointLog] [warning] read 09a19b3b-23fe-47a4-ada5-50b85949e66a (length 16815) has no trained clipping model
[2025-07-09 16:57:20.768] [jointLog] [warning] read 02b7c551-43aa-48f6-9ef0-0df845e65403 (length 27245 - align length 418) has no trained error model
[2025-07-09 16:57:20.768] [jointLog] [warning] read 02b7c551-43aa-48f6-9ef0-0df845e65403 (length 27245) has no trained clipping model
[2025-07-09 16:57:20.768] [jointLog] [warning] read 02b7c551-43aa-48f6-9ef0-0df845e65403 (length 27245) has no trained clipping model
[2025-07-09 16:57:20.786] [jointLog] [warning] (in update()) CIGAR string for read [9f65db2d-adaa-4777-93af-747d0e38d4e2] seems inconsistent. It implied an error rate greater than 1: 1.26388 0.00021815 0.0176702
[2025-07-09 16:57:20.810] [jointLog] [warning] read c369bf70-cf66-446a-92cf-2020990dd7b5 (length 10545 - align length 10515) has no trained error model
[2025-07-09 16:57:20.976] [jointLog] [warning] (in update()) CIGAR string for read [8e5f2ebe-7587-4782-8c04-fbc7d48eb9e6] seems inconsistent. It implied an error rate greater than 1: 1.73646 0.000441891 0.020327
[2025-07-09 16:57:21.079] [jointLog] [warning] read bf6d2d0b-cce2-405c-b410-bea52880b5b3 (length 12246 - align length 12234) has no trained error model
[2025-07-09 16:57:21.123] [jointLog] [warning] read 829654cf-0f11-4a5c-8311-f48f3f325d16 (length 11686 - align length 11627) has no trained error model
[2025-07-09 16:57:21.123] [jointLog] [warning] read 829654cf-0f11-4a5c-8311-f48f3f325d16 (length 11686) has no trained clipping model
[2025-07-09 16:57:21.123] [jointLog] [warning] read 829654cf-0f11-4a5c-8311-f48f3f325d16 (length 11686) has no trained clipping model
[2025-07-09 16:57:21.179] [jointLog] [warning] (in update()) CIGAR string for read [80fce164-8e14-4f49-bb1d-681336195e66] seems inconsistent. It implied an error rate greater than 1: 1.361 0.00145645 0.0157297
[2025-07-09 16:57:21.187] [jointLog] [warning] (in update()) CIGAR string for read [29c82125-66f1-48b8-8a6b-1b56df996405] seems inconsistent. It implied an error rate greater than 1: 1.37691 0 0.00209455
[2025-07-09 16:57:21.224] [jointLog] [warning] (in update()) CIGAR string for read [27560527-c9db-4c60-aa87-6f37b759c54b] seems inconsistent. It implied an error rate greater than 1: 1.08547 0.000711744 0
[2025-07-09 16:57:21.399] [fileLog] [info] quantification processed 1000000 fragments so far

[2025-07-09 16:57:21.450] [jointLog] [warning] (in update()) CIGAR string for read [d0ade37e-5bdf-4d18-8e3e-6d42feb8d1c5] seems inconsistent. It implied an error rate greater than 1: 1.36581 0 0.0205321
[2025-07-09 16:57:21.506] [jointLog] [warning] read ddd38519-a71f-41d6-a9ea-7133eb8996b8 (length 10014 - align length 10014) has no trained error model
[2025-07-09 16:57:21.690] [jointLog] [warning] (in update()) CIGAR string for read [b4c81e2c-273a-4f72-9e59-0782ac8b12ac] seems inconsistent. It implied an error rate greater than 1: 1.34716 0 0.00468521
[2025-07-09 16:57:21.737] [jointLog] [warning] read d86a8a53-5c7c-4ee8-bd6e-e8493ae5aac1 (length 11628 - align length 11551) has no trained error model
[2025-07-09 16:57:21.737] [jointLog] [warning] read d86a8a53-5c7c-4ee8-bd6e-e8493ae5aac1 (length 11628) has no trained clipping model
[2025-07-09 16:57:21.770] [jointLog] [warning] (in update()) CIGAR string for read [d556560f-6287-4c24-80ad-eda552b280dd] seems inconsistent. It implied an error rate greater than 1: 1.26494 0 0.050581
[2025-07-09 16:57:21.894] [jointLog] [warning] (in update()) CIGAR string for read [954553df-944b-4d27-b2f9-995cdcd8fb2b] seems inconsistent. It implied an error rate greater than 1: 1.35301 0 0.0193922
[2025-07-09 16:57:21.973] [jointLog] [warning] read 2d14bb9a-2bc7-4d4d-8fd0-798922ba5454 (length 13243 - align length 13221) has no trained error model
[2025-07-09 16:57:22.097] [jointLog] [warning] read 7d1cc45c-1b1e-4a18-881b-c098ec7acbd0 (length 11210 - align length 11054) has no trained error model
[2025-07-09 16:57:22.151] [jointLog] [warning] (in update()) CIGAR string for read [9591c145-bc07-4369-9675-2803414b656d] seems inconsistent. It implied an error rate greater than 1: 1.37582 0 0.00443656
[2025-07-09 16:57:22.194] [jointLog] [warning] (in update()) CIGAR string for read [a146bda9-5c4b-4e75-9b44-0230a6be1476] seems inconsistent. It implied an error rate greater than 1: 1.36738 0.00494905 0.0116448
[2025-07-09 16:57:22.215] [jointLog] [warning] (in update()) CIGAR string for read [35f2a3c4-933b-4097-8fe0-3f72f909cc76] seems inconsistent. It implied an error rate greater than 1: 1.35721 0.00058651 0.00439883
[2025-07-09 16:57:22.376] [jointLog] [warning] read 24aa61e5-b439-4355-bff7-7010962ada9b (length 10462 - align length 10417) has no trained error model
[2025-07-09 16:57:22.393] [jointLog] [warning] (in update()) CIGAR string for read [d962d8f5-cc73-4de7-b25d-7c24ddd7431a] seems inconsistent. It implied an error rate greater than 1: 1.28322 0 0.0509993
[2025-07-09 16:57:22.460] [jointLog] [warning] read 42cdd279-b3ea-4703-bdcb-fb227dc52134 (length 9224) has no trained clipping model
[2025-07-09 16:57:22.471] [jointLog] [warning] (in update()) CIGAR string for read [ea307b91-f484-4b85-8dc4-a442c9cc8c51] seems inconsistent. It implied an error rate greater than 1: 1.35204 0 0.00849195
[2025-07-09 16:57:22.487] [jointLog] [warning] (in update()) CIGAR string for read [139dd95a-57f1-4bfd-bb29-07613f44da2f] seems inconsistent. It implied an error rate greater than 1: 1.34453 0 0.0219874
[2025-07-09 16:57:22.721] [jointLog] [warning] read 5944a16f-11d4-4181-8171-e0d57ecf8fd9 (length 17348 - align length 2882) has no trained error model
[2025-07-09 16:57:22.721] [jointLog] [warning] read 5944a16f-11d4-4181-8171-e0d57ecf8fd9 (length 17348) has no trained clipping model
[2025-07-09 16:57:22.721] [jointLog] [warning] read 5944a16f-11d4-4181-8171-e0d57ecf8fd9 (length 17348) has no trained clipping model
[2025-07-09 16:57:22.742] [jointLog] [warning] read 9f6a944d-6277-42df-bd2d-5445fb32cabc (length 11407 - align length 11300) has no trained error model
[2025-07-09 16:57:22.742] [jointLog] [warning] read feb0c39a-0e09-4193-9a11-50983ca2d304 (length 41684 - align length 168) has no trained error model
[2025-07-09 16:57:22.742] [jointLog] [warning] read feb0c39a-0e09-4193-9a11-50983ca2d304 (length 41684) has no trained clipping model
[2025-07-09 16:57:22.742] [jointLog] [warning] read feb0c39a-0e09-4193-9a11-50983ca2d304 (length 41684) has no trained clipping model
[2025-07-09 16:57:22.742] [jointLog] [warning] read 1614ff2d-f05a-418c-b177-9b3be7affa88 (length 38068 - align length 573) has no trained error model
[2025-07-09 16:57:22.742] [jointLog] [warning] read 1614ff2d-f05a-418c-b177-9b3be7affa88 (length 38068) has no trained clipping model
[2025-07-09 16:57:22.742] [jointLog] [warning] read 1614ff2d-f05a-418c-b177-9b3be7affa88 (length 38068) has no trained clipping model
[2025-07-09 16:57:22.742] [jointLog] [warning] read df71bdf1-3cd9-4023-8010-29970bb0ef99 (length 36588 - align length 1379) has no trained error model
[2025-07-09 16:57:22.742] [jointLog] [warning] read df71bdf1-3cd9-4023-8010-29970bb0ef99 (length 36588) has no trained clipping model
[2025-07-09 16:57:22.742] [jointLog] [warning] read df71bdf1-3cd9-4023-8010-29970bb0ef99 (length 36588) has no trained clipping model
[2025-07-09 16:57:22.742] [jointLog] [warning] read 38a476b1-f719-418d-bf16-3e155ebf69f9 (length 38840 - align length 2782) has no trained error model
[2025-07-09 16:57:22.742] [jointLog] [warning] read 38a476b1-f719-418d-bf16-3e155ebf69f9 (length 38840) has no trained clipping model
[2025-07-09 16:57:22.742] [jointLog] [warning] read 38a476b1-f719-418d-bf16-3e155ebf69f9 (length 38840) has no trained clipping model
[2025-07-09 16:57:22.743] [jointLog] [warning] read fc17926b-22eb-4bf9-a352-de501d7c3f47 (length 17422 - align length 546) has no trained error model
[2025-07-09 16:57:22.743] [jointLog] [warning] read fc17926b-22eb-4bf9-a352-de501d7c3f47 (length 17422) has no trained clipping model
[2025-07-09 16:57:22.743] [jointLog] [warning] read fc17926b-22eb-4bf9-a352-de501d7c3f47 (length 17422) has no trained clipping model
[2025-07-09 16:57:22.743] [jointLog] [warning] read b0865b46-75e9-47a6-bdac-5b75f1220fcb (length 30969 - align length 121) has no trained error model
[2025-07-09 16:57:22.743] [jointLog] [warning] read b0865b46-75e9-47a6-bdac-5b75f1220fcb (length 30969) has no trained clipping model
[2025-07-09 16:57:22.743] [jointLog] [warning] read b0865b46-75e9-47a6-bdac-5b75f1220fcb (length 30969) has no trained clipping model
[2025-07-09 16:57:22.743] [jointLog] [warning] read 4b654550-6174-4e4c-b92f-57fee17d7726 (length 35087 - align length 461) has no trained error model
[2025-07-09 16:57:22.743] [jointLog] [warning] read 4b654550-6174-4e4c-b92f-57fee17d7726 (length 35087) has no trained clipping model
[2025-07-09 16:57:22.743] [jointLog] [warning] read 4b654550-6174-4e4c-b92f-57fee17d7726 (length 35087) has no trained clipping model
[2025-07-09 16:57:22.743] [jointLog] [warning] read eb98343e-eac7-4f70-b3a9-85b2ced08b2b (length 26861 - align length 456) has no trained error model
[2025-07-09 16:57:22.743] [jointLog] [warning] read eb98343e-eac7-4f70-b3a9-85b2ced08b2b (length 26861) has no trained clipping model
[2025-07-09 16:57:22.743] [jointLog] [warning] read eb98343e-eac7-4f70-b3a9-85b2ced08b2b (length 26861) has no trained clipping model
[2025-07-09 16:57:22.743] [jointLog] [warning] read 9aa5de9f-eb66-4270-933f-f115c8a6776f (length 17116) has no trained clipping model
[2025-07-09 16:57:22.743] [jointLog] [warning] read 71b990c1-e947-4db5-986b-efebe7fa2411 (length 16979 - align length 402) has no trained error model
[2025-07-09 16:57:22.743] [jointLog] [warning] read 71b990c1-e947-4db5-986b-efebe7fa2411 (length 16979) has no trained clipping model
[2025-07-09 16:57:22.743] [jointLog] [warning] read 71b990c1-e947-4db5-986b-efebe7fa2411 (length 16979) has no trained clipping model
[2025-07-09 16:57:22.743] [jointLog] [warning] read 600e9847-59d3-4521-8c72-b17e4752d2e2 (length 18303 - align length 491) has no trained error model
[2025-07-09 16:57:22.743] [jointLog] [warning] read 600e9847-59d3-4521-8c72-b17e4752d2e2 (length 18303) has no trained clipping model
[2025-07-09 16:57:22.743] [jointLog] [warning] read 600e9847-59d3-4521-8c72-b17e4752d2e2 (length 18303) has no trained clipping model
[2025-07-09 16:57:22.743] [jointLog] [warning] read 47ff3d76-b724-45c0-a631-ee16567fdc75 (length 11040) has no trained clipping model
[2025-07-09 16:57:22.743] [jointLog] [warning] read 84d6d324-ce2b-4496-a916-8112ef963ada (length 20019 - align length 384) has no trained error model
[2025-07-09 16:57:22.743] [jointLog] [warning] read 84d6d324-ce2b-4496-a916-8112ef963ada (length 20019) has no trained clipping model
[2025-07-09 16:57:22.743] [jointLog] [warning] read 84d6d324-ce2b-4496-a916-8112ef963ada (length 20019) has no trained clipping model
[2025-07-09 16:57:22.846] [jointLog] [warning] (in update()) CIGAR string for read [32f87439-16d8-4bf4-89a2-50b32b300968] seems inconsistent. It implied an error rate greater than 1: 1.35658 0.000292826 0.00439239
[2025-07-09 16:57:22.902] [jointLog] [warning] (in update()) CIGAR string for read [c5fc8942-7942-4cb3-a8f5-e3826cf7bf73] seems inconsistent. It implied an error rate greater than 1: 1.15125 0.0121951 0.0087108
[2025-07-09 16:57:22.998] [jointLog] [warning] read 2dac3b3f-3fb0-491e-bdaa-7a70be491f15 (length 11171 - align length 11143) has no trained error model
[2025-07-09 16:57:23.073] [jointLog] [warning] (in update()) CIGAR string for read [bb575adf-cb3e-4756-b86d-32eec42e2f69] seems inconsistent. It implied an error rate greater than 1: 1.38667 0.000886787 0.0144842
[2025-07-09 16:57:23.087] [jointLog] [warning] (in update()) CIGAR string for read [f1dfaf71-9e1c-4409-bf45-8a616852cae9] seems inconsistent. It implied an error rate greater than 1: 1.16007 0.0129032 0.0903226
[2025-07-09 16:57:23.338] [jointLog] [warning] (in update()) CIGAR string for read [df588f67-fb03-4547-a4ea-0c747f4d1443] seems inconsistent. It implied an error rate greater than 1: 1.09847 0.00958466 0.0495208
[2025-07-09 16:57:23.355] [jointLog] [warning] (in update()) CIGAR string for read [a74f3dc4-de1b-4a0a-8467-c0b436236f8b] seems inconsistent. It implied an error rate greater than 1: 1.00259 0.0113208 0.0163522
[2025-07-09 16:57:23.404] [jointLog] [warning] read 095f6476-df5e-46be-8edb-71f25de82827 (length 12541 - align length 12468) has no trained error model
[2025-07-09 16:57:23.648] [jointLog] [warning] (in update()) CIGAR string for read [be8b7c39-de2a-4205-a390-d75917cdb95f] seems inconsistent. It implied an error rate greater than 1: 1.35818 0 0.00763135
[2025-07-09 16:57:23.997] [jointLog] [warning] (in update()) CIGAR string for read [d8b7ceb7-0fdd-4456-aec5-910950bc5646] seems inconsistent. It implied an error rate greater than 1: 1.19052 0.000479616 0.0177458
[2025-07-09 16:57:24.291] [jointLog] [warning] (in update()) CIGAR string for read [8de99c8c-f24e-43bc-af3d-8cb75c5d9f13] seems inconsistent. It implied an error rate greater than 1: 1.37887 0 0.00738552
[2025-07-09 16:57:24.314] [jointLog] [warning] read 44d6fc4c-6a93-46d2-aec0-1fb1856bf566 (length 11831 - align length 11739) has no trained error model
[2025-07-09 16:57:24.314] [jointLog] [warning] read 44d6fc4c-6a93-46d2-aec0-1fb1856bf566 (length 11831) has no trained clipping model
[2025-07-09 16:57:24.404] [jointLog] [warning] read ddfccbf3-9ede-453f-b4ce-f8623d17e748 (length 11616) has no trained clipping model
[2025-07-09 16:57:25.138] [jointLog] [warning] (in update()) CIGAR string for read [5996d3ae-8f25-4c32-a7fc-c5f3b9c588f6] seems inconsistent. It implied an error rate greater than 1: 1.03704 0 0.00369004
[2025-07-09 16:57:25.448] [jointLog] [warning] (in update()) CIGAR string for read [91dd2d0b-a417-4d4e-a593-b273c68f1131] seems inconsistent. It implied an error rate greater than 1: 1.15603 0.0136752 0.0222222
[2025-07-09 16:57:25.671] [jointLog] [warning] (in update()) CIGAR string for read [90e7d7e8-aae0-429d-9171-658e8c4c036d] seems inconsistent. It implied an error rate greater than 1: 1.15659 0 0.0197568
[2025-07-09 16:57:25.683] [jointLog] [warning] read 95fb4d4a-3431-438e-a139-45dd7ad359db (length 12253 - align length 12191) has no trained error model
[2025-07-09 16:57:25.776] [jointLog] [warning] (in update()) CIGAR string for read [84d22e27-7972-4196-b4fc-0df295556546] seems inconsistent. It implied an error rate greater than 1: 1.34971 0 0.0164883
[2025-07-09 16:57:26.106] [jointLog] [warning] (in update()) CIGAR string for read [34ccb10f-b98f-4a13-a811-eaab1dbc2008] seems inconsistent. It implied an error rate greater than 1: 1.55834 0 0.00337041
[2025-07-09 16:57:26.165] [jointLog] [warning] (in update()) CIGAR string for read [85a9f7f4-49a0-4949-a253-dbb44d03ccc0] seems inconsistent. It implied an error rate greater than 1: 1.41238 0.00212766 0.0468085
[2025-07-09 16:57:26.165] [jointLog] [warning] (in update()) CIGAR string for read [2715bcd7-c038-485d-9dc1-1614ed5f173e] seems inconsistent. It implied an error rate greater than 1: 1.37099 0.000561798 0
[2025-07-09 16:57:26.317] [jointLog] [warning] (in update()) CIGAR string for read [6cd74a69-14b7-4eec-955a-1aaaeaf50f2b] seems inconsistent. It implied an error rate greater than 1: 1.13732 0.0115512 0.0511551
[2025-07-09 16:57:26.424] [jointLog] [warning] (in update()) CIGAR string for read [448aebc8-300c-4157-a720-b7f03071f6d1] seems inconsistent. It implied an error rate greater than 1: 1.35769 0.000580552 0.0142235
[2025-07-09 16:57:26.532] [fileLog] [info] quantification processed 2000000 fragments so far

[2025-07-09 16:57:26.870] [jointLog] [warning] (in update()) CIGAR string for read [478d4c0e-f082-4000-b9a4-192394572b87] seems inconsistent. It implied an error rate greater than 1: 1.08067 0.00152672 0.0900763
[2025-07-09 16:57:27.158] [jointLog] [warning] (in update()) CIGAR string for read [dcb7846d-ff1c-4050-b71b-d151f18788fb] seems inconsistent. It implied an error rate greater than 1: 1.37574 0 0.000893123
[2025-07-09 16:57:27.213] [jointLog] [warning] (in update()) CIGAR string for read [cd036435-bd9d-4176-b142-4d1d2abefdef] seems inconsistent. It implied an error rate greater than 1: 1.34633 0.000584454 0.00292227
[2025-07-09 16:57:27.414] [jointLog] [warning] (in update()) CIGAR string for read [9fe53ead-a607-4def-b67f-efbb6c6f6c8c] seems inconsistent. It implied an error rate greater than 1: 1.36734 0 0.00473653
[2025-07-09 16:57:27.547] [jointLog] [warning] (in update()) CIGAR string for read [8120c947-53a8-4a64-86b0-579fd1871773] seems inconsistent. It implied an error rate greater than 1: 1.12661 0.012945 0.0477346
[2025-07-09 16:57:27.621] [jointLog] [warning] (in update()) CIGAR string for read [826eaad8-7207-431e-9109-8e57b18d8f90] seems inconsistent. It implied an error rate greater than 1: 1.0651 0.0027137 0.246947
[2025-07-09 16:57:27.824] [jointLog] [warning] (in update()) CIGAR string for read [754f6a79-49e1-4be1-9509-d9dff587963e] seems inconsistent. It implied an error rate greater than 1: 1.36369 0.000294724 0.00294724
[2025-07-09 16:57:27.996] [jointLog] [warning] (in update()) CIGAR string for read [be36eba9-7354-4f95-a7f5-8b57e7ee0ffe] seems inconsistent. It implied an error rate greater than 1: 1.06296 0.00915751 0.0018315
[2025-07-09 16:57:28.364] [jointLog] [warning] read 8992f8b8-3ab7-40e7-baa8-1a87296bee12 (length 11621) has no trained clipping model
[2025-07-09 16:57:28.364] [jointLog] [warning] (in update()) CIGAR string for read [ff614c0c-2aa1-4301-9e75-8e6c8b8a4fe1] seems inconsistent. It implied an error rate greater than 1: 1.34417 0.00342173 0.0230967
[2025-07-09 16:57:28.385] [jointLog] [warning] (in update()) CIGAR string for read [84240d9e-ad58-41ad-a7bf-2dcd3cb24680] seems inconsistent. It implied an error rate greater than 1: 1.2677 0.000890869 0.0806236
[2025-07-09 16:57:28.418] [jointLog] [warning] (in update()) CIGAR string for read [39f8d0e4-019f-4b72-b761-83aa3d9381d2] seems inconsistent. It implied an error rate greater than 1: 1.08854 0 0.0258738
[2025-07-09 16:57:28.478] [jointLog] [warning] (in update()) CIGAR string for read [4baad9c2-5a26-4016-b6ae-779eaf572997] seems inconsistent. It implied an error rate greater than 1: 1.0963 0 0.00574493
[2025-07-09 16:57:28.775] [jointLog] [warning] (in update()) CIGAR string for read [388c67af-af03-475a-925c-7ada1002665c] seems inconsistent. It implied an error rate greater than 1: 1.3642 0.000883913 0.00324101
[2025-07-09 16:57:28.888] [jointLog] [warning] (in update()) CIGAR string for read [447cb84e-0e28-4790-8ea4-5bb33fe22993] seems inconsistent. It implied an error rate greater than 1: 1.14706 0.00189036 0.0340265
[2025-07-09 16:57:29.022] [jointLog] [warning] (in update()) CIGAR string for read [fbfb76e4-79e1-4e5d-a4b1-d0aec1db45cc] seems inconsistent. It implied an error rate greater than 1: 1.05503 0.00117786 0
[2025-07-09 16:57:29.057] [jointLog] [warning] (in update()) CIGAR string for read [b0bff9bd-0354-4da0-9672-6a31300fedc2] seems inconsistent. It implied an error rate greater than 1: 1.16196 0.0371991 0.0332604
[2025-07-09 16:57:29.241] [jointLog] [warning] (in update()) CIGAR string for read [b9accb2c-2705-4b9f-a13a-a10c3ea046d1] seems inconsistent. It implied an error rate greater than 1: 1.19632 0.00126422 0.00379267
[2025-07-09 16:57:29.362] [jointLog] [warning] (in update()) CIGAR string for read [a0703f57-a51b-48a8-b011-6cda8b42ecbf] seems inconsistent. It implied an error rate greater than 1: 1.27345 0 0.00858369
[2025-07-09 16:57:29.366] [jointLog] [warning] (in update()) CIGAR string for read [e469eb19-3abb-473b-b360-22eca5c8a77e] seems inconsistent. It implied an error rate greater than 1: 1.35537 0 0.0174014
[2025-07-09 16:57:29.393] [jointLog] [warning] (in update()) CIGAR string for read [05d3affd-9429-4a47-af98-46d0cb2c32ac] seems inconsistent. It implied an error rate greater than 1: 1.34486 0.00345821 0.0129683
[2025-07-09 16:57:29.530] [jointLog] [warning] (in update()) CIGAR string for read [5643ad78-a485-42f5-b25e-30f5c3b907c2] seems inconsistent. It implied an error rate greater than 1: 1.35053 0 0.0113669
[2025-07-09 16:57:29.674] [jointLog] [warning] read 877abc63-c29d-4538-bc55-e8b5ab073018 (length 26829) has no trained clipping model
[2025-07-09 16:57:29.839] [jointLog] [warning] (in update()) CIGAR string for read [ef225c3e-8b58-4417-b8ce-d7d14e9498d3] seems inconsistent. It implied an error rate greater than 1: 1.03383 0 0.349633
[2025-07-09 16:57:29.902] [jointLog] [warning] (in update()) CIGAR string for read [f01ce0c6-de16-47c4-87c0-a8090b519fe2] seems inconsistent. It implied an error rate greater than 1: 1.35412 0.00292312 0.00321543
[2025-07-09 16:57:30.101] [jointLog] [warning] (in update()) CIGAR string for read [1ea017ab-9527-4040-95a4-894f1a3a30a4] seems inconsistent. It implied an error rate greater than 1: 1.37156 0.00161117 0.0429646
[2025-07-09 16:57:30.175] [jointLog] [warning] (in update()) CIGAR string for read [ddd3c674-695d-490b-bc26-9a3fe991fd79] seems inconsistent. It implied an error rate greater than 1: 1.18635 0.00494234 0.102142
[2025-07-09 16:57:30.394] [jointLog] [warning] read 1751c92d-2abd-483a-9814-afb3fd3bc152 (length 15455) has no trained clipping model
[2025-07-09 16:57:30.394] [jointLog] [warning] read d875e8c7-89bc-4b99-9cab-27cb6efece34 (length 20407 - align length 428) has no trained error model
[2025-07-09 16:57:30.394] [jointLog] [warning] read d875e8c7-89bc-4b99-9cab-27cb6efece34 (length 20407) has no trained clipping model
[2025-07-09 16:57:30.394] [jointLog] [warning] read d875e8c7-89bc-4b99-9cab-27cb6efece34 (length 20407) has no trained clipping model
[2025-07-09 16:57:30.394] [jointLog] [warning] read fc437162-45dd-4504-ac1e-ff91611cc5c0 (length 22081 - align length 123) has no trained error model
[2025-07-09 16:57:30.394] [jointLog] [warning] read fc437162-45dd-4504-ac1e-ff91611cc5c0 (length 22081) has no trained clipping model
[2025-07-09 16:57:30.394] [jointLog] [warning] read fc437162-45dd-4504-ac1e-ff91611cc5c0 (length 22081) has no trained clipping model
[2025-07-09 16:57:30.394] [jointLog] [warning] read 770a09ed-452c-4314-a2d5-b0bdb67705f8 (length 46411 - align length 3553) has no trained error model
[2025-07-09 16:57:30.394] [jointLog] [warning] read 770a09ed-452c-4314-a2d5-b0bdb67705f8 (length 46411) has no trained clipping model
[2025-07-09 16:57:30.394] [jointLog] [warning] read 770a09ed-452c-4314-a2d5-b0bdb67705f8 (length 46411) has no trained clipping model
[2025-07-09 16:57:30.394] [jointLog] [warning] read d09d975b-8cde-4194-8086-6ad374bc1313 (length 15505 - align length 1213) has no trained error model
[2025-07-09 16:57:30.394] [jointLog] [warning] read d09d975b-8cde-4194-8086-6ad374bc1313 (length 15505) has no trained clipping model
[2025-07-09 16:57:30.394] [jointLog] [warning] read d09d975b-8cde-4194-8086-6ad374bc1313 (length 15505) has no trained clipping model
[2025-07-09 16:57:30.394] [jointLog] [warning] read 1485cca4-f6ac-4339-9f7d-4c6c1ede9558 (length 18293 - align length 16552) has no trained error model
[2025-07-09 16:57:30.394] [jointLog] [warning] read 1485cca4-f6ac-4339-9f7d-4c6c1ede9558 (length 18293) has no trained clipping model
[2025-07-09 16:57:30.394] [jointLog] [warning] read 1485cca4-f6ac-4339-9f7d-4c6c1ede9558 (length 18293) has no trained clipping model
[2025-07-09 16:57:30.394] [jointLog] [warning] read 2b43b26b-d82c-432b-8ff3-7b7b61008077 (length 45581 - align length 787) has no trained error model
[2025-07-09 16:57:30.394] [jointLog] [warning] read 2b43b26b-d82c-432b-8ff3-7b7b61008077 (length 45581) has no trained clipping model
[2025-07-09 16:57:30.394] [jointLog] [warning] read 2b43b26b-d82c-432b-8ff3-7b7b61008077 (length 45581) has no trained clipping model
[2025-07-09 16:57:30.394] [jointLog] [warning] read 5adbd9ce-583b-4fa7-bcdd-c5b2d7dd6fa1 (length 27919 - align length 928) has no trained error model
[2025-07-09 16:57:30.394] [jointLog] [warning] read 5adbd9ce-583b-4fa7-bcdd-c5b2d7dd6fa1 (length 27919) has no trained clipping model
[2025-07-09 16:57:30.394] [jointLog] [warning] read 5adbd9ce-583b-4fa7-bcdd-c5b2d7dd6fa1 (length 27919) has no trained clipping model
[2025-07-09 16:57:30.394] [jointLog] [warning] read cf7fcf71-6756-4ce2-b929-1d4269862836 (length 32746 - align length 520) has no trained error model
[2025-07-09 16:57:30.394] [jointLog] [warning] read cf7fcf71-6756-4ce2-b929-1d4269862836 (length 32746) has no trained clipping model
[2025-07-09 16:57:30.394] [jointLog] [warning] read cf7fcf71-6756-4ce2-b929-1d4269862836 (length 32746) has no trained clipping model
[2025-07-09 16:57:30.394] [jointLog] [warning] read 918eeaa1-a4c5-420d-922e-e1de38ea8c1e (length 32039 - align length 1170) has no trained error model
[2025-07-09 16:57:30.394] [jointLog] [warning] read 918eeaa1-a4c5-420d-922e-e1de38ea8c1e (length 32039) has no trained clipping model
[2025-07-09 16:57:30.394] [jointLog] [warning] read 918eeaa1-a4c5-420d-922e-e1de38ea8c1e (length 32039) has no trained clipping model
[2025-07-09 16:57:30.565] [jointLog] [warning] (in update()) CIGAR string for read [0074153f-5246-4a77-9bfa-8aa6f133b262] seems inconsistent. It implied an error rate greater than 1: 1.3586 0.000294464 0.00117786
[2025-07-09 16:57:30.739] [jointLog] [warning] (in update()) CIGAR string for read [020d8608-0af4-4c9d-8ad0-d9f3223e036a] seems inconsistent. It implied an error rate greater than 1: 1.65861 0 0.0107941
[2025-07-09 16:57:31.123] [jointLog] [warning] (in update()) CIGAR string for read [8f471045-4912-43a8-9104-54cbb572caf6] seems inconsistent. It implied an error rate greater than 1: 1.37655 0 0
[2025-07-09 16:57:31.227] [jointLog] [warning] (in update()) CIGAR string for read [d6d6cc4c-f752-443c-9e5b-a09f8b171461] seems inconsistent. It implied an error rate greater than 1: 1.37816 0.00058548 0.0155152
[2025-07-09 16:57:31.268] [jointLog] [warning] (in update()) CIGAR string for read [f86733e7-0e4c-4ce0-9ff0-467592aa598d] seems inconsistent. It implied an error rate greater than 1: 2.05595 0.00058548 0.00526932
[2025-07-09 16:57:31.567] [jointLog] [warning] (in update()) CIGAR string for read [d66e45cb-91d1-4c7c-bb87-dbec893f50c7] seems inconsistent. It implied an error rate greater than 1: 1.18382 0.0140351 0.0315789
[2025-07-09 16:57:31.671] [fileLog] [info] quantification processed 3000000 fragments so far

[2025-07-09 16:57:31.731] [jointLog] [warning] (in update()) CIGAR string for read [3688c45e-f38d-470b-a7c2-5c5da6dc68f4] seems inconsistent. It implied an error rate greater than 1: 1.37239 0 0.0218723
[2025-07-09 16:57:31.867] [jointLog] [warning] (in update()) CIGAR string for read [2a635157-2a37-4c65-818a-52946ce1d8de] seems inconsistent. It implied an error rate greater than 1: 1.3473 0 0.00785112
[2025-07-09 16:57:32.397] [jointLog] [warning] (in update()) CIGAR string for read [cc5a913f-8348-456c-953d-1a035a2e3837] seems inconsistent. It implied an error rate greater than 1: 1.3652 0.000591716 0.00295858
[2025-07-09 16:57:32.451] [jointLog] [warning] (in update()) CIGAR string for read [8cc854dd-48af-4489-9eb7-e55d3845ffbf] seems inconsistent. It implied an error rate greater than 1: 1.18409 0.000566572 0.00226629
[2025-07-09 16:57:32.481] [jointLog] [warning] (in update()) CIGAR string for read [efba29bd-9934-424e-8447-3ceb87d67029] seems inconsistent. It implied an error rate greater than 1: 1.11078 0.000545405 0
[2025-07-09 16:57:32.504] [jointLog] [warning] (in update()) CIGAR string for read [3fec4042-abee-48b4-871c-26049363f5f5] seems inconsistent. It implied an error rate greater than 1: 1.22541 0.0152672 0.0534351
[2025-07-09 16:57:32.568] [jointLog] [warning] (in update()) CIGAR string for read [360f01f1-c79a-4921-a06d-a643947d1fbb] seems inconsistent. It implied an error rate greater than 1: 1.34221 0.00344234 0.016638
[2025-07-09 16:57:32.590] [jointLog] [warning] (in update()) CIGAR string for read [821f87ac-64e0-4411-8982-c7aad88ce075] seems inconsistent. It implied an error rate greater than 1: 1.36227 0 0.00411644
[2025-07-09 16:57:32.614] [jointLog] [warning] read 854e953a-3588-425b-8627-95441bb656a6 (length 27580 - align length 929) has no trained error model
[2025-07-09 16:57:32.614] [jointLog] [warning] read 854e953a-3588-425b-8627-95441bb656a6 (length 27580) has no trained clipping model
[2025-07-09 16:57:32.614] [jointLog] [warning] read 854e953a-3588-425b-8627-95441bb656a6 (length 27580) has no trained clipping model
[2025-07-09 16:57:32.617] [jointLog] [warning] read 74e073cb-8849-429f-a0b4-a5137dc37d31 (length 44238 - align length 4247) has no trained error model
[2025-07-09 16:57:32.617] [jointLog] [warning] read 74e073cb-8849-429f-a0b4-a5137dc37d31 (length 44238) has no trained clipping model
[2025-07-09 16:57:32.617] [jointLog] [warning] read 74e073cb-8849-429f-a0b4-a5137dc37d31 (length 44238) has no trained clipping model
[2025-07-09 16:57:32.617] [jointLog] [warning] read 4cad632f-1f8c-40ed-80b4-b6719c9812ee (length 22972 - align length 1750) has no trained error model
[2025-07-09 16:57:32.617] [jointLog] [warning] read 4cad632f-1f8c-40ed-80b4-b6719c9812ee (length 22972) has no trained clipping model
[2025-07-09 16:57:32.617] [jointLog] [warning] read 4cad632f-1f8c-40ed-80b4-b6719c9812ee (length 22972) has no trained clipping model
[2025-07-09 16:57:32.617] [jointLog] [warning] read 90247029-dc0d-476f-8db5-6dd2561e0195 (length 13609 - align length 13609) has no trained error model
[2025-07-09 16:57:32.617] [jointLog] [warning] read 90247029-dc0d-476f-8db5-6dd2561e0195 (length 13609) has no trained clipping model
[2025-07-09 16:57:32.617] [jointLog] [warning] read 9905100a-0f52-4de1-baa5-3e744b33d657 (length 14491) has no trained clipping model
[2025-07-09 16:57:32.618] [jointLog] [warning] read 1de64d1f-a242-4c93-a0cc-d2b1bae0783d (length 31676 - align length 80) has no trained error model
[2025-07-09 16:57:32.618] [jointLog] [warning] read 1de64d1f-a242-4c93-a0cc-d2b1bae0783d (length 31676) has no trained clipping model
[2025-07-09 16:57:32.618] [jointLog] [warning] read 1de64d1f-a242-4c93-a0cc-d2b1bae0783d (length 31676) has no trained clipping model
[2025-07-09 16:57:32.618] [jointLog] [warning] read 237417b4-4142-4e53-b603-6ea13b450522 (length 44576 - align length 2866) has no trained error model
[2025-07-09 16:57:32.618] [jointLog] [warning] read 237417b4-4142-4e53-b603-6ea13b450522 (length 44576) has no trained clipping model
[2025-07-09 16:57:32.618] [jointLog] [warning] read 237417b4-4142-4e53-b603-6ea13b450522 (length 44576) has no trained clipping model
[2025-07-09 16:57:32.618] [jointLog] [warning] read d1ece6ce-bb2b-448f-b665-6bcc9a79d51b (length 33451) has no trained clipping model
[2025-07-09 16:57:32.696] [jointLog] [warning] (in update()) CIGAR string for read [8b059b8f-5142-43d3-88c7-4dc9ccddb180] seems inconsistent. It implied an error rate greater than 1: 1.35727 0.000294898 0.00176939
[2025-07-09 16:57:32.829] [jointLog] [warning] (in update()) CIGAR string for read [0d2dc5e2-0e36-49fc-b9c4-42e97c60aaff] seems inconsistent. It implied an error rate greater than 1: 1.34389 0.00321449 0
[2025-07-09 16:57:33.002] [jointLog] [warning] (in update()) CIGAR string for read [09638b20-c56c-4ea4-b545-d27d82b19311] seems inconsistent. It implied an error rate greater than 1: 1.2419 0 0.0302297
[2025-07-09 16:57:33.023] [jointLog] [warning] (in update()) CIGAR string for read [dd0d1bce-da06-4555-ae7f-87cd992441c3] seems inconsistent. It implied an error rate greater than 1: 1.34194 0 0.0153179
[2025-07-09 16:57:33.372] [jointLog] [warning] (in update()) CIGAR string for read [620919a2-17d8-4396-a6de-31317743fd1f] seems inconsistent. It implied an error rate greater than 1: 1.43637 0 0.00388538
[2025-07-09 16:57:33.389] [jointLog] [warning] (in update()) CIGAR string for read [659adf27-bcfc-405e-9a0b-bbcaa70a498c] seems inconsistent. It implied an error rate greater than 1: 1.19039 0.00353982 0.0389381
[2025-07-09 16:57:33.397] [jointLog] [warning] (in update()) CIGAR string for read [6ed21d27-4346-4c6f-8569-be8b2a007316] seems inconsistent. It implied an error rate greater than 1: 1.36946 0.00525547 0.0140146
[2025-07-09 16:57:33.665] [jointLog] [warning] (in update()) CIGAR string for read [ce23ab73-8de9-448f-a0ec-1cad3eb08a3e] seems inconsistent. It implied an error rate greater than 1: 1.37931 0 0.00920974
[2025-07-09 16:57:33.900] [jointLog] [warning] (in update()) CIGAR string for read [7a3e6c78-857d-4de8-8843-0963458b381d] seems inconsistent. It implied an error rate greater than 1: 1.35447 0 0.0224849
[2025-07-09 16:57:33.919] [jointLog] [warning] (in update()) CIGAR string for read [aaf488e1-89da-41e0-bc1a-4cba4b4d8862] seems inconsistent. It implied an error rate greater than 1: 1.33907 0.000289855 0.00637681
[2025-07-09 16:57:34.085] [jointLog] [warning] (in update()) CIGAR string for read [8ac75d20-8a99-4747-bcfb-f8ef6e4f0fd9] seems inconsistent. It implied an error rate greater than 1: 1.04101 0 0.0358579
[2025-07-09 16:57:34.132] [jointLog] [warning] (in update()) CIGAR string for read [9faefac1-5c28-4b4a-86dd-bcc812016c20] seems inconsistent. It implied an error rate greater than 1: 1.39583 0 0.0083958
[2025-07-09 16:57:34.270] [jointLog] [warning] (in update()) CIGAR string for read [87537741-7fd1-484b-883e-d9f93dc6b8b3] seems inconsistent. It implied an error rate greater than 1: 1.07638 0 0.0350598
[2025-07-09 16:57:34.283] [jointLog] [warning] (in update()) CIGAR string for read [f5991c0c-9338-4c06-be9a-c76cf8f8c28c] seems inconsistent. It implied an error rate greater than 1: 1.34803 0.000585652 0.00322108
[2025-07-09 16:57:34.289] [jointLog] [warning] (in update()) CIGAR string for read [374a7a4d-2a89-4a85-88de-48ae4d771678] seems inconsistent. It implied an error rate greater than 1: 1.32189 0.0014171 0.0491261
[2025-07-09 16:57:34.315] [jointLog] [warning] (in update()) CIGAR string for read [a1b7f559-d087-4f13-8ef0-93501a92ca20] seems inconsistent. It implied an error rate greater than 1: 1.35611 0 0.0104926
[2025-07-09 16:57:34.458] [jointLog] [warning] read 627369e5-9cc7-4cac-ab95-ce2646b8df15 (length 13000 - align length 12985) has no trained error model
[2025-07-09 16:57:34.458] [jointLog] [warning] read 627369e5-9cc7-4cac-ab95-ce2646b8df15 (length 13000) has no trained clipping model
[2025-07-09 16:57:34.458] [jointLog] [warning] read 627369e5-9cc7-4cac-ab95-ce2646b8df15 (length 13000) has no trained clipping model
[2025-07-09 16:57:34.472] [jointLog] [warning] (in update()) CIGAR string for read [2fd8dc40-a293-4a54-a9ba-86d6cbf99529] seems inconsistent. It implied an error rate greater than 1: 1.35388 0 0.00235363
[2025-07-09 16:57:34.631] [jointLog] [warning] (in update()) CIGAR string for read [c6b9a0f4-68d4-40e6-a3e7-a2694a0f233b] seems inconsistent. It implied an error rate greater than 1: 1.59959 0.0184575 0.0151615
[2025-07-09 16:57:34.663] [jointLog] [warning] (in update()) CIGAR string for read [7ee87fd6-7b45-44ce-b976-e5d561786073] seems inconsistent. It implied an error rate greater than 1: 1.36428 0.000590319 0.00442739
[2025-07-09 16:57:34.722] [jointLog] [warning] (in update()) CIGAR string for read [d8391e51-92c5-40c1-8c09-7fb6de0c1a1e] seems inconsistent. It implied an error rate greater than 1: 1.38601 0.000573888 0.0025825
[2025-07-09 16:57:34.985] [jointLog] [warning] (in update()) CIGAR string for read [a6597919-dc93-476c-aa04-1ec05d361cbf] seems inconsistent. It implied an error rate greater than 1: 1.35537 0 0.00147362
[2025-07-09 16:57:34.985] [jointLog] [warning] (in update()) CIGAR string for read [acaa3f35-14e8-4951-9edc-1926a18a25fa] seems inconsistent. It implied an error rate greater than 1: 1.77086 0 0
[2025-07-09 16:57:35.114] [jointLog] [warning] (in update()) CIGAR string for read [1b9ca9b4-b5cf-4296-86d8-89bacad9d51b] seems inconsistent. It implied an error rate greater than 1: 1.35987 0.000294118 0.00588235
[2025-07-09 16:57:35.231] [jointLog] [warning] (in update()) CIGAR string for read [11de8bb4-bead-4caf-b179-ae03754dfa6a] seems inconsistent. It implied an error rate greater than 1: 1.35407 0.000583431 0.00991832
[2025-07-09 16:57:35.411] [jointLog] [warning] (in update()) CIGAR string for read [305c03ee-3a25-4659-98d5-4541ff8536d4] seems inconsistent. It implied an error rate greater than 1: 1.22188 0.000594884 0.0315289
[2025-07-09 16:57:35.426] [jointLog] [warning] (in update()) CIGAR string for read [08639e22-4176-41f3-8350-a26eebf2887c] seems inconsistent. It implied an error rate greater than 1: 1.14032 0 0.0312699
[2025-07-09 16:57:35.722] [jointLog] [warning] (in update()) CIGAR string for read [1b88daa9-ce0a-4f95-9a8f-62788dcd64ea] seems inconsistent. It implied an error rate greater than 1: 1.40312 0.0112233 0.0185185
[2025-07-09 16:57:35.802] [jointLog] [warning] (in update()) CIGAR string for read [cf578aed-25e9-457d-95c7-c117bdb4e4aa] seems inconsistent. It implied an error rate greater than 1: 1.3687 0 0.0282258
[2025-07-09 16:57:35.887] [jointLog] [warning] (in update()) CIGAR string for read [9912540b-3a18-4eda-8ed6-69a9693a968c] seems inconsistent. It implied an error rate greater than 1: 1.41456 0.00518135 0.176166
[2025-07-09 16:57:35.998] [jointLog] [warning] read 7dea18cd-7bb5-4603-b000-90999f6d589a (length 12853 - align length 12792) has no trained error model
[2025-07-09 16:57:35.998] [jointLog] [warning] read 7dea18cd-7bb5-4603-b000-90999f6d589a (length 12853) has no trained clipping model
[2025-07-09 16:57:35.998] [jointLog] [warning] read 7dea18cd-7bb5-4603-b000-90999f6d589a (length 12853) has no trained clipping model
[2025-07-09 16:57:36.011] [jointLog] [warning] (in update()) CIGAR string for read [ddc2bc6a-3b79-431e-8d16-654017bd1af7] seems inconsistent. It implied an error rate greater than 1: 1.3482 0.00116686 0.00437573
[2025-07-09 16:57:36.086] [jointLog] [warning] (in update()) CIGAR string for read [8f0ac795-2de8-4053-abd0-e20d0b640a87] seems inconsistent. It implied an error rate greater than 1: 1.11785 0.0139969 0.088647
[2025-07-09 16:57:36.119] [jointLog] [warning] (in update()) CIGAR string for read [62466dc8-98af-4279-9643-85d0c6542dec] seems inconsistent. It implied an error rate greater than 1: 1.35438 0 0.00703194
[2025-07-09 16:57:36.238] [jointLog] [warning] read a097355e-bcd6-4609-8f2f-482bbb2c6853 (length 12051) has no trained clipping model
[2025-07-09 16:57:36.349] [jointLog] [warning] (in update()) CIGAR string for read [583ddb8a-ceb0-4e98-a7d7-e59a0fe8e064] seems inconsistent. It implied an error rate greater than 1: 1.35135 0 0.0190202
[2025-07-09 16:57:36.089] [fileLog] [info] quantification processed 4000000 fragments so far

[2025-07-09 16:57:36.485] [jointLog] [warning] (in update()) CIGAR string for read [50416168-ca73-41e3-962c-5dba446359ec] seems inconsistent. It implied an error rate greater than 1: 1.34793 0 0.0119048
[2025-07-09 16:57:36.830] [jointLog] [warning] (in update()) CIGAR string for read [eeec7aa6-a477-43b5-9d77-4de618980354] seems inconsistent. It implied an error rate greater than 1: 1.10806 0.0033389 0.0233723
[2025-07-09 16:57:37.051] [jointLog] [warning] (in update()) CIGAR string for read [d9031e51-9ff1-4973-b5ae-626c1fce88f1] seems inconsistent. It implied an error rate greater than 1: 1.38699 0.00110011 0.0181518
[2025-07-09 16:57:37.087] [jointLog] [warning] (in update()) CIGAR string for read [aa950e73-2d09-4b5f-8e63-933c7ad0bc70] seems inconsistent. It implied an error rate greater than 1: 1.37051 0.00118519 0.008
[2025-07-09 16:57:37.378] [jointLog] [warning] (in update()) CIGAR string for read [720f7008-1aea-42ef-a480-87502ca6f8da] seems inconsistent. It implied an error rate greater than 1: 1.2698 0 0.0254453
[2025-07-09 16:57:37.564] [jointLog] [warning] (in update()) CIGAR string for read [75dc69fc-79fc-4d8e-a34b-2ed810f5a534] seems inconsistent. It implied an error rate greater than 1: 1.35889 0 0.0179554
[2025-07-09 16:57:37.948] [jointLog] [warning] read 9d31199a-a383-4305-bb23-8437ae5f9d01 (length 30019 - align length 108) has no trained error model
[2025-07-09 16:57:37.948] [jointLog] [warning] read 9d31199a-a383-4305-bb23-8437ae5f9d01 (length 30019) has no trained clipping model
[2025-07-09 16:57:37.948] [jointLog] [warning] read 9d31199a-a383-4305-bb23-8437ae5f9d01 (length 30019) has no trained clipping model
[2025-07-09 16:57:37.948] [jointLog] [warning] read 6ea578bc-6834-49ba-8773-d3f068122518 (length 20917 - align length 638) has no trained error model
[2025-07-09 16:57:37.948] [jointLog] [warning] read 6ea578bc-6834-49ba-8773-d3f068122518 (length 20917) has no trained clipping model
[2025-07-09 16:57:37.948] [jointLog] [warning] read 6ea578bc-6834-49ba-8773-d3f068122518 (length 20917) has no trained clipping model
[2025-07-09 16:57:37.948] [jointLog] [warning] read c04ff3d5-d664-4c45-9fb5-482ac29618e2 (length 21644 - align length 665) has no trained error model
[2025-07-09 16:57:37.948] [jointLog] [warning] read c04ff3d5-d664-4c45-9fb5-482ac29618e2 (length 21644) has no trained clipping model
[2025-07-09 16:57:37.948] [jointLog] [warning] read c04ff3d5-d664-4c45-9fb5-482ac29618e2 (length 21644) has no trained clipping model
[2025-07-09 16:57:37.948] [jointLog] [warning] read abc5747d-5e61-43d4-ba59-6dc2386033b1 (length 40860 - align length 708) has no trained error model
[2025-07-09 16:57:37.948] [jointLog] [warning] read abc5747d-5e61-43d4-ba59-6dc2386033b1 (length 40860) has no trained clipping model
[2025-07-09 16:57:37.948] [jointLog] [warning] read abc5747d-5e61-43d4-ba59-6dc2386033b1 (length 40860) has no trained clipping model
[2025-07-09 16:57:37.948] [jointLog] [warning] read 1dbdd45e-0bd3-4756-b1a4-9f557e44521d (length 13658) has no trained clipping model
[2025-07-09 16:57:37.948] [jointLog] [warning] read 93b6daea-a324-4be6-a041-ff1648503ad4 (length 28852 - align length 2470) has no trained error model
[2025-07-09 16:57:37.948] [jointLog] [warning] read 93b6daea-a324-4be6-a041-ff1648503ad4 (length 28852) has no trained clipping model
[2025-07-09 16:57:37.948] [jointLog] [warning] read 93b6daea-a324-4be6-a041-ff1648503ad4 (length 28852) has no trained clipping model
[2025-07-09 16:57:37.948] [jointLog] [warning] read 6a562414-b1a9-4c0e-ba74-3f3c34fc503e (length 21349 - align length 86) has no trained error model
[2025-07-09 16:57:37.948] [jointLog] [warning] read 6a562414-b1a9-4c0e-ba74-3f3c34fc503e (length 21349) has no trained clipping model
[2025-07-09 16:57:37.948] [jointLog] [warning] read 6a562414-b1a9-4c0e-ba74-3f3c34fc503e (length 21349) has no trained clipping model
[2025-07-09 16:57:37.948] [jointLog] [warning] read cda045cd-152b-433d-b6e2-1a51fe750cf0 (length 34626 - align length 741) has no trained error model
[2025-07-09 16:57:37.948] [jointLog] [warning] read cda045cd-152b-433d-b6e2-1a51fe750cf0 (length 34626) has no trained clipping model
[2025-07-09 16:57:37.948] [jointLog] [warning] read cda045cd-152b-433d-b6e2-1a51fe750cf0 (length 34626) has no trained clipping model
[2025-07-09 16:57:37.948] [jointLog] [warning] read 32278688-d432-4339-8c18-06d09c11b009 (length 17925 - align length 1003) has no trained error model
[2025-07-09 16:57:37.948] [jointLog] [warning] read 32278688-d432-4339-8c18-06d09c11b009 (length 17925) has no trained clipping model
[2025-07-09 16:57:37.948] [jointLog] [warning] read 32278688-d432-4339-8c18-06d09c11b009 (length 17925) has no trained clipping model
[2025-07-09 16:57:37.948] [jointLog] [warning] read be20459e-6bb5-423a-bd92-46922e9cf798 (length 19591 - align length 217) has no trained error model
[2025-07-09 16:57:37.948] [jointLog] [warning] read be20459e-6bb5-423a-bd92-46922e9cf798 (length 19591) has no trained clipping model
[2025-07-09 16:57:37.948] [jointLog] [warning] read be20459e-6bb5-423a-bd92-46922e9cf798 (length 19591) has no trained clipping model
[2025-07-09 16:57:37.948] [jointLog] [warning] read b48fcbae-d535-4bd2-ac6c-fe07030654a5 (length 24836 - align length 78) has no trained error model
[2025-07-09 16:57:37.948] [jointLog] [warning] read b48fcbae-d535-4bd2-ac6c-fe07030654a5 (length 24836) has no trained clipping model
[2025-07-09 16:57:37.948] [jointLog] [warning] read b48fcbae-d535-4bd2-ac6c-fe07030654a5 (length 24836) has no trained clipping model
[2025-07-09 16:57:37.986] [jointLog] [warning] (in update()) CIGAR string for read [d2f9b52b-1bed-44b8-8417-e1fc85e15c57] seems inconsistent. It implied an error rate greater than 1: 1.56225 0 0
[2025-07-09 16:57:38.092] [jointLog] [warning] read fbe103f4-4d3c-4f4a-a278-e6935704a977 (length 30161 - align length 132) has no trained error model
[2025-07-09 16:57:38.092] [jointLog] [warning] read fbe103f4-4d3c-4f4a-a278-e6935704a977 (length 30161) has no trained clipping model
[2025-07-09 16:57:38.092] [jointLog] [warning] read fbe103f4-4d3c-4f4a-a278-e6935704a977 (length 30161) has no trained clipping model
[2025-07-09 16:57:38.114] [jointLog] [warning] read 1c6aecfc-9e5c-4128-b16c-1857baff1b56 (length 17049 - align length 453) has no trained error model
[2025-07-09 16:57:38.114] [jointLog] [warning] read 1c6aecfc-9e5c-4128-b16c-1857baff1b56 (length 17049) has no trained clipping model
[2025-07-09 16:57:38.114] [jointLog] [warning] read 1c6aecfc-9e5c-4128-b16c-1857baff1b56 (length 17049) has no trained clipping model
[2025-07-09 16:57:38.115] [jointLog] [warning] read d4dd0a40-fee7-4ae7-affe-bea2a26d7823 (length 19123 - align length 274) has no trained error model
[2025-07-09 16:57:38.115] [jointLog] [warning] read d4dd0a40-fee7-4ae7-affe-bea2a26d7823 (length 19123) has no trained clipping model
[2025-07-09 16:57:38.115] [jointLog] [warning] read d4dd0a40-fee7-4ae7-affe-bea2a26d7823 (length 19123) has no trained clipping model
[2025-07-09 16:57:38.115] [jointLog] [warning] read d7847278-dc5a-4f22-b237-08ac7b898b30 (length 13837 - align length 45) has no trained error model
[2025-07-09 16:57:38.115] [jointLog] [warning] read d7847278-dc5a-4f22-b237-08ac7b898b30 (length 13837) has no trained clipping model
[2025-07-09 16:57:38.115] [jointLog] [warning] read d7847278-dc5a-4f22-b237-08ac7b898b30 (length 13837) has no trained clipping model
[2025-07-09 16:57:38.115] [jointLog] [warning] read 6dc84292-61d6-4941-9d06-2866ebf08baf (length 16972) has no trained clipping model
[2025-07-09 16:57:38.115] [jointLog] [warning] read 9a284dc2-96e6-4731-9f2b-91892d981cfc (length 19301 - align length 1198) has no trained error model
[2025-07-09 16:57:38.115] [jointLog] [warning] read 9a284dc2-96e6-4731-9f2b-91892d981cfc (length 19301) has no trained clipping model
[2025-07-09 16:57:38.115] [jointLog] [warning] read 9a284dc2-96e6-4731-9f2b-91892d981cfc (length 19301) has no trained clipping model
[2025-07-09 16:57:38.115] [jointLog] [warning] read eba0937d-9391-47df-9fac-d69d8c859a10 (length 15349 - align length 15302) has no trained error model
[2025-07-09 16:57:38.116] [jointLog] [warning] read ac9951f0-5ed9-49d6-aadf-c10d6f077dc0 (length 30854 - align length 466) has no trained error model
[2025-07-09 16:57:38.116] [jointLog] [warning] read ac9951f0-5ed9-49d6-aadf-c10d6f077dc0 (length 30854) has no trained clipping model
[2025-07-09 16:57:38.116] [jointLog] [warning] read ac9951f0-5ed9-49d6-aadf-c10d6f077dc0 (length 30854) has no trained clipping model
[2025-07-09 16:57:38.116] [jointLog] [warning] read 24910652-be7f-45e6-8cc0-48f565de3a07 (length 46684 - align length 220) has no trained error model
[2025-07-09 16:57:38.116] [jointLog] [warning] read 24910652-be7f-45e6-8cc0-48f565de3a07 (length 46684) has no trained clipping model
[2025-07-09 16:57:38.116] [jointLog] [warning] read 24910652-be7f-45e6-8cc0-48f565de3a07 (length 46684) has no trained clipping model
[2025-07-09 16:57:38.116] [jointLog] [warning] read ca6001d4-c97c-49d2-adfe-8c5643d4b81d (length 28282 - align length 131) has no trained error model
[2025-07-09 16:57:38.116] [jointLog] [warning] read ca6001d4-c97c-49d2-adfe-8c5643d4b81d (length 28282) has no trained clipping model
[2025-07-09 16:57:38.116] [jointLog] [warning] read ca6001d4-c97c-49d2-adfe-8c5643d4b81d (length 28282) has no trained clipping model
[2025-07-09 16:57:38.116] [jointLog] [warning] read d02a02a2-6aca-435e-b6f7-44c145b7ffac (length 34921 - align length 304) has no trained error model
[2025-07-09 16:57:38.116] [jointLog] [warning] read d02a02a2-6aca-435e-b6f7-44c145b7ffac (length 34921) has no trained clipping model
[2025-07-09 16:57:38.116] [jointLog] [warning] read d02a02a2-6aca-435e-b6f7-44c145b7ffac (length 34921) has no trained clipping model
[2025-07-09 16:57:38.116] [jointLog] [warning] read c48aa9fd-a6ee-44ae-9fef-517c62501f3a (length 29278 - align length 368) has no trained error model
[2025-07-09 16:57:38.116] [jointLog] [warning] read c48aa9fd-a6ee-44ae-9fef-517c62501f3a (length 29278) has no trained clipping model
[2025-07-09 16:57:38.116] [jointLog] [warning] read c48aa9fd-a6ee-44ae-9fef-517c62501f3a (length 29278) has no trained clipping model
[2025-07-09 16:57:38.116] [jointLog] [warning] read f0c50bc1-3ca9-4da5-aa41-c8745be7967c (length 13827) has no trained clipping model
[2025-07-09 16:57:38.116] [jointLog] [warning] read 625c91eb-924e-40a0-93fc-7f352dce0418 (length 29710 - align length 4166) has no trained error model
[2025-07-09 16:57:38.116] [jointLog] [warning] read 625c91eb-924e-40a0-93fc-7f352dce0418 (length 29710) has no trained clipping model
[2025-07-09 16:57:38.116] [jointLog] [warning] read 625c91eb-924e-40a0-93fc-7f352dce0418 (length 29710) has no trained clipping model
[2025-07-09 16:57:38.116] [jointLog] [warning] read dd9ddefa-b14d-4c15-b01b-b25cc3e61815 (length 18423 - align length 362) has no trained error model
[2025-07-09 16:57:38.116] [jointLog] [warning] read dd9ddefa-b14d-4c15-b01b-b25cc3e61815 (length 18423) has no trained clipping model
[2025-07-09 16:57:38.116] [jointLog] [warning] read dd9ddefa-b14d-4c15-b01b-b25cc3e61815 (length 18423) has no trained clipping model
[2025-07-09 16:57:38.116] [jointLog] [warning] read 207784c5-2512-47e7-8ba4-a8bc7dd631ce (length 17277 - align length 77) has no trained error model
[2025-07-09 16:57:38.116] [jointLog] [warning] read 207784c5-2512-47e7-8ba4-a8bc7dd631ce (length 17277) has no trained clipping model
[2025-07-09 16:57:38.116] [jointLog] [warning] read 207784c5-2512-47e7-8ba4-a8bc7dd631ce (length 17277) has no trained clipping model
[2025-07-09 16:57:38.116] [jointLog] [warning] read 9cfd5ffa-33fd-4ffb-925c-5663cffa5850 (length 12916) has no trained clipping model
[2025-07-09 16:57:38.116] [jointLog] [warning] read a8f92999-8439-4611-b2be-19f63975bd75 (length 40104 - align length 407) has no trained error model
[2025-07-09 16:57:38.116] [jointLog] [warning] read a8f92999-8439-4611-b2be-19f63975bd75 (length 40104) has no trained clipping model
[2025-07-09 16:57:38.116] [jointLog] [warning] read a8f92999-8439-4611-b2be-19f63975bd75 (length 40104) has no trained clipping model
[2025-07-09 16:57:38.117] [jointLog] [warning] read 5a1fc2c2-4d49-487d-98a2-439db36373b1 (length 24754) has no trained clipping model
[2025-07-09 16:57:38.117] [jointLog] [warning] read e3e988a3-83f8-47ce-ae46-7626e5d4124f (length 38226 - align length 1317) has no trained error model
[2025-07-09 16:57:38.117] [jointLog] [warning] read e3e988a3-83f8-47ce-ae46-7626e5d4124f (length 38226) has no trained clipping model
[2025-07-09 16:57:38.117] [jointLog] [warning] read e3e988a3-83f8-47ce-ae46-7626e5d4124f (length 38226) has no trained clipping model
[2025-07-09 16:57:38.117] [jointLog] [warning] read 8175d0e8-6eb8-479e-8ef2-6383d9fb2a62 (length 15636 - align length 15023) has no trained error model
[2025-07-09 16:57:38.117] [jointLog] [warning] read 8175d0e8-6eb8-479e-8ef2-6383d9fb2a62 (length 15636) has no trained clipping model
[2025-07-09 16:57:38.117] [jointLog] [warning] read 8175d0e8-6eb8-479e-8ef2-6383d9fb2a62 (length 15636) has no trained clipping model
[2025-07-09 16:57:38.117] [jointLog] [warning] read eee2202e-280c-4394-aefd-b743fbf7a0be (length 23855 - align length 803) has no trained error model
[2025-07-09 16:57:38.117] [jointLog] [warning] read eee2202e-280c-4394-aefd-b743fbf7a0be (length 23855) has no trained clipping model
[2025-07-09 16:57:38.117] [jointLog] [warning] read eee2202e-280c-4394-aefd-b743fbf7a0be (length 23855) has no trained clipping model
[2025-07-09 16:57:38.117] [jointLog] [warning] read 3f83c7b4-806e-487d-8264-c13d58c4d9aa (length 13765 - align length 13741) has no trained error model
[2025-07-09 16:57:38.117] [jointLog] [warning] read 3f83c7b4-806e-487d-8264-c13d58c4d9aa (length 13765) has no trained clipping model
[2025-07-09 16:57:38.117] [jointLog] [warning] read 3f83c7b4-806e-487d-8264-c13d58c4d9aa (length 13765) has no trained clipping model
[2025-07-09 16:57:38.117] [jointLog] [warning] read 49785424-23a2-4e69-82e1-a3a49d2631ae (length 23093 - align length 67) has no trained error model
[2025-07-09 16:57:38.117] [jointLog] [warning] read 49785424-23a2-4e69-82e1-a3a49d2631ae (length 23093) has no trained clipping model
[2025-07-09 16:57:38.117] [jointLog] [warning] read 49785424-23a2-4e69-82e1-a3a49d2631ae (length 23093) has no trained clipping model
[2025-07-09 16:57:38.117] [jointLog] [warning] read 2a93fe9c-19c0-412c-9c5f-5b3c3b3e7380 (length 29305 - align length 121) has no trained error model
[2025-07-09 16:57:38.117] [jointLog] [warning] read 2a93fe9c-19c0-412c-9c5f-5b3c3b3e7380 (length 29305) has no trained clipping model
[2025-07-09 16:57:38.117] [jointLog] [warning] read 2a93fe9c-19c0-412c-9c5f-5b3c3b3e7380 (length 29305) has no trained clipping model
[2025-07-09 16:57:38.117] [jointLog] [warning] read 1556a5a2-98ee-4ff9-b723-dfb55d9fd0e9 (length 18807 - align length 218) has no trained error model
[2025-07-09 16:57:38.117] [jointLog] [warning] read 1556a5a2-98ee-4ff9-b723-dfb55d9fd0e9 (length 18807) has no trained clipping model
[2025-07-09 16:57:38.117] [jointLog] [warning] read 1556a5a2-98ee-4ff9-b723-dfb55d9fd0e9 (length 18807) has no trained clipping model
[2025-07-09 16:57:38.118] [jointLog] [warning] read 7401fa35-e0d9-4dbd-a9a3-1f6d05184820 (length 36020 - align length 3892) has no trained error model
[2025-07-09 16:57:38.118] [jointLog] [warning] read 7401fa35-e0d9-4dbd-a9a3-1f6d05184820 (length 36020) has no trained clipping model
[2025-07-09 16:57:38.118] [jointLog] [warning] read 7401fa35-e0d9-4dbd-a9a3-1f6d05184820 (length 36020) has no trained clipping model
[2025-07-09 16:57:38.118] [jointLog] [warning] read 7a4b1be6-635d-4a5b-9b4a-c830f12415a4 (length 37588 - align length 97) has no trained error model
[2025-07-09 16:57:38.118] [jointLog] [warning] read 7a4b1be6-635d-4a5b-9b4a-c830f12415a4 (length 37588) has no trained clipping model
[2025-07-09 16:57:38.118] [jointLog] [warning] read 7a4b1be6-635d-4a5b-9b4a-c830f12415a4 (length 37588) has no trained clipping model
[2025-07-09 16:57:38.118] [jointLog] [warning] read fef288ff-fff1-4a32-8df5-cd8d88071213 (length 18071 - align length 3268) has no trained error model
[2025-07-09 16:57:38.118] [jointLog] [warning] read fef288ff-fff1-4a32-8df5-cd8d88071213 (length 18071) has no trained clipping model
[2025-07-09 16:57:38.118] [jointLog] [warning] read fef288ff-fff1-4a32-8df5-cd8d88071213 (length 18071) has no trained clipping model
[2025-07-09 16:57:38.118] [jointLog] [warning] read 2e0e8edf-2c11-4bc5-84ad-ccbdc01f24a4 (length 25160) has no trained clipping model
[2025-07-09 16:57:38.118] [jointLog] [warning] read b2d3ff99-1757-4f8d-a3a4-aaa6f76cdf65 (length 25225 - align length 358) has no trained error model
[2025-07-09 16:57:38.118] [jointLog] [warning] read b2d3ff99-1757-4f8d-a3a4-aaa6f76cdf65 (length 25225) has no trained clipping model
[2025-07-09 16:57:38.118] [jointLog] [warning] read b2d3ff99-1757-4f8d-a3a4-aaa6f76cdf65 (length 25225) has no trained clipping model
[2025-07-09 16:57:38.118] [jointLog] [warning] read 3ecfc3a0-2238-4863-a9c5-ccba98a49eea (length 23707 - align length 815) has no trained error model
[2025-07-09 16:57:38.118] [jointLog] [warning] read 3ecfc3a0-2238-4863-a9c5-ccba98a49eea (length 23707) has no trained clipping model
[2025-07-09 16:57:38.118] [jointLog] [warning] read 3ecfc3a0-2238-4863-a9c5-ccba98a49eea (length 23707) has no trained clipping model
[2025-07-09 16:57:38.118] [jointLog] [warning] read 60620074-9ee8-4a5e-a198-725f200188f2 (length 16549 - align length 163) has no trained error model
[2025-07-09 16:57:38.118] [jointLog] [warning] read 60620074-9ee8-4a5e-a198-725f200188f2 (length 16549) has no trained clipping model
[2025-07-09 16:57:38.118] [jointLog] [warning] read 60620074-9ee8-4a5e-a198-725f200188f2 (length 16549) has no trained clipping model
[2025-07-09 16:57:38.118] [jointLog] [warning] read 3e364fe2-01c8-4683-ad7d-b825127c0a3f (length 28871) has no trained clipping model
[2025-07-09 16:57:38.119] [jointLog] [warning] read 1588d7d8-b033-4a8d-a3de-02cb7fb6e27a (length 33079 - align length 215) has no trained error model
[2025-07-09 16:57:38.119] [jointLog] [warning] read 1588d7d8-b033-4a8d-a3de-02cb7fb6e27a (length 33079) has no trained clipping model
[2025-07-09 16:57:38.119] [jointLog] [warning] read 1588d7d8-b033-4a8d-a3de-02cb7fb6e27a (length 33079) has no trained clipping model
[2025-07-09 16:57:38.119] [jointLog] [warning] read 1ab02a14-beb6-4387-bce1-14c072a39a37 (length 32392 - align length 2029) has no trained error model
[2025-07-09 16:57:38.119] [jointLog] [warning] read 1ab02a14-beb6-4387-bce1-14c072a39a37 (length 32392) has no trained clipping model
[2025-07-09 16:57:38.119] [jointLog] [warning] read 1ab02a14-beb6-4387-bce1-14c072a39a37 (length 32392) has no trained clipping model
[2025-07-09 16:57:38.119] [jointLog] [warning] read cd2a9d2d-dfdd-4067-9a25-4e922d8bc994 (length 41432 - align length 3804) has no trained error model
[2025-07-09 16:57:38.119] [jointLog] [warning] read cd2a9d2d-dfdd-4067-9a25-4e922d8bc994 (length 41432) has no trained clipping model
[2025-07-09 16:57:38.119] [jointLog] [warning] read cd2a9d2d-dfdd-4067-9a25-4e922d8bc994 (length 41432) has no trained clipping model
[2025-07-09 16:57:38.119] [jointLog] [warning] read 0381ae7b-212c-44f0-980a-d29349438018 (length 31471 - align length 123) has no trained error model
[2025-07-09 16:57:38.119] [jointLog] [warning] read 0381ae7b-212c-44f0-980a-d29349438018 (length 31471) has no trained clipping model
[2025-07-09 16:57:38.119] [jointLog] [warning] read 0381ae7b-212c-44f0-980a-d29349438018 (length 31471) has no trained clipping model
[2025-07-09 16:57:38.119] [jointLog] [warning] read 84293dc4-c71b-4874-a386-5a1058519824 (length 44380 - align length 2586) has no trained error model
[2025-07-09 16:57:38.119] [jointLog] [warning] read 84293dc4-c71b-4874-a386-5a1058519824 (length 44380) has no trained clipping model
[2025-07-09 16:57:38.119] [jointLog] [warning] read 84293dc4-c71b-4874-a386-5a1058519824 (length 44380) has no trained clipping model
[2025-07-09 16:57:38.119] [jointLog] [warning] read a35147a5-bac4-40cf-aa98-03afb7c594a8 (length 27089 - align length 121) has no trained error model
[2025-07-09 16:57:38.119] [jointLog] [warning] read a35147a5-bac4-40cf-aa98-03afb7c594a8 (length 27089) has no trained clipping model
[2025-07-09 16:57:38.119] [jointLog] [warning] read a35147a5-bac4-40cf-aa98-03afb7c594a8 (length 27089) has no trained clipping model
[2025-07-09 16:57:38.119] [jointLog] [warning] read e0dbd017-62e9-49a2-95c0-f0d781c1e069 (length 35516 - align length 1059) has no trained error model
[2025-07-09 16:57:38.119] [jointLog] [warning] read e0dbd017-62e9-49a2-95c0-f0d781c1e069 (length 35516) has no trained clipping model
[2025-07-09 16:57:38.119] [jointLog] [warning] read e0dbd017-62e9-49a2-95c0-f0d781c1e069 (length 35516) has no trained clipping model
[2025-07-09 16:57:38.119] [jointLog] [warning] read 27cf6feb-6e08-4771-8077-75d540a782c1 (length 39745 - align length 3895) has no trained error model
[2025-07-09 16:57:38.119] [jointLog] [warning] read 27cf6feb-6e08-4771-8077-75d540a782c1 (length 39745) has no trained clipping model
[2025-07-09 16:57:38.119] [jointLog] [warning] read 27cf6feb-6e08-4771-8077-75d540a782c1 (length 39745) has no trained clipping model
[2025-07-09 16:57:38.119] [jointLog] [warning] read abbfcd18-fdbe-4a52-8f2e-df46f7be17af (length 30210 - align length 3873) has no trained error model
[2025-07-09 16:57:38.119] [jointLog] [warning] read abbfcd18-fdbe-4a52-8f2e-df46f7be17af (length 30210) has no trained clipping model
[2025-07-09 16:57:38.119] [jointLog] [warning] read abbfcd18-fdbe-4a52-8f2e-df46f7be17af (length 30210) has no trained clipping model
[2025-07-09 16:57:38.119] [jointLog] [warning] read f1c7d6dd-b766-48be-b49f-c9b55f001e46 (length 36251 - align length 304) has no trained error model
[2025-07-09 16:57:38.119] [jointLog] [warning] read f1c7d6dd-b766-48be-b49f-c9b55f001e46 (length 36251) has no trained clipping model
[2025-07-09 16:57:38.119] [jointLog] [warning] read f1c7d6dd-b766-48be-b49f-c9b55f001e46 (length 36251) has no trained clipping model
[2025-07-09 16:57:38.120] [jointLog] [warning] read 205b072e-4812-4fd6-bfb2-b7a30807ce0d (length 16353 - align length 904) has no trained error model
[2025-07-09 16:57:38.120] [jointLog] [warning] read 205b072e-4812-4fd6-bfb2-b7a30807ce0d (length 16353) has no trained clipping model
[2025-07-09 16:57:38.120] [jointLog] [warning] read 205b072e-4812-4fd6-bfb2-b7a30807ce0d (length 16353) has no trained clipping model
[2025-07-09 16:57:38.120] [jointLog] [warning] read 703f553c-604e-45e6-949e-dca0329cd226 (length 26481 - align length 75) has no trained error model
[2025-07-09 16:57:38.120] [jointLog] [warning] read 703f553c-604e-45e6-949e-dca0329cd226 (length 26481) has no trained clipping model
[2025-07-09 16:57:38.120] [jointLog] [warning] read 703f553c-604e-45e6-949e-dca0329cd226 (length 26481) has no trained clipping model
[2025-07-09 16:57:38.120] [jointLog] [warning] read 7926e435-b76e-4400-bef0-e6fc76fbeb7c (length 25818 - align length 84) has no trained error model
[2025-07-09 16:57:38.120] [jointLog] [warning] read 7926e435-b76e-4400-bef0-e6fc76fbeb7c (length 25818) has no trained clipping model
[2025-07-09 16:57:38.120] [jointLog] [warning] read 7926e435-b76e-4400-bef0-e6fc76fbeb7c (length 25818) has no trained clipping model
[2025-07-09 16:57:38.120] [jointLog] [warning] read 492f26db-b574-415b-812b-40c722de6b3e (length 14236 - align length 14175) has no trained error model
[2025-07-09 16:57:38.121] [jointLog] [warning] read e8127be5-4466-4ee9-8834-e41c2d9b2fda (length 21638) has no trained clipping model
[2025-07-09 16:57:38.279] [jointLog] [warning] (in update()) CIGAR string for read [b9c56531-f406-45b0-b9af-fb5717312e23] seems inconsistent. It implied an error rate greater than 1: 1.35419 0.000294638 0.00147319
[2025-07-09 16:57:38.436] [jointLog] [warning] (in update()) CIGAR string for read [cc438779-6b48-4e32-8f6d-930b7371d510] seems inconsistent. It implied an error rate greater than 1: 1.53145 0 0
[2025-07-09 16:57:38.692] [jointLog] [warning] (in update()) CIGAR string for read [25c4ada8-04c1-44a0-89ec-219df8d31eee] seems inconsistent. It implied an error rate greater than 1: 1.22538 0.0121317 0.0727903
[2025-07-09 16:57:38.840] [jointLog] [warning] (in update()) CIGAR string for read [c84cd816-4d2f-414a-8477-15d4ef376461] seems inconsistent. It implied an error rate greater than 1: 1.01213 0.00684932 0.00513699
[2025-07-09 16:57:38.872] [jointLog] [warning] (in update()) CIGAR string for read [720643fc-d088-416d-b7a7-c0b9e33f8a5f] seems inconsistent. It implied an error rate greater than 1: 2.69091 0.000865052 0
[2025-07-09 16:57:38.946] [jointLog] [warning] (in update()) CIGAR string for read [b8880b39-ff45-4d22-a85b-fcb5740ef5cc] seems inconsistent. It implied an error rate greater than 1: 1.35389 0 0.00175901
[2025-07-09 16:57:39.036] [jointLog] [warning] read a41d3746-6d7e-440a-9dcc-c28579ce4657 (length 13016) has no trained clipping model
[2025-07-09 16:57:39.109] [jointLog] [warning] (in update()) CIGAR string for read [4f9dc62f-140b-426b-a51a-32a1ff64fee6] seems inconsistent. It implied an error rate greater than 1: 1.38251 0.000590319 0.00708383
[2025-07-09 16:57:39.162] [jointLog] [warning] (in update()) CIGAR string for read [367d9226-2743-4071-a875-c5fb9f439159] seems inconsistent. It implied an error rate greater than 1: 1.37384 0.00238877 0
[2025-07-09 16:57:39.170] [jointLog] [warning] (in update()) CIGAR string for read [989d6d2f-9319-4f94-871e-438874aef875] seems inconsistent. It implied an error rate greater than 1: 1.48902 0.000747384 0.0119581
[2025-07-09 16:57:39.260] [jointLog] [warning] read f51b07cd-860c-49c9-adaf-598602348ef7 (length 12397 - align length 12349) has no trained error model
[2025-07-09 16:57:39.506] [jointLog] [warning] (in update()) CIGAR string for read [c1dc9dae-6cf2-49dc-be79-6545980aac97] seems inconsistent. It implied an error rate greater than 1: 1.36353 0 0.00649159
[2025-07-09 16:57:39.709] [jointLog] [warning] (in update()) CIGAR string for read [6581ae5e-bb4f-4411-8b0c-5551e02f52f5] seems inconsistent. It implied an error rate greater than 1: 1.37284 0.000887574 0.0056213
[2025-07-09 16:57:39.761] [jointLog] [warning] (in update()) CIGAR string for read [606cdf53-89bd-48eb-8a0b-f132b3e2f261] seems inconsistent. It implied an error rate greater than 1: 1.35909 0 0.00617829
[2025-07-09 16:57:39.963] [jointLog] [warning] (in update()) CIGAR string for read [86306815-53b4-4345-b64d-f0f360c68163] seems inconsistent. It implied an error rate greater than 1: 1.37548 0.000589971 0.00324484
[2025-07-09 16:57:39.970] [jointLog] [warning] (in update()) CIGAR string for read [55b44e6b-7dc7-4596-aa70-2dc736a8a771] seems inconsistent. It implied an error rate greater than 1: 1.36805 0.000592417 0.00385071
[2025-07-09 16:57:40.003] [jointLog] [warning] (in update()) CIGAR string for read [370d1960-63fc-4a32-9ce4-8a49489a35e1] seems inconsistent. It implied an error rate greater than 1: 1.25408 0.00069541 0.0194715
[2025-07-09 16:57:40.137] [jointLog] [warning] (in update()) CIGAR string for read [a72ec3e0-d629-44b7-8424-3a8252603421] seems inconsistent. It implied an error rate greater than 1: 1.36698 0 0.00413956
[2025-07-09 16:57:40.817] [jointLog] [warning] (in update()) CIGAR string for read [5d5ca8c0-eca5-441b-b473-9eaf7cbaa5dd] seems inconsistent. It implied an error rate greater than 1: 1.69184 0 0.0220713
[2025-07-09 16:57:41.075] [jointLog] [warning] (in update()) CIGAR string for read [3838f7db-544d-4386-85fa-98e87c437048] seems inconsistent. It implied an error rate greater than 1: 1.37097 0.000298063 0.00178838
[2025-07-09 16:57:41.250] [fileLog] [info] quantification processed 5000000 fragments so far

[2025-07-09 16:57:41.727] [jointLog] [warning] read d22854b3-2694-4fdd-b6b6-847bb45806be (length 13721) has no trained clipping model
[2025-07-09 16:57:43.944] [jointLog] [warning] read d0c7e19f-a8f0-47e6-ae75-b521935be2e1 (length 34507 - align length 981) has no trained error model
[2025-07-09 16:57:43.944] [jointLog] [warning] read d0c7e19f-a8f0-47e6-ae75-b521935be2e1 (length 34507) has no trained clipping model
[2025-07-09 16:57:43.944] [jointLog] [warning] read d0c7e19f-a8f0-47e6-ae75-b521935be2e1 (length 34507) has no trained clipping model
[2025-07-09 16:57:43.947] [jointLog] [warning] read 1236c8d5-2642-4076-a5e0-ef31ed4956fc (length 41641) has no trained clipping model
[2025-07-09 16:57:43.947] [jointLog] [warning] read d4da63b1-be08-4c6c-8a5f-b891bf4398ba (length 22480 - align length 2383) has no trained error model
[2025-07-09 16:57:43.947] [jointLog] [warning] read d4da63b1-be08-4c6c-8a5f-b891bf4398ba (length 22480) has no trained clipping model
[2025-07-09 16:57:43.947] [jointLog] [warning] read d4da63b1-be08-4c6c-8a5f-b891bf4398ba (length 22480) has no trained clipping model
[2025-07-09 16:57:43.947] [jointLog] [warning] read 1f10404d-a848-4482-8e35-4d3f9f5d51ac (length 14521) has no trained clipping model
[2025-07-09 16:57:43.947] [jointLog] [warning] read b4dae2bc-6d9f-43e0-8079-1bf4e396cc2c (length 17833 - align length 1108) has no trained error model
[2025-07-09 16:57:43.947] [jointLog] [warning] read b4dae2bc-6d9f-43e0-8079-1bf4e396cc2c (length 17833) has no trained clipping model
[2025-07-09 16:57:43.947] [jointLog] [warning] read b4dae2bc-6d9f-43e0-8079-1bf4e396cc2c (length 17833) has no trained clipping model
[2025-07-09 16:57:43.948] [jointLog] [warning] read a32cbdc9-ce25-4df9-8cb0-09918cf69690 (length 12006) has no trained clipping model
[2025-07-09 16:57:43.948] [jointLog] [warning] read ef8b6de5-872d-45df-bac1-dd57f8ada963 (length 13785) has no trained clipping model
[2025-07-09 16:57:43.948] [jointLog] [warning] read 4b3d35a5-6e91-4408-98e2-988914418c23 (length 26178 - align length 204) has no trained error model
[2025-07-09 16:57:43.948] [jointLog] [warning] read 4b3d35a5-6e91-4408-98e2-988914418c23 (length 26178) has no trained clipping model
[2025-07-09 16:57:43.948] [jointLog] [warning] read 4b3d35a5-6e91-4408-98e2-988914418c23 (length 26178) has no trained clipping model
[2025-07-09 16:57:43.948] [jointLog] [warning] read 291bc7b3-c62d-4de5-8fbd-4c9358b61e5e (length 20608 - align length 234) has no trained error model
[2025-07-09 16:57:43.948] [jointLog] [warning] read 291bc7b3-c62d-4de5-8fbd-4c9358b61e5e (length 20608) has no trained clipping model
[2025-07-09 16:57:43.948] [jointLog] [warning] read 291bc7b3-c62d-4de5-8fbd-4c9358b61e5e (length 20608) has no trained clipping model
[2025-07-09 16:57:43.948] [jointLog] [warning] read 87be2b46-4ea8-4b97-bbb8-236f76e43833 (length 23209 - align length 4252) has no trained error model
[2025-07-09 16:57:43.948] [jointLog] [warning] read 87be2b46-4ea8-4b97-bbb8-236f76e43833 (length 23209) has no trained clipping model
[2025-07-09 16:57:43.948] [jointLog] [warning] read 87be2b46-4ea8-4b97-bbb8-236f76e43833 (length 23209) has no trained clipping model
[2025-07-09 16:57:43.948] [jointLog] [warning] read b1cb50d2-ad16-49d2-a3b7-69b7f26e14eb (length 22510 - align length 3893) has no trained error model
[2025-07-09 16:57:43.948] [jointLog] [warning] read b1cb50d2-ad16-49d2-a3b7-69b7f26e14eb (length 22510) has no trained clipping model
[2025-07-09 16:57:43.948] [jointLog] [warning] read b1cb50d2-ad16-49d2-a3b7-69b7f26e14eb (length 22510) has no trained clipping model
[2025-07-09 16:57:43.948] [jointLog] [warning] read 269b95b8-a302-46ef-86fa-6b5500216f83 (length 25475 - align length 54) has no trained error model
[2025-07-09 16:57:43.948] [jointLog] [warning] read 269b95b8-a302-46ef-86fa-6b5500216f83 (length 25475) has no trained clipping model
[2025-07-09 16:57:43.948] [jointLog] [warning] read 269b95b8-a302-46ef-86fa-6b5500216f83 (length 25475) has no trained clipping model
[2025-07-09 16:57:43.950] [jointLog] [warning] read ed81785b-2369-4fb7-88a0-674844c99cd3 (length 26335 - align length 701) has no trained error model
[2025-07-09 16:57:43.950] [jointLog] [warning] read ed81785b-2369-4fb7-88a0-674844c99cd3 (length 26335) has no trained clipping model
[2025-07-09 16:57:43.950] [jointLog] [warning] read ed81785b-2369-4fb7-88a0-674844c99cd3 (length 26335) has no trained clipping model
[2025-07-09 16:57:43.950] [jointLog] [warning] read 5f167fc6-67fe-4571-a2dd-56dec31f1277 (length 19152) has no trained clipping model
[2025-07-09 16:57:43.950] [jointLog] [warning] read 6f9ec169-f5f8-4a39-bd55-6f80a50d7a7a (length 30577 - align length 55) has no trained error model
[2025-07-09 16:57:43.950] [jointLog] [warning] read 6f9ec169-f5f8-4a39-bd55-6f80a50d7a7a (length 30577) has no trained clipping model
[2025-07-09 16:57:43.950] [jointLog] [warning] read 6f9ec169-f5f8-4a39-bd55-6f80a50d7a7a (length 30577) has no trained clipping model
[2025-07-09 16:57:43.950] [jointLog] [warning] read 42c4fa7c-8360-4158-a8d2-b965166b0e9f (length 20842 - align length 1615) has no trained error model
[2025-07-09 16:57:43.950] [jointLog] [warning] read 42c4fa7c-8360-4158-a8d2-b965166b0e9f (length 20842) has no trained clipping model
[2025-07-09 16:57:43.950] [jointLog] [warning] read 42c4fa7c-8360-4158-a8d2-b965166b0e9f (length 20842) has no trained clipping model
[2025-07-09 16:57:43.951] [jointLog] [warning] read 9b50c795-6ea8-491a-9449-95471858a914 (length 37069 - align length 1336) has no trained error model
[2025-07-09 16:57:43.951] [jointLog] [warning] read 9b50c795-6ea8-491a-9449-95471858a914 (length 37069) has no trained clipping model
[2025-07-09 16:57:43.951] [jointLog] [warning] read 9b50c795-6ea8-491a-9449-95471858a914 (length 37069) has no trained clipping model
[2025-07-09 16:57:44.475] [jointLog] [warning] read 5f150cbd-6e98-4882-b8ab-8ee2784bf8e1 (length 12896 - align length 12848) has no trained error model
[2025-07-09 16:57:46.531] [fileLog] [info] quantification processed 6000000 fragments so far

[2025-07-09 16:57:51.166] [jointLog] [warning] read 635a2214-40f8-4c3f-8e1b-0f5f3fd07c73 (length 38621 - align length 489) has no trained error model
[2025-07-09 16:57:51.166] [jointLog] [warning] read 635a2214-40f8-4c3f-8e1b-0f5f3fd07c73 (length 38621) has no trained clipping model
[2025-07-09 16:57:51.166] [jointLog] [warning] read 635a2214-40f8-4c3f-8e1b-0f5f3fd07c73 (length 38621) has no trained clipping model
[2025-07-09 16:57:51.167] [jointLog] [warning] read a989987e-28d0-4250-8c7e-213e954cab0d (length 20340 - align length 113) has no trained error model
[2025-07-09 16:57:51.167] [jointLog] [warning] read a989987e-28d0-4250-8c7e-213e954cab0d (length 20340) has no trained clipping model
[2025-07-09 16:57:51.167] [jointLog] [warning] read a989987e-28d0-4250-8c7e-213e954cab0d (length 20340) has no trained clipping model
[2025-07-09 16:57:51.167] [jointLog] [warning] read b119d864-4f7e-4a52-a487-d91fb1455ea8 (length 14320 - align length 14318) has no trained error model
[2025-07-09 16:57:51.167] [jointLog] [warning] read 168ed55f-bc0a-46ec-af04-2b686fff1217 (length 46289 - align length 646) has no trained error model
[2025-07-09 16:57:51.167] [jointLog] [warning] read 168ed55f-bc0a-46ec-af04-2b686fff1217 (length 46289) has no trained clipping model
[2025-07-09 16:57:51.167] [jointLog] [warning] read 168ed55f-bc0a-46ec-af04-2b686fff1217 (length 46289) has no trained clipping model
[2025-07-09 16:57:51.167] [jointLog] [warning] read 81a16d6b-050d-431a-b735-3e0eb2874ead (length 37144 - align length 2804) has no trained error model
[2025-07-09 16:57:51.167] [jointLog] [warning] read 81a16d6b-050d-431a-b735-3e0eb2874ead (length 37144) has no trained clipping model
[2025-07-09 16:57:51.167] [jointLog] [warning] read 81a16d6b-050d-431a-b735-3e0eb2874ead (length 37144) has no trained clipping model
[2025-07-09 16:57:51.169] [jointLog] [warning] read 8efa8d3d-7b5d-4d8d-a9d8-5e3e87464780 (length 13082) has no trained clipping model
[2025-07-09 16:57:51.170] [jointLog] [warning] read ca82fe6f-2362-4b98-8e6a-2e92a55df417 (length 16170 - align length 523) has no trained error model
[2025-07-09 16:57:51.170] [jointLog] [warning] read ca82fe6f-2362-4b98-8e6a-2e92a55df417 (length 16170) has no trained clipping model
[2025-07-09 16:57:51.170] [jointLog] [warning] read ca82fe6f-2362-4b98-8e6a-2e92a55df417 (length 16170) has no trained clipping model
[2025-07-09 16:57:51.808] [fileLog] [info] quantification processed 7000000 fragments so far

[2025-07-09 16:57:54.268] [jointLog] [warning] read 6e3b9a5b-3a15-4c28-b904-556a99003f14 (length 12834 - align length 12826) has no trained error model
[2025-07-09 16:57:54.388] [jointLog] [warning] read 0f17ccaa-0c04-4329-829b-efeef7aec373 (length 14146 - align length 14036) has no trained error model
[2025-07-09 16:57:54.388] [jointLog] [warning] read 0f17ccaa-0c04-4329-829b-efeef7aec373 (length 14146) has no trained clipping model
[2025-07-09 16:57:54.389] [jointLog] [warning] read 0f17ccaa-0c04-4329-829b-efeef7aec373 (length 14146) has no trained clipping model
[2025-07-09 16:57:54.579] [jointLog] [warning] read 02c44588-edd8-4a60-ae65-7904bcdadb7b (length 13734) has no trained clipping model
[2025-07-09 16:57:55.304] [jointLog] [warning] read e53b3293-c0cb-4053-8e24-aa05f2666f64 (length 12011) has no trained clipping model
[2025-07-09 16:57:56.714] [fileLog] [info] quantification processed 8000000 fragments so far

[2025-07-09 16:57:57.547] [jointLog] [warning] read 7dbac619-3dd2-4670-99b4-02fd71810703 (length 13481 - align length 13438) has no trained error model
[2025-07-09 16:57:59.241] [jointLog] [warning] read 41a6d2c9-8d64-4519-8a90-9df8810baf74 (length 17826 - align length 122) has no trained error model
[2025-07-09 16:57:59.241] [jointLog] [warning] read 41a6d2c9-8d64-4519-8a90-9df8810baf74 (length 17826) has no trained clipping model
[2025-07-09 16:57:59.241] [jointLog] [warning] read 41a6d2c9-8d64-4519-8a90-9df8810baf74 (length 17826) has no trained clipping model
[2025-07-09 16:57:59.241] [jointLog] [warning] read fc556cb2-76d6-4af6-a129-426b4d8aafcd (length 16184 - align length 337) has no trained error model
[2025-07-09 16:57:59.241] [jointLog] [warning] read fc556cb2-76d6-4af6-a129-426b4d8aafcd (length 16184) has no trained clipping model
[2025-07-09 16:57:59.241] [jointLog] [warning] read fc556cb2-76d6-4af6-a129-426b4d8aafcd (length 16184) has no trained clipping model
[2025-07-09 16:57:59.241] [jointLog] [warning] read 475f6a2e-af78-4f20-8693-69d3b4ff10ec (length 21067 - align length 1541) has no trained error model
[2025-07-09 16:57:59.241] [jointLog] [warning] read 475f6a2e-af78-4f20-8693-69d3b4ff10ec (length 21067) has no trained clipping model
[2025-07-09 16:57:59.241] [jointLog] [warning] read 475f6a2e-af78-4f20-8693-69d3b4ff10ec (length 21067) has no trained clipping model
[2025-07-09 16:57:59.241] [jointLog] [warning] read efc6f1ea-1ae0-4f08-b878-6648fc0c4ea0 (length 49287 - align length 1565) has no trained error model
[2025-07-09 16:57:59.241] [jointLog] [warning] read efc6f1ea-1ae0-4f08-b878-6648fc0c4ea0 (length 49287) has no trained clipping model
[2025-07-09 16:57:59.241] [jointLog] [warning] read efc6f1ea-1ae0-4f08-b878-6648fc0c4ea0 (length 49287) has no trained clipping model
[2025-07-09 16:57:59.241] [jointLog] [warning] read 69a09334-ca85-4fb2-b768-b1eae6bfabd6 (length 41865 - align length 1298) has no trained error model
[2025-07-09 16:57:59.241] [jointLog] [warning] read 69a09334-ca85-4fb2-b768-b1eae6bfabd6 (length 41865) has no trained clipping model
[2025-07-09 16:57:59.241] [jointLog] [warning] read 69a09334-ca85-4fb2-b768-b1eae6bfabd6 (length 41865) has no trained clipping model
[2025-07-09 16:57:59.241] [jointLog] [warning] read f7b99a22-7f87-48d5-ad74-48df74309f09 (length 35322 - align length 2298) has no trained error model
[2025-07-09 16:57:59.241] [jointLog] [warning] read f7b99a22-7f87-48d5-ad74-48df74309f09 (length 35322) has no trained clipping model
[2025-07-09 16:57:59.241] [jointLog] [warning] read f7b99a22-7f87-48d5-ad74-48df74309f09 (length 35322) has no trained clipping model
[2025-07-09 16:57:59.241] [jointLog] [warning] read 3a280ff1-35a6-4fc6-9d77-9c6e6757e74d (length 20208 - align length 3105) has no trained error model
[2025-07-09 16:57:59.241] [jointLog] [warning] read 3a280ff1-35a6-4fc6-9d77-9c6e6757e74d (length 20208) has no trained clipping model
[2025-07-09 16:57:59.241] [jointLog] [warning] read 3a280ff1-35a6-4fc6-9d77-9c6e6757e74d (length 20208) has no trained clipping model
[2025-07-09 16:57:59.242] [jointLog] [warning] read edb836ff-d76e-4988-b435-af5018e4bae4 (length 16063) has no trained clipping model
[2025-07-09 16:57:59.242] [jointLog] [warning] read 791aacfe-71ce-427e-a0e4-511eb5044580 (length 17905) has no trained clipping model
[2025-07-09 16:57:59.242] [jointLog] [warning] read d2788a5a-998e-4e55-9027-01df95f85a7a (length 26130 - align length 301) has no trained error model
[2025-07-09 16:57:59.242] [jointLog] [warning] read d2788a5a-998e-4e55-9027-01df95f85a7a (length 26130) has no trained clipping model
[2025-07-09 16:57:59.242] [jointLog] [warning] read d2788a5a-998e-4e55-9027-01df95f85a7a (length 26130) has no trained clipping model
[2025-07-09 16:57:59.242] [jointLog] [warning] read d6733803-be48-4838-b4dc-cd04dd49f23e (length 18342) has no trained clipping model
[2025-07-09 16:57:59.242] [jointLog] [warning] read 7d9dba3c-750d-46a5-be3a-5f861177581a (length 44931 - align length 1866) has no trained error model
[2025-07-09 16:57:59.242] [jointLog] [warning] read 7d9dba3c-750d-46a5-be3a-5f861177581a (length 44931) has no trained clipping model
[2025-07-09 16:57:59.242] [jointLog] [warning] read 7d9dba3c-750d-46a5-be3a-5f861177581a (length 44931) has no trained clipping model
[2025-07-09 16:57:59.242] [jointLog] [warning] read 515919ea-793f-4ad2-9b7c-8fc0ca430685 (length 34047 - align length 135) has no trained error model
[2025-07-09 16:57:59.242] [jointLog] [warning] read 515919ea-793f-4ad2-9b7c-8fc0ca430685 (length 34047) has no trained clipping model
[2025-07-09 16:57:59.242] [jointLog] [warning] read 515919ea-793f-4ad2-9b7c-8fc0ca430685 (length 34047) has no trained clipping model
[2025-07-09 16:57:59.242] [jointLog] [warning] read e82cc03b-ef78-44f6-8f01-65a921a5cc64 (length 25939 - align length 477) has no trained error model
[2025-07-09 16:57:59.242] [jointLog] [warning] read e82cc03b-ef78-44f6-8f01-65a921a5cc64 (length 25939) has no trained clipping model
[2025-07-09 16:57:59.242] [jointLog] [warning] read e82cc03b-ef78-44f6-8f01-65a921a5cc64 (length 25939) has no trained clipping model
[2025-07-09 16:57:59.243] [jointLog] [warning] read e8599674-678c-4d8e-b82b-a5bae49c38eb (length 16301) has no trained clipping model
[2025-07-09 16:57:59.243] [jointLog] [warning] read 5ee81693-2d6f-4398-bc84-4e9b792b88bf (length 14148 - align length 14107) has no trained error model
[2025-07-09 16:57:59.243] [jointLog] [warning] read 5ee81693-2d6f-4398-bc84-4e9b792b88bf (length 14148) has no trained clipping model
[2025-07-09 16:57:59.243] [jointLog] [warning] read 5ee81693-2d6f-4398-bc84-4e9b792b88bf (length 14148) has no trained clipping model
[2025-07-09 16:57:59.243] [jointLog] [warning] read 982948ff-d95f-4723-a69e-a0a3b4113cee (length 26524 - align length 2752) has no trained error model
[2025-07-09 16:57:59.243] [jointLog] [warning] read 982948ff-d95f-4723-a69e-a0a3b4113cee (length 26524) has no trained clipping model
[2025-07-09 16:57:59.243] [jointLog] [warning] read 982948ff-d95f-4723-a69e-a0a3b4113cee (length 26524) has no trained clipping model
[2025-07-09 16:57:59.244] [jointLog] [warning] read 919981c5-c7d4-40ed-87ce-ffec8a9f5018 (length 16004) has no trained clipping model
[2025-07-09 16:58:01.845] [fileLog] [info] quantification processed 9000000 fragments so far

[2025-07-09 16:58:04.720] [jointLog] [warning] read a41fb0b9-343d-4936-9611-39eaeca8c808 (length 29181 - align length 3887) has no trained error model
[2025-07-09 16:58:04.720] [jointLog] [warning] read a41fb0b9-343d-4936-9611-39eaeca8c808 (length 29181) has no trained clipping model
[2025-07-09 16:58:04.720] [jointLog] [warning] read a41fb0b9-343d-4936-9611-39eaeca8c808 (length 29181) has no trained clipping model
[2025-07-09 16:58:04.720] [jointLog] [warning] read 58f461df-cc04-4aea-a291-682f5c53ee3f (length 19433 - align length 1326) has no trained error model
[2025-07-09 16:58:04.720] [jointLog] [warning] read 58f461df-cc04-4aea-a291-682f5c53ee3f (length 19433) has no trained clipping model
[2025-07-09 16:58:04.720] [jointLog] [warning] read 58f461df-cc04-4aea-a291-682f5c53ee3f (length 19433) has no trained clipping model
[2025-07-09 16:58:04.721] [jointLog] [warning] read 00150f7e-a0d3-4015-9168-038d3d3a5b76 (length 23275 - align length 561) has no trained error model
[2025-07-09 16:58:04.721] [jointLog] [warning] read 00150f7e-a0d3-4015-9168-038d3d3a5b76 (length 23275) has no trained clipping model
[2025-07-09 16:58:04.721] [jointLog] [warning] read 00150f7e-a0d3-4015-9168-038d3d3a5b76 (length 23275) has no trained clipping model
[2025-07-09 16:58:04.721] [jointLog] [warning] read d6073414-125f-44f2-9974-431c5ea6d55e (length 25399 - align length 920) has no trained error model
[2025-07-09 16:58:04.721] [jointLog] [warning] read d6073414-125f-44f2-9974-431c5ea6d55e (length 25399) has no trained clipping model
[2025-07-09 16:58:04.721] [jointLog] [warning] read d6073414-125f-44f2-9974-431c5ea6d55e (length 25399) has no trained clipping model
[2025-07-09 16:58:04.721] [jointLog] [warning] read a96ba247-5814-47dc-a317-a94efce47e22 (length 17273) has no trained clipping model
[2025-07-09 16:58:04.721] [jointLog] [warning] read 0043bac9-1c82-4789-88ae-44856e881ab9 (length 24480 - align length 161) has no trained error model
[2025-07-09 16:58:04.721] [jointLog] [warning] read 0043bac9-1c82-4789-88ae-44856e881ab9 (length 24480) has no trained clipping model
[2025-07-09 16:58:04.721] [jointLog] [warning] read 0043bac9-1c82-4789-88ae-44856e881ab9 (length 24480) has no trained clipping model
[2025-07-09 16:58:04.721] [jointLog] [warning] read 2abfe0c6-7463-4fa5-a460-50dc7fadcedd (length 16168 - align length 1004) has no trained error model
[2025-07-09 16:58:04.721] [jointLog] [warning] read 2abfe0c6-7463-4fa5-a460-50dc7fadcedd (length 16168) has no trained clipping model
[2025-07-09 16:58:04.721] [jointLog] [warning] read 2abfe0c6-7463-4fa5-a460-50dc7fadcedd (length 16168) has no trained clipping model
[2025-07-09 16:58:04.721] [jointLog] [warning] read 9a139b92-9581-455c-9f09-0cf0fb18658a (length 17688 - align length 2011) has no trained error model
[2025-07-09 16:58:04.721] [jointLog] [warning] read 9a139b92-9581-455c-9f09-0cf0fb18658a (length 17688) has no trained clipping model
[2025-07-09 16:58:04.721] [jointLog] [warning] read 9a139b92-9581-455c-9f09-0cf0fb18658a (length 17688) has no trained clipping model
[2025-07-09 16:58:04.722] [jointLog] [warning] read f84304c8-3957-46c0-b232-11937fd21db3 (length 43538 - align length 3235) has no trained error model
[2025-07-09 16:58:04.722] [jointLog] [warning] read f84304c8-3957-46c0-b232-11937fd21db3 (length 43538) has no trained clipping model
[2025-07-09 16:58:04.722] [jointLog] [warning] read f84304c8-3957-46c0-b232-11937fd21db3 (length 43538) has no trained clipping model
[2025-07-09 16:58:04.722] [jointLog] [warning] read 08f47281-af5d-465e-a4b3-54045ba84bfd (length 27373 - align length 1809) has no trained error model
[2025-07-09 16:58:04.722] [jointLog] [warning] read 08f47281-af5d-465e-a4b3-54045ba84bfd (length 27373) has no trained clipping model
[2025-07-09 16:58:04.722] [jointLog] [warning] read 08f47281-af5d-465e-a4b3-54045ba84bfd (length 27373) has no trained clipping model
[2025-07-09 16:58:04.722] [jointLog] [warning] read e3ed336b-f60d-4d7b-a87e-8c74a919a43e (length 39824 - align length 283) has no trained error model
[2025-07-09 16:58:04.722] [jointLog] [warning] read e3ed336b-f60d-4d7b-a87e-8c74a919a43e (length 39824) has no trained clipping model
[2025-07-09 16:58:04.722] [jointLog] [warning] read e3ed336b-f60d-4d7b-a87e-8c74a919a43e (length 39824) has no trained clipping model
[2025-07-09 16:58:04.722] [jointLog] [warning] read 1e5fed48-776b-4322-8df3-767923ed1012 (length 24400 - align length 117) has no trained error model
[2025-07-09 16:58:04.722] [jointLog] [warning] read 1e5fed48-776b-4322-8df3-767923ed1012 (length 24400) has no trained clipping model
[2025-07-09 16:58:04.722] [jointLog] [warning] read 1e5fed48-776b-4322-8df3-767923ed1012 (length 24400) has no trained clipping model
[2025-07-09 16:58:05.106] [jointLog] [warning] read 665c0642-3d5c-412e-a756-222db23b2e6d (length 13777) has no trained clipping model
[2025-07-09 16:58:06.053] [jointLog] [warning] read 620890f6-4557-4fbc-9619-0bba31109c11 (length 12075) has no trained clipping model
[2025-07-09 16:58:06.307] [jointLog] [warning] read 6853452d-5cc3-4d9b-a88e-ac1cddac72e4 (length 22536 - align length 2319) has no trained error model
[2025-07-09 16:58:06.307] [jointLog] [warning] read 6853452d-5cc3-4d9b-a88e-ac1cddac72e4 (length 22536) has no trained clipping model
[2025-07-09 16:58:06.307] [jointLog] [warning] read 6853452d-5cc3-4d9b-a88e-ac1cddac72e4 (length 22536) has no trained clipping model
[2025-07-09 16:58:06.311] [jointLog] [warning] read e438eae6-e519-47a5-ba00-edc497dd4955 (length 25914 - align length 836) has no trained error model
[2025-07-09 16:58:06.311] [jointLog] [warning] read e438eae6-e519-47a5-ba00-edc497dd4955 (length 25914) has no trained clipping model
[2025-07-09 16:58:06.311] [jointLog] [warning] read e438eae6-e519-47a5-ba00-edc497dd4955 (length 25914) has no trained clipping model
[2025-07-09 16:58:06.357] [jointLog] [warning] read 217008b3-e43b-4a10-81a0-d1c5459f8e66 (length 39634) has no trained clipping model
[2025-07-09 16:58:06.357] [jointLog] [warning] read d506a43a-0283-42a7-bdf1-eec6fbc3ff28 (length 29822 - align length 666) has no trained error model
[2025-07-09 16:58:06.357] [jointLog] [warning] read d506a43a-0283-42a7-bdf1-eec6fbc3ff28 (length 29822) has no trained clipping model
[2025-07-09 16:58:06.357] [jointLog] [warning] read d506a43a-0283-42a7-bdf1-eec6fbc3ff28 (length 29822) has no trained clipping model
[2025-07-09 16:58:06.357] [jointLog] [warning] read fd78f10b-b956-438e-852e-5f667b2c99f6 (length 35869 - align length 1657) has no trained error model
[2025-07-09 16:58:06.357] [jointLog] [warning] read fd78f10b-b956-438e-852e-5f667b2c99f6 (length 35869) has no trained clipping model
[2025-07-09 16:58:06.357] [jointLog] [warning] read fd78f10b-b956-438e-852e-5f667b2c99f6 (length 35869) has no trained clipping model
[2025-07-09 16:58:06.357] [jointLog] [warning] read 6050073e-780f-4096-87a9-8f7906a55335 (length 16102 - align length 470) has no trained error model
[2025-07-09 16:58:06.357] [jointLog] [warning] read 6050073e-780f-4096-87a9-8f7906a55335 (length 16102) has no trained clipping model
[2025-07-09 16:58:06.357] [jointLog] [warning] read 6050073e-780f-4096-87a9-8f7906a55335 (length 16102) has no trained clipping model
[2025-07-09 16:58:06.357] [jointLog] [warning] read dbcd5528-cb33-4f0f-97a2-2fc4ad0dafe8 (length 24499 - align length 58) has no trained error model
[2025-07-09 16:58:06.357] [jointLog] [warning] read dbcd5528-cb33-4f0f-97a2-2fc4ad0dafe8 (length 24499) has no trained clipping model
[2025-07-09 16:58:06.357] [jointLog] [warning] read dbcd5528-cb33-4f0f-97a2-2fc4ad0dafe8 (length 24499) has no trained clipping model
[2025-07-09 16:58:06.357] [jointLog] [warning] read 8247732f-3942-4640-8688-427cc2e62f0f (length 16174 - align length 922) has no trained error model
[2025-07-09 16:58:06.357] [jointLog] [warning] read 8247732f-3942-4640-8688-427cc2e62f0f (length 16174) has no trained clipping model
[2025-07-09 16:58:06.357] [jointLog] [warning] read 8247732f-3942-4640-8688-427cc2e62f0f (length 16174) has no trained clipping model
[2025-07-09 16:58:06.357] [jointLog] [warning] read 9b2895b6-957c-4548-a5e0-37610faa54cd (length 28091 - align length 118) has no trained error model
[2025-07-09 16:58:06.357] [jointLog] [warning] read 9b2895b6-957c-4548-a5e0-37610faa54cd (length 28091) has no trained clipping model
[2025-07-09 16:58:06.357] [jointLog] [warning] read 9b2895b6-957c-4548-a5e0-37610faa54cd (length 28091) has no trained clipping model
[2025-07-09 16:58:06.357] [jointLog] [warning] read bee831a5-2d5b-433f-aa5e-b6de62da33ea (length 32236 - align length 465) has no trained error model
[2025-07-09 16:58:06.357] [jointLog] [warning] read bee831a5-2d5b-433f-aa5e-b6de62da33ea (length 32236) has no trained clipping model
[2025-07-09 16:58:06.357] [jointLog] [warning] read bee831a5-2d5b-433f-aa5e-b6de62da33ea (length 32236) has no trained clipping model
[2025-07-09 16:58:06.358] [jointLog] [warning] read 51def340-7fbc-4346-9fa1-08993a2869bc (length 14188 - align length 1311) has no trained error model
[2025-07-09 16:58:06.358] [jointLog] [warning] read 51def340-7fbc-4346-9fa1-08993a2869bc (length 14188) has no trained clipping model
[2025-07-09 16:58:06.358] [jointLog] [warning] read 51def340-7fbc-4346-9fa1-08993a2869bc (length 14188) has no trained clipping model
[2025-07-09 16:58:06.358] [jointLog] [warning] read a62b8c5e-5d8a-4deb-977f-a1e40c61823f (length 16955) has no trained clipping model
[2025-07-09 16:58:06.358] [jointLog] [warning] read 1e48c5be-9c77-4d2e-99c7-7b2a76060d0d (length 15619 - align length 15529) has no trained error model
[2025-07-09 16:58:06.358] [jointLog] [warning] read 1e48c5be-9c77-4d2e-99c7-7b2a76060d0d (length 15619) has no trained clipping model
[2025-07-09 16:58:06.358] [jointLog] [warning] read c59fc4c8-37cf-4b91-8fb8-151b42a88f94 (length 15422) has no trained clipping model
[2025-07-09 16:58:06.358] [jointLog] [warning] read a36b38b6-6f69-47f0-9248-4a4a0f0584db (length 48443 - align length 136) has no trained error model
[2025-07-09 16:58:06.358] [jointLog] [warning] read a36b38b6-6f69-47f0-9248-4a4a0f0584db (length 48443) has no trained clipping model
[2025-07-09 16:58:06.358] [jointLog] [warning] read a36b38b6-6f69-47f0-9248-4a4a0f0584db (length 48443) has no trained clipping model
[2025-07-09 16:58:06.358] [jointLog] [warning] read d95cfa41-0ac5-4734-bc48-bff4c6074e38 (length 16094) has no trained clipping model
[2025-07-09 16:58:06.358] [jointLog] [warning] read 4bf6e0fe-0eee-4660-8884-c95c6e3b86e0 (length 27387 - align length 467) has no trained error model
[2025-07-09 16:58:06.358] [jointLog] [warning] read 4bf6e0fe-0eee-4660-8884-c95c6e3b86e0 (length 27387) has no trained clipping model
[2025-07-09 16:58:06.358] [jointLog] [warning] read 4bf6e0fe-0eee-4660-8884-c95c6e3b86e0 (length 27387) has no trained clipping model
[2025-07-09 16:58:06.358] [jointLog] [warning] read 8a69d5e4-cfa6-4df5-89a8-a91a1e29637a (length 27455 - align length 960) has no trained error model
[2025-07-09 16:58:06.358] [jointLog] [warning] read 8a69d5e4-cfa6-4df5-89a8-a91a1e29637a (length 27455) has no trained clipping model
[2025-07-09 16:58:06.358] [jointLog] [warning] read 8a69d5e4-cfa6-4df5-89a8-a91a1e29637a (length 27455) has no trained clipping model
[2025-07-09 16:58:06.358] [jointLog] [warning] read d727a5da-816d-4c44-b681-a3a90d9a618d (length 47076 - align length 2297) has no trained error model
[2025-07-09 16:58:06.358] [jointLog] [warning] read d727a5da-816d-4c44-b681-a3a90d9a618d (length 47076) has no trained clipping model
[2025-07-09 16:58:06.358] [jointLog] [warning] read d727a5da-816d-4c44-b681-a3a90d9a618d (length 47076) has no trained clipping model
[2025-07-09 16:58:06.358] [jointLog] [warning] read 3ec868f8-6c39-47b4-8175-0fd7a61c94c1 (length 37624 - align length 775) has no trained error model
[2025-07-09 16:58:06.358] [jointLog] [warning] read 3ec868f8-6c39-47b4-8175-0fd7a61c94c1 (length 37624) has no trained clipping model
[2025-07-09 16:58:06.358] [jointLog] [warning] read 3ec868f8-6c39-47b4-8175-0fd7a61c94c1 (length 37624) has no trained clipping model
[2025-07-09 16:58:06.359] [jointLog] [warning] read 4f2843c1-4195-47a8-af1f-79497fdfe592 (length 29876 - align length 212) has no trained error model
[2025-07-09 16:58:06.359] [jointLog] [warning] read 4f2843c1-4195-47a8-af1f-79497fdfe592 (length 29876) has no trained clipping model
[2025-07-09 16:58:06.359] [jointLog] [warning] read 4f2843c1-4195-47a8-af1f-79497fdfe592 (length 29876) has no trained clipping model
[2025-07-09 16:58:06.359] [jointLog] [warning] read 1cdee861-bc52-48f2-b5be-657f3441ddda (length 20450) has no trained clipping model
[2025-07-09 16:58:06.359] [jointLog] [warning] read c442f1a4-4cf1-4ae9-93c7-bfa80e9822de (length 16356) has no trained clipping model
[2025-07-09 16:58:06.359] [jointLog] [warning] read ea8c4155-e7ea-45ba-97c7-e8c99cbcc2f5 (length 39141 - align length 468) has no trained error model
[2025-07-09 16:58:06.359] [jointLog] [warning] read ea8c4155-e7ea-45ba-97c7-e8c99cbcc2f5 (length 39141) has no trained clipping model
[2025-07-09 16:58:06.359] [jointLog] [warning] read ea8c4155-e7ea-45ba-97c7-e8c99cbcc2f5 (length 39141) has no trained clipping model
[2025-07-09 16:58:06.359] [jointLog] [warning] read a124807c-7bc5-4735-ac8f-ea7b5e649881 (length 14491 - align length 14490) has no trained error model
[2025-07-09 16:58:06.359] [jointLog] [warning] read a124807c-7bc5-4735-ac8f-ea7b5e649881 (length 14491) has no trained clipping model
[2025-07-09 16:58:06.359] [jointLog] [warning] read 0be7caa2-730d-4d9c-bcff-78b25c4dcdf8 (length 31040 - align length 462) has no trained error model
[2025-07-09 16:58:06.359] [jointLog] [warning] read 0be7caa2-730d-4d9c-bcff-78b25c4dcdf8 (length 31040) has no trained clipping model
[2025-07-09 16:58:06.359] [jointLog] [warning] read 0be7caa2-730d-4d9c-bcff-78b25c4dcdf8 (length 31040) has no trained clipping model
[2025-07-09 16:58:06.359] [jointLog] [warning] read 756d35c3-226a-4749-947a-6a1ee5a3400e (length 16351) has no trained clipping model
[2025-07-09 16:58:06.359] [jointLog] [warning] read c9598ef2-64b8-4301-830c-d4fd68081c45 (length 34083 - align length 126) has no trained error model
[2025-07-09 16:58:06.359] [jointLog] [warning] read c9598ef2-64b8-4301-830c-d4fd68081c45 (length 34083) has no trained clipping model
[2025-07-09 16:58:06.359] [jointLog] [warning] read c9598ef2-64b8-4301-830c-d4fd68081c45 (length 34083) has no trained clipping model
[2025-07-09 16:58:06.359] [jointLog] [warning] read ce977d3c-a48b-4c09-9bfc-c094fa30c878 (length 19755 - align length 2023) has no trained error model
[2025-07-09 16:58:06.359] [jointLog] [warning] read ce977d3c-a48b-4c09-9bfc-c094fa30c878 (length 19755) has no trained clipping model
[2025-07-09 16:58:06.359] [jointLog] [warning] read ce977d3c-a48b-4c09-9bfc-c094fa30c878 (length 19755) has no trained clipping model
[2025-07-09 16:58:06.359] [jointLog] [warning] read b0c4e6c3-727a-485a-81ab-4851a151f08d (length 28151 - align length 848) has no trained error model
[2025-07-09 16:58:06.359] [jointLog] [warning] read b0c4e6c3-727a-485a-81ab-4851a151f08d (length 28151) has no trained clipping model
[2025-07-09 16:58:06.359] [jointLog] [warning] read b0c4e6c3-727a-485a-81ab-4851a151f08d (length 28151) has no trained clipping model
[2025-07-09 16:58:06.359] [jointLog] [warning] read 1b20127b-36fc-461e-b421-8416e6748620 (length 19637 - align length 2593) has no trained error model
[2025-07-09 16:58:06.359] [jointLog] [warning] read 1b20127b-36fc-461e-b421-8416e6748620 (length 19637) has no trained clipping model
[2025-07-09 16:58:06.359] [jointLog] [warning] read 1b20127b-36fc-461e-b421-8416e6748620 (length 19637) has no trained clipping model
[2025-07-09 16:58:06.359] [jointLog] [warning] read e8332183-a427-4c06-a903-4fca74344232 (length 41228 - align length 1322) has no trained error model
[2025-07-09 16:58:06.359] [jointLog] [warning] read e8332183-a427-4c06-a903-4fca74344232 (length 41228) has no trained clipping model
[2025-07-09 16:58:06.359] [jointLog] [warning] read e8332183-a427-4c06-a903-4fca74344232 (length 41228) has no trained clipping model
[2025-07-09 16:58:06.359] [jointLog] [warning] read 99b6d8a4-0377-46d3-b850-31e2c39a3520 (length 28504 - align length 301) has no trained error model
[2025-07-09 16:58:06.359] [jointLog] [warning] read 99b6d8a4-0377-46d3-b850-31e2c39a3520 (length 28504) has no trained clipping model
[2025-07-09 16:58:06.359] [jointLog] [warning] read 99b6d8a4-0377-46d3-b850-31e2c39a3520 (length 28504) has no trained clipping model
[2025-07-09 16:58:06.360] [jointLog] [warning] read 61727c9a-26a7-4b9b-a2c0-bbbb3b199f15 (length 39291 - align length 746) has no trained error model
[2025-07-09 16:58:06.360] [jointLog] [warning] read 61727c9a-26a7-4b9b-a2c0-bbbb3b199f15 (length 39291) has no trained clipping model
[2025-07-09 16:58:06.360] [jointLog] [warning] read 61727c9a-26a7-4b9b-a2c0-bbbb3b199f15 (length 39291) has no trained clipping model
[2025-07-09 16:58:06.360] [jointLog] [warning] read 38e1f451-7195-4726-813e-abdf00a7eb99 (length 13467 - align length 13439) has no trained error model
[2025-07-09 16:58:06.360] [jointLog] [warning] read a125912c-987d-4a3e-8efc-93cc1a17df98 (length 37757 - align length 1618) has no trained error model
[2025-07-09 16:58:06.360] [jointLog] [warning] read a125912c-987d-4a3e-8efc-93cc1a17df98 (length 37757) has no trained clipping model
[2025-07-09 16:58:06.360] [jointLog] [warning] read a125912c-987d-4a3e-8efc-93cc1a17df98 (length 37757) has no trained clipping model
[2025-07-09 16:58:06.360] [jointLog] [warning] read 6cda1955-e853-4775-95e7-f0c9ad9ffe0d (length 27746 - align length 2230) has no trained error model
[2025-07-09 16:58:06.360] [jointLog] [warning] read 6cda1955-e853-4775-95e7-f0c9ad9ffe0d (length 27746) has no trained clipping model
[2025-07-09 16:58:06.360] [jointLog] [warning] read 6cda1955-e853-4775-95e7-f0c9ad9ffe0d (length 27746) has no trained clipping model
[2025-07-09 16:58:06.360] [jointLog] [warning] read 6d68b395-20ff-47c6-8844-b64e97b96440 (length 30135) has no trained clipping model
[2025-07-09 16:58:06.360] [jointLog] [warning] read 3c0658f0-cb58-43c5-bb8e-08181bc489d0 (length 45456 - align length 810) has no trained error model
[2025-07-09 16:58:06.360] [jointLog] [warning] read 3c0658f0-cb58-43c5-bb8e-08181bc489d0 (length 45456) has no trained clipping model
[2025-07-09 16:58:06.360] [jointLog] [warning] read 3c0658f0-cb58-43c5-bb8e-08181bc489d0 (length 45456) has no trained clipping model
[2025-07-09 16:58:06.360] [jointLog] [warning] read 011dae8d-ce1f-4720-a644-1141bc98a013 (length 24120 - align length 698) has no trained error model
[2025-07-09 16:58:06.360] [jointLog] [warning] read 011dae8d-ce1f-4720-a644-1141bc98a013 (length 24120) has no trained clipping model
[2025-07-09 16:58:06.360] [jointLog] [warning] read 011dae8d-ce1f-4720-a644-1141bc98a013 (length 24120) has no trained clipping model
[2025-07-09 16:58:06.361] [jointLog] [warning] read 442042a3-ecbf-4884-91a6-50a1e15f5ef2 (length 15805 - align length 268) has no trained error model
[2025-07-09 16:58:06.361] [jointLog] [warning] read 442042a3-ecbf-4884-91a6-50a1e15f5ef2 (length 15805) has no trained clipping model
[2025-07-09 16:58:06.361] [jointLog] [warning] read 442042a3-ecbf-4884-91a6-50a1e15f5ef2 (length 15805) has no trained clipping model
[2025-07-09 16:58:06.361] [jointLog] [warning] read f5be261c-de96-4870-8753-9a1111461011 (length 36372 - align length 1811) has no trained error model
[2025-07-09 16:58:06.361] [jointLog] [warning] read f5be261c-de96-4870-8753-9a1111461011 (length 36372) has no trained clipping model
[2025-07-09 16:58:06.361] [jointLog] [warning] read f5be261c-de96-4870-8753-9a1111461011 (length 36372) has no trained clipping model
[2025-07-09 16:58:06.361] [jointLog] [warning] read eee3adf4-457d-4970-a643-ab7a70438418 (length 16628) has no trained clipping model
[2025-07-09 16:58:06.361] [jointLog] [warning] read 7c45509c-0148-4c29-acde-1372905be582 (length 28664 - align length 1102) has no trained error model
[2025-07-09 16:58:06.361] [jointLog] [warning] read 7c45509c-0148-4c29-acde-1372905be582 (length 28664) has no trained clipping model
[2025-07-09 16:58:06.361] [jointLog] [warning] read 7c45509c-0148-4c29-acde-1372905be582 (length 28664) has no trained clipping model
[2025-07-09 16:58:06.361] [jointLog] [warning] read 6df3c4ec-fdeb-474e-821f-70b3ad04b05a (length 22967) has no trained clipping model
[2025-07-09 16:58:06.361] [jointLog] [warning] read bd0d1fd9-545c-4df5-ad6a-c10bd22626c2 (length 17973) has no trained clipping model
[2025-07-09 16:58:06.361] [jointLog] [warning] read 10df725b-43c0-4da4-9427-844e75ac6df5 (length 28390 - align length 292) has no trained error model
[2025-07-09 16:58:06.361] [jointLog] [warning] read 10df725b-43c0-4da4-9427-844e75ac6df5 (length 28390) has no trained clipping model
[2025-07-09 16:58:06.361] [jointLog] [warning] read 10df725b-43c0-4da4-9427-844e75ac6df5 (length 28390) has no trained clipping model
[2025-07-09 16:58:06.361] [jointLog] [warning] read 52224159-1a5f-4588-8baa-83c96c1db2af (length 23177 - align length 2139) has no trained error model
[2025-07-09 16:58:06.361] [jointLog] [warning] read 52224159-1a5f-4588-8baa-83c96c1db2af (length 23177) has no trained clipping model
[2025-07-09 16:58:06.361] [jointLog] [warning] read 52224159-1a5f-4588-8baa-83c96c1db2af (length 23177) has no trained clipping model
[2025-07-09 16:58:06.361] [jointLog] [warning] read 226c5c85-8c09-4145-aa62-f0fc006613f4 (length 16172 - align length 112) has no trained error model
[2025-07-09 16:58:06.361] [jointLog] [warning] read 226c5c85-8c09-4145-aa62-f0fc006613f4 (length 16172) has no trained clipping model
[2025-07-09 16:58:06.361] [jointLog] [warning] read 226c5c85-8c09-4145-aa62-f0fc006613f4 (length 16172) has no trained clipping model
[2025-07-09 16:58:06.361] [jointLog] [warning] read f0181569-9c0e-41d7-bceb-3747eda8b5d0 (length 46745 - align length 276) has no trained error model
[2025-07-09 16:58:06.361] [jointLog] [warning] read f0181569-9c0e-41d7-bceb-3747eda8b5d0 (length 46745) has no trained clipping model
[2025-07-09 16:58:06.361] [jointLog] [warning] read f0181569-9c0e-41d7-bceb-3747eda8b5d0 (length 46745) has no trained clipping model
[2025-07-09 16:58:06.361] [jointLog] [warning] read 154876ba-d570-4772-b4de-05024d2dd84e (length 39133 - align length 1170) has no trained error model
[2025-07-09 16:58:06.361] [jointLog] [warning] read 154876ba-d570-4772-b4de-05024d2dd84e (length 39133) has no trained clipping model
[2025-07-09 16:58:06.361] [jointLog] [warning] read 154876ba-d570-4772-b4de-05024d2dd84e (length 39133) has no trained clipping model
[2025-07-09 16:58:06.361] [jointLog] [warning] read 3a54c9f1-03d3-488f-a6a5-715a7a45e6e9 (length 18171 - align length 406) has no trained error model
[2025-07-09 16:58:06.361] [jointLog] [warning] read 3a54c9f1-03d3-488f-a6a5-715a7a45e6e9 (length 18171) has no trained clipping model
[2025-07-09 16:58:06.361] [jointLog] [warning] read 3a54c9f1-03d3-488f-a6a5-715a7a45e6e9 (length 18171) has no trained clipping model
[2025-07-09 16:58:06.361] [jointLog] [warning] read 4b218993-c8fc-482f-9f7a-259d02e31bae (length 15055 - align length 14708) has no trained error model
[2025-07-09 16:58:06.361] [jointLog] [warning] read 067e9c36-340a-4c3b-8a77-2ad9dceb62e8 (length 32621 - align length 1561) has no trained error model
[2025-07-09 16:58:06.361] [jointLog] [warning] read 067e9c36-340a-4c3b-8a77-2ad9dceb62e8 (length 32621) has no trained clipping model
[2025-07-09 16:58:06.361] [jointLog] [warning] read 067e9c36-340a-4c3b-8a77-2ad9dceb62e8 (length 32621) has no trained clipping model
[2025-07-09 16:58:06.361] [jointLog] [warning] read 17c48da1-4565-4526-9469-b819a6460e43 (length 39960 - align length 554) has no trained error model
[2025-07-09 16:58:06.361] [jointLog] [warning] read 17c48da1-4565-4526-9469-b819a6460e43 (length 39960) has no trained clipping model
[2025-07-09 16:58:06.361] [jointLog] [warning] read 17c48da1-4565-4526-9469-b819a6460e43 (length 39960) has no trained clipping model
[2025-07-09 16:58:06.361] [jointLog] [warning] read 8b357fe6-0443-4953-a961-3b75b2d20087 (length 16070) has no trained clipping model
[2025-07-09 16:58:06.361] [jointLog] [warning] read 6375b4ec-a106-4c4f-8113-42a142694e48 (length 21527 - align length 150) has no trained error model
[2025-07-09 16:58:06.361] [jointLog] [warning] read 6375b4ec-a106-4c4f-8113-42a142694e48 (length 21527) has no trained clipping model
[2025-07-09 16:58:06.361] [jointLog] [warning] read 6375b4ec-a106-4c4f-8113-42a142694e48 (length 21527) has no trained clipping model
[2025-07-09 16:58:06.362] [jointLog] [warning] read 60639de5-28e1-4398-a5b7-678924e31545 (length 35814 - align length 687) has no trained error model
[2025-07-09 16:58:06.362] [jointLog] [warning] read 60639de5-28e1-4398-a5b7-678924e31545 (length 35814) has no trained clipping model
[2025-07-09 16:58:06.362] [jointLog] [warning] read 60639de5-28e1-4398-a5b7-678924e31545 (length 35814) has no trained clipping model
[2025-07-09 16:58:06.362] [jointLog] [warning] read 991967d7-12b3-4dbd-83e3-dba74088a065 (length 36953 - align length 56) has no trained error model
[2025-07-09 16:58:06.362] [jointLog] [warning] read 991967d7-12b3-4dbd-83e3-dba74088a065 (length 36953) has no trained clipping model
[2025-07-09 16:58:06.362] [jointLog] [warning] read 991967d7-12b3-4dbd-83e3-dba74088a065 (length 36953) has no trained clipping model
[2025-07-09 16:58:06.362] [jointLog] [warning] read 6957baaa-6077-4551-bfcb-0599a2f73e84 (length 38417 - align length 387) has no trained error model
[2025-07-09 16:58:06.362] [jointLog] [warning] read 6957baaa-6077-4551-bfcb-0599a2f73e84 (length 38417) has no trained clipping model
[2025-07-09 16:58:06.362] [jointLog] [warning] read 6957baaa-6077-4551-bfcb-0599a2f73e84 (length 38417) has no trained clipping model
[2025-07-09 16:58:06.362] [jointLog] [warning] read 6ffe2fff-c26b-4f67-8142-72b8a10398f4 (length 28561 - align length 59) has no trained error model
[2025-07-09 16:58:06.362] [jointLog] [warning] read 6ffe2fff-c26b-4f67-8142-72b8a10398f4 (length 28561) has no trained clipping model
[2025-07-09 16:58:06.362] [jointLog] [warning] read 6ffe2fff-c26b-4f67-8142-72b8a10398f4 (length 28561) has no trained clipping model
[2025-07-09 16:58:06.362] [jointLog] [warning] read d385899d-eec5-4b6f-a0e0-480c5254005b (length 36617 - align length 910) has no trained error model
[2025-07-09 16:58:06.362] [jointLog] [warning] read d385899d-eec5-4b6f-a0e0-480c5254005b (length 36617) has no trained clipping model
[2025-07-09 16:58:06.362] [jointLog] [warning] read d385899d-eec5-4b6f-a0e0-480c5254005b (length 36617) has no trained clipping model
[2025-07-09 16:58:06.362] [jointLog] [warning] read 48a6aca1-3020-4925-8b9d-ceef7fe267b1 (length 14579) has no trained clipping model
[2025-07-09 16:58:06.362] [jointLog] [warning] read 994567a4-c3e0-4c75-ba7b-40da3afe6647 (length 20353 - align length 4299) has no trained error model
[2025-07-09 16:58:06.362] [jointLog] [warning] read 994567a4-c3e0-4c75-ba7b-40da3afe6647 (length 20353) has no trained clipping model
[2025-07-09 16:58:06.362] [jointLog] [warning] read 994567a4-c3e0-4c75-ba7b-40da3afe6647 (length 20353) has no trained clipping model
[2025-07-09 16:58:06.362] [jointLog] [warning] read f3987332-9253-48f0-8571-08a93bd25fa8 (length 14503 - align length 14463) has no trained error model
[2025-07-09 16:58:06.362] [jointLog] [warning] read f3987332-9253-48f0-8571-08a93bd25fa8 (length 14503) has no trained clipping model
[2025-07-09 16:58:06.362] [jointLog] [warning] read edf05632-a48d-4c16-a27f-88e545f9b966 (length 22677 - align length 3799) has no trained error model
[2025-07-09 16:58:06.362] [jointLog] [warning] read edf05632-a48d-4c16-a27f-88e545f9b966 (length 22677) has no trained clipping model
[2025-07-09 16:58:06.362] [jointLog] [warning] read edf05632-a48d-4c16-a27f-88e545f9b966 (length 22677) has no trained clipping model
[2025-07-09 16:58:06.363] [jointLog] [warning] read 18f45723-fcfc-431a-a1cc-af1399a5a484 (length 14909 - align length 14766) has no trained error model
[2025-07-09 16:58:06.363] [jointLog] [warning] read 602433a8-e6fd-45b1-8f1f-358ae50e7f6e (length 35656 - align length 914) has no trained error model
[2025-07-09 16:58:06.363] [jointLog] [warning] read 602433a8-e6fd-45b1-8f1f-358ae50e7f6e (length 35656) has no trained clipping model
[2025-07-09 16:58:06.363] [jointLog] [warning] read 602433a8-e6fd-45b1-8f1f-358ae50e7f6e (length 35656) has no trained clipping model
[2025-07-09 16:58:06.363] [jointLog] [warning] read 691c4d81-dc49-4e60-9058-92078643180d (length 37619 - align length 1088) has no trained error model
[2025-07-09 16:58:06.363] [jointLog] [warning] read 691c4d81-dc49-4e60-9058-92078643180d (length 37619) has no trained clipping model
[2025-07-09 16:58:06.363] [jointLog] [warning] read 691c4d81-dc49-4e60-9058-92078643180d (length 37619) has no trained clipping model
[2025-07-09 16:58:06.363] [jointLog] [warning] read 5463e355-bd1c-4766-ba5b-766323831a51 (length 21863 - align length 984) has no trained error model
[2025-07-09 16:58:06.363] [jointLog] [warning] read 5463e355-bd1c-4766-ba5b-766323831a51 (length 21863) has no trained clipping model
[2025-07-09 16:58:06.363] [jointLog] [warning] read 5463e355-bd1c-4766-ba5b-766323831a51 (length 21863) has no trained clipping model
[2025-07-09 16:58:06.363] [jointLog] [warning] read f97bd55f-9b58-412e-b4e5-9faaf14815ad (length 41642) has no trained clipping model
[2025-07-09 16:58:06.363] [jointLog] [warning] read 0c86bfb4-9e6f-458a-8b22-2c55ab21eb9c (length 17849 - align length 117) has no trained error model
[2025-07-09 16:58:06.363] [jointLog] [warning] read 0c86bfb4-9e6f-458a-8b22-2c55ab21eb9c (length 17849) has no trained clipping model
[2025-07-09 16:58:06.363] [jointLog] [warning] read 0c86bfb4-9e6f-458a-8b22-2c55ab21eb9c (length 17849) has no trained clipping model
[2025-07-09 16:58:06.363] [jointLog] [warning] read d3178528-a308-45d1-bc85-078ebbbe43ee (length 46951 - align length 290) has no trained error model
[2025-07-09 16:58:06.363] [jointLog] [warning] read d3178528-a308-45d1-bc85-078ebbbe43ee (length 46951) has no trained clipping model
[2025-07-09 16:58:06.363] [jointLog] [warning] read d3178528-a308-45d1-bc85-078ebbbe43ee (length 46951) has no trained clipping model
[2025-07-09 16:58:06.364] [jointLog] [warning] read 2b7942be-31a1-484a-a062-4cc9a1027476 (length 12886 - align length 12821) has no trained error model
[2025-07-09 16:58:06.364] [jointLog] [warning] read 50a3cd3f-97d1-4887-9e5b-208caa7a5d7e (length 47560 - align length 1311) has no trained error model
[2025-07-09 16:58:06.364] [jointLog] [warning] read 50a3cd3f-97d1-4887-9e5b-208caa7a5d7e (length 47560) has no trained clipping model
[2025-07-09 16:58:06.364] [jointLog] [warning] read 50a3cd3f-97d1-4887-9e5b-208caa7a5d7e (length 47560) has no trained clipping model
[2025-07-09 16:58:06.364] [jointLog] [warning] read e1907399-a741-4a7e-bdb4-c4a03f2327a2 (length 19272 - align length 774) has no trained error model
[2025-07-09 16:58:06.364] [jointLog] [warning] read e1907399-a741-4a7e-bdb4-c4a03f2327a2 (length 19272) has no trained clipping model
[2025-07-09 16:58:06.364] [jointLog] [warning] read e1907399-a741-4a7e-bdb4-c4a03f2327a2 (length 19272) has no trained clipping model
[2025-07-09 16:58:06.364] [jointLog] [warning] read 6f8d6646-b603-4d02-9417-1496a4073d10 (length 32213 - align length 266) has no trained error model
[2025-07-09 16:58:06.364] [jointLog] [warning] read 6f8d6646-b603-4d02-9417-1496a4073d10 (length 32213) has no trained clipping model
[2025-07-09 16:58:06.364] [jointLog] [warning] read 6f8d6646-b603-4d02-9417-1496a4073d10 (length 32213) has no trained clipping model
[2025-07-09 16:58:06.364] [jointLog] [warning] read 5194bfd8-c041-4985-a5da-f44fdbf44a7e (length 38683 - align length 301) has no trained error model
[2025-07-09 16:58:06.364] [jointLog] [warning] read 5194bfd8-c041-4985-a5da-f44fdbf44a7e (length 38683) has no trained clipping model
[2025-07-09 16:58:06.364] [jointLog] [warning] read 5194bfd8-c041-4985-a5da-f44fdbf44a7e (length 38683) has no trained clipping model
[2025-07-09 16:58:06.364] [jointLog] [warning] read 941d9af8-1aa1-4678-b4e1-daa16bc636a2 (length 37716 - align length 1291) has no trained error model
[2025-07-09 16:58:06.364] [jointLog] [warning] read 941d9af8-1aa1-4678-b4e1-daa16bc636a2 (length 37716) has no trained clipping model
[2025-07-09 16:58:06.364] [jointLog] [warning] read 941d9af8-1aa1-4678-b4e1-daa16bc636a2 (length 37716) has no trained clipping model
[2025-07-09 16:58:06.364] [jointLog] [warning] read 2fd03084-1dc8-47e3-9190-3da7a0dbd797 (length 42719 - align length 517) has no trained error model
[2025-07-09 16:58:06.364] [jointLog] [warning] read 2fd03084-1dc8-47e3-9190-3da7a0dbd797 (length 42719) has no trained clipping model
[2025-07-09 16:58:06.364] [jointLog] [warning] read 2fd03084-1dc8-47e3-9190-3da7a0dbd797 (length 42719) has no trained clipping model
[2025-07-09 16:58:06.364] [jointLog] [warning] read d5d55dcb-6971-46dd-aca4-d8a93ee9fe5e (length 25389 - align length 2476) has no trained error model
[2025-07-09 16:58:06.364] [jointLog] [warning] read d5d55dcb-6971-46dd-aca4-d8a93ee9fe5e (length 25389) has no trained clipping model
[2025-07-09 16:58:06.364] [jointLog] [warning] read d5d55dcb-6971-46dd-aca4-d8a93ee9fe5e (length 25389) has no trained clipping model
[2025-07-09 16:58:06.364] [jointLog] [warning] read 6493389c-ceeb-43e4-9660-a5f77183286a (length 44978 - align length 1258) has no trained error model
[2025-07-09 16:58:06.364] [jointLog] [warning] read 6493389c-ceeb-43e4-9660-a5f77183286a (length 44978) has no trained clipping model
[2025-07-09 16:58:06.364] [jointLog] [warning] read 6493389c-ceeb-43e4-9660-a5f77183286a (length 44978) has no trained clipping model
[2025-07-09 16:58:06.364] [jointLog] [warning] read c87c1742-0ff0-4a26-9c55-69d7cb8caa8e (length 27336 - align length 353) has no trained error model
[2025-07-09 16:58:06.364] [jointLog] [warning] read c87c1742-0ff0-4a26-9c55-69d7cb8caa8e (length 27336) has no trained clipping model
[2025-07-09 16:58:06.364] [jointLog] [warning] read c87c1742-0ff0-4a26-9c55-69d7cb8caa8e (length 27336) has no trained clipping model
[2025-07-09 16:58:06.365] [jointLog] [warning] read 5cbd47bc-9375-4c79-b31a-599565df151d (length 13031) has no trained clipping model
[2025-07-09 16:58:06.365] [jointLog] [warning] read de02a7e7-0520-436c-a24e-a3d1e6c13841 (length 14800 - align length 14726) has no trained error model
[2025-07-09 16:58:06.365] [jointLog] [warning] read cecc13fe-c648-4ff2-b066-2fca98d9fc9c (length 17361 - align length 17328) has no trained error model
[2025-07-09 16:58:06.365] [jointLog] [warning] read c667709c-39ee-4a64-94e9-7f0f09f6a6a2 (length 24024 - align length 1330) has no trained error model
[2025-07-09 16:58:06.365] [jointLog] [warning] read c667709c-39ee-4a64-94e9-7f0f09f6a6a2 (length 24024) has no trained clipping model
[2025-07-09 16:58:06.365] [jointLog] [warning] read c667709c-39ee-4a64-94e9-7f0f09f6a6a2 (length 24024) has no trained clipping model
[2025-07-09 16:58:06.365] [jointLog] [warning] read 4fe3457f-6420-40d3-93c0-06263ebccd41 (length 41801 - align length 601) has no trained error model
[2025-07-09 16:58:06.365] [jointLog] [warning] read 4fe3457f-6420-40d3-93c0-06263ebccd41 (length 41801) has no trained clipping model
[2025-07-09 16:58:06.365] [jointLog] [warning] read 4fe3457f-6420-40d3-93c0-06263ebccd41 (length 41801) has no trained clipping model
[2025-07-09 16:58:06.365] [jointLog] [warning] read b8998478-4279-4d4d-9a67-35ed9ca45a74 (length 28451) has no trained clipping model
[2025-07-09 16:58:06.365] [jointLog] [warning] read b119f96c-5ea5-4069-bef4-66d77467ce8e (length 21879 - align length 518) has no trained error model
[2025-07-09 16:58:06.365] [jointLog] [warning] read b119f96c-5ea5-4069-bef4-66d77467ce8e (length 21879) has no trained clipping model
[2025-07-09 16:58:06.365] [jointLog] [warning] read b119f96c-5ea5-4069-bef4-66d77467ce8e (length 21879) has no trained clipping model
[2025-07-09 16:58:06.366] [jointLog] [warning] read e6858d77-1ed9-4d3d-a96e-5506d1455193 (length 36111 - align length 1410) has no trained error model
[2025-07-09 16:58:06.366] [jointLog] [warning] read e6858d77-1ed9-4d3d-a96e-5506d1455193 (length 36111) has no trained clipping model
[2025-07-09 16:58:06.366] [jointLog] [warning] read e6858d77-1ed9-4d3d-a96e-5506d1455193 (length 36111) has no trained clipping model
[2025-07-09 16:58:06.366] [jointLog] [warning] read 5c597e69-b184-40e1-8eb6-601c5f1e946e (length 48243 - align length 333) has no trained error model
[2025-07-09 16:58:06.366] [jointLog] [warning] read 5c597e69-b184-40e1-8eb6-601c5f1e946e (length 48243) has no trained clipping model
[2025-07-09 16:58:06.366] [jointLog] [warning] read 5c597e69-b184-40e1-8eb6-601c5f1e946e (length 48243) has no trained clipping model
[2025-07-09 16:58:06.366] [jointLog] [warning] read 7acf6a15-44c7-4635-8862-51a14b4cd392 (length 42256 - align length 357) has no trained error model
[2025-07-09 16:58:06.366] [jointLog] [warning] read 7acf6a15-44c7-4635-8862-51a14b4cd392 (length 42256) has no trained clipping model
[2025-07-09 16:58:06.366] [jointLog] [warning] read 7acf6a15-44c7-4635-8862-51a14b4cd392 (length 42256) has no trained clipping model
[2025-07-09 16:58:06.367] [jointLog] [warning] read 6730b14d-fe07-413d-89e8-053c6ac22a90 (length 13798) has no trained clipping model
[2025-07-09 16:58:06.368] [jointLog] [warning] read bedd5bc8-d495-4a5e-a19a-ef1bf312729a (length 34414 - align length 2109) has no trained error model
[2025-07-09 16:58:06.368] [jointLog] [warning] read bedd5bc8-d495-4a5e-a19a-ef1bf312729a (length 34414) has no trained clipping model
[2025-07-09 16:58:06.368] [jointLog] [warning] read bedd5bc8-d495-4a5e-a19a-ef1bf312729a (length 34414) has no trained clipping model
[2025-07-09 16:58:06.599] [jointLog] [warning] read 16d35e49-21a7-4baf-8e86-ab5f3c2045cf (length 12885 - align length 12850) has no trained error model
[2025-07-09 16:58:06.801] [jointLog] [warning] read 367d5f51-7e4a-469f-b4fb-3c934252be0a (length 12093) has no trained clipping model
[2025-07-09 16:58:07.037] [fileLog] [info] quantification processed 10000000 fragments so far

[2025-07-09 16:58:07.772] [jointLog] [warning] read 790535f3-2443-4685-8f34-423864ad8191 (length 14476) has no trained clipping model
[2025-07-09 16:58:07.772] [jointLog] [warning] read db5a8c32-4fc9-481a-a36c-08182f36be44 (length 39114 - align length 1700) has no trained error model
[2025-07-09 16:58:07.772] [jointLog] [warning] read db5a8c32-4fc9-481a-a36c-08182f36be44 (length 39114) has no trained clipping model
[2025-07-09 16:58:07.772] [jointLog] [warning] read db5a8c32-4fc9-481a-a36c-08182f36be44 (length 39114) has no trained clipping model
[2025-07-09 16:58:07.772] [jointLog] [warning] read f102b82b-dd97-46d0-a9d8-bdc3e1a51fdb (length 28038 - align length 601) has no trained error model
[2025-07-09 16:58:07.772] [jointLog] [warning] read f102b82b-dd97-46d0-a9d8-bdc3e1a51fdb (length 28038) has no trained clipping model
[2025-07-09 16:58:07.772] [jointLog] [warning] read f102b82b-dd97-46d0-a9d8-bdc3e1a51fdb (length 28038) has no trained clipping model
[2025-07-09 16:58:07.772] [jointLog] [warning] read 028cc7fc-71b2-412c-ab2e-67905f015f4a (length 37573) has no trained clipping model
[2025-07-09 16:58:07.772] [jointLog] [warning] read eac3d0e2-e356-4116-9abf-cc4bbdd5bc30 (length 33139 - align length 120) has no trained error model
[2025-07-09 16:58:07.772] [jointLog] [warning] read eac3d0e2-e356-4116-9abf-cc4bbdd5bc30 (length 33139) has no trained clipping model
[2025-07-09 16:58:07.772] [jointLog] [warning] read eac3d0e2-e356-4116-9abf-cc4bbdd5bc30 (length 33139) has no trained clipping model
[2025-07-09 16:58:07.772] [jointLog] [warning] read 2475a735-7774-4ccf-a447-b9d5cd9fc17b (length 13012) has no trained clipping model
[2025-07-09 16:58:07.772] [jointLog] [warning] read c9127459-01f7-4117-9afc-96d2217d989c (length 16105 - align length 97) has no trained error model
[2025-07-09 16:58:07.772] [jointLog] [warning] read c9127459-01f7-4117-9afc-96d2217d989c (length 16105) has no trained clipping model
[2025-07-09 16:58:07.772] [jointLog] [warning] read c9127459-01f7-4117-9afc-96d2217d989c (length 16105) has no trained clipping model
[2025-07-09 16:58:08.362] [jointLog] [warning] read b08dfa42-69a9-47e7-9441-65d89717b452 (length 36182 - align length 59) has no trained error model
[2025-07-09 16:58:08.362] [jointLog] [warning] read b08dfa42-69a9-47e7-9441-65d89717b452 (length 36182) has no trained clipping model
[2025-07-09 16:58:08.362] [jointLog] [warning] read b08dfa42-69a9-47e7-9441-65d89717b452 (length 36182) has no trained clipping model
[2025-07-09 16:58:08.362] [jointLog] [warning] read 5008db7e-8023-4926-b838-d4ccc2a8cd38 (length 17431) has no trained clipping model
[2025-07-09 16:58:08.362] [jointLog] [warning] read e432d592-6efa-4d15-a097-2a72eb505150 (length 23219 - align length 364) has no trained error model
[2025-07-09 16:58:08.362] [jointLog] [warning] read e432d592-6efa-4d15-a097-2a72eb505150 (length 23219) has no trained clipping model
[2025-07-09 16:58:08.362] [jointLog] [warning] read e432d592-6efa-4d15-a097-2a72eb505150 (length 23219) has no trained clipping model
[2025-07-09 16:58:08.363] [jointLog] [warning] read 223a9c14-b52d-4cf9-aa63-3ea7b086fca1 (length 14743 - align length 14726) has no trained error model
[2025-07-09 16:58:08.838] [fileLog] [info] quantification processed 10343070 fragments so far

[2025-07-09 16:58:08.838] [jointLog] [info] Thread saw mini-batch with a maximum of 9.30% zero probability fragments
[2025-07-09 16:58:08.840] [jointLog] [info] Thread saw mini-batch with a maximum of 15.60% zero probability fragments
[2025-07-09 16:58:08.845] [jointLog] [info] Thread saw mini-batch with a maximum of 11.10% zero probability fragments
[2025-07-09 16:58:08.855] [jointLog] [info] Thread saw mini-batch with a maximum of 10.00% zero probability fragments
[2025-07-09 16:58:08.860] [jointLog] [info] Thread saw mini-batch with a maximum of 12.00% zero probability fragments
[2025-07-09 16:58:08.860] [jointLog] [info] 


Completed first pass through the alignment file.
Total # of mapped reads : 10343070
# of uniquely mapped reads : 10062628
# ambiguously mapped reads : 280442



[2025-07-09 16:58:08.902] [jointLog] [info] Computed 42,917 rich equivalence classes for further processing
[2025-07-09 16:58:08.902] [jointLog] [info] Counted 9,704,275 total reads in the equivalence classes 
[2025-07-09 16:58:08.905] [jointLog] [info] starting optimizer
[2025-07-09 16:58:08.954] [jointLog] [info] Marked 0 weighted equivalence classes as degenerate
[2025-07-09 16:58:08.958] [jointLog] [info] iteration = 0 | max rel diff. = 938.609
[2025-07-09 16:58:09.267] [jointLog] [info] iteration = 100 | max rel diff. = 1.66917e-16
[2025-07-09 16:58:09.280] [jointLog] [info] finished optimizer
[2025-07-09 16:58:09.280] [jointLog] [info] writing output
