[2025-07-09 17:04:57.952] [jointLog] [info] setting maxHashResizeThreads to 10
[2025-07-09 17:04:57.952] [jointLog] [info] Fragment incompatibility prior below threshold.  Incompatible fragments will be ignored.
[2025-07-09 17:04:58.104] [jointLog] [info] numQuantThreads = 5
[2025-07-09 17:05:00.242] [jointLog] [info] replaced 0 non-ACGT nucleotides with random nucleotides
[2025-07-09 17:05:00.395] [jointLog] [warning] read a8c52973-951f-475d-acea-3d65984156cd (length 2400 - align length 2353) has no trained error model
[2025-07-09 17:05:00.395] [jointLog] [warning] read a8c52973-951f-475d-acea-3d65984156cd (length 2400) has no trained clipping model
[2025-07-09 17:05:00.395] [jointLog] [warning] read a8c52973-951f-475d-acea-3d65984156cd (length 2400) has no trained clipping model
[2025-07-09 17:05:00.395] [jointLog] [warning] read 4630f7ec-4ee0-479e-a78e-b57b184d8160 (length 1902) has no trained clipping model
[2025-07-09 17:05:00.395] [jointLog] [warning] read 4630f7ec-4ee0-479e-a78e-b57b184d8160 (length 1902) has no trained clipping model
[2025-07-09 17:05:00.395] [jointLog] [warning] read 26f107e7-1cf0-442a-a1d3-be96cfda0f8c (length 1916) has no trained clipping model
[2025-07-09 17:05:00.396] [jointLog] [warning] read 46e32994-d01b-485b-873f-0388784dec4d (length 3540 - align length 3530) has no trained error model
[2025-07-09 17:05:00.396] [jointLog] [warning] read 46e32994-d01b-485b-873f-0388784dec4d (length 3540) has no trained clipping model
[2025-07-09 17:05:00.396] [jointLog] [warning] read 46e32994-d01b-485b-873f-0388784dec4d (length 3540) has no trained clipping model
[2025-07-09 17:05:00.397] [jointLog] [warning] read bfdae2e5-4f8c-4d82-ada7-dfca6df77977 (length 3944 - align length 3884) has no trained error model
[2025-07-09 17:05:00.397] [jointLog] [warning] read bfdae2e5-4f8c-4d82-ada7-dfca6df77977 (length 3944) has no trained clipping model
[2025-07-09 17:05:00.397] [jointLog] [warning] read bfdae2e5-4f8c-4d82-ada7-dfca6df77977 (length 3944) has no trained clipping model
[2025-07-09 17:05:00.397] [jointLog] [warning] read f95d7171-9063-40d6-8d78-37823d56f01c (length 3150 - align length 3149) has no trained error model
[2025-07-09 17:05:00.397] [jointLog] [warning] read f95d7171-9063-40d6-8d78-37823d56f01c (length 3150) has no trained clipping model
[2025-07-09 17:05:00.397] [jointLog] [warning] read f95d7171-9063-40d6-8d78-37823d56f01c (length 3150) has no trained clipping model
[2025-07-09 17:05:00.399] [jointLog] [warning] read b07e1582-653b-4728-8909-9ed8025d2de7 (length 2409) has no trained clipping model
[2025-07-09 17:05:00.400] [jointLog] [warning] read 77ed8039-26a2-491d-b88e-6fb1d79a1d47 (length 4423 - align length 4314) has no trained error model
[2025-07-09 17:05:00.400] [jointLog] [warning] read 77ed8039-26a2-491d-b88e-6fb1d79a1d47 (length 4423) has no trained clipping model
[2025-07-09 17:05:00.400] [jointLog] [warning] read 77ed8039-26a2-491d-b88e-6fb1d79a1d47 (length 4423) has no trained clipping model
[2025-07-09 17:05:00.400] [jointLog] [warning] read 98a56655-1733-4213-861a-6faf516956bc (length 2608) has no trained clipping model
[2025-07-09 17:05:00.401] [jointLog] [warning] read 795c966e-a990-4d0c-b29d-19d0f59b65cb (length 3978) has no trained clipping model
[2025-07-09 17:05:00.401] [jointLog] [warning] read ec2fa935-ded6-4e92-9485-acc57accd9f1 (length 4369 - align length 3796) has no trained error model
[2025-07-09 17:05:00.401] [jointLog] [warning] read ec2fa935-ded6-4e92-9485-acc57accd9f1 (length 4369) has no trained clipping model
[2025-07-09 17:05:00.401] [jointLog] [warning] read ec2fa935-ded6-4e92-9485-acc57accd9f1 (length 4369) has no trained clipping model
[2025-07-09 17:05:00.401] [jointLog] [warning] read 3b5019b0-1ee7-4301-a4fb-3c66852a41e1 (length 6197 - align length 6187) has no trained error model
[2025-07-09 17:05:00.401] [jointLog] [warning] read 3b5019b0-1ee7-4301-a4fb-3c66852a41e1 (length 6197) has no trained clipping model
[2025-07-09 17:05:00.401] [jointLog] [warning] read 3b5019b0-1ee7-4301-a4fb-3c66852a41e1 (length 6197) has no trained clipping model
[2025-07-09 17:05:00.401] [jointLog] [warning] read d899d1a3-a050-43f3-be33-e7edde29d297 (length 3667 - align length 3657) has no trained error model
[2025-07-09 17:05:00.401] [jointLog] [warning] read d899d1a3-a050-43f3-be33-e7edde29d297 (length 3667) has no trained clipping model
[2025-07-09 17:05:00.401] [jointLog] [warning] read 03a0842b-b8d9-4a5a-ba55-3944d02dbfe1 (length 2862 - align length 2795) has no trained error model
[2025-07-09 17:05:00.402] [jointLog] [warning] read 03a0842b-b8d9-4a5a-ba55-3944d02dbfe1 (length 2862) has no trained clipping model
[2025-07-09 17:05:00.402] [jointLog] [warning] read 48127610-5fb2-463c-af77-99d50c5adf55 (length 5323 - align length 4733) has no trained error model
[2025-07-09 17:05:00.402] [jointLog] [warning] read 48127610-5fb2-463c-af77-99d50c5adf55 (length 5323) has no trained clipping model
[2025-07-09 17:05:00.402] [jointLog] [warning] read 48127610-5fb2-463c-af77-99d50c5adf55 (length 5323) has no trained clipping model
[2025-07-09 17:05:00.402] [jointLog] [warning] read 0b8515a2-584b-478d-875f-8c4a0906f9e4 (length 2499) has no trained clipping model
[2025-07-09 17:05:00.402] [jointLog] [warning] read 4ef78b44-f901-42fa-a880-525466790535 (length 3100) has no trained clipping model
[2025-07-09 17:05:00.403] [jointLog] [warning] read 27239d07-42ed-403e-a36d-cd02dd12cdcf (length 3169) has no trained clipping model
[2025-07-09 17:05:00.403] [jointLog] [warning] read 16558bf5-dc4f-4751-853c-7760af91e110 (length 3073 - align length 3061) has no trained error model
[2025-07-09 17:05:00.404] [jointLog] [warning] read 296bdd71-47b5-464d-b2f5-e3e52a4903b5 (length 3996 - align length 3981) has no trained error model
[2025-07-09 17:05:00.404] [jointLog] [warning] read 296bdd71-47b5-464d-b2f5-e3e52a4903b5 (length 3996) has no trained clipping model
[2025-07-09 17:05:00.404] [jointLog] [warning] read 7af5eb95-0858-46b2-8116-74717e2fd414 (length 2625) has no trained clipping model
[2025-07-09 17:05:00.404] [jointLog] [warning] read 11f37946-0cb6-48c5-8101-b4470333a8c2 (length 2929 - align length 2919) has no trained error model
[2025-07-09 17:05:00.404] [jointLog] [warning] read 11f37946-0cb6-48c5-8101-b4470333a8c2 (length 2929) has no trained clipping model
[2025-07-09 17:05:00.404] [jointLog] [warning] read b7be294c-c299-4b2b-9ca3-da171667a160 (length 3297) has no trained clipping model
[2025-07-09 17:05:00.404] [jointLog] [warning] read 77865584-8caf-4bfd-b140-58dc2b0c4373 (length 2641) has no trained clipping model
[2025-07-09 17:05:00.405] [jointLog] [warning] read 560bc8a8-de5a-4930-b7d4-55515bceef39 (length 2838) has no trained clipping model
[2025-07-09 17:05:00.405] [jointLog] [warning] read 77a7084f-3c99-4118-b2fd-7b1211526bc4 (length 4598 - align length 4596) has no trained error model
[2025-07-09 17:05:00.405] [jointLog] [warning] read 77a7084f-3c99-4118-b2fd-7b1211526bc4 (length 4598) has no trained clipping model
[2025-07-09 17:05:00.405] [jointLog] [warning] read 77a7084f-3c99-4118-b2fd-7b1211526bc4 (length 4598) has no trained clipping model
[2025-07-09 17:05:00.405] [jointLog] [warning] read fd113ba3-d970-44eb-9051-ad615bc27834 (length 3520 - align length 3464) has no trained error model
[2025-07-09 17:05:00.405] [jointLog] [warning] read fd113ba3-d970-44eb-9051-ad615bc27834 (length 3520) has no trained clipping model
[2025-07-09 17:05:00.407] [jointLog] [warning] read 8802cde4-6aa9-495e-a964-c17fcf64d958 (length 8229 - align length 8147) has no trained error model
[2025-07-09 17:05:00.407] [jointLog] [warning] read 8802cde4-6aa9-495e-a964-c17fcf64d958 (length 8229) has no trained clipping model
[2025-07-09 17:05:00.407] [jointLog] [warning] read 8802cde4-6aa9-495e-a964-c17fcf64d958 (length 8229) has no trained clipping model
[2025-07-09 17:05:00.407] [jointLog] [warning] read 71cdd11b-f177-4dde-9e7e-74980e9a77cd (length 5106 - align length 5015) has no trained error model
[2025-07-09 17:05:00.407] [jointLog] [warning] read 71cdd11b-f177-4dde-9e7e-74980e9a77cd (length 5106) has no trained clipping model
[2025-07-09 17:05:00.407] [jointLog] [warning] read 71cdd11b-f177-4dde-9e7e-74980e9a77cd (length 5106) has no trained clipping model
[2025-07-09 17:05:00.408] [jointLog] [warning] read 7770e0b4-4882-49d4-a641-d4b6e32d3cd4 (length 3255) has no trained clipping model
[2025-07-09 17:05:00.408] [jointLog] [warning] read 3114eca4-404b-42a9-b9fa-51b938bb9016 (length 3923) has no trained clipping model
[2025-07-09 17:05:00.408] [jointLog] [warning] read 76bdaa23-62bb-4194-ac80-cebc7593c9fc (length 3954) has no trained clipping model
[2025-07-09 17:05:00.408] [jointLog] [warning] read cdc383f3-886c-4b48-b431-97dcf0c7d407 (length 4185 - align length 4174) has no trained error model
[2025-07-09 17:05:00.408] [jointLog] [warning] read cdc383f3-886c-4b48-b431-97dcf0c7d407 (length 4185) has no trained clipping model
[2025-07-09 17:05:00.408] [jointLog] [warning] read cdc383f3-886c-4b48-b431-97dcf0c7d407 (length 4185) has no trained clipping model
[2025-07-09 17:05:00.408] [jointLog] [warning] read 2b0f3ef3-f72b-4752-8356-a4acfa413162 (length 3836 - align length 3736) has no trained error model
[2025-07-09 17:05:00.408] [jointLog] [warning] read 2b0f3ef3-f72b-4752-8356-a4acfa413162 (length 3836) has no trained clipping model
[2025-07-09 17:05:00.408] [jointLog] [warning] read 2b0f3ef3-f72b-4752-8356-a4acfa413162 (length 3836) has no trained clipping model
[2025-07-09 17:05:00.412] [jointLog] [warning] read c365136c-c79b-49b1-9837-f1f62cecde51 (length 3722 - align length 3707) has no trained error model
[2025-07-09 17:05:00.412] [jointLog] [warning] read c365136c-c79b-49b1-9837-f1f62cecde51 (length 3722) has no trained clipping model
[2025-07-09 17:05:00.412] [jointLog] [warning] read c365136c-c79b-49b1-9837-f1f62cecde51 (length 3722) has no trained clipping model
[2025-07-09 17:05:00.413] [jointLog] [warning] read 4688a562-1d16-4657-8127-51c4753d4fc7 (length 5079 - align length 5062) has no trained error model
[2025-07-09 17:05:00.413] [jointLog] [warning] read 4688a562-1d16-4657-8127-51c4753d4fc7 (length 5079) has no trained clipping model
[2025-07-09 17:05:00.413] [jointLog] [warning] read 4688a562-1d16-4657-8127-51c4753d4fc7 (length 5079) has no trained clipping model
[2025-07-09 17:05:00.413] [jointLog] [warning] read e33b8b9e-d2da-4e80-872c-b045f705057b (length 5316 - align length 5287) has no trained error model
[2025-07-09 17:05:00.413] [jointLog] [warning] read e33b8b9e-d2da-4e80-872c-b045f705057b (length 5316) has no trained clipping model
[2025-07-09 17:05:00.413] [jointLog] [warning] read af9c8e08-ef4d-41a1-94bb-b1d74e04e3fe (length 4007 - align length 3432) has no trained error model
[2025-07-09 17:05:00.413] [jointLog] [warning] read af9c8e08-ef4d-41a1-94bb-b1d74e04e3fe (length 4007) has no trained clipping model
[2025-07-09 17:05:00.413] [jointLog] [warning] read af9c8e08-ef4d-41a1-94bb-b1d74e04e3fe (length 4007) has no trained clipping model
[2025-07-09 17:05:00.414] [jointLog] [warning] read 59ebf962-2ff6-4d0e-b696-3bf53e353008 (length 3231) has no trained clipping model
[2025-07-09 17:05:00.415] [jointLog] [warning] read ff5dc75c-1824-4a3d-9d81-4046fb5576c8 (length 3250) has no trained clipping model
[2025-07-09 17:05:00.416] [jointLog] [warning] read 7400e42f-7e74-4287-a610-1a9e88434c9b (length 4051 - align length 4050) has no trained error model
[2025-07-09 17:05:00.418] [jointLog] [warning] read 326f0e17-c859-4384-8257-7b3fbcd6c329 (length 4686 - align length 4041) has no trained error model
[2025-07-09 17:05:00.418] [jointLog] [warning] read 326f0e17-c859-4384-8257-7b3fbcd6c329 (length 4686) has no trained clipping model
[2025-07-09 17:05:00.418] [jointLog] [warning] read 326f0e17-c859-4384-8257-7b3fbcd6c329 (length 4686) has no trained clipping model
[2025-07-09 17:05:00.418] [jointLog] [warning] read 4539e660-5e6e-47cf-aa5f-cc1a7f192181 (length 4189) has no trained clipping model
[2025-07-09 17:05:00.419] [jointLog] [warning] read 4a0e0b52-33ac-402c-9654-c214af57dfb1 (length 4355 - align length 4294) has no trained error model
[2025-07-09 17:05:00.419] [jointLog] [warning] read 4a0e0b52-33ac-402c-9654-c214af57dfb1 (length 4355) has no trained clipping model
[2025-07-09 17:05:00.419] [jointLog] [warning] read 3e7265f2-e2a5-43f3-a7dd-2d5e31d3b530 (length 4432 - align length 4409) has no trained error model
[2025-07-09 17:05:00.421] [jointLog] [warning] read ef00cab3-db79-4016-bb38-d19933e23354 (length 5554 - align length 5508) has no trained error model
[2025-07-09 17:05:00.421] [jointLog] [warning] read ef00cab3-db79-4016-bb38-d19933e23354 (length 5554) has no trained clipping model
[2025-07-09 17:05:00.421] [jointLog] [warning] read ef00cab3-db79-4016-bb38-d19933e23354 (length 5554) has no trained clipping model
[2025-07-09 17:05:00.421] [jointLog] [warning] read 24944c59-f6a3-43a6-80a3-26126c2c0ae6 (length 4260 - align length 4230) has no trained error model
[2025-07-09 17:05:00.421] [jointLog] [warning] read 24944c59-f6a3-43a6-80a3-26126c2c0ae6 (length 4260) has no trained clipping model
[2025-07-09 17:05:00.421] [jointLog] [warning] read 24944c59-f6a3-43a6-80a3-26126c2c0ae6 (length 4260) has no trained clipping model
[2025-07-09 17:05:00.422] [jointLog] [warning] read 22990309-9ec9-43d4-b7a9-cb202d6b044a (length 5132 - align length 5101) has no trained error model
[2025-07-09 17:05:00.424] [jointLog] [warning] read db3f88aa-b0ba-4326-b1c8-c875cfe9162e (length 5869 - align length 3538) has no trained error model
[2025-07-09 17:05:00.424] [jointLog] [warning] read db3f88aa-b0ba-4326-b1c8-c875cfe9162e (length 5869) has no trained clipping model
[2025-07-09 17:05:00.424] [jointLog] [warning] read db3f88aa-b0ba-4326-b1c8-c875cfe9162e (length 5869) has no trained clipping model
[2025-07-09 17:05:00.425] [jointLog] [warning] read 2c751d46-587e-4164-8949-7fcd9d579ce0 (length 4640 - align length 4639) has no trained error model
[2025-07-09 17:05:00.426] [jointLog] [warning] read 96133fb0-d17d-4fc4-bc36-8baab6fe89af (length 3402 - align length 3383) has no trained error model
[2025-07-09 17:05:00.426] [jointLog] [warning] read 96133fb0-d17d-4fc4-bc36-8baab6fe89af (length 3402) has no trained clipping model
[2025-07-09 17:05:00.426] [jointLog] [warning] read 96133fb0-d17d-4fc4-bc36-8baab6fe89af (length 3402) has no trained clipping model
[2025-07-09 17:05:00.428] [jointLog] [warning] read f2db446e-0100-44d7-ba41-eb25e227d16b (length 6301 - align length 2556) has no trained error model
[2025-07-09 17:05:00.428] [jointLog] [warning] read f2db446e-0100-44d7-ba41-eb25e227d16b (length 6301) has no trained clipping model
[2025-07-09 17:05:00.428] [jointLog] [warning] read f2db446e-0100-44d7-ba41-eb25e227d16b (length 6301) has no trained clipping model
[2025-07-09 17:05:00.435] [jointLog] [warning] read 4408d023-191d-4fce-a620-a8ad43a6ef46 (length 5434 - align length 5381) has no trained error model
[2025-07-09 17:05:00.435] [jointLog] [warning] read 4408d023-191d-4fce-a620-a8ad43a6ef46 (length 5434) has no trained clipping model
[2025-07-09 17:05:00.435] [jointLog] [warning] read 4408d023-191d-4fce-a620-a8ad43a6ef46 (length 5434) has no trained clipping model
[2025-07-09 17:05:00.436] [jointLog] [warning] read d066498b-9edd-40bb-ac01-de08e55bc982 (length 4816 - align length 4809) has no trained error model
[2025-07-09 17:05:00.436] [jointLog] [warning] read d066498b-9edd-40bb-ac01-de08e55bc982 (length 4816) has no trained clipping model
[2025-07-09 17:05:00.436] [jointLog] [warning] read d066498b-9edd-40bb-ac01-de08e55bc982 (length 4816) has no trained clipping model
[2025-07-09 17:05:00.436] [jointLog] [warning] (in update()) CIGAR string for read [b059ef3a-5a81-4866-88b4-ae5141ecc39e] seems inconsistent. It implied an error rate greater than 1: 1.10615 0.0141593 0.0438053
[2025-07-09 17:05:00.437] [jointLog] [warning] read 2caaf026-0b03-43c3-bf6c-9bcd677638c1 (length 3414) has no trained clipping model
[2025-07-09 17:05:00.437] [jointLog] [warning] (in update()) CIGAR string for read [2caaf026-0b03-43c3-bf6c-9bcd677638c1] seems inconsistent. It implied an error rate greater than 1: 1.34605 0 0.00205038
[2025-07-09 17:05:00.437] [jointLog] [warning] read fd2f50d4-27f6-4f66-af61-ec91f01b2da3 (length 5880 - align length 5733) has no trained error model
[2025-07-09 17:05:00.442] [jointLog] [warning] read d045b2a5-7efb-4406-86b2-f6830d0a45eb (length 3471) has no trained clipping model
[2025-07-09 17:05:00.443] [jointLog] [warning] read 196378d1-8159-4012-acee-7e018a911ade (length 6023 - align length 5614) has no trained error model
[2025-07-09 17:05:00.443] [jointLog] [warning] read 196378d1-8159-4012-acee-7e018a911ade (length 6023) has no trained clipping model
[2025-07-09 17:05:00.443] [jointLog] [warning] read 196378d1-8159-4012-acee-7e018a911ade (length 6023) has no trained clipping model
[2025-07-09 17:05:00.444] [jointLog] [warning] read db215416-93b8-4e27-be72-272476f80074 (length 4760) has no trained clipping model
[2025-07-09 17:05:00.444] [jointLog] [warning] read db215416-93b8-4e27-be72-272476f80074 (length 4760) has no trained clipping model
[2025-07-09 17:05:00.445] [jointLog] [warning] read 2b4a1764-05a7-48bf-b4f3-83cfacb272c5 (length 7090 - align length 7083) has no trained error model
[2025-07-09 17:05:00.445] [jointLog] [warning] read 2b4a1764-05a7-48bf-b4f3-83cfacb272c5 (length 7090) has no trained clipping model
[2025-07-09 17:05:00.445] [jointLog] [warning] read 2b4a1764-05a7-48bf-b4f3-83cfacb272c5 (length 7090) has no trained clipping model
[2025-07-09 17:05:00.447] [jointLog] [warning] read cf0b0ae8-ddff-4f58-a925-d8b9f1f3d2a7 (length 4576) has no trained clipping model
[2025-07-09 17:05:00.447] [jointLog] [warning] read 82a96c3e-6264-4666-a5e4-56c17d41d3ec (length 4764) has no trained clipping model
[2025-07-09 17:05:00.448] [jointLog] [warning] read e00dd077-0e7f-4b3e-b045-4e0f0dc2a81b (length 3477) has no trained clipping model
[2025-07-09 17:05:00.449] [jointLog] [warning] (in update()) CIGAR string for read [342da98e-2509-423d-8601-3b4412ff4ef1] seems inconsistent. It implied an error rate greater than 1: 1.11512 0.00621118 0.0900621
[2025-07-09 17:05:00.450] [jointLog] [warning] read 0f823aab-b4cf-4ee7-aa33-3b8df1c71988 (length 3418) has no trained clipping model
[2025-07-09 17:05:00.454] [jointLog] [warning] read 6029b37d-e4a5-499e-8306-0244c0c0b722 (length 4582) has no trained clipping model
[2025-07-09 17:05:00.457] [jointLog] [warning] read a86de56f-ea82-4250-8e4b-fa8c81a0ff61 (length 6832 - align length 6808) has no trained error model
[2025-07-09 17:05:00.457] [jointLog] [warning] read a86de56f-ea82-4250-8e4b-fa8c81a0ff61 (length 6832) has no trained clipping model
[2025-07-09 17:05:00.457] [jointLog] [warning] read a86de56f-ea82-4250-8e4b-fa8c81a0ff61 (length 6832) has no trained clipping model
[2025-07-09 17:05:00.457] [jointLog] [warning] read f2731ef1-3c5c-4c2b-bff0-ad7074b0c16d (length 7909 - align length 6310) has no trained error model
[2025-07-09 17:05:00.457] [jointLog] [warning] read f2731ef1-3c5c-4c2b-bff0-ad7074b0c16d (length 7909) has no trained clipping model
[2025-07-09 17:05:00.457] [jointLog] [warning] read f2731ef1-3c5c-4c2b-bff0-ad7074b0c16d (length 7909) has no trained clipping model
[2025-07-09 17:05:00.458] [jointLog] [warning] read ab0edf39-da91-49b6-abfa-7f6ced677f1c (length 6418 - align length 6395) has no trained error model
[2025-07-09 17:05:00.458] [jointLog] [warning] read ab0edf39-da91-49b6-abfa-7f6ced677f1c (length 6418) has no trained clipping model
[2025-07-09 17:05:00.458] [jointLog] [warning] read ab0edf39-da91-49b6-abfa-7f6ced677f1c (length 6418) has no trained clipping model
[2025-07-09 17:05:00.465] [jointLog] [warning] read 323466f0-8832-4579-a83f-025a8da3a450 (length 6140 - align length 6084) has no trained error model
[2025-07-09 17:05:00.475] [jointLog] [warning] read 6035d94b-58a3-45b0-80bf-db485d46c16b (length 5575 - align length 5467) has no trained error model
[2025-07-09 17:05:00.475] [jointLog] [warning] read 6035d94b-58a3-45b0-80bf-db485d46c16b (length 5575) has no trained clipping model
[2025-07-09 17:05:00.480] [jointLog] [warning] read 34b441e1-c8d4-4b5b-bca3-48a4b40a645f (length 5411) has no trained clipping model
[2025-07-09 17:05:00.484] [jointLog] [warning] (in update()) CIGAR string for read [c52c140a-9c29-45c5-9dfb-82b196e82a1d] seems inconsistent. It implied an error rate greater than 1: 1.03531 0.00873362 0.084425
[2025-07-09 17:05:00.488] [jointLog] [warning] read 4ff249fd-6a08-4ebd-855b-d8068e48d9f9 (length 4929) has no trained clipping model
[2025-07-09 17:05:00.489] [jointLog] [warning] read 2a7005e9-afe7-4e6e-86c7-33bb7d773722 (length 7840 - align length 7840) has no trained error model
[2025-07-09 17:05:00.489] [jointLog] [warning] read 2a7005e9-afe7-4e6e-86c7-33bb7d773722 (length 7840) has no trained clipping model
[2025-07-09 17:05:00.489] [jointLog] [warning] read 2a7005e9-afe7-4e6e-86c7-33bb7d773722 (length 7840) has no trained clipping model
[2025-07-09 17:05:00.490] [jointLog] [info] Automatically detected most likely library type as SF

[2025-07-09 17:05:00.518] [jointLog] [warning] read 4e1a957f-78b5-46a2-bfe4-3d5ea65b5e50 (length 7430 - align length 7153) has no trained error model
[2025-07-09 17:05:00.518] [jointLog] [warning] read 4e1a957f-78b5-46a2-bfe4-3d5ea65b5e50 (length 7430) has no trained clipping model
[2025-07-09 17:05:00.518] [jointLog] [warning] read 4e1a957f-78b5-46a2-bfe4-3d5ea65b5e50 (length 7430) has no trained clipping model
[2025-07-09 17:05:00.519] [jointLog] [warning] (in update()) CIGAR string for read [304a7ea5-3519-46fe-ae36-4b3235db5b1e] seems inconsistent. It implied an error rate greater than 1: 1.25446 0 0.00931829
[2025-07-09 17:05:00.519] [jointLog] [warning] read 896324e2-0db5-4420-8c02-07ce8d31bdd2 (length 7081) has no trained clipping model
[2025-07-09 17:05:00.520] [jointLog] [warning] read 41433a9a-5053-41e6-b189-85e30fa17884 (length 7464 - align length 7409) has no trained error model
[2025-07-09 17:05:00.524] [jointLog] [warning] read 4682851f-d46e-4615-9be3-ebfa1296da73 (length 5947 - align length 5942) has no trained error model
[2025-07-09 17:05:00.524] [jointLog] [warning] read 4682851f-d46e-4615-9be3-ebfa1296da73 (length 5947) has no trained clipping model
[2025-07-09 17:05:00.524] [jointLog] [warning] read 4682851f-d46e-4615-9be3-ebfa1296da73 (length 5947) has no trained clipping model
[2025-07-09 17:05:00.547] [jointLog] [warning] (in update()) CIGAR string for read [e0811639-47d5-4635-8f7e-1e9d68e6c0b8] seems inconsistent. It implied an error rate greater than 1: 1.38763 0.0011976 0.00628743
[2025-07-09 17:05:00.550] [jointLog] [warning] read 1d415840-2346-40aa-b9c4-5f8716a5821f (length 7138 - align length 6903) has no trained error model
[2025-07-09 17:05:00.550] [jointLog] [warning] read 1d415840-2346-40aa-b9c4-5f8716a5821f (length 7138) has no trained clipping model
[2025-07-09 17:05:00.550] [jointLog] [warning] read 1d415840-2346-40aa-b9c4-5f8716a5821f (length 7138) has no trained clipping model
[2025-07-09 17:05:00.552] [jointLog] [warning] read a60ba786-bbad-46a6-9d6b-5f5022ec507f (length 6658 - align length 6615) has no trained error model
[2025-07-09 17:05:00.552] [jointLog] [warning] read a60ba786-bbad-46a6-9d6b-5f5022ec507f (length 6658) has no trained clipping model
[2025-07-09 17:05:00.552] [jointLog] [warning] read a60ba786-bbad-46a6-9d6b-5f5022ec507f (length 6658) has no trained clipping model
[2025-07-09 17:05:00.567] [jointLog] [warning] read ff3fc965-12cd-426d-ae36-c6a8e90e662e (length 9570 - align length 8667) has no trained error model
[2025-07-09 17:05:00.567] [jointLog] [warning] read ff3fc965-12cd-426d-ae36-c6a8e90e662e (length 9570) has no trained clipping model
[2025-07-09 17:05:00.567] [jointLog] [warning] read ff3fc965-12cd-426d-ae36-c6a8e90e662e (length 9570) has no trained clipping model
[2025-07-09 17:05:00.571] [jointLog] [warning] read 77b23b25-88a0-40b6-82eb-8ff6b74e012a (length 5981) has no trained clipping model
[2025-07-09 17:05:00.574] [jointLog] [warning] read 8725d8db-a46a-43f4-a871-e6f11d71ded1 (length 6962 - align length 2541) has no trained error model
[2025-07-09 17:05:00.574] [jointLog] [warning] read 8725d8db-a46a-43f4-a871-e6f11d71ded1 (length 6962) has no trained clipping model
[2025-07-09 17:05:00.574] [jointLog] [warning] read 8725d8db-a46a-43f4-a871-e6f11d71ded1 (length 6962) has no trained clipping model
[2025-07-09 17:05:00.578] [jointLog] [warning] (in update()) CIGAR string for read [990b2396-9a79-4579-9678-c20cde6a41c1] seems inconsistent. It implied an error rate greater than 1: 1.20833 0 0.102417
[2025-07-09 17:05:00.583] [jointLog] [warning] read 0c5fbea9-9107-42bf-917a-72bef09bd1a7 (length 6282 - align length 6066) has no trained error model
[2025-07-09 17:05:00.583] [jointLog] [warning] read 0c5fbea9-9107-42bf-917a-72bef09bd1a7 (length 6282) has no trained clipping model
[2025-07-09 17:05:00.583] [jointLog] [warning] read 0c5fbea9-9107-42bf-917a-72bef09bd1a7 (length 6282) has no trained clipping model
[2025-07-09 17:05:00.604] [jointLog] [warning] (in update()) CIGAR string for read [36941ff5-00d6-4551-8dd5-a70390f6e0bf] seems inconsistent. It implied an error rate greater than 1: 1.12139 0 0.0044757
[2025-07-09 17:05:00.604] [jointLog] [warning] read 2610c5f4-c28e-42e1-8e48-fb2d3f4ac8c5 (length 6729 - align length 6684) has no trained error model
[2025-07-09 17:05:00.604] [jointLog] [warning] read 2610c5f4-c28e-42e1-8e48-fb2d3f4ac8c5 (length 6729) has no trained clipping model
[2025-07-09 17:05:00.604] [jointLog] [warning] read 2610c5f4-c28e-42e1-8e48-fb2d3f4ac8c5 (length 6729) has no trained clipping model
[2025-07-09 17:05:00.615] [jointLog] [warning] read 326562a8-6a2a-4bf5-b53e-89d201583b41 (length 7373 - align length 7366) has no trained error model
[2025-07-09 17:05:00.615] [jointLog] [warning] read 326562a8-6a2a-4bf5-b53e-89d201583b41 (length 7373) has no trained clipping model
[2025-07-09 17:05:00.615] [jointLog] [warning] read 326562a8-6a2a-4bf5-b53e-89d201583b41 (length 7373) has no trained clipping model
[2025-07-09 17:05:00.618] [jointLog] [warning] (in update()) CIGAR string for read [7265b19f-49a7-412e-a035-ef5827c08d1c] seems inconsistent. It implied an error rate greater than 1: 1.11842 0.0133393 0.0404624
[2025-07-09 17:05:00.625] [jointLog] [warning] read 2c2834b0-b8fe-4734-904c-f2b7e93780d8 (length 7626 - align length 7609) has no trained error model
[2025-07-09 17:05:00.625] [jointLog] [warning] read 2c2834b0-b8fe-4734-904c-f2b7e93780d8 (length 7626) has no trained clipping model
[2025-07-09 17:05:00.625] [jointLog] [warning] read 2c2834b0-b8fe-4734-904c-f2b7e93780d8 (length 7626) has no trained clipping model
[2025-07-09 17:05:00.386] [fileLog] [info] quantification processed 0 fragments so far

[2025-07-09 17:05:00.669] [jointLog] [warning] (in update()) CIGAR string for read [e7885d93-a282-42f7-8bd0-ca1070dff3bf] seems inconsistent. It implied an error rate greater than 1: 1.34582 0.00058326 0.00262467
[2025-07-09 17:05:00.676] [jointLog] [warning] read 637e5b22-1328-4502-a9f9-878e95d84d0b (length 5966) has no trained clipping model
[2025-07-09 17:05:00.681] [jointLog] [warning] read 3678568b-3ce4-48f0-b779-ba25ec2183a2 (length 5254 - align length 5184) has no trained error model
[2025-07-09 17:05:00.681] [jointLog] [warning] read 3678568b-3ce4-48f0-b779-ba25ec2183a2 (length 5254) has no trained clipping model
[2025-07-09 17:05:00.681] [jointLog] [warning] read 3678568b-3ce4-48f0-b779-ba25ec2183a2 (length 5254) has no trained clipping model
[2025-07-09 17:05:00.687] [jointLog] [warning] read b0acacd7-5001-4bd7-a108-856e572698b7 (length 5246) has no trained clipping model
[2025-07-09 17:05:00.714] [jointLog] [warning] read 7d8e20da-5e68-489b-b7e6-284cbb4ca131 (length 7462 - align length 6237) has no trained error model
[2025-07-09 17:05:00.714] [jointLog] [warning] read 8eea9c99-b018-4554-a8f8-ec6f4067fa0f (length 5661 - align length 5584) has no trained error model
[2025-07-09 17:05:00.714] [jointLog] [warning] read 8eea9c99-b018-4554-a8f8-ec6f4067fa0f (length 5661) has no trained clipping model
[2025-07-09 17:05:00.714] [jointLog] [warning] read 8eea9c99-b018-4554-a8f8-ec6f4067fa0f (length 5661) has no trained clipping model
[2025-07-09 17:05:00.747] [jointLog] [warning] read 54f60491-490d-4262-884d-11c5287fa13c (length 5298) has no trained clipping model
[2025-07-09 17:05:00.789] [jointLog] [warning] read bf530694-fe6a-44ed-9fa3-80a17cce1e7b (length 7389) has no trained clipping model
[2025-07-09 17:05:00.799] [jointLog] [warning] read 220dce11-53ec-4095-b6d4-fbe6b893e361 (length 8725 - align length 6740) has no trained error model
[2025-07-09 17:05:00.799] [jointLog] [warning] read 220dce11-53ec-4095-b6d4-fbe6b893e361 (length 8725) has no trained clipping model
[2025-07-09 17:05:00.799] [jointLog] [warning] read 220dce11-53ec-4095-b6d4-fbe6b893e361 (length 8725) has no trained clipping model
[2025-07-09 17:05:00.800] [jointLog] [warning] read 122370a5-1956-448d-9b2d-36484603824f (length 6551 - align length 4506) has no trained error model
[2025-07-09 17:05:00.800] [jointLog] [warning] read 122370a5-1956-448d-9b2d-36484603824f (length 6551) has no trained clipping model
[2025-07-09 17:05:00.800] [jointLog] [warning] read 122370a5-1956-448d-9b2d-36484603824f (length 6551) has no trained clipping model
[2025-07-09 17:05:00.813] [jointLog] [warning] read 8a48f79e-c4de-4e8d-99f0-bb424446724c (length 5269) has no trained clipping model
[2025-07-09 17:05:00.837] [jointLog] [warning] read 34bb90f8-9c3f-4363-9fe3-872900ec4935 (length 6471 - align length 6429) has no trained error model
[2025-07-09 17:05:00.848] [jointLog] [warning] read efae606a-e94a-4c6c-8525-4ebb04850a57 (length 8637 - align length 8611) has no trained error model
[2025-07-09 17:05:00.848] [jointLog] [warning] read efae606a-e94a-4c6c-8525-4ebb04850a57 (length 8637) has no trained clipping model
[2025-07-09 17:05:00.848] [jointLog] [warning] read efae606a-e94a-4c6c-8525-4ebb04850a57 (length 8637) has no trained clipping model
[2025-07-09 17:05:00.857] [jointLog] [warning] read 4d4d4e8b-e812-45e5-bbac-16eb65f31f7a (length 5726 - align length 5623) has no trained error model
[2025-07-09 17:05:00.857] [jointLog] [warning] read 4d4d4e8b-e812-45e5-bbac-16eb65f31f7a (length 5726) has no trained clipping model
[2025-07-09 17:05:00.857] [jointLog] [warning] read 4d4d4e8b-e812-45e5-bbac-16eb65f31f7a (length 5726) has no trained clipping model
[2025-07-09 17:05:00.914] [jointLog] [warning] (in update()) CIGAR string for read [7bf16c6f-172e-4414-a20e-7a6e9c7f0de7] seems inconsistent. It implied an error rate greater than 1: 1.35028 0.000585652 0.00292826
[2025-07-09 17:05:00.921] [jointLog] [warning] read 270bb6d3-fc35-4e92-8df0-8d005ef27a2d (length 5824 - align length 5824) has no trained error model
[2025-07-09 17:05:00.932] [jointLog] [warning] (in update()) CIGAR string for read [7694a80b-97c6-40b8-8645-d556456eaf29] seems inconsistent. It implied an error rate greater than 1: 1.12932 0.0126697 0.0321267
[2025-07-09 17:05:00.955] [jointLog] [warning] read de77e7f7-a5f3-4e7e-a8e9-a98147069a10 (length 7999 - align length 7931) has no trained error model
[2025-07-09 17:05:00.990] [jointLog] [warning] read 7b478dff-8ce3-439b-9710-ac4492599907 (length 8055 - align length 8029) has no trained error model
[2025-07-09 17:05:00.990] [jointLog] [warning] read 7b478dff-8ce3-439b-9710-ac4492599907 (length 8055) has no trained clipping model
[2025-07-09 17:05:00.990] [jointLog] [warning] read 7b478dff-8ce3-439b-9710-ac4492599907 (length 8055) has no trained clipping model
[2025-07-09 17:05:01.021] [jointLog] [warning] (in update()) CIGAR string for read [2d0dcdb0-6e9a-4f28-8233-17f2a5875a82] seems inconsistent. It implied an error rate greater than 1: 1.13425 0.00668896 0.0217391
[2025-07-09 17:05:01.051] [jointLog] [warning] read a0601d93-8aa7-4d52-985e-b25cd5dc7b98 (length 8897 - align length 1327) has no trained error model
[2025-07-09 17:05:01.051] [jointLog] [warning] read a0601d93-8aa7-4d52-985e-b25cd5dc7b98 (length 8897) has no trained clipping model
[2025-07-09 17:05:01.051] [jointLog] [warning] read a0601d93-8aa7-4d52-985e-b25cd5dc7b98 (length 8897) has no trained clipping model
[2025-07-09 17:05:01.067] [jointLog] [warning] (in update()) CIGAR string for read [1198a0c0-f831-4963-99c0-896856a954d9] seems inconsistent. It implied an error rate greater than 1: 1.45805 0 0.056962
[2025-07-09 17:05:01.108] [jointLog] [warning] read 8b75a678-e428-4255-991b-f309ac455963 (length 10264 - align length 10203) has no trained error model
[2025-07-09 17:05:01.108] [jointLog] [warning] read 8b75a678-e428-4255-991b-f309ac455963 (length 10264) has no trained clipping model
[2025-07-09 17:05:01.108] [jointLog] [warning] read 8b75a678-e428-4255-991b-f309ac455963 (length 10264) has no trained clipping model
[2025-07-09 17:05:01.122] [jointLog] [warning] read 768df4e6-e804-40ac-886e-72f970f94bea (length 7306 - align length 7269) has no trained error model
[2025-07-09 17:05:01.122] [jointLog] [warning] read 768df4e6-e804-40ac-886e-72f970f94bea (length 7306) has no trained clipping model
[2025-07-09 17:05:01.144] [jointLog] [warning] read 95139df9-d339-4e19-8035-e082fa791191 (length 7213 - align length 7133) has no trained error model
[2025-07-09 17:05:01.144] [jointLog] [warning] read 95139df9-d339-4e19-8035-e082fa791191 (length 7213) has no trained clipping model
[2025-07-09 17:05:01.144] [jointLog] [warning] read 95139df9-d339-4e19-8035-e082fa791191 (length 7213) has no trained clipping model
[2025-07-09 17:05:01.150] [jointLog] [warning] (in update()) CIGAR string for read [7c128822-4378-4317-ad40-529c55a95a78] seems inconsistent. It implied an error rate greater than 1: 1.17916 0.0121951 0.0348432
[2025-07-09 17:05:01.205] [jointLog] [warning] read b7796a5b-618d-41f9-abfc-648b70232a90 (length 9255 - align length 8939) has no trained error model
[2025-07-09 17:05:01.205] [jointLog] [warning] read b7796a5b-618d-41f9-abfc-648b70232a90 (length 9255) has no trained clipping model
[2025-07-09 17:05:01.205] [jointLog] [warning] read b7796a5b-618d-41f9-abfc-648b70232a90 (length 9255) has no trained clipping model
[2025-07-09 17:05:01.212] [jointLog] [warning] (in update()) CIGAR string for read [a6601f80-8d01-4af0-80ad-69f9c72feab0] seems inconsistent. It implied an error rate greater than 1: 1.59425 0 0.0214815
[2025-07-09 17:05:01.308] [jointLog] [warning] (in update()) CIGAR string for read [59ec8085-5508-481a-8da2-1f4a338e2acf] seems inconsistent. It implied an error rate greater than 1: 1.35788 0 0.0176505
[2025-07-09 17:05:01.329] [jointLog] [warning] (in update()) CIGAR string for read [2769b564-5326-4a4f-b5e5-8a731a94e90e] seems inconsistent. It implied an error rate greater than 1: 1.586 0.00221239 0.00737463
[2025-07-09 17:05:01.360] [jointLog] [warning] read ff8ffd46-cebc-4be3-8094-61403a7f4403 (length 11220 - align length 11144) has no trained error model
[2025-07-09 17:05:01.360] [jointLog] [warning] read ff8ffd46-cebc-4be3-8094-61403a7f4403 (length 11220) has no trained clipping model
[2025-07-09 17:05:01.360] [jointLog] [warning] read ff8ffd46-cebc-4be3-8094-61403a7f4403 (length 11220) has no trained clipping model
[2025-07-09 17:05:01.362] [jointLog] [warning] read 1137c1b9-d43a-40ad-8adf-4d54f0f35d25 (length 6860) has no trained clipping model
[2025-07-09 17:05:01.400] [jointLog] [warning] read a3cace9c-11da-4e77-8f95-0d52cdb94d77 (length 7628) has no trained clipping model
[2025-07-09 17:05:01.456] [jointLog] [warning] read 5c28d74b-b293-40c6-a90d-7ae9ecdcc920 (length 8319 - align length 8294) has no trained error model
[2025-07-09 17:05:01.456] [jointLog] [warning] read 5c28d74b-b293-40c6-a90d-7ae9ecdcc920 (length 8319) has no trained clipping model
[2025-07-09 17:05:01.456] [jointLog] [warning] read 5c28d74b-b293-40c6-a90d-7ae9ecdcc920 (length 8319) has no trained clipping model
[2025-07-09 17:05:01.513] [jointLog] [warning] read 6c087bac-7c19-4dcd-b68b-1f4762f39b72 (length 7805 - align length 7794) has no trained error model
[2025-07-09 17:05:01.513] [jointLog] [warning] read 6c087bac-7c19-4dcd-b68b-1f4762f39b72 (length 7805) has no trained clipping model
[2025-07-09 17:05:01.513] [jointLog] [warning] read 6c087bac-7c19-4dcd-b68b-1f4762f39b72 (length 7805) has no trained clipping model
[2025-07-09 17:05:01.529] [jointLog] [warning] read 2a366a70-e5a8-4f23-8aa6-933cccbea9cb (length 8494 - align length 8404) has no trained error model
[2025-07-09 17:05:01.529] [jointLog] [warning] read 2a366a70-e5a8-4f23-8aa6-933cccbea9cb (length 8494) has no trained clipping model
[2025-07-09 17:05:01.529] [jointLog] [warning] read 2a366a70-e5a8-4f23-8aa6-933cccbea9cb (length 8494) has no trained clipping model
[2025-07-09 17:05:01.533] [jointLog] [warning] read 79b11330-0380-4d18-a8e7-9238b82ad6b4 (length 6712 - align length 6591) has no trained error model
[2025-07-09 17:05:01.541] [jointLog] [warning] (in update()) CIGAR string for read [31ffd497-9399-4bda-b175-f7e6a97daca7] seems inconsistent. It implied an error rate greater than 1: 1.18821 0 0
[2025-07-09 17:05:01.625] [jointLog] [warning] read 5551af32-0e90-4986-9686-b57327b4ead7 (length 6827) has no trained clipping model
[2025-07-09 17:05:01.631] [jointLog] [warning] read eae6a810-629f-45ec-8e4f-df1a3cec8705 (length 11509 - align length 11481) has no trained error model
[2025-07-09 17:05:01.631] [jointLog] [warning] read eae6a810-629f-45ec-8e4f-df1a3cec8705 (length 11509) has no trained clipping model
[2025-07-09 17:05:01.631] [jointLog] [warning] read eae6a810-629f-45ec-8e4f-df1a3cec8705 (length 11509) has no trained clipping model
[2025-07-09 17:05:01.659] [jointLog] [warning] read a7385168-be83-4dd3-a8b8-0e103880687f (length 8675) has no trained clipping model
[2025-07-09 17:05:01.670] [jointLog] [warning] read 3ec4d3bf-4384-4bad-aad0-0ef79947f4db (length 7529 - align length 7472) has no trained error model
[2025-07-09 17:05:01.670] [jointLog] [warning] read 3ec4d3bf-4384-4bad-aad0-0ef79947f4db (length 7529) has no trained clipping model
[2025-07-09 17:05:01.670] [jointLog] [warning] read 3ec4d3bf-4384-4bad-aad0-0ef79947f4db (length 7529) has no trained clipping model
[2025-07-09 17:05:01.850] [jointLog] [warning] read ae70aef1-b75f-48f9-bf19-0d35101b0c89 (length 8389) has no trained clipping model
[2025-07-09 17:05:01.876] [jointLog] [warning] read 662acbf7-22f3-4eb5-a737-6f0c4245cb50 (length 7780 - align length 3862) has no trained error model
[2025-07-09 17:05:01.876] [jointLog] [warning] read 662acbf7-22f3-4eb5-a737-6f0c4245cb50 (length 7780) has no trained clipping model
[2025-07-09 17:05:01.876] [jointLog] [warning] read 662acbf7-22f3-4eb5-a737-6f0c4245cb50 (length 7780) has no trained clipping model
[2025-07-09 17:05:01.896] [jointLog] [warning] read ca84350f-b921-4e36-a87c-a5101774dfd3 (length 9138 - align length 9047) has no trained error model
[2025-07-09 17:05:01.896] [jointLog] [warning] read ca84350f-b921-4e36-a87c-a5101774dfd3 (length 9138) has no trained clipping model
[2025-07-09 17:05:01.896] [jointLog] [warning] read ca84350f-b921-4e36-a87c-a5101774dfd3 (length 9138) has no trained clipping model
[2025-07-09 17:05:01.986] [jointLog] [warning] read e157fe8b-85ca-4647-bea3-eaa550681759 (length 10148 - align length 9369) has no trained error model
[2025-07-09 17:05:01.986] [jointLog] [warning] read e157fe8b-85ca-4647-bea3-eaa550681759 (length 10148) has no trained clipping model
[2025-07-09 17:05:01.986] [jointLog] [warning] read e157fe8b-85ca-4647-bea3-eaa550681759 (length 10148) has no trained clipping model
[2025-07-09 17:05:01.999] [jointLog] [warning] read 94f3bdba-65b0-4973-88c7-19480d0224a9 (length 7745) has no trained clipping model
[2025-07-09 17:05:02.044] [jointLog] [warning] read e2968d21-916e-4734-a929-85a276a9fcc9 (length 8199 - align length 8195) has no trained error model
[2025-07-09 17:05:02.044] [jointLog] [warning] read e2968d21-916e-4734-a929-85a276a9fcc9 (length 8199) has no trained clipping model
[2025-07-09 17:05:02.044] [jointLog] [warning] read e2968d21-916e-4734-a929-85a276a9fcc9 (length 8199) has no trained clipping model
[2025-07-09 17:05:02.044] [jointLog] [warning] read 8a029a69-74ce-40e6-a5f8-11a43cc6d4f8 (length 8446 - align length 8355) has no trained error model
[2025-07-09 17:05:02.064] [jointLog] [warning] read 57bcf290-4e7a-4f07-8506-2b5f59bb9688 (length 10131 - align length 9760) has no trained error model
[2025-07-09 17:05:02.082] [jointLog] [warning] read 357c50d2-b62d-4a00-8652-bd560d8f0a15 (length 7676 - align length 7502) has no trained error model
[2025-07-09 17:05:02.145] [jointLog] [warning] read 010a1dc1-70c9-4aa7-bed0-a16fde13bc17 (length 9609 - align length 9525) has no trained error model
[2025-07-09 17:05:02.145] [jointLog] [warning] read 010a1dc1-70c9-4aa7-bed0-a16fde13bc17 (length 9609) has no trained clipping model
[2025-07-09 17:05:02.145] [jointLog] [warning] read 010a1dc1-70c9-4aa7-bed0-a16fde13bc17 (length 9609) has no trained clipping model
[2025-07-09 17:05:02.201] [jointLog] [warning] read 1992fe00-e7e2-4dab-971d-e7cc7b55a0ac (length 7543 - align length 7533) has no trained error model
[2025-07-09 17:05:02.234] [jointLog] [warning] read 97dcae6b-2381-471c-be1a-b5230b5f4e2b (length 9193 - align length 9185) has no trained error model
[2025-07-09 17:05:02.298] [jointLog] [warning] (in update()) CIGAR string for read [21a7448f-6405-4ff7-8684-ab63a6706c12] seems inconsistent. It implied an error rate greater than 1: 1.35949 0 0
[2025-07-09 17:05:02.319] [jointLog] [warning] read 6949c1fe-10e8-4b83-bd14-e943b31a250a (length 8200) has no trained clipping model
[2025-07-09 17:05:02.432] [jointLog] [warning] read 8839c61c-3f29-43ed-b394-4f12c6a67f0c (length 7855) has no trained clipping model
[2025-07-09 17:05:02.464] [jointLog] [warning] read 385a2ad4-b45d-4f99-a19a-3fd0f2aa6569 (length 8524 - align length 8524) has no trained error model
[2025-07-09 17:05:02.464] [jointLog] [warning] read 385a2ad4-b45d-4f99-a19a-3fd0f2aa6569 (length 8524) has no trained clipping model
[2025-07-09 17:05:02.464] [jointLog] [warning] read 385a2ad4-b45d-4f99-a19a-3fd0f2aa6569 (length 8524) has no trained clipping model
[2025-07-09 17:05:02.540] [jointLog] [warning] read e6a2304d-5ddd-4c41-8ac8-3816343a9f6e (length 8776 - align length 8765) has no trained error model
[2025-07-09 17:05:02.657] [jointLog] [warning] read 79845a4a-4d49-40a3-b856-3c54b478bab8 (length 10132 - align length 10078) has no trained error model
[2025-07-09 17:05:02.678] [jointLog] [warning] read dacc6180-5eb9-44ce-9459-0f7c44bc4348 (length 9977 - align length 9915) has no trained error model
[2025-07-09 17:05:02.678] [jointLog] [warning] read dacc6180-5eb9-44ce-9459-0f7c44bc4348 (length 9977) has no trained clipping model
[2025-07-09 17:05:02.678] [jointLog] [warning] read dacc6180-5eb9-44ce-9459-0f7c44bc4348 (length 9977) has no trained clipping model
[2025-07-09 17:05:02.686] [jointLog] [warning] read 021f3fcb-6824-4779-a459-96d081605274 (length 9652) has no trained clipping model
[2025-07-09 17:05:02.690] [jointLog] [warning] read 21dac160-1ab3-4120-b502-e0ffd0dd75d2 (length 12281 - align length 12203) has no trained error model
[2025-07-09 17:05:02.690] [jointLog] [warning] read 21dac160-1ab3-4120-b502-e0ffd0dd75d2 (length 12281) has no trained clipping model
[2025-07-09 17:05:02.690] [jointLog] [warning] read 21dac160-1ab3-4120-b502-e0ffd0dd75d2 (length 12281) has no trained clipping model
[2025-07-09 17:05:02.735] [jointLog] [warning] read b343bb3c-f9aa-421f-867a-b631ddbd8034 (length 10347 - align length 10089) has no trained error model
[2025-07-09 17:05:02.735] [jointLog] [warning] read b343bb3c-f9aa-421f-867a-b631ddbd8034 (length 10347) has no trained clipping model
[2025-07-09 17:05:02.735] [jointLog] [warning] read b343bb3c-f9aa-421f-867a-b631ddbd8034 (length 10347) has no trained clipping model
[2025-07-09 17:05:02.768] [jointLog] [warning] read 7cda8f17-feee-43bd-8c46-73d52efb91f2 (length 10559 - align length 10540) has no trained error model
[2025-07-09 17:05:02.768] [jointLog] [warning] read 7cda8f17-feee-43bd-8c46-73d52efb91f2 (length 10559) has no trained clipping model
[2025-07-09 17:05:02.768] [jointLog] [warning] read 7cda8f17-feee-43bd-8c46-73d52efb91f2 (length 10559) has no trained clipping model
[2025-07-09 17:05:02.779] [jointLog] [warning] (in update()) CIGAR string for read [410f20ff-937e-4b50-a740-9a694aaffa89] seems inconsistent. It implied an error rate greater than 1: 1.27565 0.0316978 0.0499349
[2025-07-09 17:05:02.850] [jointLog] [warning] read 639ada29-1be7-4c88-9e83-3316d6cd7396 (length 9239 - align length 9221) has no trained error model
[2025-07-09 17:05:02.853] [jointLog] [warning] read ecde3ce2-f670-4212-ad24-02a75adecf89 (length 11400 - align length 11346) has no trained error model
[2025-07-09 17:05:02.853] [jointLog] [warning] read ecde3ce2-f670-4212-ad24-02a75adecf89 (length 11400) has no trained clipping model
[2025-07-09 17:05:02.853] [jointLog] [warning] read ecde3ce2-f670-4212-ad24-02a75adecf89 (length 11400) has no trained clipping model
[2025-07-09 17:05:02.894] [jointLog] [warning] read 9c57689c-5200-4163-b906-463da4ef143b (length 8631) has no trained clipping model
[2025-07-09 17:05:02.912] [jointLog] [warning] read 3295999a-8b56-408e-98a1-e4aa24a94237 (length 10437 - align length 10053) has no trained error model
[2025-07-09 17:05:02.912] [jointLog] [warning] read 3295999a-8b56-408e-98a1-e4aa24a94237 (length 10437) has no trained clipping model
[2025-07-09 17:05:02.912] [jointLog] [warning] read 3295999a-8b56-408e-98a1-e4aa24a94237 (length 10437) has no trained clipping model
[2025-07-09 17:05:03.240] [jointLog] [warning] read 99dc2268-f9e3-4eff-9903-2801c7541bcf (length 9387 - align length 9368) has no trained error model
[2025-07-09 17:05:03.240] [jointLog] [warning] read 99dc2268-f9e3-4eff-9903-2801c7541bcf (length 9387) has no trained clipping model
[2025-07-09 17:05:03.240] [jointLog] [warning] read 99dc2268-f9e3-4eff-9903-2801c7541bcf (length 9387) has no trained clipping model
[2025-07-09 17:05:03.245] [jointLog] [warning] read 8479fd45-a145-4f81-9c96-229c1a14f5c4 (length 9063 - align length 9027) has no trained error model
[2025-07-09 17:05:03.245] [jointLog] [warning] read 8479fd45-a145-4f81-9c96-229c1a14f5c4 (length 9063) has no trained clipping model
[2025-07-09 17:05:03.245] [jointLog] [warning] read 8479fd45-a145-4f81-9c96-229c1a14f5c4 (length 9063) has no trained clipping model
[2025-07-09 17:05:03.267] [jointLog] [warning] read 92a23029-724c-4ebd-9bde-797f11cdfb38 (length 9786 - align length 9541) has no trained error model
[2025-07-09 17:05:03.267] [jointLog] [warning] read 92a23029-724c-4ebd-9bde-797f11cdfb38 (length 9786) has no trained clipping model
[2025-07-09 17:05:03.267] [jointLog] [warning] read 92a23029-724c-4ebd-9bde-797f11cdfb38 (length 9786) has no trained clipping model
[2025-07-09 17:05:03.276] [jointLog] [warning] read 9addb517-6887-4566-985f-a9de9fc7f299 (length 9536 - align length 9460) has no trained error model
[2025-07-09 17:05:03.385] [jointLog] [warning] (in update()) CIGAR string for read [d0b01c4d-0637-442b-a3f4-c4cb447874d5] seems inconsistent. It implied an error rate greater than 1: 1.37968 0 0.0298051
[2025-07-09 17:05:03.463] [jointLog] [warning] (in update()) CIGAR string for read [7f112894-e2a5-4638-84b0-54b6763848af] seems inconsistent. It implied an error rate greater than 1: 1.19778 0.0108893 0.00725953
[2025-07-09 17:05:03.468] [jointLog] [warning] (in update()) CIGAR string for read [d642c661-3257-4706-83ea-423628f26353] seems inconsistent. It implied an error rate greater than 1: 1.35659 0 0.0165746
[2025-07-09 17:05:03.477] [jointLog] [warning] (in update()) CIGAR string for read [8b69b42e-1c42-42f0-bbf7-2e2720477007] seems inconsistent. It implied an error rate greater than 1: 1.09727 0.00166667 0.0216667
[2025-07-09 17:05:03.487] [jointLog] [warning] read 826f127c-38e5-45c3-96c5-884da1a09522 (length 12221 - align length 12197) has no trained error model
[2025-07-09 17:05:03.498] [jointLog] [warning] (in update()) CIGAR string for read [78a06099-a852-46cd-aa7f-ce3509662001] seems inconsistent. It implied an error rate greater than 1: 1.33919 0.00115473 0.0124134
[2025-07-09 17:05:03.522] [jointLog] [warning] (in update()) CIGAR string for read [baa816ff-45f5-4ede-8a3d-4ee03e2115b1] seems inconsistent. It implied an error rate greater than 1: 1.01078 0.000718391 0
[2025-07-09 17:05:03.545] [jointLog] [warning] read 966bdf22-d35f-491e-9c86-299a7b37c301 (length 9957) has no trained clipping model
[2025-07-09 17:05:03.559] [jointLog] [warning] read d73e6af5-222f-4f36-8e5b-ca85faeb4bec (length 10234) has no trained clipping model
[2025-07-09 17:05:03.564] [jointLog] [warning] read fb721f9c-07ea-4a0f-a082-5b714ed322a0 (length 10720 - align length 10720) has no trained error model
[2025-07-09 17:05:03.564] [jointLog] [warning] read fb721f9c-07ea-4a0f-a082-5b714ed322a0 (length 10720) has no trained clipping model
[2025-07-09 17:05:03.564] [jointLog] [warning] read fb721f9c-07ea-4a0f-a082-5b714ed322a0 (length 10720) has no trained clipping model
[2025-07-09 17:05:03.655] [jointLog] [warning] (in update()) CIGAR string for read [d3f771f9-85f0-4e9a-9c21-b1a005141d0b] seems inconsistent. It implied an error rate greater than 1: 1.87082 0 0.0491329
[2025-07-09 17:05:03.695] [jointLog] [warning] read d7bac1a9-5017-4545-be65-5441c102cac4 (length 8963 - align length 8893) has no trained error model
[2025-07-09 17:05:03.695] [jointLog] [warning] read d7bac1a9-5017-4545-be65-5441c102cac4 (length 8963) has no trained clipping model
[2025-07-09 17:05:03.695] [jointLog] [warning] read d7bac1a9-5017-4545-be65-5441c102cac4 (length 8963) has no trained clipping model
[2025-07-09 17:05:03.706] [jointLog] [warning] read e91904c5-5cb6-4de0-bcc0-a49fdcd1343a (length 8579) has no trained clipping model
[2025-07-09 17:05:03.706] [jointLog] [warning] read e91904c5-5cb6-4de0-bcc0-a49fdcd1343a (length 8579) has no trained clipping model
[2025-07-09 17:05:03.750] [jointLog] [warning] read e5e976d0-2ecb-48eb-a429-baaaff92c767 (length 10246 - align length 10176) has no trained error model
[2025-07-09 17:05:03.750] [jointLog] [warning] read e5e976d0-2ecb-48eb-a429-baaaff92c767 (length 10246) has no trained clipping model
[2025-07-09 17:05:03.863] [jointLog] [warning] read 4a42af8d-5c2a-493e-9a66-17796754d1ca (length 8941) has no trained clipping model
[2025-07-09 17:05:03.931] [jointLog] [warning] (in update()) CIGAR string for read [26f9c359-4a1a-4778-9c62-5a1d1eb045f2] seems inconsistent. It implied an error rate greater than 1: 1.05052 0.00705467 0.0679012
[2025-07-09 17:05:03.948] [jointLog] [warning] read 17a90bbc-5fbd-4b8b-8ec1-f6b81d1a00e7 (length 13893 - align length 13815) has no trained error model
[2025-07-09 17:05:03.948] [jointLog] [warning] read 17a90bbc-5fbd-4b8b-8ec1-f6b81d1a00e7 (length 13893) has no trained clipping model
[2025-07-09 17:05:03.948] [jointLog] [warning] read 17a90bbc-5fbd-4b8b-8ec1-f6b81d1a00e7 (length 13893) has no trained clipping model
[2025-07-09 17:05:03.957] [jointLog] [warning] read d52637d5-0461-4d87-8ae1-cff2ace8dcdb (length 11971 - align length 11959) has no trained error model
[2025-07-09 17:05:03.957] [jointLog] [warning] read d52637d5-0461-4d87-8ae1-cff2ace8dcdb (length 11971) has no trained clipping model
[2025-07-09 17:05:03.957] [jointLog] [warning] read d52637d5-0461-4d87-8ae1-cff2ace8dcdb (length 11971) has no trained clipping model
[2025-07-09 17:05:04.019] [jointLog] [warning] read 91dcf768-4f17-4057-855b-e206cefa2cee (length 9390) has no trained clipping model
[2025-07-09 17:05:04.139] [jointLog] [warning] read e5cf2d8d-19fd-4e68-9376-d92e32286f1c (length 10756 - align length 10462) has no trained error model
[2025-07-09 17:05:04.139] [jointLog] [warning] read e5cf2d8d-19fd-4e68-9376-d92e32286f1c (length 10756) has no trained clipping model
[2025-07-09 17:05:04.139] [jointLog] [warning] read e5cf2d8d-19fd-4e68-9376-d92e32286f1c (length 10756) has no trained clipping model
[2025-07-09 17:05:04.168] [jointLog] [warning] read 9a169c08-f667-4330-b9f2-9365ad9bc45f (length 11535) has no trained clipping model
[2025-07-09 17:05:04.178] [jointLog] [warning] read 95bda6d4-7f56-4724-8450-3400f26f9c9d (length 11892 - align length 11843) has no trained error model
[2025-07-09 17:05:04.178] [jointLog] [warning] read 95bda6d4-7f56-4724-8450-3400f26f9c9d (length 11892) has no trained clipping model
[2025-07-09 17:05:04.178] [jointLog] [warning] read 95bda6d4-7f56-4724-8450-3400f26f9c9d (length 11892) has no trained clipping model
[2025-07-09 17:05:04.179] [jointLog] [warning] read 57a2410a-c01f-4a2d-bab1-cda12b02922a (length 10040 - align length 9959) has no trained error model
[2025-07-09 17:05:04.179] [jointLog] [warning] read 57a2410a-c01f-4a2d-bab1-cda12b02922a (length 10040) has no trained clipping model
[2025-07-09 17:05:04.179] [jointLog] [warning] read 57a2410a-c01f-4a2d-bab1-cda12b02922a (length 10040) has no trained clipping model
[2025-07-09 17:05:04.233] [jointLog] [warning] (in update()) CIGAR string for read [3d01c6a7-2996-4811-9ca8-1a5780555692] seems inconsistent. It implied an error rate greater than 1: 1.35565 0 0.00644594
[2025-07-09 17:05:04.336] [jointLog] [warning] read 1cc04849-89a9-4dbb-a2bf-9168b66f5f3f (length 10905 - align length 2454) has no trained error model
[2025-07-09 17:05:04.336] [jointLog] [warning] read 1cc04849-89a9-4dbb-a2bf-9168b66f5f3f (length 10905) has no trained clipping model
[2025-07-09 17:05:04.336] [jointLog] [warning] read 1cc04849-89a9-4dbb-a2bf-9168b66f5f3f (length 10905) has no trained clipping model
[2025-07-09 17:05:04.342] [jointLog] [warning] (in update()) CIGAR string for read [5f72edb7-05f0-4b30-affa-6903b2a592b0] seems inconsistent. It implied an error rate greater than 1: 1.28764 0.000635324 0.0120712
[2025-07-09 17:05:04.550] [jointLog] [warning] (in update()) CIGAR string for read [84a7206e-fc0c-4f12-95a1-ae67061bb040] seems inconsistent. It implied an error rate greater than 1: 1.62077 0 0.051787
[2025-07-09 17:05:04.532] [fileLog] [info] quantification processed 1000000 fragments so far

[2025-07-09 17:05:04.826] [jointLog] [warning] read 8b715552-72f8-4e03-a882-3e43e6435f3b (length 11139 - align length 11042) has no trained error model
[2025-07-09 17:05:04.826] [jointLog] [warning] read 8b715552-72f8-4e03-a882-3e43e6435f3b (length 11139) has no trained clipping model
[2025-07-09 17:05:04.826] [jointLog] [warning] read 8b715552-72f8-4e03-a882-3e43e6435f3b (length 11139) has no trained clipping model
[2025-07-09 17:05:04.880] [jointLog] [warning] read 51671c61-78b4-4ac1-9617-f6f63cfbecda (length 14267 - align length 13996) has no trained error model
[2025-07-09 17:05:04.880] [jointLog] [warning] read 51671c61-78b4-4ac1-9617-f6f63cfbecda (length 14267) has no trained clipping model
[2025-07-09 17:05:04.880] [jointLog] [warning] read 51671c61-78b4-4ac1-9617-f6f63cfbecda (length 14267) has no trained clipping model
[2025-07-09 17:05:04.929] [jointLog] [warning] (in update()) CIGAR string for read [4db4b7c2-7b55-4779-a1d1-04084b858c24] seems inconsistent. It implied an error rate greater than 1: 1.35871 0 0.0114202
[2025-07-09 17:05:04.933] [jointLog] [warning] (in update()) CIGAR string for read [5ddd2fe5-fee9-4105-a8db-3dbbd0a178b5] seems inconsistent. It implied an error rate greater than 1: 1.23105 0 0.00915751
[2025-07-09 17:05:04.933] [jointLog] [warning] (in update()) CIGAR string for read [c96f3d21-d923-4a63-9364-938c2a945cb2] seems inconsistent. It implied an error rate greater than 1: 1.24808 0.000431872 0.016843
[2025-07-09 17:05:04.945] [jointLog] [warning] (in update()) CIGAR string for read [3e1c1ddb-01c7-4cf0-9b77-66a477565f01] seems inconsistent. It implied an error rate greater than 1: 1.10051 0.00837521 0.00837521
[2025-07-09 17:05:04.946] [jointLog] [warning] (in update()) CIGAR string for read [e25633d1-09e2-442f-a979-f7f98506cd41] seems inconsistent. It implied an error rate greater than 1: 1.3544 0 0.0113869
[2025-07-09 17:05:04.973] [jointLog] [warning] read 16ddb3db-5573-4618-b116-0687158f3b66 (length 9409 - align length 9405) has no trained error model
[2025-07-09 17:05:04.973] [jointLog] [warning] read 16ddb3db-5573-4618-b116-0687158f3b66 (length 9409) has no trained clipping model
[2025-07-09 17:05:04.973] [jointLog] [warning] read 16ddb3db-5573-4618-b116-0687158f3b66 (length 9409) has no trained clipping model
[2025-07-09 17:05:05.006] [jointLog] [warning] read 722ee726-ffb2-4c09-a14a-2f6ff58a200a (length 11552 - align length 11510) has no trained error model
[2025-07-09 17:05:05.006] [jointLog] [warning] read 722ee726-ffb2-4c09-a14a-2f6ff58a200a (length 11552) has no trained clipping model
[2025-07-09 17:05:05.129] [jointLog] [warning] read 294ff4cd-5e31-44b4-9609-cc7ef61a0e65 (length 9498) has no trained clipping model
[2025-07-09 17:05:05.184] [jointLog] [warning] read 6c940590-9b3d-4a5d-94fc-12f21524daf1 (length 12356 - align length 12355) has no trained error model
[2025-07-09 17:05:05.184] [jointLog] [warning] read 6c940590-9b3d-4a5d-94fc-12f21524daf1 (length 12356) has no trained clipping model
[2025-07-09 17:05:05.184] [jointLog] [warning] read 6c940590-9b3d-4a5d-94fc-12f21524daf1 (length 12356) has no trained clipping model
[2025-07-09 17:05:05.233] [jointLog] [warning] read 3c131dbe-b958-425e-bcc3-b212b2bb611f (length 12367 - align length 12092) has no trained error model
[2025-07-09 17:05:05.233] [jointLog] [warning] read 3c131dbe-b958-425e-bcc3-b212b2bb611f (length 12367) has no trained clipping model
[2025-07-09 17:05:05.263] [jointLog] [warning] (in update()) CIGAR string for read [c89bd37a-c1bf-4a27-9b68-a4319e4e0bcd] seems inconsistent. It implied an error rate greater than 1: 1.12069 0.00504202 0.0201681
[2025-07-09 17:05:05.311] [jointLog] [warning] read 2e9f7519-b0a4-40dc-bff7-54efc835231b (length 12873 - align length 12812) has no trained error model
[2025-07-09 17:05:05.311] [jointLog] [warning] read 2e9f7519-b0a4-40dc-bff7-54efc835231b (length 12873) has no trained clipping model
[2025-07-09 17:05:05.311] [jointLog] [warning] read 2e9f7519-b0a4-40dc-bff7-54efc835231b (length 12873) has no trained clipping model
[2025-07-09 17:05:05.312] [jointLog] [warning] (in update()) CIGAR string for read [ffe6950a-fd52-4525-81cc-1487a0f4944a] seems inconsistent. It implied an error rate greater than 1: 1.3549 0.000585823 0.00322203
[2025-07-09 17:05:05.377] [jointLog] [warning] (in update()) CIGAR string for read [8401f3cf-64e3-4091-840b-b353f9fee397] seems inconsistent. It implied an error rate greater than 1: 1.35165 0 0.00351288
[2025-07-09 17:05:05.428] [jointLog] [warning] read 1d5e6b3f-d612-4334-894c-016e79e33a5d (length 9783 - align length 9733) has no trained error model
[2025-07-09 17:05:05.444] [jointLog] [warning] (in update()) CIGAR string for read [3308d645-fff9-46ac-908d-9e5965c442ab] seems inconsistent. It implied an error rate greater than 1: 1.10769 0.0164474 0.0213816
[2025-07-09 17:05:05.654] [jointLog] [warning] (in update()) CIGAR string for read [10e33e80-f955-4c37-8db7-008c4604bea2] seems inconsistent. It implied an error rate greater than 1: 1.36189 0 0.00382578
[2025-07-09 17:05:05.787] [jointLog] [warning] (in update()) CIGAR string for read [021767fd-3c02-43bc-b102-eb2ab549fbd3] seems inconsistent. It implied an error rate greater than 1: 1.34526 0 0
[2025-07-09 17:05:06.113] [jointLog] [warning] read 80950d18-3fea-4084-8eb4-4a5dc2f0e023 (length 12544 - align length 7783) has no trained error model
[2025-07-09 17:05:06.113] [jointLog] [warning] read 80950d18-3fea-4084-8eb4-4a5dc2f0e023 (length 12544) has no trained clipping model
[2025-07-09 17:05:06.113] [jointLog] [warning] read 80950d18-3fea-4084-8eb4-4a5dc2f0e023 (length 12544) has no trained clipping model
[2025-07-09 17:05:06.123] [jointLog] [warning] read 109f7beb-c0aa-40d8-b9d2-a10a5568d2a3 (length 13922 - align length 13884) has no trained error model
[2025-07-09 17:05:06.123] [jointLog] [warning] read 109f7beb-c0aa-40d8-b9d2-a10a5568d2a3 (length 13922) has no trained clipping model
[2025-07-09 17:05:06.123] [jointLog] [warning] read 109f7beb-c0aa-40d8-b9d2-a10a5568d2a3 (length 13922) has no trained clipping model
[2025-07-09 17:05:06.151] [jointLog] [warning] (in update()) CIGAR string for read [ce79b842-06f3-4ca1-9f0d-55dcf58743f5] seems inconsistent. It implied an error rate greater than 1: 1.35094 0 0.007034
[2025-07-09 17:05:06.236] [jointLog] [warning] read ac6fac96-a32c-4baf-bf1e-ff47bbab9a72 (length 10632 - align length 10568) has no trained error model
[2025-07-09 17:05:06.236] [jointLog] [warning] read ac6fac96-a32c-4baf-bf1e-ff47bbab9a72 (length 10632) has no trained clipping model
[2025-07-09 17:05:06.236] [jointLog] [warning] read ac6fac96-a32c-4baf-bf1e-ff47bbab9a72 (length 10632) has no trained clipping model
[2025-07-09 17:05:06.350] [jointLog] [warning] read cba81685-0f61-4248-bf1f-8c6547bae567 (length 11703 - align length 11699) has no trained error model
[2025-07-09 17:05:06.350] [jointLog] [warning] read cba81685-0f61-4248-bf1f-8c6547bae567 (length 11703) has no trained clipping model
[2025-07-09 17:05:06.350] [jointLog] [warning] read cba81685-0f61-4248-bf1f-8c6547bae567 (length 11703) has no trained clipping model
[2025-07-09 17:05:06.430] [jointLog] [warning] read edd95dff-e3e3-414e-ad35-8ffacded8655 (length 9941 - align length 9899) has no trained error model
[2025-07-09 17:05:06.452] [jointLog] [warning] read d2b6c230-6a12-45f6-b67e-b6f60890e798 (length 10658 - align length 10607) has no trained error model
[2025-07-09 17:05:06.482] [jointLog] [warning] (in update()) CIGAR string for read [cfb9f032-45b6-4eb6-936b-19924d05779e] seems inconsistent. It implied an error rate greater than 1: 1.14387 0 0.0225694
[2025-07-09 17:05:06.559] [jointLog] [warning] (in update()) CIGAR string for read [d9f168a0-2b95-432a-b753-bb45e263be9b] seems inconsistent. It implied an error rate greater than 1: 1.03076 0.017427 0.0328037
[2025-07-09 17:05:06.932] [jointLog] [warning] read 620ce810-b7b4-4072-ba27-a877109f8637 (length 9742 - align length 9656) has no trained error model
[2025-07-09 17:05:06.962] [jointLog] [warning] read 14c9a29a-c995-4e58-8b1e-021cf7ade508 (length 10244) has no trained clipping model
[2025-07-09 17:05:07.016] [jointLog] [warning] (in update()) CIGAR string for read [d8f6f7dc-8d4d-4303-ad9a-2aed4cb1055b] seems inconsistent. It implied an error rate greater than 1: 1.04446 0 0.0469164
[2025-07-09 17:05:07.033] [jointLog] [warning] (in update()) CIGAR string for read [aae9dbfb-bcce-4107-b134-dd05c5f7fdae] seems inconsistent. It implied an error rate greater than 1: 1.3436 0 0.00204978
[2025-07-09 17:05:07.131] [jointLog] [warning] read 7641a136-b9d5-4006-83f4-8e9458596166 (length 11639 - align length 11560) has no trained error model
[2025-07-09 17:05:07.131] [jointLog] [warning] read 7641a136-b9d5-4006-83f4-8e9458596166 (length 11639) has no trained clipping model
[2025-07-09 17:05:07.131] [jointLog] [warning] read 7641a136-b9d5-4006-83f4-8e9458596166 (length 11639) has no trained clipping model
[2025-07-09 17:05:07.255] [jointLog] [warning] (in update()) CIGAR string for read [75d3daf3-7cb6-4be3-8c0a-fae27706a27f] seems inconsistent. It implied an error rate greater than 1: 1.69264 0 0.0173445
[2025-07-09 17:05:07.285] [jointLog] [warning] (in update()) CIGAR string for read [49ac745d-d16f-412e-b86f-e98c5d26cd9f] seems inconsistent. It implied an error rate greater than 1: 1.36741 0.000532481 0.0255591
[2025-07-09 17:05:07.397] [jointLog] [warning] (in update()) CIGAR string for read [d6b768f9-29ec-4728-a26d-966cbc837d6f] seems inconsistent. It implied an error rate greater than 1: 1.27589 0.00143885 0.00503597
[2025-07-09 17:05:07.411] [jointLog] [warning] (in update()) CIGAR string for read [cae654cf-7e2c-49fa-a265-bab90b79b9bb] seems inconsistent. It implied an error rate greater than 1: 1.16402 0.0117647 0.0352941
[2025-07-09 17:05:07.638] [jointLog] [warning] read 342180b8-91d1-4f18-a454-baab5f710741 (length 10856 - align length 10071) has no trained error model
[2025-07-09 17:05:07.638] [jointLog] [warning] read 342180b8-91d1-4f18-a454-baab5f710741 (length 10856) has no trained clipping model
[2025-07-09 17:05:07.638] [jointLog] [warning] read 342180b8-91d1-4f18-a454-baab5f710741 (length 10856) has no trained clipping model
[2025-07-09 17:05:07.638] [jointLog] [warning] (in update()) CIGAR string for read [5390ea90-e5bc-418e-8c26-d44fcab15759] seems inconsistent. It implied an error rate greater than 1: 1.04147 0 0.0394537
[2025-07-09 17:05:07.753] [jointLog] [warning] read 244a1073-654e-4b69-ab7b-af60b29cb399 (length 13979) has no trained clipping model
[2025-07-09 17:05:07.775] [jointLog] [warning] (in update()) CIGAR string for read [2de09055-86be-4091-8bb7-fe8bfa3b1394] seems inconsistent. It implied an error rate greater than 1: 1.3513 0 0.0145096
[2025-07-09 17:05:07.878] [jointLog] [warning] (in update()) CIGAR string for read [235de3b1-5574-4fb2-b48b-8b40208d8ac7] seems inconsistent. It implied an error rate greater than 1: 1.36199 0 0.0169047
[2025-07-09 17:05:07.969] [jointLog] [warning] (in update()) CIGAR string for read [51d63481-1ed2-46f4-913b-c9182b807fd7] seems inconsistent. It implied an error rate greater than 1: 1.12418 0.0151989 0.0344211
[2025-07-09 17:05:08.107] [jointLog] [warning] read 915ef1c7-4bfd-4de0-b56f-5acc464138ee (length 11383 - align length 11321) has no trained error model
[2025-07-09 17:05:08.107] [jointLog] [warning] read 915ef1c7-4bfd-4de0-b56f-5acc464138ee (length 11383) has no trained clipping model
[2025-07-09 17:05:08.107] [jointLog] [warning] read 915ef1c7-4bfd-4de0-b56f-5acc464138ee (length 11383) has no trained clipping model
[2025-07-09 17:05:08.190] [jointLog] [warning] (in update()) CIGAR string for read [7e57dafd-4ab3-4af0-bf57-321a431fc315] seems inconsistent. It implied an error rate greater than 1: 1.34835 0 0.00381344
[2025-07-09 17:05:08.267] [jointLog] [warning] (in update()) CIGAR string for read [d493c81e-bccb-4eef-b0b5-75a3dd219a8e] seems inconsistent. It implied an error rate greater than 1: 1.35059 0 0.00293255
[2025-07-09 17:05:08.471] [jointLog] [warning] (in update()) CIGAR string for read [2f0a4169-d84b-458a-8414-eceda8163eab] seems inconsistent. It implied an error rate greater than 1: 1.25862 0 0.0182292
[2025-07-09 17:05:08.613] [jointLog] [warning] (in update()) CIGAR string for read [e4fa70d9-d8f7-4154-b00f-0299f85cea69] seems inconsistent. It implied an error rate greater than 1: 1.35523 0.000294464 0
[2025-07-09 17:05:08.685] [jointLog] [warning] read 1f035ef7-1db2-4a12-9d57-48cef5d8fe96 (length 11360 - align length 11258) has no trained error model
[2025-07-09 17:05:08.685] [jointLog] [warning] read 1f035ef7-1db2-4a12-9d57-48cef5d8fe96 (length 11360) has no trained clipping model
[2025-07-09 17:05:08.807] [jointLog] [warning] read 58d5e02f-e973-4683-b46f-f2a22e4c65ba (length 11807 - align length 11759) has no trained error model
[2025-07-09 17:05:08.905] [jointLog] [warning] (in update()) CIGAR string for read [a38c163c-0933-47c9-a685-1357f0c892a2] seems inconsistent. It implied an error rate greater than 1: 1.21681 0 0.0414478
[2025-07-09 17:05:09.012] [jointLog] [warning] (in update()) CIGAR string for read [877a532d-fd1d-48d3-9643-16c449807eb2] seems inconsistent. It implied an error rate greater than 1: 1.348 0 0.00670358
[2025-07-09 17:05:08.829] [fileLog] [info] quantification processed 2000000 fragments so far

[2025-07-09 17:05:09.037] [jointLog] [warning] (in update()) CIGAR string for read [672a6553-e8e6-4faf-8843-b486cfc9c244] seems inconsistent. It implied an error rate greater than 1: 1.38078 0 0.213021
[2025-07-09 17:05:09.335] [jointLog] [warning] read 33c2d179-4723-4cee-abca-464ad962b31f (length 12036 - align length 12006) has no trained error model
[2025-07-09 17:05:09.335] [jointLog] [warning] read 33c2d179-4723-4cee-abca-464ad962b31f (length 12036) has no trained clipping model
[2025-07-09 17:05:09.335] [jointLog] [warning] read 33c2d179-4723-4cee-abca-464ad962b31f (length 12036) has no trained clipping model
[2025-07-09 17:05:09.351] [jointLog] [warning] (in update()) CIGAR string for read [e3cbc6fa-0950-4f1e-a73d-8dc0673a646c] seems inconsistent. It implied an error rate greater than 1: 1.35668 0.00758681 0.00496061
[2025-07-09 17:05:09.407] [jointLog] [warning] (in update()) CIGAR string for read [6e9d1694-2b2e-42d7-8c16-9562f0b9eb0c] seems inconsistent. It implied an error rate greater than 1: 1.11856 0.00508475 0.00847458
[2025-07-09 17:05:09.412] [jointLog] [warning] read acbe8f65-56fc-45a6-ba10-f96db59cf107 (length 10408 - align length 10342) has no trained error model
[2025-07-09 17:05:09.423] [jointLog] [warning] (in update()) CIGAR string for read [3bd6da13-76ff-4eb6-8263-26714ceb4021] seems inconsistent. It implied an error rate greater than 1: 1.18843 0.002405 0.124579
[2025-07-09 17:05:09.442] [jointLog] [warning] (in update()) CIGAR string for read [d0cbdc3a-08c4-40ff-9770-f2eddfa5c19c] seems inconsistent. It implied an error rate greater than 1: 1.28932 0.00573614 0.00956023
[2025-07-09 17:05:09.488] [jointLog] [warning] (in update()) CIGAR string for read [fd86207e-a58d-4738-a24b-08654d6b51bc] seems inconsistent. It implied an error rate greater than 1: 1.20988 0.000647249 0.0171521
[2025-07-09 17:05:09.660] [jointLog] [warning] (in update()) CIGAR string for read [6bef7306-e371-4a2a-b3cb-4c2e9df90aa6] seems inconsistent. It implied an error rate greater than 1: 1.34951 0.00351803 0
[2025-07-09 17:05:09.748] [jointLog] [warning] (in update()) CIGAR string for read [48c3d818-6579-4655-b39f-d899c7774615] seems inconsistent. It implied an error rate greater than 1: 1.02381 0.00138696 0.124827
[2025-07-09 17:05:09.806] [jointLog] [warning] (in update()) CIGAR string for read [55d6caf2-a30a-476b-b391-ff0c3944cbbb] seems inconsistent. It implied an error rate greater than 1: 1.35322 0.000294204 0.00353045
[2025-07-09 17:05:10.203] [jointLog] [warning] read d671f92f-8a60-44bd-85d5-3066a31850bf (length 12866) has no trained clipping model
[2025-07-09 17:05:10.235] [jointLog] [warning] read 6139c978-1073-4f9b-823d-21c7cff797a9 (length 9892 - align length 9827) has no trained error model
[2025-07-09 17:05:10.235] [jointLog] [warning] read 6139c978-1073-4f9b-823d-21c7cff797a9 (length 9892) has no trained clipping model
[2025-07-09 17:05:10.235] [jointLog] [warning] read 6139c978-1073-4f9b-823d-21c7cff797a9 (length 9892) has no trained clipping model
[2025-07-09 17:05:10.334] [jointLog] [warning] (in update()) CIGAR string for read [dc39b49a-e186-49a9-87a4-df3a93ca7902] seems inconsistent. It implied an error rate greater than 1: 1.18635 0.00724638 0.0108696
[2025-07-09 17:05:10.500] [jointLog] [warning] read 651511a0-637a-49eb-b13a-736fff2ce52c (length 9878) has no trained clipping model
[2025-07-09 17:05:10.525] [jointLog] [warning] (in update()) CIGAR string for read [9ec7e25e-6dc7-4b20-b779-a2438a19c635] seems inconsistent. It implied an error rate greater than 1: 1.35917 0 0.00324388
[2025-07-09 17:05:10.886] [jointLog] [warning] (in update()) CIGAR string for read [fcd5359e-004a-4461-9d7a-ac01dfa417e1] seems inconsistent. It implied an error rate greater than 1: 1.35909 0 0.00177305
[2025-07-09 17:05:10.892] [jointLog] [warning] (in update()) CIGAR string for read [30bdcf64-4b23-4b74-84bd-f8d75c926b2d] seems inconsistent. It implied an error rate greater than 1: 1.10616 0.00830565 0.0215947
[2025-07-09 17:05:11.135] [jointLog] [warning] read ca4c4f9e-8afb-4c5f-b2fd-7839ab098da4 (length 12377) has no trained clipping model
[2025-07-09 17:05:11.473] [jointLog] [warning] (in update()) CIGAR string for read [3dc28490-6e91-4b91-ac56-56feffd9dd81] seems inconsistent. It implied an error rate greater than 1: 1.35919 0 0.00618011
[2025-07-09 17:05:11.647] [jointLog] [warning] read d3decc9a-bf55-4810-9ceb-f86d397a6c05 (length 13391 - align length 671) has no trained error model
[2025-07-09 17:05:11.647] [jointLog] [warning] read d3decc9a-bf55-4810-9ceb-f86d397a6c05 (length 13391) has no trained clipping model
[2025-07-09 17:05:11.647] [jointLog] [warning] read d3decc9a-bf55-4810-9ceb-f86d397a6c05 (length 13391) has no trained clipping model
[2025-07-09 17:05:11.698] [jointLog] [warning] (in update()) CIGAR string for read [68f1452c-458c-4cf4-b572-f995e46b8819] seems inconsistent. It implied an error rate greater than 1: 1.34821 0.00087822 0.00204918
[2025-07-09 17:05:11.711] [jointLog] [warning] (in update()) CIGAR string for read [6083def9-4fa1-4fa0-b55a-8bb270434a39] seems inconsistent. It implied an error rate greater than 1: 1.04167 0.00302572 0.0529501
[2025-07-09 17:05:11.731] [jointLog] [warning] read 4387dae5-67bd-4921-864b-0c8fdd9cc3f5 (length 10270) has no trained clipping model
[2025-07-09 17:05:11.877] [jointLog] [warning] (in update()) CIGAR string for read [fca3110b-18cd-498f-a527-68754b038ab4] seems inconsistent. It implied an error rate greater than 1: 1.16275 0.0317726 0.0434783
[2025-07-09 17:05:11.892] [jointLog] [warning] (in update()) CIGAR string for read [fa79d25e-1ee2-450d-a584-258b6d2d6b26] seems inconsistent. It implied an error rate greater than 1: 1.18951 0 0
[2025-07-09 17:05:11.967] [jointLog] [warning] read 6e8fa962-49d3-4b92-a7fe-bd81c81fa732 (length 14734 - align length 14726) has no trained error model
[2025-07-09 17:05:11.967] [jointLog] [warning] read 6e8fa962-49d3-4b92-a7fe-bd81c81fa732 (length 14734) has no trained clipping model
[2025-07-09 17:05:11.967] [jointLog] [warning] read 6e8fa962-49d3-4b92-a7fe-bd81c81fa732 (length 14734) has no trained clipping model
[2025-07-09 17:05:12.160] [jointLog] [warning] (in update()) CIGAR string for read [81957588-cf60-46a2-bf78-4b6a71948242] seems inconsistent. It implied an error rate greater than 1: 1.35398 0.000585995 0.00615294
[2025-07-09 17:05:12.188] [jointLog] [warning] (in update()) CIGAR string for read [13de8311-1f25-41e8-999a-eb1c8b9305f8] seems inconsistent. It implied an error rate greater than 1: 1.18345 0.010582 0.00881834
[2025-07-09 17:05:12.228] [jointLog] [warning] (in update()) CIGAR string for read [b6144e56-42ef-44d7-92bb-83fe9b01c05f] seems inconsistent. It implied an error rate greater than 1: 1.35161 0.000294377 0.000883132
[2025-07-09 17:05:12.276] [jointLog] [warning] (in update()) CIGAR string for read [429722e6-8a84-4171-bae3-182495bb3eb0] seems inconsistent. It implied an error rate greater than 1: 1.36557 0 0.00441696
[2025-07-09 17:05:12.440] [jointLog] [warning] (in update()) CIGAR string for read [94bcbb14-1caa-4884-841c-ade96b92eb9f] seems inconsistent. It implied an error rate greater than 1: 1.39042 0.000539374 0.0420712
[2025-07-09 17:05:12.560] [jointLog] [warning] (in update()) CIGAR string for read [333c7d61-fee9-46d6-8c32-5fb5cee4a3c7] seems inconsistent. It implied an error rate greater than 1: 1.36074 0 0.00293858
[2025-07-09 17:05:12.667] [jointLog] [warning] read 26d0f25f-233c-48c6-af17-0108965aa3cd (length 9861) has no trained clipping model
[2025-07-09 17:05:12.702] [jointLog] [warning] (in update()) CIGAR string for read [15355d9f-3be3-4c5d-ab1e-01b8cf516154] seems inconsistent. It implied an error rate greater than 1: 1.19409 0.0107914 0.0161871
[2025-07-09 17:05:12.714] [jointLog] [warning] (in update()) CIGAR string for read [796cad30-d759-493c-a977-30d270b984fe] seems inconsistent. It implied an error rate greater than 1: 1.11572 0.00660066 0.0379538
[2025-07-09 17:05:12.739] [jointLog] [warning] (in update()) CIGAR string for read [1e29ba85-afb1-4167-8727-b3137eed4c46] seems inconsistent. It implied an error rate greater than 1: 1.11787 0.014719 0.0392507
[2025-07-09 17:05:12.741] [jointLog] [warning] read d96fd867-fb3b-4ac0-987f-b41c2a9b9b59 (length 10242) has no trained clipping model
[2025-07-09 17:05:12.838] [jointLog] [warning] (in update()) CIGAR string for read [26148193-517a-4c40-b0fb-4bb07cfc6394] seems inconsistent. It implied an error rate greater than 1: 1.3494 0 0.00351391
[2025-07-09 17:05:13.110] [jointLog] [warning] read 76588f9d-92c2-42c9-ad0c-754feb6df2af (length 10224) has no trained clipping model
[2025-07-09 17:05:16.516] [jointLog] [warning] read f0879f27-e3be-4ff0-93ef-f38a0f031f2d (length 11677) has no trained clipping model
[2025-07-09 17:05:17.014] [jointLog] [warning] (in update()) CIGAR string for read [e42ac522-000f-4e8a-bff6-625aafb61ec1] seems inconsistent. It implied an error rate greater than 1: 2.21645 0.0833333 0
[2025-07-09 17:05:17.286] [jointLog] [warning] (in update()) CIGAR string for read [1a63c32c-252c-4ae3-9e49-a84f0577e281] seems inconsistent. It implied an error rate greater than 1: 1.35216 0.0002936 0.0017616
[2025-07-09 17:05:17.288] [jointLog] [warning] read 70e726fa-c668-41fb-ad13-1ffbe8bf6793 (length 13936 - align length 13766) has no trained error model
[2025-07-09 17:05:17.288] [jointLog] [warning] read 70e726fa-c668-41fb-ad13-1ffbe8bf6793 (length 13936) has no trained clipping model
[2025-07-09 17:05:18.292] [jointLog] [warning] read 96e43a5c-4dea-46f6-821e-43c27426f853 (length 11070 - align length 9397) has no trained error model
[2025-07-09 17:05:18.292] [jointLog] [warning] read 96e43a5c-4dea-46f6-821e-43c27426f853 (length 11070) has no trained clipping model
[2025-07-09 17:05:18.292] [jointLog] [warning] read 96e43a5c-4dea-46f6-821e-43c27426f853 (length 11070) has no trained clipping model
[2025-07-09 17:05:18.369] [jointLog] [warning] read 472d7906-d45a-40d4-b213-583ba9f811b9 (length 10222) has no trained clipping model
[2025-07-09 17:05:18.299] [fileLog] [info] quantification processed 3000000 fragments so far

[2025-07-09 17:05:19.089] [jointLog] [warning] (in update()) CIGAR string for read [a9ca1c63-1435-4d73-a605-f491f0af501c] seems inconsistent. It implied an error rate greater than 1: 1.65581 0 0.0128635
[2025-07-09 17:05:20.037] [jointLog] [warning] (in update()) CIGAR string for read [1f13200a-5684-4099-b625-69b725c70ecb] seems inconsistent. It implied an error rate greater than 1: 1.35217 0.00226757 0.00453515
[2025-07-09 17:05:21.063] [jointLog] [warning] (in update()) CIGAR string for read [d2740d8c-1b4b-4be5-a837-01886309ca27] seems inconsistent. It implied an error rate greater than 1: 1.10864 0 0.056613
[2025-07-09 17:05:21.118] [jointLog] [warning] (in update()) CIGAR string for read [0c022c02-01ea-4b3e-993e-d05654a160cb] seems inconsistent. It implied an error rate greater than 1: 1.12305 0.00671141 0.0251678
[2025-07-09 17:05:21.243] [jointLog] [warning] read 5425bacf-5978-468a-92dc-ee230fca37e8 (length 11014 - align length 10934) has no trained error model
[2025-07-09 17:05:21.243] [jointLog] [warning] read 5425bacf-5978-468a-92dc-ee230fca37e8 (length 11014) has no trained clipping model
[2025-07-09 17:05:21.261] [jointLog] [warning] (in update()) CIGAR string for read [b5baea81-ea5f-410b-aede-4a14a0a05cb5] seems inconsistent. It implied an error rate greater than 1: 1.3537 0 0.00526008
[2025-07-09 17:05:23.821] [jointLog] [warning] (in update()) CIGAR string for read [e5d777ef-57cc-4c3e-bac6-129af07bd6dd] seems inconsistent. It implied an error rate greater than 1: 1.05024 0.00078125 0.0195312
[2025-07-09 17:05:23.943] [jointLog] [warning] (in update()) CIGAR string for read [d6c3f210-5fa8-47e2-8826-ac917f8b7588] seems inconsistent. It implied an error rate greater than 1: 1.5706 0 0.0128248
[2025-07-09 17:05:26.210] [jointLog] [warning] (in update()) CIGAR string for read [768c286e-6e90-4676-afb5-f7f9353273b3] seems inconsistent. It implied an error rate greater than 1: 1.35402 0 0.0162791
[2025-07-09 17:05:26.256] [jointLog] [warning] (in update()) CIGAR string for read [5ae5e66b-7dab-4328-a0df-2de751e7a2f9] seems inconsistent. It implied an error rate greater than 1: 1.35988 0 0.0107966
[2025-07-09 17:05:26.610] [jointLog] [warning] (in update()) CIGAR string for read [b7e551fe-6ec1-4d99-a158-28fadc1e22e5] seems inconsistent. It implied an error rate greater than 1: 1.1 0.00462963 0.00771605
[2025-07-09 17:05:27.045] [jointLog] [warning] (in update()) CIGAR string for read [33ca2196-4351-461d-9151-1408e75fcc7f] seems inconsistent. It implied an error rate greater than 1: 1.18647 0.0121951 0.0348432
[2025-07-09 17:05:27.156] [jointLog] [warning] read 947c700e-1b18-4b20-840d-bff7c3955abe (length 11513) has no trained clipping model
[2025-07-09 17:05:27.500] [jointLog] [warning] (in update()) CIGAR string for read [9ef2f55b-46c3-4bf5-af7a-23159051dc7e] seems inconsistent. It implied an error rate greater than 1: 1.22936 0 0.0343415
[2025-07-09 17:05:27.528] [jointLog] [warning] (in update()) CIGAR string for read [9fab8dc2-376e-49e3-9266-bf2eff2430f2] seems inconsistent. It implied an error rate greater than 1: 1.35902 0.00176005 0.00469346
[2025-07-09 17:05:27.682] [jointLog] [warning] (in update()) CIGAR string for read [dcc0e6cc-8dae-4f41-b9e8-105be8d0f574] seems inconsistent. It implied an error rate greater than 1: 1.39727 0 0.0319635
[2025-07-09 17:05:27.863] [jointLog] [warning] (in update()) CIGAR string for read [439e230e-da6d-4350-ae4f-2f903ccbe3f0] seems inconsistent. It implied an error rate greater than 1: 1.11664 0.00466563 0.088647
[2025-07-09 17:05:27.894] [jointLog] [warning] (in update()) CIGAR string for read [daf07c01-d6ff-421a-84cb-8f3f32021335] seems inconsistent. It implied an error rate greater than 1: 1.1331 0.00859107 0.0103093
[2025-07-09 17:05:27.908] [jointLog] [warning] (in update()) CIGAR string for read [ea3384c4-ae65-4320-b75b-ed27f0ee769d] seems inconsistent. It implied an error rate greater than 1: 1.21121 0.010772 0.0287253
[2025-07-09 17:05:28.016] [jointLog] [warning] read c119b895-1dea-4bf5-9979-6432dd32e2de (length 12435 - align length 12264) has no trained error model
[2025-07-09 17:05:28.016] [jointLog] [warning] read c119b895-1dea-4bf5-9979-6432dd32e2de (length 12435) has no trained clipping model
[2025-07-09 17:05:28.016] [jointLog] [warning] read c119b895-1dea-4bf5-9979-6432dd32e2de (length 12435) has no trained clipping model
[2025-07-09 17:05:30.985] [jointLog] [warning] read 4228edfb-ea50-4122-a656-748ee9c94126 (length 11437) has no trained clipping model
[2025-07-09 17:05:32.837] [jointLog] [warning] (in update()) CIGAR string for read [fc8879e9-9704-4280-9e77-30d84b5afea0] seems inconsistent. It implied an error rate greater than 1: 1.36863 0.000296121 0.00681078
[2025-07-09 17:05:33.575] [jointLog] [warning] (in update()) CIGAR string for read [75787788-63d4-40a3-a084-0a46a35a3053] seems inconsistent. It implied an error rate greater than 1: 1.8844 0.00589275 0.0306423
[2025-07-09 17:05:34.330] [jointLog] [warning] (in update()) CIGAR string for read [6ca12222-b311-48a2-9d68-a3da6ece6250] seems inconsistent. It implied an error rate greater than 1: 1.36075 0 0.000296824
[2025-07-09 17:05:34.462] [jointLog] [warning] (in update()) CIGAR string for read [7385651e-0d1e-4ad4-88f8-8f28fb2f115d] seems inconsistent. It implied an error rate greater than 1: 1.1625 0.013986 0.00699301
[2025-07-09 17:05:34.645] [jointLog] [warning] read 5e2046a2-50f1-4000-8e69-9f76300d931f (length 11202) has no trained clipping model
[2025-07-09 17:05:36.008] [jointLog] [warning] (in update()) CIGAR string for read [1c2ffc42-fc71-4e0c-a87b-f525de8a0fda] seems inconsistent. It implied an error rate greater than 1: 1.35251 0.000587544 0.00352526
[2025-07-09 17:05:41.706] [jointLog] [warning] (in update()) CIGAR string for read [a35bc405-bf51-4574-b17b-743abbce3464] seems inconsistent. It implied an error rate greater than 1: 1.3593 0.000295072 0.00354087
[2025-07-09 17:05:42.708] [jointLog] [warning] (in update()) CIGAR string for read [65b455b5-95e9-41b6-a288-bc9558bfb2ac] seems inconsistent. It implied an error rate greater than 1: 1.28384 0.00647948 0.00431965
[2025-07-09 17:05:44.118] [jointLog] [warning] read 3b29ddc3-4b52-4f91-b547-e21accbb1d07 (length 11227) has no trained clipping model
[2025-07-09 17:05:44.167] [jointLog] [warning] (in update()) CIGAR string for read [3dcc3e40-1412-4ab9-8a78-5027f385b0ec] seems inconsistent. It implied an error rate greater than 1: 1.28524 0 0.00231099
[2025-07-09 17:05:44.186] [jointLog] [warning] read ec62111c-6e13-40ce-b53c-f0a708beb475 (length 12402) has no trained clipping model
[2025-07-09 17:05:44.200] [jointLog] [warning] (in update()) CIGAR string for read [fc3db495-1154-44fb-8a5b-726cce55e4bb] seems inconsistent. It implied an error rate greater than 1: 1.1637 0.0144 0.0864
[2025-07-09 17:05:44.915] [jointLog] [warning] (in update()) CIGAR string for read [e0aeb07e-96b2-4ec1-81e9-0d7ddb4f3363] seems inconsistent. It implied an error rate greater than 1: 1.35691 0 0
[2025-07-09 17:05:44.955] [jointLog] [warning] (in update()) CIGAR string for read [21f6516a-51bb-48bd-82b7-88479c406d67] seems inconsistent. It implied an error rate greater than 1: 1.03178 0 0.0731042
[2025-07-09 17:05:45.124] [jointLog] [warning] (in update()) CIGAR string for read [621bfcdd-a8ff-4c1f-ab78-35b3247f5d72] seems inconsistent. It implied an error rate greater than 1: 1.35949 0 0.036687
[2025-07-09 17:05:45.176] [jointLog] [warning] (in update()) CIGAR string for read [1d0e4935-c447-4c31-951d-042066bfcef8] seems inconsistent. It implied an error rate greater than 1: 1.03657 0 0.0236753
[2025-07-09 17:05:45.607] [jointLog] [warning] (in update()) CIGAR string for read [538f1d60-135e-45cb-8a05-8bc33f8c0eda] seems inconsistent. It implied an error rate greater than 1: 1.39282 0.0020555 0.0678314
[2025-07-09 17:05:45.791] [jointLog] [warning] (in update()) CIGAR string for read [66e61378-6f35-4fcc-8241-8bfd83725530] seems inconsistent. It implied an error rate greater than 1: 1.3513 0.000583601 0.0035016
[2025-07-09 17:05:46.163] [jointLog] [warning] (in update()) CIGAR string for read [ea255f65-847d-4dd1-a6ca-6326d9783fa1] seems inconsistent. It implied an error rate greater than 1: 1.35135 0 0.00671141
[2025-07-09 17:05:46.333] [jointLog] [warning] (in update()) CIGAR string for read [824670f7-9057-4aaa-8c64-b2f55abfc5a0] seems inconsistent. It implied an error rate greater than 1: 1.3494 0 0.0190257
[2025-07-09 17:05:50.279] [jointLog] [warning] (in update()) CIGAR string for read [1ba2f957-0f04-420b-b4ee-d1a5ae28a893] seems inconsistent. It implied an error rate greater than 1: 1.38351 0 0.00418035
[2025-07-09 17:05:50.691] [jointLog] [warning] (in update()) CIGAR string for read [db9b6b1c-f0cb-4fe7-90ea-d196aa6180e2] seems inconsistent. It implied an error rate greater than 1: 1.12762 0.0101868 0.0186757
[2025-07-09 17:05:56.694] [jointLog] [warning] (in update()) CIGAR string for read [ff7a4f21-b973-4815-b888-61c35facc302] seems inconsistent. It implied an error rate greater than 1: 1.35156 0 0.00903
[2025-07-09 17:05:56.863] [jointLog] [warning] (in update()) CIGAR string for read [045c92cb-01b7-4ba2-9980-e7d8b049c203] seems inconsistent. It implied an error rate greater than 1: 1.27286 0 0.055102
[2025-07-09 17:05:57.779] [jointLog] [warning] (in update()) CIGAR string for read [8167e5d1-59b6-4a41-9f43-b9d52698a9e3] seems inconsistent. It implied an error rate greater than 1: 1.21153 0.0022799 0.0699754
[2025-07-09 17:05:57.851] [jointLog] [warning] (in update()) CIGAR string for read [fdf69f38-548d-4dd6-bdbf-bc38e702c552] seems inconsistent. It implied an error rate greater than 1: 1.34635 0 0.0147484
[2025-07-09 17:05:57.938] [fileLog] [info] quantification processed 4000000 fragments so far

[2025-07-09 17:05:58.651] [jointLog] [warning] read 794f6145-fb47-4bae-90c4-09ab54110c90 (length 13889) has no trained clipping model
[2025-07-09 17:06:01.681] [jointLog] [warning] (in update()) CIGAR string for read [180ffef2-fb74-457c-9d36-1a4bd2d729d4] seems inconsistent. It implied an error rate greater than 1: 1.27638 0.000463607 0.0417246
[2025-07-09 17:06:01.760] [jointLog] [warning] (in update()) CIGAR string for read [66c0976d-5b1d-4a33-9007-c870fbcdb9f5] seems inconsistent. It implied an error rate greater than 1: 1.35944 0 0
[2025-07-09 17:06:01.842] [jointLog] [warning] (in update()) CIGAR string for read [ac9e9cf6-762a-4b30-b472-2f78649cd3b2] seems inconsistent. It implied an error rate greater than 1: 1.34429 0 0.017306
[2025-07-09 17:06:01.853] [jointLog] [warning] (in update()) CIGAR string for read [595f85c0-c668-47ed-bc1f-76d7e47ca2ee] seems inconsistent. It implied an error rate greater than 1: 1.36479 0.00029129 0.00873871
[2025-07-09 17:06:01.862] [jointLog] [warning] (in update()) CIGAR string for read [5c9ea52c-c251-4950-b43c-bc71e0e9551f] seems inconsistent. It implied an error rate greater than 1: 1.34843 0.000293858 0.000293858
[2025-07-09 17:06:03.615] [jointLog] [warning] (in update()) CIGAR string for read [d5f46eb5-7305-4ee2-826b-031bee4313f9] seems inconsistent. It implied an error rate greater than 1: 1.07296 0.10566 0.0150943
[2025-07-09 17:06:05.356] [jointLog] [warning] (in update()) CIGAR string for read [aff4196b-5431-4e33-87fb-293f8b419c00] seems inconsistent. It implied an error rate greater than 1: 1.27803 0 0
[2025-07-09 17:06:07.211] [jointLog] [warning] (in update()) CIGAR string for read [9e01641f-6ffc-4b06-84b6-1a88b0d3f98e] seems inconsistent. It implied an error rate greater than 1: 1.26841 0 0.0314406
[2025-07-09 17:06:07.319] [jointLog] [warning] (in update()) CIGAR string for read [cd61e144-677f-4c71-aed6-986390567439] seems inconsistent. It implied an error rate greater than 1: 1.56861 0 0.000634921
[2025-07-09 17:06:07.673] [jointLog] [warning] (in update()) CIGAR string for read [9850db5f-3dfe-428a-8b06-fe828dc152a2] seems inconsistent. It implied an error rate greater than 1: 1.35582 0 0.0107809
[2025-07-09 17:06:08.134] [jointLog] [warning] (in update()) CIGAR string for read [4c446005-6ddb-43a8-bd25-c33aa40e5f7b] seems inconsistent. It implied an error rate greater than 1: 1.26463 0 0
[2025-07-09 17:06:08.247] [jointLog] [warning] read 084e13c8-d138-4f80-898d-2b346b3e0a42 (length 10947 - align length 10883) has no trained error model
[2025-07-09 17:06:09.363] [jointLog] [warning] (in update()) CIGAR string for read [a374a876-b30d-4669-9792-8e360caf3833] seems inconsistent. It implied an error rate greater than 1: 1.36002 0.000592768 0
[2025-07-09 17:06:09.367] [jointLog] [warning] (in update()) CIGAR string for read [2f592334-efd5-4dae-9934-90f20b5ae5d4] seems inconsistent. It implied an error rate greater than 1: 1.90567 0 0.0106222
[2025-07-09 17:06:09.495] [jointLog] [warning] (in update()) CIGAR string for read [20efd5df-c8fa-4f6d-808a-828f3ca16d6e] seems inconsistent. It implied an error rate greater than 1: 1.16953 0.00236546 0
[2025-07-09 17:06:09.591] [jointLog] [warning] (in update()) CIGAR string for read [9f6d6add-7eae-49fe-badf-11b3fb33a23d] seems inconsistent. It implied an error rate greater than 1: 1.36412 0.00145433 0.0159977
[2025-07-09 17:06:09.666] [jointLog] [warning] (in update()) CIGAR string for read [1d0ea80b-fb57-4fd8-9744-7fde29ad424f] seems inconsistent. It implied an error rate greater than 1: 1.34744 0 0.00205339
[2025-07-09 17:06:09.818] [jointLog] [warning] (in update()) CIGAR string for read [ae168fe5-2d12-4b94-9b14-99de67a3fb51] seems inconsistent. It implied an error rate greater than 1: 1.11379 0.0150502 0.0150502
[2025-07-09 17:06:10.525] [jointLog] [warning] (in update()) CIGAR string for read [1b02944b-eee5-4efa-9b70-cd4702236843] seems inconsistent. It implied an error rate greater than 1: 1.52869 0.00817528 0.0114454
[2025-07-09 17:06:12.187] [jointLog] [warning] (in update()) CIGAR string for read [e1e210d1-428a-460c-b1da-30df34c24175] seems inconsistent. It implied an error rate greater than 1: 1.34772 0 0.00496786
[2025-07-09 17:06:12.240] [jointLog] [warning] (in update()) CIGAR string for read [a0338739-ab68-43a4-ac08-eb3d3ac0ae7f] seems inconsistent. It implied an error rate greater than 1: 1.34953 0.00788782 0.0543383
[2025-07-09 17:06:14.871] [jointLog] [warning] (in update()) CIGAR string for read [1614491a-4994-4310-9212-59c9b7c4527c] seems inconsistent. It implied an error rate greater than 1: 1.11846 0 0.0675603
[2025-07-09 17:06:17.467] [jointLog] [warning] read 5d89af51-8719-4955-b444-62ab24275470 (length 13272 - align length 13195) has no trained error model
[2025-07-09 17:06:17.467] [jointLog] [warning] read 5d89af51-8719-4955-b444-62ab24275470 (length 13272) has no trained clipping model
[2025-07-09 17:06:17.467] [jointLog] [warning] read 5d89af51-8719-4955-b444-62ab24275470 (length 13272) has no trained clipping model
[2025-07-09 17:06:17.593] [jointLog] [warning] (in update()) CIGAR string for read [835720e6-8938-456c-945f-bb9b97bf1880] seems inconsistent. It implied an error rate greater than 1: 2.22704 0.00149142 0
[2025-07-09 17:06:17.905] [jointLog] [warning] (in update()) CIGAR string for read [62a07c3c-5855-4b77-b1d0-1bc98a21759d] seems inconsistent. It implied an error rate greater than 1: 1.21726 0 0.00849515
[2025-07-09 17:06:18.053] [jointLog] [warning] (in update()) CIGAR string for read [7c6d2f6a-47b0-471e-aae9-e5472279b772] seems inconsistent. It implied an error rate greater than 1: 1.41573 0.00148104 0.0231043
[2025-07-09 17:06:25.358] [jointLog] [warning] (in update()) CIGAR string for read [a0beb5a0-e904-4443-8194-9e6be30908ab] seems inconsistent. It implied an error rate greater than 1: 1.11351 0.014273 0.0347904
[2025-07-09 17:06:25.754] [jointLog] [warning] (in update()) CIGAR string for read [ec363718-e417-472c-a65c-9d59956eb59f] seems inconsistent. It implied an error rate greater than 1: 1.64991 0.000729927 0.0266423
[2025-07-09 17:06:26.621] [jointLog] [warning] (in update()) CIGAR string for read [2aac4949-9908-43ec-9c31-a3133182b762] seems inconsistent. It implied an error rate greater than 1: 1.11013 0 0.040367
[2025-07-09 17:06:32.568] [jointLog] [warning] (in update()) CIGAR string for read [597d2245-dae6-4a59-9a0d-642719516baa] seems inconsistent. It implied an error rate greater than 1: 1.28254 0.00179641 0
[2025-07-09 17:06:33.581] [jointLog] [warning] (in update()) CIGAR string for read [781fabfa-1e7f-4e1a-9d08-baf4bf611e2b] seems inconsistent. It implied an error rate greater than 1: 1.27637 0 0.029164
[2025-07-09 17:06:34.767] [jointLog] [warning] (in update()) CIGAR string for read [ba055097-7f5b-4b23-bf61-9006114c6afc] seems inconsistent. It implied an error rate greater than 1: 2.44629 0.00531632 0
[2025-07-09 17:06:35.934] [jointLog] [warning] (in update()) CIGAR string for read [6eb04a29-724a-483b-8a14-6ec1be56f340] seems inconsistent. It implied an error rate greater than 1: 1.50429 0.00109951 0.0373832
[2025-07-09 17:06:36.262] [jointLog] [warning] read 18a444c8-9258-4537-82fb-ea6ca509bfca (length 10232) has no trained clipping model
[2025-07-09 17:06:42.533] [fileLog] [info] quantification processed 5000000 fragments so far

[2025-07-09 17:06:47.037] [jointLog] [warning] read f98d2833-6bef-44c2-bc7f-ca1cc5ed0cf3 (length 13385 - align length 13336) has no trained error model
[2025-07-09 17:07:23.922] [jointLog] [warning] read 014f29cd-c451-4065-bb4c-230bd5e0d089 (length 12663 - align length 9758) has no trained error model
[2025-07-09 17:07:23.922] [jointLog] [warning] read 014f29cd-c451-4065-bb4c-230bd5e0d089 (length 12663) has no trained clipping model
[2025-07-09 17:07:23.922] [jointLog] [warning] read 014f29cd-c451-4065-bb4c-230bd5e0d089 (length 12663) has no trained clipping model
[2025-07-09 17:07:51.319] [fileLog] [info] quantification processed 6000000 fragments so far

[2025-07-09 17:08:01.419] [jointLog] [warning] read c5e92928-adeb-4708-a227-78ef33ccdd10 (length 13416 - align length 13359) has no trained error model
[2025-07-09 17:08:01.419] [jointLog] [warning] read c5e92928-adeb-4708-a227-78ef33ccdd10 (length 13416) has no trained clipping model
[2025-07-09 17:08:01.419] [jointLog] [warning] read c5e92928-adeb-4708-a227-78ef33ccdd10 (length 13416) has no trained clipping model
[2025-07-09 17:08:01.493] [jointLog] [warning] read ab7298c2-86a3-47d0-8f92-215e50c33091 (length 11290) has no trained clipping model
[2025-07-09 17:08:07.007] [jointLog] [warning] read 1567034a-b7c5-4eff-8aab-0bacf7541bbb (length 13332 - align length 13265) has no trained error model
[2025-07-09 17:08:36.113] [jointLog] [warning] read 1d987bcb-e072-4a85-91c1-a68ee9ad7643 (length 13414 - align length 13305) has no trained error model
[2025-07-09 17:08:36.113] [jointLog] [warning] read 1d987bcb-e072-4a85-91c1-a68ee9ad7643 (length 13414) has no trained clipping model
[2025-07-09 17:08:36.113] [jointLog] [warning] read 1d987bcb-e072-4a85-91c1-a68ee9ad7643 (length 13414) has no trained clipping model
[2025-07-09 17:08:40.954] [jointLog] [warning] read 7ebb76df-6410-4294-a71f-464f61780ff5 (length 46431 - align length 851) has no trained error model
[2025-07-09 17:08:40.954] [jointLog] [warning] read 7ebb76df-6410-4294-a71f-464f61780ff5 (length 46431) has no trained clipping model
[2025-07-09 17:08:40.954] [jointLog] [warning] read 7ebb76df-6410-4294-a71f-464f61780ff5 (length 46431) has no trained clipping model
[2025-07-09 17:08:40.954] [jointLog] [warning] read 1a18107d-7b6a-4639-ad94-27557636aaeb (length 13782 - align length 361) has no trained error model
[2025-07-09 17:08:40.954] [jointLog] [warning] read 1a18107d-7b6a-4639-ad94-27557636aaeb (length 13782) has no trained clipping model
[2025-07-09 17:08:40.954] [jointLog] [warning] read 1a18107d-7b6a-4639-ad94-27557636aaeb (length 13782) has no trained clipping model
[2025-07-09 17:08:40.954] [jointLog] [warning] read b33802fe-2860-42d5-8554-4b81a392b85f (length 14843 - align length 4173) has no trained error model
[2025-07-09 17:08:40.954] [jointLog] [warning] read b33802fe-2860-42d5-8554-4b81a392b85f (length 14843) has no trained clipping model
[2025-07-09 17:08:40.954] [jointLog] [warning] read b33802fe-2860-42d5-8554-4b81a392b85f (length 14843) has no trained clipping model
[2025-07-09 17:08:40.954] [jointLog] [warning] read 32cde02b-9847-4a86-ac16-54360e114acf (length 23358 - align length 1915) has no trained error model
[2025-07-09 17:08:40.955] [jointLog] [warning] read 32cde02b-9847-4a86-ac16-54360e114acf (length 23358) has no trained clipping model
[2025-07-09 17:08:40.955] [jointLog] [warning] read 32cde02b-9847-4a86-ac16-54360e114acf (length 23358) has no trained clipping model
[2025-07-09 17:08:40.955] [jointLog] [warning] read 2479a86e-fecd-4ed0-8b44-f17e7942f3ad (length 11269) has no trained clipping model
[2025-07-09 17:08:40.955] [jointLog] [warning] read a409053c-aa59-411f-8450-5a49d7284024 (length 13695 - align length 486) has no trained error model
[2025-07-09 17:08:40.955] [jointLog] [warning] read a409053c-aa59-411f-8450-5a49d7284024 (length 13695) has no trained clipping model
[2025-07-09 17:08:40.955] [jointLog] [warning] read a409053c-aa59-411f-8450-5a49d7284024 (length 13695) has no trained clipping model
[2025-07-09 17:08:40.955] [jointLog] [warning] read 8a88d1a3-f5bb-458b-9ddd-903d32f76e2a (length 17676 - align length 17283) has no trained error model
[2025-07-09 17:08:40.955] [jointLog] [warning] read 8a88d1a3-f5bb-458b-9ddd-903d32f76e2a (length 17676) has no trained clipping model
[2025-07-09 17:08:40.955] [jointLog] [warning] read 8a88d1a3-f5bb-458b-9ddd-903d32f76e2a (length 17676) has no trained clipping model
[2025-07-09 17:08:40.955] [jointLog] [warning] read ba1d333d-a974-4dec-87ae-26a8de60946a (length 27868 - align length 3463) has no trained error model
[2025-07-09 17:08:40.955] [jointLog] [warning] read ba1d333d-a974-4dec-87ae-26a8de60946a (length 27868) has no trained clipping model
[2025-07-09 17:08:40.955] [jointLog] [warning] read ba1d333d-a974-4dec-87ae-26a8de60946a (length 27868) has no trained clipping model
[2025-07-09 17:08:40.955] [jointLog] [warning] read 0a06b8a8-f85a-4f54-88e0-fe99290c8ad3 (length 13461 - align length 540) has no trained error model
[2025-07-09 17:08:40.955] [jointLog] [warning] read 0a06b8a8-f85a-4f54-88e0-fe99290c8ad3 (length 13461) has no trained clipping model
[2025-07-09 17:08:40.955] [jointLog] [warning] read 0a06b8a8-f85a-4f54-88e0-fe99290c8ad3 (length 13461) has no trained clipping model
[2025-07-09 17:08:40.955] [jointLog] [warning] read 4b062f94-0ad2-457f-94c8-99a5334700fa (length 14110 - align length 396) has no trained error model
[2025-07-09 17:08:40.955] [jointLog] [warning] read 4b062f94-0ad2-457f-94c8-99a5334700fa (length 14110) has no trained clipping model
[2025-07-09 17:08:40.955] [jointLog] [warning] read 4b062f94-0ad2-457f-94c8-99a5334700fa (length 14110) has no trained clipping model
[2025-07-09 17:08:40.955] [jointLog] [warning] read 77ecfb6e-338a-4720-b0ea-ecdbcbc77ac9 (length 18217 - align length 3484) has no trained error model
[2025-07-09 17:08:40.955] [jointLog] [warning] read 77ecfb6e-338a-4720-b0ea-ecdbcbc77ac9 (length 18217) has no trained clipping model
[2025-07-09 17:08:40.955] [jointLog] [warning] read 77ecfb6e-338a-4720-b0ea-ecdbcbc77ac9 (length 18217) has no trained clipping model
[2025-07-09 17:08:40.955] [jointLog] [warning] read d232f639-fb9f-411f-9b4e-3069b22911c3 (length 27910 - align length 691) has no trained error model
[2025-07-09 17:08:40.955] [jointLog] [warning] read d232f639-fb9f-411f-9b4e-3069b22911c3 (length 27910) has no trained clipping model
[2025-07-09 17:08:40.955] [jointLog] [warning] read d232f639-fb9f-411f-9b4e-3069b22911c3 (length 27910) has no trained clipping model
[2025-07-09 17:08:40.955] [jointLog] [warning] read 7e6e0bd4-4871-42a3-8277-aed6133f5d1d (length 27825 - align length 856) has no trained error model
[2025-07-09 17:08:40.955] [jointLog] [warning] read 7e6e0bd4-4871-42a3-8277-aed6133f5d1d (length 27825) has no trained clipping model
[2025-07-09 17:08:40.955] [jointLog] [warning] read 7e6e0bd4-4871-42a3-8277-aed6133f5d1d (length 27825) has no trained clipping model
[2025-07-09 17:08:40.955] [jointLog] [warning] read 6cc13ff8-c9cd-4162-ac24-30a534b2879c (length 40653 - align length 210) has no trained error model
[2025-07-09 17:08:40.955] [jointLog] [warning] read 6cc13ff8-c9cd-4162-ac24-30a534b2879c (length 40653) has no trained clipping model
[2025-07-09 17:08:40.955] [jointLog] [warning] read 6cc13ff8-c9cd-4162-ac24-30a534b2879c (length 40653) has no trained clipping model
[2025-07-09 17:08:40.955] [jointLog] [warning] read dcd56cb9-4a7d-456a-b1e5-bffcf8a58f54 (length 14030 - align length 1419) has no trained error model
[2025-07-09 17:08:40.955] [jointLog] [warning] read dcd56cb9-4a7d-456a-b1e5-bffcf8a58f54 (length 14030) has no trained clipping model
[2025-07-09 17:08:40.955] [jointLog] [warning] read dcd56cb9-4a7d-456a-b1e5-bffcf8a58f54 (length 14030) has no trained clipping model
[2025-07-09 17:08:40.955] [jointLog] [warning] read 1beedf43-f2a2-4e03-8f2a-115d6f2b7f73 (length 15638 - align length 224) has no trained error model
[2025-07-09 17:08:40.955] [jointLog] [warning] read 1beedf43-f2a2-4e03-8f2a-115d6f2b7f73 (length 15638) has no trained clipping model
[2025-07-09 17:08:40.955] [jointLog] [warning] read 1beedf43-f2a2-4e03-8f2a-115d6f2b7f73 (length 15638) has no trained clipping model
[2025-07-09 17:08:40.955] [jointLog] [warning] read 70367571-bc96-4130-9bd3-2c9540d5fffc (length 53109 - align length 3883) has no trained error model
[2025-07-09 17:08:40.955] [jointLog] [warning] read 70367571-bc96-4130-9bd3-2c9540d5fffc (length 53109) has no trained clipping model
[2025-07-09 17:08:40.955] [jointLog] [warning] read 70367571-bc96-4130-9bd3-2c9540d5fffc (length 53109) has no trained clipping model
[2025-07-09 17:08:40.955] [jointLog] [warning] read f258bb65-5396-4977-a2b2-aafa6e896dcb (length 14679 - align length 119) has no trained error model
[2025-07-09 17:08:40.955] [jointLog] [warning] read f258bb65-5396-4977-a2b2-aafa6e896dcb (length 14679) has no trained clipping model
[2025-07-09 17:08:40.955] [jointLog] [warning] read f258bb65-5396-4977-a2b2-aafa6e896dcb (length 14679) has no trained clipping model
[2025-07-09 17:08:40.955] [jointLog] [warning] read 06afdee5-7703-4af8-84f9-18eee70a5821 (length 15081 - align length 189) has no trained error model
[2025-07-09 17:08:40.955] [jointLog] [warning] read 06afdee5-7703-4af8-84f9-18eee70a5821 (length 15081) has no trained clipping model
[2025-07-09 17:08:40.955] [jointLog] [warning] read 06afdee5-7703-4af8-84f9-18eee70a5821 (length 15081) has no trained clipping model
[2025-07-09 17:08:40.955] [jointLog] [warning] read da7066dc-e163-4222-b492-4712178ae7d1 (length 42374 - align length 124) has no trained error model
[2025-07-09 17:08:40.955] [jointLog] [warning] read da7066dc-e163-4222-b492-4712178ae7d1 (length 42374) has no trained clipping model
[2025-07-09 17:08:40.955] [jointLog] [warning] read da7066dc-e163-4222-b492-4712178ae7d1 (length 42374) has no trained clipping model
[2025-07-09 17:08:40.955] [jointLog] [warning] read 311c8afd-959b-4e40-b99b-576661f9736c (length 99946 - align length 591) has no trained error model
[2025-07-09 17:08:40.955] [jointLog] [warning] read 311c8afd-959b-4e40-b99b-576661f9736c (length 99946) has no trained clipping model
[2025-07-09 17:08:40.955] [jointLog] [warning] read 311c8afd-959b-4e40-b99b-576661f9736c (length 99946) has no trained clipping model
[2025-07-09 17:08:40.955] [jointLog] [warning] read 289e0737-1414-4f36-82f7-ebdaa37425c4 (length 15368 - align length 458) has no trained error model
[2025-07-09 17:08:40.955] [jointLog] [warning] read 289e0737-1414-4f36-82f7-ebdaa37425c4 (length 15368) has no trained clipping model
[2025-07-09 17:08:40.955] [jointLog] [warning] read 289e0737-1414-4f36-82f7-ebdaa37425c4 (length 15368) has no trained clipping model
[2025-07-09 17:08:40.955] [jointLog] [warning] read 6c203a0c-53c9-47d8-8094-3b0d6cdca006 (length 14142 - align length 1064) has no trained error model
[2025-07-09 17:08:40.955] [jointLog] [warning] read 6c203a0c-53c9-47d8-8094-3b0d6cdca006 (length 14142) has no trained clipping model
[2025-07-09 17:08:40.955] [jointLog] [warning] read 6c203a0c-53c9-47d8-8094-3b0d6cdca006 (length 14142) has no trained clipping model
[2025-07-09 17:08:40.955] [jointLog] [warning] read fa6ae259-b819-46d0-8edd-39c61a629990 (length 16841 - align length 908) has no trained error model
[2025-07-09 17:08:40.955] [jointLog] [warning] read fa6ae259-b819-46d0-8edd-39c61a629990 (length 16841) has no trained clipping model
[2025-07-09 17:08:40.955] [jointLog] [warning] read fa6ae259-b819-46d0-8edd-39c61a629990 (length 16841) has no trained clipping model
[2025-07-09 17:08:40.955] [jointLog] [warning] read bce23fb4-bf21-463d-995a-933ad3062cf0 (length 23143 - align length 653) has no trained error model
[2025-07-09 17:08:40.955] [jointLog] [warning] read bce23fb4-bf21-463d-995a-933ad3062cf0 (length 23143) has no trained clipping model
[2025-07-09 17:08:40.955] [jointLog] [warning] read bce23fb4-bf21-463d-995a-933ad3062cf0 (length 23143) has no trained clipping model
[2025-07-09 17:08:40.955] [jointLog] [warning] read 83e1e7cf-8bb2-4388-aa55-973de1842820 (length 33534 - align length 492) has no trained error model
[2025-07-09 17:08:40.955] [jointLog] [warning] read 83e1e7cf-8bb2-4388-aa55-973de1842820 (length 33534) has no trained clipping model
[2025-07-09 17:08:40.955] [jointLog] [warning] read 83e1e7cf-8bb2-4388-aa55-973de1842820 (length 33534) has no trained clipping model
[2025-07-09 17:08:40.955] [jointLog] [warning] read 9ba06d74-5933-4790-90b4-7caeb3136064 (length 35813 - align length 712) has no trained error model
[2025-07-09 17:08:40.955] [jointLog] [warning] read 9ba06d74-5933-4790-90b4-7caeb3136064 (length 35813) has no trained clipping model
[2025-07-09 17:08:40.955] [jointLog] [warning] read 9ba06d74-5933-4790-90b4-7caeb3136064 (length 35813) has no trained clipping model
[2025-07-09 17:08:40.955] [jointLog] [warning] read 58e9738e-5623-476f-b8e4-64f479c90213 (length 38759 - align length 4267) has no trained error model
[2025-07-09 17:08:40.955] [jointLog] [warning] read 58e9738e-5623-476f-b8e4-64f479c90213 (length 38759) has no trained clipping model
[2025-07-09 17:08:40.955] [jointLog] [warning] read 58e9738e-5623-476f-b8e4-64f479c90213 (length 38759) has no trained clipping model
[2025-07-09 17:08:40.955] [jointLog] [warning] read a2993ae1-cc1c-449a-b36a-a2aced3cb911 (length 17143 - align length 17083) has no trained error model
[2025-07-09 17:08:40.955] [jointLog] [warning] read a2993ae1-cc1c-449a-b36a-a2aced3cb911 (length 17143) has no trained clipping model
[2025-07-09 17:08:40.955] [jointLog] [warning] read a2993ae1-cc1c-449a-b36a-a2aced3cb911 (length 17143) has no trained clipping model
[2025-07-09 17:08:40.955] [jointLog] [warning] read a3b5afde-804f-4744-90b4-ac604f6982c0 (length 37220 - align length 2397) has no trained error model
[2025-07-09 17:08:40.955] [jointLog] [warning] read a3b5afde-804f-4744-90b4-ac604f6982c0 (length 37220) has no trained clipping model
[2025-07-09 17:08:40.955] [jointLog] [warning] read a3b5afde-804f-4744-90b4-ac604f6982c0 (length 37220) has no trained clipping model
[2025-07-09 17:08:40.955] [jointLog] [warning] read 47772ceb-bfa9-4f91-9a32-1399ff034337 (length 306141 - align length 6098) has no trained error model
[2025-07-09 17:08:40.955] [jointLog] [warning] read 47772ceb-bfa9-4f91-9a32-1399ff034337 (length 306141) has no trained clipping model
[2025-07-09 17:08:40.955] [jointLog] [warning] read 47772ceb-bfa9-4f91-9a32-1399ff034337 (length 306141) has no trained clipping model
[2025-07-09 17:08:40.955] [jointLog] [warning] read 3d9cd453-6878-4c66-8e01-e89ce7d5b499 (length 29591 - align length 1095) has no trained error model
[2025-07-09 17:08:40.955] [jointLog] [warning] read 3d9cd453-6878-4c66-8e01-e89ce7d5b499 (length 29591) has no trained clipping model
[2025-07-09 17:08:40.955] [jointLog] [warning] read 3d9cd453-6878-4c66-8e01-e89ce7d5b499 (length 29591) has no trained clipping model
[2025-07-09 17:08:40.955] [jointLog] [warning] read 078a9e65-8af7-4919-a284-85ea430d1fc9 (length 26070 - align length 1920) has no trained error model
[2025-07-09 17:08:40.955] [jointLog] [warning] read 078a9e65-8af7-4919-a284-85ea430d1fc9 (length 26070) has no trained clipping model
[2025-07-09 17:08:40.955] [jointLog] [warning] read 078a9e65-8af7-4919-a284-85ea430d1fc9 (length 26070) has no trained clipping model
[2025-07-09 17:08:40.955] [jointLog] [warning] read aa0d1850-a1e1-43cb-8e5e-a8b6d1489442 (length 15572 - align length 73) has no trained error model
[2025-07-09 17:08:40.955] [jointLog] [warning] read aa0d1850-a1e1-43cb-8e5e-a8b6d1489442 (length 15572) has no trained clipping model
[2025-07-09 17:08:40.955] [jointLog] [warning] read aa0d1850-a1e1-43cb-8e5e-a8b6d1489442 (length 15572) has no trained clipping model
[2025-07-09 17:08:40.955] [jointLog] [warning] read 8b6b8630-267d-4ba1-ad80-e9822f324b91 (length 67423 - align length 1177) has no trained error model
[2025-07-09 17:08:40.955] [jointLog] [warning] read 8b6b8630-267d-4ba1-ad80-e9822f324b91 (length 67423) has no trained clipping model
[2025-07-09 17:08:40.955] [jointLog] [warning] read 8b6b8630-267d-4ba1-ad80-e9822f324b91 (length 67423) has no trained clipping model
[2025-07-09 17:08:40.955] [jointLog] [warning] read efbeca8b-99ef-4d16-b27c-1c7432ac24e4 (length 31842 - align length 3671) has no trained error model
[2025-07-09 17:08:40.955] [jointLog] [warning] read efbeca8b-99ef-4d16-b27c-1c7432ac24e4 (length 31842) has no trained clipping model
[2025-07-09 17:08:40.955] [jointLog] [warning] read efbeca8b-99ef-4d16-b27c-1c7432ac24e4 (length 31842) has no trained clipping model
[2025-07-09 17:08:40.955] [jointLog] [warning] read e8ce8632-a52d-4d8e-a2e3-c15723b37b73 (length 24202 - align length 106) has no trained error model
[2025-07-09 17:08:40.955] [jointLog] [warning] read e8ce8632-a52d-4d8e-a2e3-c15723b37b73 (length 24202) has no trained clipping model
[2025-07-09 17:08:40.955] [jointLog] [warning] read e8ce8632-a52d-4d8e-a2e3-c15723b37b73 (length 24202) has no trained clipping model
[2025-07-09 17:08:40.955] [jointLog] [warning] read be9c92b8-65f7-4d6e-99c5-424d0d12c271 (length 26305 - align length 1239) has no trained error model
[2025-07-09 17:08:40.955] [jointLog] [warning] read be9c92b8-65f7-4d6e-99c5-424d0d12c271 (length 26305) has no trained clipping model
[2025-07-09 17:08:40.955] [jointLog] [warning] read be9c92b8-65f7-4d6e-99c5-424d0d12c271 (length 26305) has no trained clipping model
[2025-07-09 17:08:40.955] [jointLog] [warning] read ab350146-6670-42c0-95d7-a03fab99286d (length 28671 - align length 1794) has no trained error model
[2025-07-09 17:08:40.955] [jointLog] [warning] read ab350146-6670-42c0-95d7-a03fab99286d (length 28671) has no trained clipping model
[2025-07-09 17:08:40.955] [jointLog] [warning] read ab350146-6670-42c0-95d7-a03fab99286d (length 28671) has no trained clipping model
[2025-07-09 17:08:40.955] [jointLog] [warning] read d82efbe8-facd-4065-acaf-05f557fe8bd8 (length 13021 - align length 1191) has no trained error model
[2025-07-09 17:08:40.955] [jointLog] [warning] read d82efbe8-facd-4065-acaf-05f557fe8bd8 (length 13021) has no trained clipping model
[2025-07-09 17:08:40.955] [jointLog] [warning] read d82efbe8-facd-4065-acaf-05f557fe8bd8 (length 13021) has no trained clipping model
[2025-07-09 17:08:40.955] [jointLog] [warning] read 72b74bfa-9a98-4ae2-a3a5-18ffe4ced089 (length 13552 - align length 828) has no trained error model
[2025-07-09 17:08:40.955] [jointLog] [warning] read 72b74bfa-9a98-4ae2-a3a5-18ffe4ced089 (length 13552) has no trained clipping model
[2025-07-09 17:08:40.955] [jointLog] [warning] read 72b74bfa-9a98-4ae2-a3a5-18ffe4ced089 (length 13552) has no trained clipping model
[2025-07-09 17:08:40.955] [jointLog] [warning] read cb941738-33eb-44e8-afb2-91fa44ce70a9 (length 13654 - align length 343) has no trained error model
[2025-07-09 17:08:40.955] [jointLog] [warning] read cb941738-33eb-44e8-afb2-91fa44ce70a9 (length 13654) has no trained clipping model
[2025-07-09 17:08:40.955] [jointLog] [warning] read cb941738-33eb-44e8-afb2-91fa44ce70a9 (length 13654) has no trained clipping model
[2025-07-09 17:08:40.955] [jointLog] [warning] read e71fc25d-31a3-4a75-8f20-2687eb73f823 (length 13784 - align length 886) has no trained error model
[2025-07-09 17:08:40.955] [jointLog] [warning] read e71fc25d-31a3-4a75-8f20-2687eb73f823 (length 13784) has no trained clipping model
[2025-07-09 17:08:40.955] [jointLog] [warning] read e71fc25d-31a3-4a75-8f20-2687eb73f823 (length 13784) has no trained clipping model
[2025-07-09 17:08:40.955] [jointLog] [warning] read 9776a672-5328-4940-8366-3738175e126c (length 16654 - align length 1358) has no trained error model
[2025-07-09 17:08:40.955] [jointLog] [warning] read 9776a672-5328-4940-8366-3738175e126c (length 16654) has no trained clipping model
[2025-07-09 17:08:40.955] [jointLog] [warning] read 9776a672-5328-4940-8366-3738175e126c (length 16654) has no trained clipping model
[2025-07-09 17:08:40.956] [jointLog] [warning] read 4503a987-f2a1-44b7-b051-27c9f43432b7 (length 11740) has no trained clipping model
[2025-07-09 17:08:40.956] [jointLog] [warning] read d54d6713-abbc-4f0d-b99d-ce76ab787970 (length 14813 - align length 5569) has no trained error model
[2025-07-09 17:08:40.956] [jointLog] [warning] read d54d6713-abbc-4f0d-b99d-ce76ab787970 (length 14813) has no trained clipping model
[2025-07-09 17:08:40.956] [jointLog] [warning] read d54d6713-abbc-4f0d-b99d-ce76ab787970 (length 14813) has no trained clipping model
[2025-07-09 17:08:40.956] [jointLog] [warning] read e6965682-db9b-4f37-a4c6-02131a1ba350 (length 23415 - align length 4239) has no trained error model
[2025-07-09 17:08:40.956] [jointLog] [warning] read e6965682-db9b-4f37-a4c6-02131a1ba350 (length 23415) has no trained clipping model
[2025-07-09 17:08:40.956] [jointLog] [warning] read e6965682-db9b-4f37-a4c6-02131a1ba350 (length 23415) has no trained clipping model
[2025-07-09 17:08:40.956] [jointLog] [warning] read 21cb4df5-805c-401b-9284-85a5e93fdb13 (length 20276 - align length 270) has no trained error model
[2025-07-09 17:08:40.956] [jointLog] [warning] read 21cb4df5-805c-401b-9284-85a5e93fdb13 (length 20276) has no trained clipping model
[2025-07-09 17:08:40.956] [jointLog] [warning] read 21cb4df5-805c-401b-9284-85a5e93fdb13 (length 20276) has no trained clipping model
[2025-07-09 17:08:40.956] [jointLog] [warning] read 2b68ddf7-3929-423c-9101-18d4b49e8342 (length 13184 - align length 13158) has no trained error model
[2025-07-09 17:08:40.956] [jointLog] [warning] read 2b68ddf7-3929-423c-9101-18d4b49e8342 (length 13184) has no trained clipping model
[2025-07-09 17:08:40.956] [jointLog] [warning] read 2b68ddf7-3929-423c-9101-18d4b49e8342 (length 13184) has no trained clipping model
[2025-07-09 17:08:40.956] [jointLog] [warning] read cef0b6fb-b655-491a-9a98-dc54229c6059 (length 12710 - align length 132) has no trained error model
[2025-07-09 17:08:40.956] [jointLog] [warning] read cef0b6fb-b655-491a-9a98-dc54229c6059 (length 12710) has no trained clipping model
[2025-07-09 17:08:40.956] [jointLog] [warning] read cef0b6fb-b655-491a-9a98-dc54229c6059 (length 12710) has no trained clipping model
[2025-07-09 17:08:40.956] [jointLog] [warning] read d8a01a14-fe7b-459f-87fe-fcf47c82ca4d (length 16195 - align length 521) has no trained error model
[2025-07-09 17:08:40.956] [jointLog] [warning] read d8a01a14-fe7b-459f-87fe-fcf47c82ca4d (length 16195) has no trained clipping model
[2025-07-09 17:08:40.956] [jointLog] [warning] read d8a01a14-fe7b-459f-87fe-fcf47c82ca4d (length 16195) has no trained clipping model
[2025-07-09 17:08:40.956] [jointLog] [warning] read f431e884-1590-458a-a16b-232d8904a29b (length 22700 - align length 1369) has no trained error model
[2025-07-09 17:08:40.956] [jointLog] [warning] read f431e884-1590-458a-a16b-232d8904a29b (length 22700) has no trained clipping model
[2025-07-09 17:08:40.956] [jointLog] [warning] read f431e884-1590-458a-a16b-232d8904a29b (length 22700) has no trained clipping model
[2025-07-09 17:08:40.956] [jointLog] [warning] read 59d97abd-b605-4c93-ab8c-51f52d2ced0e (length 12101 - align length 1009) has no trained error model
[2025-07-09 17:08:40.956] [jointLog] [warning] read 59d97abd-b605-4c93-ab8c-51f52d2ced0e (length 12101) has no trained clipping model
[2025-07-09 17:08:40.956] [jointLog] [warning] read 59d97abd-b605-4c93-ab8c-51f52d2ced0e (length 12101) has no trained clipping model
[2025-07-09 17:08:40.956] [jointLog] [warning] read 68c70241-7c7c-48d6-9fdf-613505b763f9 (length 72725 - align length 434) has no trained error model
[2025-07-09 17:08:40.956] [jointLog] [warning] read 68c70241-7c7c-48d6-9fdf-613505b763f9 (length 72725) has no trained clipping model
[2025-07-09 17:08:40.956] [jointLog] [warning] read 68c70241-7c7c-48d6-9fdf-613505b763f9 (length 72725) has no trained clipping model
[2025-07-09 17:08:40.956] [jointLog] [warning] read b2d129a1-f352-44fb-bb52-ca87b9873017 (length 21043 - align length 88) has no trained error model
[2025-07-09 17:08:40.956] [jointLog] [warning] read b2d129a1-f352-44fb-bb52-ca87b9873017 (length 21043) has no trained clipping model
[2025-07-09 17:08:40.956] [jointLog] [warning] read b2d129a1-f352-44fb-bb52-ca87b9873017 (length 21043) has no trained clipping model
[2025-07-09 17:08:40.956] [jointLog] [warning] read 36d7d394-0819-422b-9377-cf6bda247c24 (length 74775 - align length 830) has no trained error model
[2025-07-09 17:08:40.956] [jointLog] [warning] read 36d7d394-0819-422b-9377-cf6bda247c24 (length 74775) has no trained clipping model
[2025-07-09 17:08:40.956] [jointLog] [warning] read 36d7d394-0819-422b-9377-cf6bda247c24 (length 74775) has no trained clipping model
[2025-07-09 17:08:40.956] [jointLog] [warning] read 2c8f272d-c579-4055-ad69-5ceb5b397ad6 (length 22643 - align length 2120) has no trained error model
[2025-07-09 17:08:40.956] [jointLog] [warning] read 2c8f272d-c579-4055-ad69-5ceb5b397ad6 (length 22643) has no trained clipping model
[2025-07-09 17:08:40.956] [jointLog] [warning] read 2c8f272d-c579-4055-ad69-5ceb5b397ad6 (length 22643) has no trained clipping model
[2025-07-09 17:08:40.956] [jointLog] [warning] read 4ba38754-719c-4fe1-a707-c3b98d99c29d (length 13551 - align length 80) has no trained error model
[2025-07-09 17:08:40.956] [jointLog] [warning] read 4ba38754-719c-4fe1-a707-c3b98d99c29d (length 13551) has no trained clipping model
[2025-07-09 17:08:40.956] [jointLog] [warning] read 4ba38754-719c-4fe1-a707-c3b98d99c29d (length 13551) has no trained clipping model
[2025-07-09 17:08:40.956] [jointLog] [warning] read 1efe45b5-3c62-4809-b97d-292dfea25b04 (length 100902 - align length 956) has no trained error model
[2025-07-09 17:08:40.956] [jointLog] [warning] read 1efe45b5-3c62-4809-b97d-292dfea25b04 (length 100902) has no trained clipping model
[2025-07-09 17:08:40.956] [jointLog] [warning] read 1efe45b5-3c62-4809-b97d-292dfea25b04 (length 100902) has no trained clipping model
[2025-07-09 17:08:40.956] [jointLog] [warning] read 35c50544-7d0c-4863-a911-496b6f1bfbfa (length 152605 - align length 1074) has no trained error model
[2025-07-09 17:08:40.956] [jointLog] [warning] read 35c50544-7d0c-4863-a911-496b6f1bfbfa (length 152605) has no trained clipping model
[2025-07-09 17:08:40.956] [jointLog] [warning] read 35c50544-7d0c-4863-a911-496b6f1bfbfa (length 152605) has no trained clipping model
[2025-07-09 17:08:40.956] [jointLog] [warning] read d73e06ef-5df9-460e-a1cc-4dacb574168a (length 282958 - align length 245) has no trained error model
[2025-07-09 17:08:40.956] [jointLog] [warning] read d73e06ef-5df9-460e-a1cc-4dacb574168a (length 282958) has no trained clipping model
[2025-07-09 17:08:40.956] [jointLog] [warning] read d73e06ef-5df9-460e-a1cc-4dacb574168a (length 282958) has no trained clipping model
[2025-07-09 17:08:40.956] [jointLog] [warning] read 296a06f1-4d18-4c1a-b6c8-290e4eb5df88 (length 13187 - align length 169) has no trained error model
[2025-07-09 17:08:40.956] [jointLog] [warning] read 296a06f1-4d18-4c1a-b6c8-290e4eb5df88 (length 13187) has no trained clipping model
[2025-07-09 17:08:40.956] [jointLog] [warning] read 296a06f1-4d18-4c1a-b6c8-290e4eb5df88 (length 13187) has no trained clipping model
[2025-07-09 17:08:40.956] [jointLog] [warning] read 2d659867-d143-46ab-b27b-ea40577e5b7d (length 16147 - align length 16115) has no trained error model
[2025-07-09 17:08:40.956] [jointLog] [warning] read 2d659867-d143-46ab-b27b-ea40577e5b7d (length 16147) has no trained clipping model
[2025-07-09 17:08:40.956] [jointLog] [warning] read 2d659867-d143-46ab-b27b-ea40577e5b7d (length 16147) has no trained clipping model
[2025-07-09 17:08:40.956] [jointLog] [warning] read 242d2d74-0597-476b-a1dd-f6d67836327c (length 13720 - align length 3378) has no trained error model
[2025-07-09 17:08:40.956] [jointLog] [warning] read 242d2d74-0597-476b-a1dd-f6d67836327c (length 13720) has no trained clipping model
[2025-07-09 17:08:40.956] [jointLog] [warning] read 498a850f-41e3-4b2b-a2fc-67e146cbec33 (length 44405 - align length 756) has no trained error model
[2025-07-09 17:08:40.956] [jointLog] [warning] read 242d2d74-0597-476b-a1dd-f6d67836327c (length 13720) has no trained clipping model
[2025-07-09 17:08:40.956] [jointLog] [warning] read 498a850f-41e3-4b2b-a2fc-67e146cbec33 (length 44405) has no trained clipping model
[2025-07-09 17:08:40.956] [jointLog] [warning] read 498a850f-41e3-4b2b-a2fc-67e146cbec33 (length 44405) has no trained clipping model
[2025-07-09 17:08:40.956] [jointLog] [warning] read edf2760e-eb33-4961-b927-f7452f2fb471 (length 48467 - align length 160) has no trained error model
[2025-07-09 17:08:40.956] [jointLog] [warning] read edf2760e-eb33-4961-b927-f7452f2fb471 (length 48467) has no trained clipping model
[2025-07-09 17:08:40.956] [jointLog] [warning] read edf2760e-eb33-4961-b927-f7452f2fb471 (length 48467) has no trained clipping model
[2025-07-09 17:08:40.956] [jointLog] [warning] read 7aeb535a-2c3f-4585-b3ae-4e199f07e9a0 (length 46288 - align length 77) has no trained error model
[2025-07-09 17:08:40.956] [jointLog] [warning] read 7aeb535a-2c3f-4585-b3ae-4e199f07e9a0 (length 46288) has no trained clipping model
[2025-07-09 17:08:40.956] [jointLog] [warning] read 7aeb535a-2c3f-4585-b3ae-4e199f07e9a0 (length 46288) has no trained clipping model
[2025-07-09 17:08:40.956] [jointLog] [warning] read b7fec55d-b604-4797-bb2a-76a518b04e53 (length 39075 - align length 158) has no trained error model
[2025-07-09 17:08:40.956] [jointLog] [warning] read 5f0cb30b-932c-4c87-9f48-49543b1bd0cd (length 14862 - align length 14847) has no trained error model
[2025-07-09 17:08:40.956] [jointLog] [warning] read b7fec55d-b604-4797-bb2a-76a518b04e53 (length 39075) has no trained clipping model
[2025-07-09 17:08:40.956] [jointLog] [warning] read 5f0cb30b-932c-4c87-9f48-49543b1bd0cd (length 14862) has no trained clipping model
[2025-07-09 17:08:40.956] [jointLog] [warning] read b7fec55d-b604-4797-bb2a-76a518b04e53 (length 39075) has no trained clipping model
[2025-07-09 17:08:40.956] [jointLog] [warning] read 5f0cb30b-932c-4c87-9f48-49543b1bd0cd (length 14862) has no trained clipping model
[2025-07-09 17:08:40.956] [jointLog] [warning] read cd3459e8-41a8-48c5-91fc-583bfdb53e1c (length 20477 - align length 114) has no trained error model
[2025-07-09 17:08:40.956] [jointLog] [warning] read cd3459e8-41a8-48c5-91fc-583bfdb53e1c (length 20477) has no trained clipping model
[2025-07-09 17:08:40.956] [jointLog] [warning] read cd3459e8-41a8-48c5-91fc-583bfdb53e1c (length 20477) has no trained clipping model
[2025-07-09 17:08:40.956] [jointLog] [warning] read edf5ea20-a131-4012-aa60-5cc9f7f2be9a (length 35453 - align length 230) has no trained error model
[2025-07-09 17:08:40.956] [jointLog] [warning] read edf5ea20-a131-4012-aa60-5cc9f7f2be9a (length 35453) has no trained clipping model
[2025-07-09 17:08:40.956] [jointLog] [warning] read edf5ea20-a131-4012-aa60-5cc9f7f2be9a (length 35453) has no trained clipping model
[2025-07-09 17:08:40.956] [jointLog] [warning] read d80f32d5-a053-48d3-a14a-d15b92038605 (length 116459 - align length 73) has no trained error model
[2025-07-09 17:08:40.956] [jointLog] [warning] read d80f32d5-a053-48d3-a14a-d15b92038605 (length 116459) has no trained clipping model
[2025-07-09 17:08:40.956] [jointLog] [warning] read d80f32d5-a053-48d3-a14a-d15b92038605 (length 116459) has no trained clipping model
[2025-07-09 17:08:40.956] [jointLog] [warning] read b91d7a92-0639-4c36-9cb2-860e595e5d42 (length 18076 - align length 733) has no trained error model
[2025-07-09 17:08:40.956] [jointLog] [warning] read b91d7a92-0639-4c36-9cb2-860e595e5d42 (length 18076) has no trained clipping model
[2025-07-09 17:08:40.956] [jointLog] [warning] read b91d7a92-0639-4c36-9cb2-860e595e5d42 (length 18076) has no trained clipping model
[2025-07-09 17:08:40.956] [jointLog] [warning] read 06587453-7e0a-47bb-83c5-082e714a413a (length 51084 - align length 475) has no trained error model
[2025-07-09 17:08:40.956] [jointLog] [warning] read 06587453-7e0a-47bb-83c5-082e714a413a (length 51084) has no trained clipping model
[2025-07-09 17:08:40.956] [jointLog] [warning] read 06587453-7e0a-47bb-83c5-082e714a413a (length 51084) has no trained clipping model
[2025-07-09 17:08:40.956] [jointLog] [warning] read a07fce2a-a4aa-45c4-9d5a-20b1f47fac9b (length 20445 - align length 522) has no trained error model
[2025-07-09 17:08:40.956] [jointLog] [warning] read a07fce2a-a4aa-45c4-9d5a-20b1f47fac9b (length 20445) has no trained clipping model
[2025-07-09 17:08:40.956] [jointLog] [warning] read a07fce2a-a4aa-45c4-9d5a-20b1f47fac9b (length 20445) has no trained clipping model
[2025-07-09 17:08:40.956] [jointLog] [warning] read 0a474f84-e5e2-49ee-970f-4b88484feeb7 (length 16064 - align length 514) has no trained error model
[2025-07-09 17:08:40.956] [jointLog] [warning] read 0a474f84-e5e2-49ee-970f-4b88484feeb7 (length 16064) has no trained clipping model
[2025-07-09 17:08:40.956] [jointLog] [warning] read 0a474f84-e5e2-49ee-970f-4b88484feeb7 (length 16064) has no trained clipping model
[2025-07-09 17:08:40.957] [jointLog] [warning] read 85e938b6-786f-430d-aa25-319dafe8272b (length 117760 - align length 297) has no trained error model
[2025-07-09 17:08:40.957] [jointLog] [warning] read 85e938b6-786f-430d-aa25-319dafe8272b (length 117760) has no trained clipping model
[2025-07-09 17:08:40.957] [jointLog] [warning] read 85e938b6-786f-430d-aa25-319dafe8272b (length 117760) has no trained clipping model
[2025-07-09 17:08:40.958] [jointLog] [warning] read e498fa89-6701-4407-8d11-e94e1a24295e (length 15764 - align length 1267) has no trained error model
[2025-07-09 17:08:40.958] [jointLog] [warning] read e498fa89-6701-4407-8d11-e94e1a24295e (length 15764) has no trained clipping model
[2025-07-09 17:08:40.958] [jointLog] [warning] read e498fa89-6701-4407-8d11-e94e1a24295e (length 15764) has no trained clipping model
[2025-07-09 17:08:40.958] [jointLog] [warning] read 9eaf99d7-29b8-4d6a-b25a-843b5e1b032a (length 174587 - align length 122) has no trained error model
[2025-07-09 17:08:40.958] [jointLog] [warning] read 9eaf99d7-29b8-4d6a-b25a-843b5e1b032a (length 174587) has no trained clipping model
[2025-07-09 17:08:40.958] [jointLog] [warning] read 9eaf99d7-29b8-4d6a-b25a-843b5e1b032a (length 174587) has no trained clipping model
[2025-07-09 17:08:41.233] [jointLog] [warning] read b2f2ba1f-b616-4e81-98f6-8ea8287c2094 (length 13222 - align length 13221) has no trained error model
[2025-07-09 17:08:42.537] [fileLog] [info] quantification processed 7000000 fragments so far

[2025-07-09 17:08:42.594] [jointLog] [warning] read a84c34b9-a02e-4a51-9c7a-a88a185072c4 (length 11202) has no trained clipping model
[2025-07-09 17:08:43.919] [jointLog] [warning] read c6dfd774-eda7-4dcf-8d6e-a1450989c79f (length 12628 - align length 12615) has no trained error model
[2025-07-09 17:08:43.919] [jointLog] [warning] read c6dfd774-eda7-4dcf-8d6e-a1450989c79f (length 12628) has no trained clipping model
[2025-07-09 17:08:43.919] [jointLog] [warning] read c6dfd774-eda7-4dcf-8d6e-a1450989c79f (length 12628) has no trained clipping model
[2025-07-09 17:08:44.174] [jointLog] [warning] read 03f9b1b3-6a5d-4dbb-82f1-1690888fce1d (length 13584 - align length 351) has no trained error model
[2025-07-09 17:08:44.174] [jointLog] [warning] read 03f9b1b3-6a5d-4dbb-82f1-1690888fce1d (length 13584) has no trained clipping model
[2025-07-09 17:08:44.174] [jointLog] [warning] read 03f9b1b3-6a5d-4dbb-82f1-1690888fce1d (length 13584) has no trained clipping model
[2025-07-09 17:08:44.178] [jointLog] [warning] read d61b0c47-f7cb-4c34-b891-21f6770d1422 (length 26689 - align length 54) has no trained error model
[2025-07-09 17:08:44.178] [jointLog] [warning] read d61b0c47-f7cb-4c34-b891-21f6770d1422 (length 26689) has no trained clipping model
[2025-07-09 17:08:44.178] [jointLog] [warning] read d61b0c47-f7cb-4c34-b891-21f6770d1422 (length 26689) has no trained clipping model
[2025-07-09 17:08:44.178] [jointLog] [warning] read ac901f47-d007-4e78-a5e8-926a018393bd (length 26310 - align length 306) has no trained error model
[2025-07-09 17:08:44.178] [jointLog] [warning] read ac901f47-d007-4e78-a5e8-926a018393bd (length 26310) has no trained clipping model
[2025-07-09 17:08:44.178] [jointLog] [warning] read ac901f47-d007-4e78-a5e8-926a018393bd (length 26310) has no trained clipping model
[2025-07-09 17:08:44.178] [jointLog] [warning] read 2035a02e-0178-460b-a689-f18e52b1121d (length 33528 - align length 939) has no trained error model
[2025-07-09 17:08:44.178] [jointLog] [warning] read 2035a02e-0178-460b-a689-f18e52b1121d (length 33528) has no trained clipping model
[2025-07-09 17:08:44.178] [jointLog] [warning] read 2035a02e-0178-460b-a689-f18e52b1121d (length 33528) has no trained clipping model
[2025-07-09 17:08:44.178] [jointLog] [warning] read 059db8b1-8f30-48cc-8330-eaf5d28f10b2 (length 13638 - align length 272) has no trained error model
[2025-07-09 17:08:44.178] [jointLog] [warning] read 059db8b1-8f30-48cc-8330-eaf5d28f10b2 (length 13638) has no trained clipping model
[2025-07-09 17:08:44.178] [jointLog] [warning] read 059db8b1-8f30-48cc-8330-eaf5d28f10b2 (length 13638) has no trained clipping model
[2025-07-09 17:08:44.178] [jointLog] [warning] read 821af473-f999-4e89-800b-9a73d4124d72 (length 15213 - align length 1461) has no trained error model
[2025-07-09 17:08:44.178] [jointLog] [warning] read 821af473-f999-4e89-800b-9a73d4124d72 (length 15213) has no trained clipping model
[2025-07-09 17:08:44.178] [jointLog] [warning] read 821af473-f999-4e89-800b-9a73d4124d72 (length 15213) has no trained clipping model
[2025-07-09 17:08:44.178] [jointLog] [warning] read abe47b31-a78d-40f5-95ab-3e080e616f2c (length 17319 - align length 124) has no trained error model
[2025-07-09 17:08:44.178] [jointLog] [warning] read abe47b31-a78d-40f5-95ab-3e080e616f2c (length 17319) has no trained clipping model
[2025-07-09 17:08:44.178] [jointLog] [warning] read abe47b31-a78d-40f5-95ab-3e080e616f2c (length 17319) has no trained clipping model
[2025-07-09 17:08:44.178] [jointLog] [warning] read e4872cd1-7155-4b93-bafd-134f5cfae26f (length 37314 - align length 1268) has no trained error model
[2025-07-09 17:08:44.178] [jointLog] [warning] read e4872cd1-7155-4b93-bafd-134f5cfae26f (length 37314) has no trained clipping model
[2025-07-09 17:08:44.178] [jointLog] [warning] read e4872cd1-7155-4b93-bafd-134f5cfae26f (length 37314) has no trained clipping model
[2025-07-09 17:08:44.178] [jointLog] [warning] read 740cfa26-b430-4602-abd8-538d3eca6b87 (length 22446 - align length 522) has no trained error model
[2025-07-09 17:08:44.178] [jointLog] [warning] read 740cfa26-b430-4602-abd8-538d3eca6b87 (length 22446) has no trained clipping model
[2025-07-09 17:08:44.178] [jointLog] [warning] read 740cfa26-b430-4602-abd8-538d3eca6b87 (length 22446) has no trained clipping model
[2025-07-09 17:08:44.178] [jointLog] [warning] read 44758585-dc20-4bf1-80a8-84437ecac1ee (length 11759) has no trained clipping model
[2025-07-09 17:08:44.178] [jointLog] [warning] read 9d115043-4c70-43af-b973-eb814d17c4b0 (length 15006 - align length 14908) has no trained error model
[2025-07-09 17:08:44.178] [jointLog] [warning] read 9d115043-4c70-43af-b973-eb814d17c4b0 (length 15006) has no trained clipping model
[2025-07-09 17:08:44.178] [jointLog] [warning] read 9d115043-4c70-43af-b973-eb814d17c4b0 (length 15006) has no trained clipping model
[2025-07-09 17:08:44.178] [jointLog] [warning] read e3e0d8ae-57d8-4918-a988-5dfd504ff1e0 (length 81605 - align length 117) has no trained error model
[2025-07-09 17:08:44.178] [jointLog] [warning] read e3e0d8ae-57d8-4918-a988-5dfd504ff1e0 (length 81605) has no trained clipping model
[2025-07-09 17:08:44.178] [jointLog] [warning] read e3e0d8ae-57d8-4918-a988-5dfd504ff1e0 (length 81605) has no trained clipping model
[2025-07-09 17:08:44.178] [jointLog] [warning] read 285c92dd-2729-4246-a2ce-6b74ad8d1f31 (length 62227 - align length 4280) has no trained error model
[2025-07-09 17:08:44.178] [jointLog] [warning] read 285c92dd-2729-4246-a2ce-6b74ad8d1f31 (length 62227) has no trained clipping model
[2025-07-09 17:08:44.178] [jointLog] [warning] read 285c92dd-2729-4246-a2ce-6b74ad8d1f31 (length 62227) has no trained clipping model
[2025-07-09 17:08:44.178] [jointLog] [warning] read f3e6a29a-2cb9-4cae-99b3-9a4d9d373a39 (length 17125 - align length 536) has no trained error model
[2025-07-09 17:08:44.178] [jointLog] [warning] read f3e6a29a-2cb9-4cae-99b3-9a4d9d373a39 (length 17125) has no trained clipping model
[2025-07-09 17:08:44.178] [jointLog] [warning] read f3e6a29a-2cb9-4cae-99b3-9a4d9d373a39 (length 17125) has no trained clipping model
[2025-07-09 17:08:44.178] [jointLog] [warning] read cc470c39-236c-42de-829f-95ba5cf660ad (length 17199 - align length 527) has no trained error model
[2025-07-09 17:08:44.178] [jointLog] [warning] read cc470c39-236c-42de-829f-95ba5cf660ad (length 17199) has no trained clipping model
[2025-07-09 17:08:44.178] [jointLog] [warning] read cc470c39-236c-42de-829f-95ba5cf660ad (length 17199) has no trained clipping model
[2025-07-09 17:08:44.178] [jointLog] [warning] read 66f39a5e-2dd7-4cd6-96c7-90d4adc9a00d (length 14525 - align length 464) has no trained error model
[2025-07-09 17:08:44.178] [jointLog] [warning] read 66f39a5e-2dd7-4cd6-96c7-90d4adc9a00d (length 14525) has no trained clipping model
[2025-07-09 17:08:44.178] [jointLog] [warning] read 66f39a5e-2dd7-4cd6-96c7-90d4adc9a00d (length 14525) has no trained clipping model
[2025-07-09 17:08:44.178] [jointLog] [warning] read f366cc80-2ad7-445e-be5e-e9fd4fc95b6b (length 122585 - align length 514) has no trained error model
[2025-07-09 17:08:44.178] [jointLog] [warning] read f366cc80-2ad7-445e-be5e-e9fd4fc95b6b (length 122585) has no trained clipping model
[2025-07-09 17:08:44.178] [jointLog] [warning] read f366cc80-2ad7-445e-be5e-e9fd4fc95b6b (length 122585) has no trained clipping model
[2025-07-09 17:08:44.178] [jointLog] [warning] read 11b83ac9-7e22-426c-adc2-0ab3fd93bd88 (length 15819 - align length 15777) has no trained error model
[2025-07-09 17:08:44.178] [jointLog] [warning] read 11b83ac9-7e22-426c-adc2-0ab3fd93bd88 (length 15819) has no trained clipping model
[2025-07-09 17:08:44.178] [jointLog] [warning] read 11b83ac9-7e22-426c-adc2-0ab3fd93bd88 (length 15819) has no trained clipping model
[2025-07-09 17:08:44.178] [jointLog] [warning] read 076cc41a-ff52-4c0e-bcbb-3f705a17c940 (length 51866 - align length 424) has no trained error model
[2025-07-09 17:08:44.178] [jointLog] [warning] read 076cc41a-ff52-4c0e-bcbb-3f705a17c940 (length 51866) has no trained clipping model
[2025-07-09 17:08:44.178] [jointLog] [warning] read 076cc41a-ff52-4c0e-bcbb-3f705a17c940 (length 51866) has no trained clipping model
[2025-07-09 17:08:44.178] [jointLog] [warning] read 850d6df6-09f2-400f-8124-33d34907ba50 (length 14918 - align length 1403) has no trained error model
[2025-07-09 17:08:44.178] [jointLog] [warning] read 850d6df6-09f2-400f-8124-33d34907ba50 (length 14918) has no trained clipping model
[2025-07-09 17:08:44.178] [jointLog] [warning] read 850d6df6-09f2-400f-8124-33d34907ba50 (length 14918) has no trained clipping model
[2025-07-09 17:08:44.178] [jointLog] [warning] read 08c9c8c9-0ca5-44a9-97d3-6251b38efd6d (length 15061 - align length 1283) has no trained error model
[2025-07-09 17:08:44.178] [jointLog] [warning] read 08c9c8c9-0ca5-44a9-97d3-6251b38efd6d (length 15061) has no trained clipping model
[2025-07-09 17:08:44.178] [jointLog] [warning] read 08c9c8c9-0ca5-44a9-97d3-6251b38efd6d (length 15061) has no trained clipping model
[2025-07-09 17:08:44.178] [jointLog] [warning] read 9a3de7f1-71de-45ba-91de-a32cc972d1a4 (length 102939 - align length 494) has no trained error model
[2025-07-09 17:08:44.178] [jointLog] [warning] read 9a3de7f1-71de-45ba-91de-a32cc972d1a4 (length 102939) has no trained clipping model
[2025-07-09 17:08:44.178] [jointLog] [warning] read 9a3de7f1-71de-45ba-91de-a32cc972d1a4 (length 102939) has no trained clipping model
[2025-07-09 17:08:44.178] [jointLog] [warning] read 546cec0c-e31a-4ae6-af18-8a86f70983fa (length 20327 - align length 474) has no trained error model
[2025-07-09 17:08:44.178] [jointLog] [warning] read 546cec0c-e31a-4ae6-af18-8a86f70983fa (length 20327) has no trained clipping model
[2025-07-09 17:08:44.178] [jointLog] [warning] read 546cec0c-e31a-4ae6-af18-8a86f70983fa (length 20327) has no trained clipping model
[2025-07-09 17:08:44.178] [jointLog] [warning] read cb3f7cfa-58df-48c3-986d-b762351bac28 (length 18596 - align length 748) has no trained error model
[2025-07-09 17:08:44.178] [jointLog] [warning] read cb3f7cfa-58df-48c3-986d-b762351bac28 (length 18596) has no trained clipping model
[2025-07-09 17:08:44.178] [jointLog] [warning] read cb3f7cfa-58df-48c3-986d-b762351bac28 (length 18596) has no trained clipping model
[2025-07-09 17:08:44.178] [jointLog] [warning] read c20617d1-d833-4ea8-9e33-34cf37cb5891 (length 23554 - align length 915) has no trained error model
[2025-07-09 17:08:44.178] [jointLog] [warning] read c20617d1-d833-4ea8-9e33-34cf37cb5891 (length 23554) has no trained clipping model
[2025-07-09 17:08:44.178] [jointLog] [warning] read c20617d1-d833-4ea8-9e33-34cf37cb5891 (length 23554) has no trained clipping model
[2025-07-09 17:08:44.178] [jointLog] [warning] read ac5ca24d-772d-43e6-a8a4-1d35d84438ca (length 46187 - align length 2605) has no trained error model
[2025-07-09 17:08:44.178] [jointLog] [warning] read ac5ca24d-772d-43e6-a8a4-1d35d84438ca (length 46187) has no trained clipping model
[2025-07-09 17:08:44.178] [jointLog] [warning] read ac5ca24d-772d-43e6-a8a4-1d35d84438ca (length 46187) has no trained clipping model
[2025-07-09 17:08:44.178] [jointLog] [warning] read 9e76ae63-6b3a-432a-8f83-a3acda7b1fc3 (length 37006 - align length 684) has no trained error model
[2025-07-09 17:08:44.178] [jointLog] [warning] read 9e76ae63-6b3a-432a-8f83-a3acda7b1fc3 (length 37006) has no trained clipping model
[2025-07-09 17:08:44.178] [jointLog] [warning] read 9e76ae63-6b3a-432a-8f83-a3acda7b1fc3 (length 37006) has no trained clipping model
[2025-07-09 17:08:44.178] [jointLog] [warning] read d678bd21-69a7-4712-b1c3-6ad669e5e4fc (length 323083 - align length 402) has no trained error model
[2025-07-09 17:08:44.178] [jointLog] [warning] read d678bd21-69a7-4712-b1c3-6ad669e5e4fc (length 323083) has no trained clipping model
[2025-07-09 17:08:44.178] [jointLog] [warning] read d678bd21-69a7-4712-b1c3-6ad669e5e4fc (length 323083) has no trained clipping model
[2025-07-09 17:08:44.178] [jointLog] [warning] read 295200a0-4b61-416e-91fb-d0f3a7942b7b (length 17822 - align length 522) has no trained error model
[2025-07-09 17:08:44.178] [jointLog] [warning] read 295200a0-4b61-416e-91fb-d0f3a7942b7b (length 17822) has no trained clipping model
[2025-07-09 17:08:44.178] [jointLog] [warning] read 295200a0-4b61-416e-91fb-d0f3a7942b7b (length 17822) has no trained clipping model
[2025-07-09 17:08:44.178] [jointLog] [warning] read 5a2b44de-ab37-4e1a-b4f4-8ef45b3f06a5 (length 18790 - align length 933) has no trained error model
[2025-07-09 17:08:44.178] [jointLog] [warning] read 5a2b44de-ab37-4e1a-b4f4-8ef45b3f06a5 (length 18790) has no trained clipping model
[2025-07-09 17:08:44.178] [jointLog] [warning] read 5a2b44de-ab37-4e1a-b4f4-8ef45b3f06a5 (length 18790) has no trained clipping model
[2025-07-09 17:08:44.178] [jointLog] [warning] read 3cf24bec-4573-4833-89bd-20ebc7e4ec7c (length 13655 - align length 3260) has no trained error model
[2025-07-09 17:08:44.178] [jointLog] [warning] read 3cf24bec-4573-4833-89bd-20ebc7e4ec7c (length 13655) has no trained clipping model
[2025-07-09 17:08:44.178] [jointLog] [warning] read 3cf24bec-4573-4833-89bd-20ebc7e4ec7c (length 13655) has no trained clipping model
[2025-07-09 17:08:44.178] [jointLog] [warning] read db130ca8-6ad3-49ca-a910-0fd201becf74 (length 45884 - align length 183) has no trained error model
[2025-07-09 17:08:44.178] [jointLog] [warning] read db130ca8-6ad3-49ca-a910-0fd201becf74 (length 45884) has no trained clipping model
[2025-07-09 17:08:44.178] [jointLog] [warning] read db130ca8-6ad3-49ca-a910-0fd201becf74 (length 45884) has no trained clipping model
[2025-07-09 17:08:44.178] [jointLog] [warning] read 4ead3dfc-1545-4ce2-89fa-8dd6578d7fde (length 53611 - align length 1239) has no trained error model
[2025-07-09 17:08:44.178] [jointLog] [warning] read 4ead3dfc-1545-4ce2-89fa-8dd6578d7fde (length 53611) has no trained clipping model
[2025-07-09 17:08:44.178] [jointLog] [warning] read 4ead3dfc-1545-4ce2-89fa-8dd6578d7fde (length 53611) has no trained clipping model
[2025-07-09 17:08:44.178] [jointLog] [warning] read bda58c36-9e6d-48b5-8d4f-a284d2d4eb77 (length 23796 - align length 2779) has no trained error model
[2025-07-09 17:08:44.178] [jointLog] [warning] read bda58c36-9e6d-48b5-8d4f-a284d2d4eb77 (length 23796) has no trained clipping model
[2025-07-09 17:08:44.178] [jointLog] [warning] read bda58c36-9e6d-48b5-8d4f-a284d2d4eb77 (length 23796) has no trained clipping model
[2025-07-09 17:08:44.178] [jointLog] [warning] read 34ec1b66-e7f5-472f-b449-a67049e6b134 (length 11220) has no trained clipping model
[2025-07-09 17:08:44.178] [jointLog] [warning] read 894bf8af-5484-484e-ada5-010129ba1d02 (length 16285 - align length 113) has no trained error model
[2025-07-09 17:08:44.178] [jointLog] [warning] read 894bf8af-5484-484e-ada5-010129ba1d02 (length 16285) has no trained clipping model
[2025-07-09 17:08:44.178] [jointLog] [warning] read 894bf8af-5484-484e-ada5-010129ba1d02 (length 16285) has no trained clipping model
[2025-07-09 17:08:44.179] [jointLog] [warning] read dc88a46e-3376-4d41-a628-2d273230e6bf (length 25224 - align length 522) has no trained error model
[2025-07-09 17:08:44.179] [jointLog] [warning] read dc88a46e-3376-4d41-a628-2d273230e6bf (length 25224) has no trained clipping model
[2025-07-09 17:08:44.179] [jointLog] [warning] read dc88a46e-3376-4d41-a628-2d273230e6bf (length 25224) has no trained clipping model
[2025-07-09 17:08:44.179] [jointLog] [warning] read ac867dd7-2aa0-4236-b873-29622dbdf8be (length 39830 - align length 448) has no trained error model
[2025-07-09 17:08:44.179] [jointLog] [warning] read ac867dd7-2aa0-4236-b873-29622dbdf8be (length 39830) has no trained clipping model
[2025-07-09 17:08:44.179] [jointLog] [warning] read ac867dd7-2aa0-4236-b873-29622dbdf8be (length 39830) has no trained clipping model
[2025-07-09 17:08:44.179] [jointLog] [warning] read 9e62b699-cfa0-4aab-b968-a9793b5153c2 (length 20497 - align length 119) has no trained error model
[2025-07-09 17:08:44.179] [jointLog] [warning] read 9e62b699-cfa0-4aab-b968-a9793b5153c2 (length 20497) has no trained clipping model
[2025-07-09 17:08:44.179] [jointLog] [warning] read 9e62b699-cfa0-4aab-b968-a9793b5153c2 (length 20497) has no trained clipping model
[2025-07-09 17:08:44.179] [jointLog] [warning] read 5ae28a68-29f7-4ed4-8c3a-6396ba5524e1 (length 190377 - align length 1707) has no trained error model
[2025-07-09 17:08:44.179] [jointLog] [warning] read 5ae28a68-29f7-4ed4-8c3a-6396ba5524e1 (length 190377) has no trained clipping model
[2025-07-09 17:08:44.179] [jointLog] [warning] read 5ae28a68-29f7-4ed4-8c3a-6396ba5524e1 (length 190377) has no trained clipping model
[2025-07-09 17:08:44.179] [jointLog] [warning] read 357e6dbf-7e49-47c9-be06-68a01b47a338 (length 12990 - align length 843) has no trained error model
[2025-07-09 17:08:44.179] [jointLog] [warning] read 357e6dbf-7e49-47c9-be06-68a01b47a338 (length 12990) has no trained clipping model
[2025-07-09 17:08:44.179] [jointLog] [warning] read 357e6dbf-7e49-47c9-be06-68a01b47a338 (length 12990) has no trained clipping model
[2025-07-09 17:08:44.179] [jointLog] [warning] read a9f24230-a473-4447-84d3-0bc9599eabad (length 37115 - align length 147) has no trained error model
[2025-07-09 17:08:44.179] [jointLog] [warning] read a9f24230-a473-4447-84d3-0bc9599eabad (length 37115) has no trained clipping model
[2025-07-09 17:08:44.179] [jointLog] [warning] read a9f24230-a473-4447-84d3-0bc9599eabad (length 37115) has no trained clipping model
[2025-07-09 17:08:44.179] [jointLog] [warning] read ba001a79-e122-4f45-bd9e-c03158e92b82 (length 18864 - align length 81) has no trained error model
[2025-07-09 17:08:44.179] [jointLog] [warning] read ba001a79-e122-4f45-bd9e-c03158e92b82 (length 18864) has no trained clipping model
[2025-07-09 17:08:44.179] [jointLog] [warning] read ba001a79-e122-4f45-bd9e-c03158e92b82 (length 18864) has no trained clipping model
[2025-07-09 17:08:44.179] [jointLog] [warning] read c360395b-2516-40bd-87c0-c1c89fbcaa2d (length 13545 - align length 741) has no trained error model
[2025-07-09 17:08:44.179] [jointLog] [warning] read c360395b-2516-40bd-87c0-c1c89fbcaa2d (length 13545) has no trained clipping model
[2025-07-09 17:08:44.179] [jointLog] [warning] read c360395b-2516-40bd-87c0-c1c89fbcaa2d (length 13545) has no trained clipping model
[2025-07-09 17:08:44.179] [jointLog] [warning] read b4f3ff0c-271a-4bd1-9ff0-d615b35aa65b (length 59980 - align length 676) has no trained error model
[2025-07-09 17:08:44.179] [jointLog] [warning] read b4f3ff0c-271a-4bd1-9ff0-d615b35aa65b (length 59980) has no trained clipping model
[2025-07-09 17:08:44.179] [jointLog] [warning] read b4f3ff0c-271a-4bd1-9ff0-d615b35aa65b (length 59980) has no trained clipping model
[2025-07-09 17:08:44.179] [jointLog] [warning] read 066d3085-21ae-4c92-bd56-4b0bdea2e80d (length 43167 - align length 1079) has no trained error model
[2025-07-09 17:08:44.179] [jointLog] [warning] read 066d3085-21ae-4c92-bd56-4b0bdea2e80d (length 43167) has no trained clipping model
[2025-07-09 17:08:44.179] [jointLog] [warning] read 066d3085-21ae-4c92-bd56-4b0bdea2e80d (length 43167) has no trained clipping model
[2025-07-09 17:08:44.179] [jointLog] [warning] read 75e38c92-83d2-4ba4-be35-394463689498 (length 24224 - align length 525) has no trained error model
[2025-07-09 17:08:44.179] [jointLog] [warning] read 75e38c92-83d2-4ba4-be35-394463689498 (length 24224) has no trained clipping model
[2025-07-09 17:08:44.179] [jointLog] [warning] read 75e38c92-83d2-4ba4-be35-394463689498 (length 24224) has no trained clipping model
[2025-07-09 17:08:44.179] [jointLog] [warning] read b8db1d94-09b1-459d-9316-aa3d8d2a76ab (length 22627 - align length 3554) has no trained error model
[2025-07-09 17:08:44.179] [jointLog] [warning] read b8db1d94-09b1-459d-9316-aa3d8d2a76ab (length 22627) has no trained clipping model
[2025-07-09 17:08:44.179] [jointLog] [warning] read b8db1d94-09b1-459d-9316-aa3d8d2a76ab (length 22627) has no trained clipping model
[2025-07-09 17:08:44.179] [jointLog] [warning] read d0baa782-d2f4-4ae5-ae03-bb91486a96ed (length 21848 - align length 848) has no trained error model
[2025-07-09 17:08:44.179] [jointLog] [warning] read d0baa782-d2f4-4ae5-ae03-bb91486a96ed (length 21848) has no trained clipping model
[2025-07-09 17:08:44.179] [jointLog] [warning] read d0baa782-d2f4-4ae5-ae03-bb91486a96ed (length 21848) has no trained clipping model
[2025-07-09 17:08:44.179] [jointLog] [warning] read 78e9c550-7ad3-4851-8c2e-086b103c1b21 (length 58515 - align length 1458) has no trained error model
[2025-07-09 17:08:44.179] [jointLog] [warning] read 78e9c550-7ad3-4851-8c2e-086b103c1b21 (length 58515) has no trained clipping model
[2025-07-09 17:08:44.179] [jointLog] [warning] read 78e9c550-7ad3-4851-8c2e-086b103c1b21 (length 58515) has no trained clipping model
[2025-07-09 17:08:44.179] [jointLog] [warning] read 5ab1a777-0535-4cf7-b081-b2fd8c8fd6a7 (length 14125 - align length 14010) has no trained error model
[2025-07-09 17:08:44.179] [jointLog] [warning] read 5ab1a777-0535-4cf7-b081-b2fd8c8fd6a7 (length 14125) has no trained clipping model
[2025-07-09 17:08:44.179] [jointLog] [warning] read 5ab1a777-0535-4cf7-b081-b2fd8c8fd6a7 (length 14125) has no trained clipping model
[2025-07-09 17:08:44.179] [jointLog] [warning] read c9d565d5-9e7e-4db7-b27f-5df31778ccda (length 41611 - align length 367) has no trained error model
[2025-07-09 17:08:44.179] [jointLog] [warning] read c9d565d5-9e7e-4db7-b27f-5df31778ccda (length 41611) has no trained clipping model
[2025-07-09 17:08:44.179] [jointLog] [warning] read c9d565d5-9e7e-4db7-b27f-5df31778ccda (length 41611) has no trained clipping model
[2025-07-09 17:08:44.179] [jointLog] [warning] read fe6f6f62-cf18-4a4b-ab76-ebe35c155da6 (length 14890 - align length 149) has no trained error model
[2025-07-09 17:08:44.179] [jointLog] [warning] read fe6f6f62-cf18-4a4b-ab76-ebe35c155da6 (length 14890) has no trained clipping model
[2025-07-09 17:08:44.179] [jointLog] [warning] read fe6f6f62-cf18-4a4b-ab76-ebe35c155da6 (length 14890) has no trained clipping model
[2025-07-09 17:08:44.179] [jointLog] [warning] read 76b028be-caed-4a75-a260-6f214a0e2cf9 (length 50001 - align length 455) has no trained error model
[2025-07-09 17:08:44.179] [jointLog] [warning] read 76b028be-caed-4a75-a260-6f214a0e2cf9 (length 50001) has no trained clipping model
[2025-07-09 17:08:44.179] [jointLog] [warning] read 76b028be-caed-4a75-a260-6f214a0e2cf9 (length 50001) has no trained clipping model
[2025-07-09 17:08:44.179] [jointLog] [warning] read 9d1de50e-9813-4b50-ba74-bc69149c2292 (length 155413 - align length 590) has no trained error model
[2025-07-09 17:08:44.179] [jointLog] [warning] read 9d1de50e-9813-4b50-ba74-bc69149c2292 (length 155413) has no trained clipping model
[2025-07-09 17:08:44.179] [jointLog] [warning] read 9d1de50e-9813-4b50-ba74-bc69149c2292 (length 155413) has no trained clipping model
[2025-07-09 17:08:44.179] [jointLog] [warning] read ec89be58-633b-4173-8e56-f2762482a66f (length 14924 - align length 52) has no trained error model
[2025-07-09 17:08:44.179] [jointLog] [warning] read ec89be58-633b-4173-8e56-f2762482a66f (length 14924) has no trained clipping model
[2025-07-09 17:08:44.179] [jointLog] [warning] read ec89be58-633b-4173-8e56-f2762482a66f (length 14924) has no trained clipping model
[2025-07-09 17:08:44.179] [jointLog] [warning] read 057cbb57-9433-4c2c-bbad-39a6ec33b474 (length 12612 - align length 523) has no trained error model
[2025-07-09 17:08:44.179] [jointLog] [warning] read 057cbb57-9433-4c2c-bbad-39a6ec33b474 (length 12612) has no trained clipping model
[2025-07-09 17:08:44.179] [jointLog] [warning] read 057cbb57-9433-4c2c-bbad-39a6ec33b474 (length 12612) has no trained clipping model
[2025-07-09 17:08:44.179] [jointLog] [warning] read f8b4c530-d4c4-493f-b6d4-9e66f6b2c485 (length 45314 - align length 175) has no trained error model
[2025-07-09 17:08:44.179] [jointLog] [warning] read f8b4c530-d4c4-493f-b6d4-9e66f6b2c485 (length 45314) has no trained clipping model
[2025-07-09 17:08:44.179] [jointLog] [warning] read f8b4c530-d4c4-493f-b6d4-9e66f6b2c485 (length 45314) has no trained clipping model
[2025-07-09 17:08:44.179] [jointLog] [warning] read de955587-8a2e-48f5-965f-bdfdc825a93d (length 265844 - align length 240) has no trained error model
[2025-07-09 17:08:44.179] [jointLog] [warning] read de955587-8a2e-48f5-965f-bdfdc825a93d (length 265844) has no trained clipping model
[2025-07-09 17:08:44.179] [jointLog] [warning] read de955587-8a2e-48f5-965f-bdfdc825a93d (length 265844) has no trained clipping model
[2025-07-09 17:08:44.179] [jointLog] [warning] read bd1e7a81-8234-4e93-95b3-bb0d4af8c707 (length 27021 - align length 155) has no trained error model
[2025-07-09 17:08:44.179] [jointLog] [warning] read bd1e7a81-8234-4e93-95b3-bb0d4af8c707 (length 27021) has no trained clipping model
[2025-07-09 17:08:44.179] [jointLog] [warning] read bd1e7a81-8234-4e93-95b3-bb0d4af8c707 (length 27021) has no trained clipping model
[2025-07-09 17:08:44.179] [jointLog] [warning] read 5c5adffa-19f6-4112-95e2-cc34d61352a4 (length 308084 - align length 593) has no trained error model
[2025-07-09 17:08:44.179] [jointLog] [warning] read 5c5adffa-19f6-4112-95e2-cc34d61352a4 (length 308084) has no trained clipping model
[2025-07-09 17:08:44.179] [jointLog] [warning] read 5c5adffa-19f6-4112-95e2-cc34d61352a4 (length 308084) has no trained clipping model
[2025-07-09 17:08:44.179] [jointLog] [warning] read 70d5074f-ab2c-426a-91af-4d03a2c0be9d (length 23461 - align length 105) has no trained error model
[2025-07-09 17:08:44.179] [jointLog] [warning] read 70d5074f-ab2c-426a-91af-4d03a2c0be9d (length 23461) has no trained clipping model
[2025-07-09 17:08:44.179] [jointLog] [warning] read 70d5074f-ab2c-426a-91af-4d03a2c0be9d (length 23461) has no trained clipping model
[2025-07-09 17:08:44.179] [jointLog] [warning] read c1b480e0-4711-4e9f-9eb7-ef31b693efe9 (length 13732 - align length 13363) has no trained error model
[2025-07-09 17:08:44.179] [jointLog] [warning] read c1b480e0-4711-4e9f-9eb7-ef31b693efe9 (length 13732) has no trained clipping model
[2025-07-09 17:08:44.179] [jointLog] [warning] read c1b480e0-4711-4e9f-9eb7-ef31b693efe9 (length 13732) has no trained clipping model
[2025-07-09 17:08:44.179] [jointLog] [warning] read 4c6218ef-84f8-4bc4-a8cd-d29afe2c71d5 (length 27108 - align length 121) has no trained error model
[2025-07-09 17:08:44.179] [jointLog] [warning] read 4c6218ef-84f8-4bc4-a8cd-d29afe2c71d5 (length 27108) has no trained clipping model
[2025-07-09 17:08:44.179] [jointLog] [warning] read 4c6218ef-84f8-4bc4-a8cd-d29afe2c71d5 (length 27108) has no trained clipping model
[2025-07-09 17:08:44.179] [jointLog] [warning] read 72c40b02-01db-4be7-8321-316bcdcd4b3f (length 13642 - align length 562) has no trained error model
[2025-07-09 17:08:44.179] [jointLog] [warning] read 72c40b02-01db-4be7-8321-316bcdcd4b3f (length 13642) has no trained clipping model
[2025-07-09 17:08:44.179] [jointLog] [warning] read 72c40b02-01db-4be7-8321-316bcdcd4b3f (length 13642) has no trained clipping model
[2025-07-09 17:08:44.179] [jointLog] [warning] read ebea14c9-1bd0-4fe7-97a1-6b6615b76222 (length 156432 - align length 462) has no trained error model
[2025-07-09 17:08:44.179] [jointLog] [warning] read ebea14c9-1bd0-4fe7-97a1-6b6615b76222 (length 156432) has no trained clipping model
[2025-07-09 17:08:44.179] [jointLog] [warning] read ebea14c9-1bd0-4fe7-97a1-6b6615b76222 (length 156432) has no trained clipping model
[2025-07-09 17:08:44.179] [jointLog] [warning] read 4f66918d-fb73-45f3-a3ff-ad82bc8dfdbd (length 31863 - align length 3785) has no trained error model
[2025-07-09 17:08:44.179] [jointLog] [warning] read 4f66918d-fb73-45f3-a3ff-ad82bc8dfdbd (length 31863) has no trained clipping model
[2025-07-09 17:08:44.179] [jointLog] [warning] read 4f66918d-fb73-45f3-a3ff-ad82bc8dfdbd (length 31863) has no trained clipping model
[2025-07-09 17:08:44.179] [jointLog] [warning] read bccabaf6-3cb2-4a87-8373-7892b36cd5b6 (length 14912 - align length 14852) has no trained error model
[2025-07-09 17:08:44.179] [jointLog] [warning] read bccabaf6-3cb2-4a87-8373-7892b36cd5b6 (length 14912) has no trained clipping model
[2025-07-09 17:08:44.179] [jointLog] [warning] read bccabaf6-3cb2-4a87-8373-7892b36cd5b6 (length 14912) has no trained clipping model
[2025-07-09 17:08:44.179] [jointLog] [warning] read 7490e23f-0962-43c1-bd05-5b6d3bddee65 (length 247858 - align length 114) has no trained error model
[2025-07-09 17:08:44.179] [jointLog] [warning] read 7490e23f-0962-43c1-bd05-5b6d3bddee65 (length 247858) has no trained clipping model
[2025-07-09 17:08:44.179] [jointLog] [warning] read 7490e23f-0962-43c1-bd05-5b6d3bddee65 (length 247858) has no trained clipping model
[2025-07-09 17:08:44.179] [jointLog] [warning] read a6304956-2387-495f-b3a2-33fd4d999492 (length 14865 - align length 693) has no trained error model
[2025-07-09 17:08:44.179] [jointLog] [warning] read a6304956-2387-495f-b3a2-33fd4d999492 (length 14865) has no trained clipping model
[2025-07-09 17:08:44.179] [jointLog] [warning] read a6304956-2387-495f-b3a2-33fd4d999492 (length 14865) has no trained clipping model
[2025-07-09 17:08:44.179] [jointLog] [warning] read 105dec73-30fc-40e1-9f9d-6637e50f9597 (length 24790 - align length 873) has no trained error model
[2025-07-09 17:08:44.179] [jointLog] [warning] read 105dec73-30fc-40e1-9f9d-6637e50f9597 (length 24790) has no trained clipping model
[2025-07-09 17:08:44.179] [jointLog] [warning] read 105dec73-30fc-40e1-9f9d-6637e50f9597 (length 24790) has no trained clipping model
[2025-07-09 17:08:44.179] [jointLog] [warning] read f28b8061-5ac1-45aa-b27d-340fad28ccda (length 32111 - align length 530) has no trained error model
[2025-07-09 17:08:44.179] [jointLog] [warning] read f28b8061-5ac1-45aa-b27d-340fad28ccda (length 32111) has no trained clipping model
[2025-07-09 17:08:44.179] [jointLog] [warning] read f28b8061-5ac1-45aa-b27d-340fad28ccda (length 32111) has no trained clipping model
[2025-07-09 17:08:44.182] [jointLog] [warning] read 95dc01c9-21d1-4975-9e8d-707adddfde19 (length 15384 - align length 1151) has no trained error model
[2025-07-09 17:08:44.182] [jointLog] [warning] read 95dc01c9-21d1-4975-9e8d-707adddfde19 (length 15384) has no trained clipping model
[2025-07-09 17:08:44.182] [jointLog] [warning] read 95dc01c9-21d1-4975-9e8d-707adddfde19 (length 15384) has no trained clipping model
[2025-07-09 17:08:44.182] [jointLog] [warning] read 56fff090-55c4-471d-a9f9-1e82a894d976 (length 19906 - align length 126) has no trained error model
[2025-07-09 17:08:44.182] [jointLog] [warning] read 56fff090-55c4-471d-a9f9-1e82a894d976 (length 19906) has no trained clipping model
[2025-07-09 17:08:44.182] [jointLog] [warning] read 56fff090-55c4-471d-a9f9-1e82a894d976 (length 19906) has no trained clipping model
[2025-07-09 17:08:44.182] [jointLog] [warning] read ecca7189-bae2-4462-97d6-2d50760e29e9 (length 42817 - align length 251) has no trained error model
[2025-07-09 17:08:44.182] [jointLog] [warning] read ecca7189-bae2-4462-97d6-2d50760e29e9 (length 42817) has no trained clipping model
[2025-07-09 17:08:44.182] [jointLog] [warning] read ecca7189-bae2-4462-97d6-2d50760e29e9 (length 42817) has no trained clipping model
[2025-07-09 17:08:44.182] [jointLog] [warning] read a8d861a3-a786-4e72-8476-eeb45b974310 (length 29614 - align length 134) has no trained error model
[2025-07-09 17:08:44.182] [jointLog] [warning] read a8d861a3-a786-4e72-8476-eeb45b974310 (length 29614) has no trained clipping model
[2025-07-09 17:08:44.182] [jointLog] [warning] read a8d861a3-a786-4e72-8476-eeb45b974310 (length 29614) has no trained clipping model
[2025-07-09 17:08:44.182] [jointLog] [warning] read 7ea91391-c2c0-45e9-ba01-28c41a30879b (length 15883 - align length 170) has no trained error model
[2025-07-09 17:08:44.182] [jointLog] [warning] read 7ea91391-c2c0-45e9-ba01-28c41a30879b (length 15883) has no trained clipping model
[2025-07-09 17:08:44.182] [jointLog] [warning] read 7ea91391-c2c0-45e9-ba01-28c41a30879b (length 15883) has no trained clipping model
[2025-07-09 17:08:44.182] [jointLog] [warning] read b75cef64-50b0-4d92-b32c-0a6963f6b4c9 (length 48193 - align length 564) has no trained error model
[2025-07-09 17:08:44.182] [jointLog] [warning] read b75cef64-50b0-4d92-b32c-0a6963f6b4c9 (length 48193) has no trained clipping model
[2025-07-09 17:08:44.182] [jointLog] [warning] read b75cef64-50b0-4d92-b32c-0a6963f6b4c9 (length 48193) has no trained clipping model
[2025-07-09 17:08:44.183] [jointLog] [warning] read 240d24fe-d589-48ba-b252-ce2a0d5a4a77 (length 26353 - align length 2510) has no trained error model
[2025-07-09 17:08:44.183] [jointLog] [warning] read 240d24fe-d589-48ba-b252-ce2a0d5a4a77 (length 26353) has no trained clipping model
[2025-07-09 17:08:44.183] [jointLog] [warning] read 240d24fe-d589-48ba-b252-ce2a0d5a4a77 (length 26353) has no trained clipping model
[2025-07-09 17:08:44.385] [jointLog] [warning] read af1f4b0a-abc7-4fb3-91e1-6d1e321ac7e6 (length 13363 - align length 13295) has no trained error model
[2025-07-09 17:08:45.026] [jointLog] [warning] read 62b327f1-0adb-498d-852d-0aef74c30947 (length 12968 - align length 12936) has no trained error model
[2025-07-09 17:08:45.026] [jointLog] [warning] read 62b327f1-0adb-498d-852d-0aef74c30947 (length 12968) has no trained clipping model
[2025-07-09 17:08:45.026] [jointLog] [warning] read 62b327f1-0adb-498d-852d-0aef74c30947 (length 12968) has no trained clipping model
[2025-07-09 17:08:46.245] [jointLog] [warning] read 71393df5-f9fe-4da9-a229-58dff2a3f442 (length 29076 - align length 130) has no trained error model
[2025-07-09 17:08:46.245] [jointLog] [warning] read 71393df5-f9fe-4da9-a229-58dff2a3f442 (length 29076) has no trained clipping model
[2025-07-09 17:08:46.245] [jointLog] [warning] read 71393df5-f9fe-4da9-a229-58dff2a3f442 (length 29076) has no trained clipping model
[2025-07-09 17:08:46.245] [jointLog] [warning] read 00eac625-01ff-45a0-b87b-bfce501f804d (length 15399 - align length 10450) has no trained error model
[2025-07-09 17:08:46.245] [jointLog] [warning] read 00eac625-01ff-45a0-b87b-bfce501f804d (length 15399) has no trained clipping model
[2025-07-09 17:08:46.245] [jointLog] [warning] read 00eac625-01ff-45a0-b87b-bfce501f804d (length 15399) has no trained clipping model
[2025-07-09 17:08:46.245] [jointLog] [warning] read fc954731-7e66-4e58-9391-c14647f9c7b1 (length 13122 - align length 3786) has no trained error model
[2025-07-09 17:08:46.245] [jointLog] [warning] read fc954731-7e66-4e58-9391-c14647f9c7b1 (length 13122) has no trained clipping model
[2025-07-09 17:08:46.245] [jointLog] [warning] read fc954731-7e66-4e58-9391-c14647f9c7b1 (length 13122) has no trained clipping model
[2025-07-09 17:08:46.245] [jointLog] [warning] read 6a5e0d7b-c1b3-45a9-acd5-de02d7c9823b (length 22011 - align length 3093) has no trained error model
[2025-07-09 17:08:46.245] [jointLog] [warning] read 6a5e0d7b-c1b3-45a9-acd5-de02d7c9823b (length 22011) has no trained clipping model
[2025-07-09 17:08:46.245] [jointLog] [warning] read 6a5e0d7b-c1b3-45a9-acd5-de02d7c9823b (length 22011) has no trained clipping model
[2025-07-09 17:08:46.245] [jointLog] [warning] read 9ac2b849-46c0-4f07-b3ca-145d0529c22b (length 16534 - align length 290) has no trained error model
[2025-07-09 17:08:46.245] [jointLog] [warning] read 9ac2b849-46c0-4f07-b3ca-145d0529c22b (length 16534) has no trained clipping model
[2025-07-09 17:08:46.245] [jointLog] [warning] read 9ac2b849-46c0-4f07-b3ca-145d0529c22b (length 16534) has no trained clipping model
[2025-07-09 17:08:46.245] [jointLog] [warning] read 86ff9210-edc9-4c59-b7a3-04fdfc358c67 (length 43323 - align length 361) has no trained error model
[2025-07-09 17:08:46.245] [jointLog] [warning] read 86ff9210-edc9-4c59-b7a3-04fdfc358c67 (length 43323) has no trained clipping model
[2025-07-09 17:08:46.245] [jointLog] [warning] read 86ff9210-edc9-4c59-b7a3-04fdfc358c67 (length 43323) has no trained clipping model
[2025-07-09 17:08:46.245] [jointLog] [warning] read 6cea487f-a9c8-4151-8b4d-d6aab8f6929c (length 14364 - align length 138) has no trained error model
[2025-07-09 17:08:46.245] [jointLog] [warning] read 6cea487f-a9c8-4151-8b4d-d6aab8f6929c (length 14364) has no trained clipping model
[2025-07-09 17:08:46.245] [jointLog] [warning] read 6cea487f-a9c8-4151-8b4d-d6aab8f6929c (length 14364) has no trained clipping model
[2025-07-09 17:08:46.245] [jointLog] [warning] read cec9e038-21f6-4cf2-84ed-5b4e024957dc (length 11248) has no trained clipping model
[2025-07-09 17:08:46.245] [jointLog] [warning] read 4cfe1f0a-9e7b-49ee-86f3-28c8c3a7b705 (length 12649 - align length 126) has no trained error model
[2025-07-09 17:08:46.245] [jointLog] [warning] read 4cfe1f0a-9e7b-49ee-86f3-28c8c3a7b705 (length 12649) has no trained clipping model
[2025-07-09 17:08:46.245] [jointLog] [warning] read 4cfe1f0a-9e7b-49ee-86f3-28c8c3a7b705 (length 12649) has no trained clipping model
[2025-07-09 17:08:46.245] [jointLog] [warning] read 8062abcd-3793-48bc-bcdc-74960efd903d (length 16077 - align length 444) has no trained error model
[2025-07-09 17:08:46.245] [jointLog] [warning] read 8062abcd-3793-48bc-bcdc-74960efd903d (length 16077) has no trained clipping model
[2025-07-09 17:08:46.245] [jointLog] [warning] read 8062abcd-3793-48bc-bcdc-74960efd903d (length 16077) has no trained clipping model
[2025-07-09 17:08:46.246] [jointLog] [warning] read 59781770-44e3-4f74-92ab-7547cbdefe59 (length 16269 - align length 1928) has no trained error model
[2025-07-09 17:08:46.246] [jointLog] [warning] read 59781770-44e3-4f74-92ab-7547cbdefe59 (length 16269) has no trained clipping model
[2025-07-09 17:08:46.246] [jointLog] [warning] read 59781770-44e3-4f74-92ab-7547cbdefe59 (length 16269) has no trained clipping model
[2025-07-09 17:08:46.246] [jointLog] [warning] read a4557d3b-1b54-41ff-b507-f23f4e95a938 (length 16637 - align length 1696) has no trained error model
[2025-07-09 17:08:46.246] [jointLog] [warning] read a4557d3b-1b54-41ff-b507-f23f4e95a938 (length 16637) has no trained clipping model
[2025-07-09 17:08:46.246] [jointLog] [warning] read a4557d3b-1b54-41ff-b507-f23f4e95a938 (length 16637) has no trained clipping model
[2025-07-09 17:08:46.246] [jointLog] [warning] read b4943445-2e3a-4fa2-8c45-4b8c85d9369e (length 113058 - align length 520) has no trained error model
[2025-07-09 17:08:46.246] [jointLog] [warning] read b4943445-2e3a-4fa2-8c45-4b8c85d9369e (length 113058) has no trained clipping model
[2025-07-09 17:08:46.246] [jointLog] [warning] read b4943445-2e3a-4fa2-8c45-4b8c85d9369e (length 113058) has no trained clipping model
[2025-07-09 17:08:46.246] [jointLog] [warning] read c2eaa3fa-0ccb-4677-bc6f-626a74f4b011 (length 19516 - align length 2233) has no trained error model
[2025-07-09 17:08:46.246] [jointLog] [warning] read c2eaa3fa-0ccb-4677-bc6f-626a74f4b011 (length 19516) has no trained clipping model
[2025-07-09 17:08:46.246] [jointLog] [warning] read c2eaa3fa-0ccb-4677-bc6f-626a74f4b011 (length 19516) has no trained clipping model
[2025-07-09 17:08:46.246] [jointLog] [warning] read 7d39a8c0-e964-49b3-b383-9ada72230fc5 (length 27823 - align length 718) has no trained error model
[2025-07-09 17:08:46.246] [jointLog] [warning] read 7d39a8c0-e964-49b3-b383-9ada72230fc5 (length 27823) has no trained clipping model
[2025-07-09 17:08:46.246] [jointLog] [warning] read 7d39a8c0-e964-49b3-b383-9ada72230fc5 (length 27823) has no trained clipping model
[2025-07-09 17:08:46.246] [jointLog] [warning] read 06b2d9bd-5dfa-4313-bfeb-990dfe527b0f (length 15287 - align length 15284) has no trained error model
[2025-07-09 17:08:46.246] [jointLog] [warning] read 06b2d9bd-5dfa-4313-bfeb-990dfe527b0f (length 15287) has no trained clipping model
[2025-07-09 17:08:46.246] [jointLog] [warning] read 06b2d9bd-5dfa-4313-bfeb-990dfe527b0f (length 15287) has no trained clipping model
[2025-07-09 17:08:46.246] [jointLog] [warning] read 1fc60152-0ccd-48b7-b1c0-a5b73473f689 (length 16770 - align length 3361) has no trained error model
[2025-07-09 17:08:46.246] [jointLog] [warning] read 1fc60152-0ccd-48b7-b1c0-a5b73473f689 (length 16770) has no trained clipping model
[2025-07-09 17:08:46.246] [jointLog] [warning] read 1fc60152-0ccd-48b7-b1c0-a5b73473f689 (length 16770) has no trained clipping model
[2025-07-09 17:08:46.246] [jointLog] [warning] read 557b3bea-1371-449d-992c-187ceb816571 (length 12655 - align length 672) has no trained error model
[2025-07-09 17:08:46.246] [jointLog] [warning] read 557b3bea-1371-449d-992c-187ceb816571 (length 12655) has no trained clipping model
[2025-07-09 17:08:46.246] [jointLog] [warning] read 557b3bea-1371-449d-992c-187ceb816571 (length 12655) has no trained clipping model
[2025-07-09 17:08:46.246] [jointLog] [warning] read ea6f762f-1505-4d84-8c8e-2373619766df (length 37651 - align length 1054) has no trained error model
[2025-07-09 17:08:46.246] [jointLog] [warning] read ea6f762f-1505-4d84-8c8e-2373619766df (length 37651) has no trained clipping model
[2025-07-09 17:08:46.246] [jointLog] [warning] read ea6f762f-1505-4d84-8c8e-2373619766df (length 37651) has no trained clipping model
[2025-07-09 17:08:46.246] [jointLog] [warning] read 3a2bdbe5-a2af-47fa-824b-1759dc21cb14 (length 28238 - align length 530) has no trained error model
[2025-07-09 17:08:46.246] [jointLog] [warning] read 3a2bdbe5-a2af-47fa-824b-1759dc21cb14 (length 28238) has no trained clipping model
[2025-07-09 17:08:46.246] [jointLog] [warning] read 3a2bdbe5-a2af-47fa-824b-1759dc21cb14 (length 28238) has no trained clipping model
[2025-07-09 17:08:46.246] [jointLog] [warning] read f6d75ccc-9272-461a-9269-8d67c3c925ca (length 16278 - align length 1427) has no trained error model
[2025-07-09 17:08:46.246] [jointLog] [warning] read f6d75ccc-9272-461a-9269-8d67c3c925ca (length 16278) has no trained clipping model
[2025-07-09 17:08:46.246] [jointLog] [warning] read f6d75ccc-9272-461a-9269-8d67c3c925ca (length 16278) has no trained clipping model
[2025-07-09 17:08:46.246] [jointLog] [warning] read 9f6bccad-e42e-4e65-a64d-b43b05efba52 (length 15205 - align length 2895) has no trained error model
[2025-07-09 17:08:46.246] [jointLog] [warning] read 9f6bccad-e42e-4e65-a64d-b43b05efba52 (length 15205) has no trained clipping model
[2025-07-09 17:08:46.246] [jointLog] [warning] read 9f6bccad-e42e-4e65-a64d-b43b05efba52 (length 15205) has no trained clipping model
[2025-07-09 17:08:46.246] [jointLog] [warning] read cb1e5773-e0b3-4fbd-84c7-b6aebbd9a261 (length 24932 - align length 1157) has no trained error model
[2025-07-09 17:08:46.246] [jointLog] [warning] read cb1e5773-e0b3-4fbd-84c7-b6aebbd9a261 (length 24932) has no trained clipping model
[2025-07-09 17:08:46.246] [jointLog] [warning] read cb1e5773-e0b3-4fbd-84c7-b6aebbd9a261 (length 24932) has no trained clipping model
[2025-07-09 17:08:46.246] [jointLog] [warning] read b9e7dc74-d672-430d-8c64-fb3ec32fc899 (length 28818 - align length 468) has no trained error model
[2025-07-09 17:08:46.246] [jointLog] [warning] read b9e7dc74-d672-430d-8c64-fb3ec32fc899 (length 28818) has no trained clipping model
[2025-07-09 17:08:46.246] [jointLog] [warning] read b9e7dc74-d672-430d-8c64-fb3ec32fc899 (length 28818) has no trained clipping model
[2025-07-09 17:08:46.246] [jointLog] [warning] read 92d3d355-0f43-4ca8-ac82-477cc4d65ccd (length 22435 - align length 207) has no trained error model
[2025-07-09 17:08:46.246] [jointLog] [warning] read 92d3d355-0f43-4ca8-ac82-477cc4d65ccd (length 22435) has no trained clipping model
[2025-07-09 17:08:46.246] [jointLog] [warning] read 92d3d355-0f43-4ca8-ac82-477cc4d65ccd (length 22435) has no trained clipping model
[2025-07-09 17:08:46.246] [jointLog] [warning] read 0e957936-5a9f-4bff-b180-c25d10a46211 (length 21546 - align length 1264) has no trained error model
[2025-07-09 17:08:46.246] [jointLog] [warning] read 0e957936-5a9f-4bff-b180-c25d10a46211 (length 21546) has no trained clipping model
[2025-07-09 17:08:46.246] [jointLog] [warning] read 0e957936-5a9f-4bff-b180-c25d10a46211 (length 21546) has no trained clipping model
[2025-07-09 17:08:46.246] [jointLog] [warning] read 2fe15fb0-d6be-4905-9120-9fcd1fdda9b7 (length 19164 - align length 361) has no trained error model
[2025-07-09 17:08:46.246] [jointLog] [warning] read 2fe15fb0-d6be-4905-9120-9fcd1fdda9b7 (length 19164) has no trained clipping model
[2025-07-09 17:08:46.246] [jointLog] [warning] read 2fe15fb0-d6be-4905-9120-9fcd1fdda9b7 (length 19164) has no trained clipping model
[2025-07-09 17:08:46.246] [jointLog] [warning] read 4f94a130-4f9b-45de-854d-676f92bd8fb0 (length 32637 - align length 1297) has no trained error model
[2025-07-09 17:08:46.246] [jointLog] [warning] read 4f94a130-4f9b-45de-854d-676f92bd8fb0 (length 32637) has no trained clipping model
[2025-07-09 17:08:46.246] [jointLog] [warning] read 4f94a130-4f9b-45de-854d-676f92bd8fb0 (length 32637) has no trained clipping model
[2025-07-09 17:08:46.246] [jointLog] [warning] read 8f4f229a-942e-4bbf-ae66-1b62fcf7289b (length 12649 - align length 519) has no trained error model
[2025-07-09 17:08:46.246] [jointLog] [warning] read 8f4f229a-942e-4bbf-ae66-1b62fcf7289b (length 12649) has no trained clipping model
[2025-07-09 17:08:46.246] [jointLog] [warning] read 8f4f229a-942e-4bbf-ae66-1b62fcf7289b (length 12649) has no trained clipping model
[2025-07-09 17:08:46.246] [jointLog] [warning] read 92f8357d-4e9a-4161-934d-a29fc97427df (length 27128 - align length 96) has no trained error model
[2025-07-09 17:08:46.246] [jointLog] [warning] read 92f8357d-4e9a-4161-934d-a29fc97427df (length 27128) has no trained clipping model
[2025-07-09 17:08:46.246] [jointLog] [warning] read 92f8357d-4e9a-4161-934d-a29fc97427df (length 27128) has no trained clipping model
[2025-07-09 17:08:46.246] [jointLog] [warning] read 0147c12b-fee5-4183-970a-bf90c2b2276f (length 28880 - align length 528) has no trained error model
[2025-07-09 17:08:46.246] [jointLog] [warning] read 0147c12b-fee5-4183-970a-bf90c2b2276f (length 28880) has no trained clipping model
[2025-07-09 17:08:46.246] [jointLog] [warning] read 0147c12b-fee5-4183-970a-bf90c2b2276f (length 28880) has no trained clipping model
[2025-07-09 17:08:46.246] [jointLog] [warning] read 8871596a-4e4b-4e9c-bb4a-b5f4c592bbb9 (length 121201 - align length 595) has no trained error model
[2025-07-09 17:08:46.246] [jointLog] [warning] read 8871596a-4e4b-4e9c-bb4a-b5f4c592bbb9 (length 121201) has no trained clipping model
[2025-07-09 17:08:46.246] [jointLog] [warning] read 8871596a-4e4b-4e9c-bb4a-b5f4c592bbb9 (length 121201) has no trained clipping model
[2025-07-09 17:08:46.246] [jointLog] [warning] read 3ae5c537-fe81-4574-8242-be6d1b74bf43 (length 14569 - align length 14501) has no trained error model
[2025-07-09 17:08:46.246] [jointLog] [warning] read 3ae5c537-fe81-4574-8242-be6d1b74bf43 (length 14569) has no trained clipping model
[2025-07-09 17:08:46.246] [jointLog] [warning] read 3ae5c537-fe81-4574-8242-be6d1b74bf43 (length 14569) has no trained clipping model
[2025-07-09 17:08:46.246] [jointLog] [warning] read 4ce18108-8a32-4162-afc4-637dbd373b7b (length 28101 - align length 124) has no trained error model
[2025-07-09 17:08:46.246] [jointLog] [warning] read 4ce18108-8a32-4162-afc4-637dbd373b7b (length 28101) has no trained clipping model
[2025-07-09 17:08:46.246] [jointLog] [warning] read 4ce18108-8a32-4162-afc4-637dbd373b7b (length 28101) has no trained clipping model
[2025-07-09 17:08:46.246] [jointLog] [warning] read b682f628-3b3e-4325-8229-5f0013ec7bda (length 15647 - align length 62) has no trained error model
[2025-07-09 17:08:46.246] [jointLog] [warning] read b682f628-3b3e-4325-8229-5f0013ec7bda (length 15647) has no trained clipping model
[2025-07-09 17:08:46.246] [jointLog] [warning] read b682f628-3b3e-4325-8229-5f0013ec7bda (length 15647) has no trained clipping model
[2025-07-09 17:08:46.246] [jointLog] [warning] read 29d302a0-7a5f-4d23-9421-96079f2302e7 (length 28342 - align length 311) has no trained error model
[2025-07-09 17:08:46.246] [jointLog] [warning] read 29d302a0-7a5f-4d23-9421-96079f2302e7 (length 28342) has no trained clipping model
[2025-07-09 17:08:46.246] [jointLog] [warning] read 29d302a0-7a5f-4d23-9421-96079f2302e7 (length 28342) has no trained clipping model
[2025-07-09 17:08:46.246] [jointLog] [warning] read f809e5a3-8423-4c4f-a717-5f6f59127a67 (length 14515 - align length 14509) has no trained error model
[2025-07-09 17:08:46.246] [jointLog] [warning] read f809e5a3-8423-4c4f-a717-5f6f59127a67 (length 14515) has no trained clipping model
[2025-07-09 17:08:46.246] [jointLog] [warning] read f809e5a3-8423-4c4f-a717-5f6f59127a67 (length 14515) has no trained clipping model
[2025-07-09 17:08:46.246] [jointLog] [warning] read 7d425b38-3607-4f43-88c0-723c9e2ca9f9 (length 56528 - align length 313) has no trained error model
[2025-07-09 17:08:46.246] [jointLog] [warning] read 7d425b38-3607-4f43-88c0-723c9e2ca9f9 (length 56528) has no trained clipping model
[2025-07-09 17:08:46.246] [jointLog] [warning] read 7d425b38-3607-4f43-88c0-723c9e2ca9f9 (length 56528) has no trained clipping model
[2025-07-09 17:08:46.246] [jointLog] [warning] read f9ab468d-2958-4256-b800-f03436d86368 (length 14896 - align length 14818) has no trained error model
[2025-07-09 17:08:46.246] [jointLog] [warning] read f9ab468d-2958-4256-b800-f03436d86368 (length 14896) has no trained clipping model
[2025-07-09 17:08:46.246] [jointLog] [warning] read f9ab468d-2958-4256-b800-f03436d86368 (length 14896) has no trained clipping model
[2025-07-09 17:08:46.246] [jointLog] [warning] read a954788b-59a1-455c-939d-a21d1a2bd77a (length 94793 - align length 852) has no trained error model
[2025-07-09 17:08:46.246] [jointLog] [warning] read a954788b-59a1-455c-939d-a21d1a2bd77a (length 94793) has no trained clipping model
[2025-07-09 17:08:46.246] [jointLog] [warning] read a954788b-59a1-455c-939d-a21d1a2bd77a (length 94793) has no trained clipping model
[2025-07-09 17:08:46.247] [jointLog] [warning] read 651cf015-bf63-4268-b80e-e20a607a48cf (length 15835 - align length 213) has no trained error model
[2025-07-09 17:08:46.247] [jointLog] [warning] read 651cf015-bf63-4268-b80e-e20a607a48cf (length 15835) has no trained clipping model
[2025-07-09 17:08:46.247] [jointLog] [warning] read 651cf015-bf63-4268-b80e-e20a607a48cf (length 15835) has no trained clipping model
[2025-07-09 17:08:46.247] [jointLog] [warning] read f11e59d0-419a-4473-993f-a266b791d447 (length 12115 - align length 421) has no trained error model
[2025-07-09 17:08:46.247] [jointLog] [warning] read f11e59d0-419a-4473-993f-a266b791d447 (length 12115) has no trained clipping model
[2025-07-09 17:08:46.247] [jointLog] [warning] read f11e59d0-419a-4473-993f-a266b791d447 (length 12115) has no trained clipping model
[2025-07-09 17:08:46.247] [jointLog] [warning] read 5f62546b-277e-473c-9e57-2b0b5b454c61 (length 15578 - align length 284) has no trained error model
[2025-07-09 17:08:46.247] [jointLog] [warning] read 5f62546b-277e-473c-9e57-2b0b5b454c61 (length 15578) has no trained clipping model
[2025-07-09 17:08:46.247] [jointLog] [warning] read 5f62546b-277e-473c-9e57-2b0b5b454c61 (length 15578) has no trained clipping model
[2025-07-09 17:08:46.247] [jointLog] [warning] read 2cae2c7b-7b4d-46b8-bd45-a64e33d6f2c4 (length 15952 - align length 102) has no trained error model
[2025-07-09 17:08:46.247] [jointLog] [warning] read 2cae2c7b-7b4d-46b8-bd45-a64e33d6f2c4 (length 15952) has no trained clipping model
[2025-07-09 17:08:46.247] [jointLog] [warning] read 2cae2c7b-7b4d-46b8-bd45-a64e33d6f2c4 (length 15952) has no trained clipping model
[2025-07-09 17:08:46.247] [jointLog] [warning] read 05861b6c-f24e-4738-81be-523cec02ea2a (length 31814 - align length 218) has no trained error model
[2025-07-09 17:08:46.247] [jointLog] [warning] read 05861b6c-f24e-4738-81be-523cec02ea2a (length 31814) has no trained clipping model
[2025-07-09 17:08:46.247] [jointLog] [warning] read 05861b6c-f24e-4738-81be-523cec02ea2a (length 31814) has no trained clipping model
[2025-07-09 17:08:46.247] [jointLog] [warning] read 13eae6e0-e4fc-466f-8cde-18a971059f21 (length 38864 - align length 170) has no trained error model
[2025-07-09 17:08:46.247] [jointLog] [warning] read 13eae6e0-e4fc-466f-8cde-18a971059f21 (length 38864) has no trained clipping model
[2025-07-09 17:08:46.247] [jointLog] [warning] read 13eae6e0-e4fc-466f-8cde-18a971059f21 (length 38864) has no trained clipping model
[2025-07-09 17:08:46.247] [jointLog] [warning] read 619a127d-d21f-4ccd-824f-fadbaf626065 (length 15714 - align length 901) has no trained error model
[2025-07-09 17:08:46.247] [jointLog] [warning] read 619a127d-d21f-4ccd-824f-fadbaf626065 (length 15714) has no trained clipping model
[2025-07-09 17:08:46.247] [jointLog] [warning] read 619a127d-d21f-4ccd-824f-fadbaf626065 (length 15714) has no trained clipping model
[2025-07-09 17:08:46.247] [jointLog] [warning] read 7f9e5f97-385f-4859-8cb0-f5ad73082160 (length 14167 - align length 14162) has no trained error model
[2025-07-09 17:08:46.247] [jointLog] [warning] read 7f9e5f97-385f-4859-8cb0-f5ad73082160 (length 14167) has no trained clipping model
[2025-07-09 17:08:46.247] [jointLog] [warning] read 7f9e5f97-385f-4859-8cb0-f5ad73082160 (length 14167) has no trained clipping model
[2025-07-09 17:08:46.247] [jointLog] [warning] read 393d8c45-d79b-4578-b7dc-00b43cbf41d9 (length 31298 - align length 363) has no trained error model
[2025-07-09 17:08:46.247] [jointLog] [warning] read 393d8c45-d79b-4578-b7dc-00b43cbf41d9 (length 31298) has no trained clipping model
[2025-07-09 17:08:46.247] [jointLog] [warning] read 393d8c45-d79b-4578-b7dc-00b43cbf41d9 (length 31298) has no trained clipping model
[2025-07-09 17:08:46.247] [jointLog] [warning] read 24686c96-9bdd-40c3-a135-256ca6956352 (length 23659 - align length 52) has no trained error model
[2025-07-09 17:08:46.247] [jointLog] [warning] read 24686c96-9bdd-40c3-a135-256ca6956352 (length 23659) has no trained clipping model
[2025-07-09 17:08:46.247] [jointLog] [warning] read 24686c96-9bdd-40c3-a135-256ca6956352 (length 23659) has no trained clipping model
[2025-07-09 17:08:46.247] [jointLog] [warning] read c8aa9b31-9145-452d-bb8a-4e2aabef1ba1 (length 12933 - align length 12731) has no trained error model
[2025-07-09 17:08:46.247] [jointLog] [warning] read c8aa9b31-9145-452d-bb8a-4e2aabef1ba1 (length 12933) has no trained clipping model
[2025-07-09 17:08:46.247] [jointLog] [warning] read c8aa9b31-9145-452d-bb8a-4e2aabef1ba1 (length 12933) has no trained clipping model
[2025-07-09 17:08:46.247] [jointLog] [warning] read afa7544b-b0f4-45ef-a9c4-ec7bdc39df0d (length 13747 - align length 13642) has no trained error model
[2025-07-09 17:08:46.247] [jointLog] [warning] read afa7544b-b0f4-45ef-a9c4-ec7bdc39df0d (length 13747) has no trained clipping model
[2025-07-09 17:08:46.247] [jointLog] [warning] read afa7544b-b0f4-45ef-a9c4-ec7bdc39df0d (length 13747) has no trained clipping model
[2025-07-09 17:08:46.247] [jointLog] [warning] read 3a82c57f-bf7e-4c1f-ad46-83790fb1f5f7 (length 27741 - align length 1808) has no trained error model
[2025-07-09 17:08:46.247] [jointLog] [warning] read 3a82c57f-bf7e-4c1f-ad46-83790fb1f5f7 (length 27741) has no trained clipping model
[2025-07-09 17:08:46.247] [jointLog] [warning] read 3a82c57f-bf7e-4c1f-ad46-83790fb1f5f7 (length 27741) has no trained clipping model
[2025-07-09 17:08:46.247] [jointLog] [warning] read 3ef25f4d-0c5d-4643-a9ef-6b62c0db4534 (length 37142 - align length 1818) has no trained error model
[2025-07-09 17:08:46.247] [jointLog] [warning] read 3ef25f4d-0c5d-4643-a9ef-6b62c0db4534 (length 37142) has no trained clipping model
[2025-07-09 17:08:46.247] [jointLog] [warning] read 3ef25f4d-0c5d-4643-a9ef-6b62c0db4534 (length 37142) has no trained clipping model
[2025-07-09 17:08:46.247] [jointLog] [warning] read 0efccc76-6266-4962-bbe7-660a9590b31a (length 15438 - align length 478) has no trained error model
[2025-07-09 17:08:46.247] [jointLog] [warning] read 0efccc76-6266-4962-bbe7-660a9590b31a (length 15438) has no trained clipping model
[2025-07-09 17:08:46.247] [jointLog] [warning] read 0efccc76-6266-4962-bbe7-660a9590b31a (length 15438) has no trained clipping model
[2025-07-09 17:08:46.247] [jointLog] [warning] read 047692d7-5f6c-4af8-9a0e-60d878411e86 (length 15767 - align length 408) has no trained error model
[2025-07-09 17:08:46.247] [jointLog] [warning] read 047692d7-5f6c-4af8-9a0e-60d878411e86 (length 15767) has no trained clipping model
[2025-07-09 17:08:46.247] [jointLog] [warning] read 047692d7-5f6c-4af8-9a0e-60d878411e86 (length 15767) has no trained clipping model
[2025-07-09 17:08:46.247] [jointLog] [warning] read 06ffc4af-2ad7-4d40-b794-4de3c15ba3c6 (length 23589 - align length 127) has no trained error model
[2025-07-09 17:08:46.247] [jointLog] [warning] read 06ffc4af-2ad7-4d40-b794-4de3c15ba3c6 (length 23589) has no trained clipping model
[2025-07-09 17:08:46.247] [jointLog] [warning] read 06ffc4af-2ad7-4d40-b794-4de3c15ba3c6 (length 23589) has no trained clipping model
[2025-07-09 17:08:46.247] [jointLog] [warning] read 45129981-fac2-48ad-87a3-3537df3fb783 (length 25243 - align length 1479) has no trained error model
[2025-07-09 17:08:46.247] [jointLog] [warning] read 45129981-fac2-48ad-87a3-3537df3fb783 (length 25243) has no trained clipping model
[2025-07-09 17:08:46.247] [jointLog] [warning] read 45129981-fac2-48ad-87a3-3537df3fb783 (length 25243) has no trained clipping model
[2025-07-09 17:08:46.247] [jointLog] [warning] read 0c768e67-d58c-413c-b679-67ef3ccc288d (length 21445 - align length 1654) has no trained error model
[2025-07-09 17:08:46.247] [jointLog] [warning] read 0c768e67-d58c-413c-b679-67ef3ccc288d (length 21445) has no trained clipping model
[2025-07-09 17:08:46.247] [jointLog] [warning] read 0c768e67-d58c-413c-b679-67ef3ccc288d (length 21445) has no trained clipping model
[2025-07-09 17:08:46.247] [jointLog] [warning] read d42fa09d-4828-41ee-a4d8-ed64e07804a7 (length 31340 - align length 88) has no trained error model
[2025-07-09 17:08:46.247] [jointLog] [warning] read d42fa09d-4828-41ee-a4d8-ed64e07804a7 (length 31340) has no trained clipping model
[2025-07-09 17:08:46.247] [jointLog] [warning] read d42fa09d-4828-41ee-a4d8-ed64e07804a7 (length 31340) has no trained clipping model
[2025-07-09 17:08:46.247] [jointLog] [warning] read f1a0dff8-3bc5-499f-b812-dd6c87f82444 (length 22561 - align length 618) has no trained error model
[2025-07-09 17:08:46.247] [jointLog] [warning] read f1a0dff8-3bc5-499f-b812-dd6c87f82444 (length 22561) has no trained clipping model
[2025-07-09 17:08:46.247] [jointLog] [warning] read f1a0dff8-3bc5-499f-b812-dd6c87f82444 (length 22561) has no trained clipping model
[2025-07-09 17:08:46.247] [jointLog] [warning] read 343638f0-1e3e-4791-875e-d6f0bf09d333 (length 14924 - align length 304) has no trained error model
[2025-07-09 17:08:46.247] [jointLog] [warning] read 343638f0-1e3e-4791-875e-d6f0bf09d333 (length 14924) has no trained clipping model
[2025-07-09 17:08:46.247] [jointLog] [warning] read 343638f0-1e3e-4791-875e-d6f0bf09d333 (length 14924) has no trained clipping model
[2025-07-09 17:08:46.247] [jointLog] [warning] read ba134e6a-26ef-4fcb-80af-96d94c20e772 (length 18679 - align length 530) has no trained error model
[2025-07-09 17:08:46.247] [jointLog] [warning] read ba134e6a-26ef-4fcb-80af-96d94c20e772 (length 18679) has no trained clipping model
[2025-07-09 17:08:46.247] [jointLog] [warning] read ba134e6a-26ef-4fcb-80af-96d94c20e772 (length 18679) has no trained clipping model
[2025-07-09 17:08:46.247] [jointLog] [warning] read 79735fdc-3cd3-4904-93d0-58952f82fcdf (length 24778 - align length 522) has no trained error model
[2025-07-09 17:08:46.247] [jointLog] [warning] read 79735fdc-3cd3-4904-93d0-58952f82fcdf (length 24778) has no trained clipping model
[2025-07-09 17:08:46.247] [jointLog] [warning] read 79735fdc-3cd3-4904-93d0-58952f82fcdf (length 24778) has no trained clipping model
[2025-07-09 17:08:46.247] [jointLog] [warning] read 8f1559e9-974d-4389-9e9c-ac1dfba80a0f (length 12647 - align length 113) has no trained error model
[2025-07-09 17:08:46.247] [jointLog] [warning] read 8f1559e9-974d-4389-9e9c-ac1dfba80a0f (length 12647) has no trained clipping model
[2025-07-09 17:08:46.247] [jointLog] [warning] read 8f1559e9-974d-4389-9e9c-ac1dfba80a0f (length 12647) has no trained clipping model
[2025-07-09 17:08:46.247] [jointLog] [warning] read 1af85d3a-b375-4c7d-a191-1ba3792af4a1 (length 18998 - align length 3759) has no trained error model
[2025-07-09 17:08:46.247] [jointLog] [warning] read 1af85d3a-b375-4c7d-a191-1ba3792af4a1 (length 18998) has no trained clipping model
[2025-07-09 17:08:46.247] [jointLog] [warning] read 1af85d3a-b375-4c7d-a191-1ba3792af4a1 (length 18998) has no trained clipping model
[2025-07-09 17:08:46.247] [jointLog] [warning] read 3e2c31aa-dac7-4c1d-8463-5ceaf1fded30 (length 22163 - align length 280) has no trained error model
[2025-07-09 17:08:46.247] [jointLog] [warning] read 3e2c31aa-dac7-4c1d-8463-5ceaf1fded30 (length 22163) has no trained clipping model
[2025-07-09 17:08:46.247] [jointLog] [warning] read 3e2c31aa-dac7-4c1d-8463-5ceaf1fded30 (length 22163) has no trained clipping model
[2025-07-09 17:08:46.247] [jointLog] [warning] read 87d7fbd7-123a-4fe3-9a4f-daf32cc52c5c (length 13410 - align length 13358) has no trained error model
[2025-07-09 17:08:46.247] [jointLog] [warning] read 87d7fbd7-123a-4fe3-9a4f-daf32cc52c5c (length 13410) has no trained clipping model
[2025-07-09 17:08:46.247] [jointLog] [warning] read 87d7fbd7-123a-4fe3-9a4f-daf32cc52c5c (length 13410) has no trained clipping model
[2025-07-09 17:08:46.247] [jointLog] [warning] read 1dc550f4-5fa6-4498-b930-c974d9a91624 (length 311621 - align length 255) has no trained error model
[2025-07-09 17:08:46.247] [jointLog] [warning] read 1dc550f4-5fa6-4498-b930-c974d9a91624 (length 311621) has no trained clipping model
[2025-07-09 17:08:46.247] [jointLog] [warning] read 1dc550f4-5fa6-4498-b930-c974d9a91624 (length 311621) has no trained clipping model
[2025-07-09 17:08:46.247] [jointLog] [warning] read b9060baf-0f38-4534-b3c2-d527730d84fb (length 18510 - align length 7362) has no trained error model
[2025-07-09 17:08:46.247] [jointLog] [warning] read b9060baf-0f38-4534-b3c2-d527730d84fb (length 18510) has no trained clipping model
[2025-07-09 17:08:46.247] [jointLog] [warning] read b9060baf-0f38-4534-b3c2-d527730d84fb (length 18510) has no trained clipping model
[2025-07-09 17:08:46.247] [jointLog] [warning] read eb5ba712-084e-4b7f-ac74-5cdcca35661d (length 15915 - align length 340) has no trained error model
[2025-07-09 17:08:46.247] [jointLog] [warning] read eb5ba712-084e-4b7f-ac74-5cdcca35661d (length 15915) has no trained clipping model
[2025-07-09 17:08:46.247] [jointLog] [warning] read eb5ba712-084e-4b7f-ac74-5cdcca35661d (length 15915) has no trained clipping model
[2025-07-09 17:08:46.247] [jointLog] [warning] read 7e64b68a-f965-47f1-bfce-c8c32e30cc96 (length 17554 - align length 783) has no trained error model
[2025-07-09 17:08:46.247] [jointLog] [warning] read 7e64b68a-f965-47f1-bfce-c8c32e30cc96 (length 17554) has no trained clipping model
[2025-07-09 17:08:46.247] [jointLog] [warning] read 7e64b68a-f965-47f1-bfce-c8c32e30cc96 (length 17554) has no trained clipping model
[2025-07-09 17:08:46.247] [jointLog] [warning] read b31cd792-5782-40d2-81d3-28c10b3ea44b (length 29133 - align length 256) has no trained error model
[2025-07-09 17:08:46.247] [jointLog] [warning] read b31cd792-5782-40d2-81d3-28c10b3ea44b (length 29133) has no trained clipping model
[2025-07-09 17:08:46.247] [jointLog] [warning] read b31cd792-5782-40d2-81d3-28c10b3ea44b (length 29133) has no trained clipping model
[2025-07-09 17:08:46.247] [jointLog] [warning] read 60a3136c-c11c-4378-920a-bda1d5a1e6ed (length 55363 - align length 471) has no trained error model
[2025-07-09 17:08:46.247] [jointLog] [warning] read 60a3136c-c11c-4378-920a-bda1d5a1e6ed (length 55363) has no trained clipping model
[2025-07-09 17:08:46.247] [jointLog] [warning] read 60a3136c-c11c-4378-920a-bda1d5a1e6ed (length 55363) has no trained clipping model
[2025-07-09 17:08:46.247] [jointLog] [warning] read 24ba2281-1d8b-4c8b-9131-d4e5fa7c2849 (length 15950 - align length 15882) has no trained error model
[2025-07-09 17:08:46.247] [jointLog] [warning] read 24ba2281-1d8b-4c8b-9131-d4e5fa7c2849 (length 15950) has no trained clipping model
[2025-07-09 17:08:46.247] [jointLog] [warning] read 24ba2281-1d8b-4c8b-9131-d4e5fa7c2849 (length 15950) has no trained clipping model
[2025-07-09 17:08:46.247] [jointLog] [warning] read c9d97bdc-cf01-479f-8469-fe89caabb1b2 (length 14158 - align length 14108) has no trained error model
[2025-07-09 17:08:46.247] [jointLog] [warning] read c9d97bdc-cf01-479f-8469-fe89caabb1b2 (length 14158) has no trained clipping model
[2025-07-09 17:08:46.247] [jointLog] [warning] read c9d97bdc-cf01-479f-8469-fe89caabb1b2 (length 14158) has no trained clipping model
[2025-07-09 17:08:46.247] [jointLog] [warning] read 0c226370-2d0f-45d1-83ed-7c92151f53a9 (length 24485 - align length 185) has no trained error model
[2025-07-09 17:08:46.247] [jointLog] [warning] read 0c226370-2d0f-45d1-83ed-7c92151f53a9 (length 24485) has no trained clipping model
[2025-07-09 17:08:46.247] [jointLog] [warning] read 0c226370-2d0f-45d1-83ed-7c92151f53a9 (length 24485) has no trained clipping model
[2025-07-09 17:08:46.247] [jointLog] [warning] read 1f4767e7-f15e-4bc1-992f-d023f2d54943 (length 18812 - align length 2198) has no trained error model
[2025-07-09 17:08:46.247] [jointLog] [warning] read 1f4767e7-f15e-4bc1-992f-d023f2d54943 (length 18812) has no trained clipping model
[2025-07-09 17:08:46.247] [jointLog] [warning] read 1f4767e7-f15e-4bc1-992f-d023f2d54943 (length 18812) has no trained clipping model
[2025-07-09 17:08:46.247] [jointLog] [warning] read 95917a36-a0ce-41f7-a955-b1bcac8f4335 (length 16934 - align length 145) has no trained error model
[2025-07-09 17:08:46.247] [jointLog] [warning] read 95917a36-a0ce-41f7-a955-b1bcac8f4335 (length 16934) has no trained clipping model
[2025-07-09 17:08:46.247] [jointLog] [warning] read 95917a36-a0ce-41f7-a955-b1bcac8f4335 (length 16934) has no trained clipping model
[2025-07-09 17:08:46.247] [jointLog] [warning] read 1948e101-ef35-47cf-b48a-6bdea4608f7d (length 52614 - align length 1251) has no trained error model
[2025-07-09 17:08:46.248] [jointLog] [warning] read 1948e101-ef35-47cf-b48a-6bdea4608f7d (length 52614) has no trained clipping model
[2025-07-09 17:08:46.248] [jointLog] [warning] read 1948e101-ef35-47cf-b48a-6bdea4608f7d (length 52614) has no trained clipping model
[2025-07-09 17:08:46.248] [jointLog] [warning] read b40fb226-4371-4023-80ef-0002ba18635d (length 81439 - align length 4301) has no trained error model
[2025-07-09 17:08:46.248] [jointLog] [warning] read b40fb226-4371-4023-80ef-0002ba18635d (length 81439) has no trained clipping model
[2025-07-09 17:08:46.248] [jointLog] [warning] read b40fb226-4371-4023-80ef-0002ba18635d (length 81439) has no trained clipping model
[2025-07-09 17:08:46.248] [jointLog] [warning] read d7425b4e-d54b-42a3-ae9b-ba075ec94df1 (length 66855 - align length 547) has no trained error model
[2025-07-09 17:08:46.248] [jointLog] [warning] read d7425b4e-d54b-42a3-ae9b-ba075ec94df1 (length 66855) has no trained clipping model
[2025-07-09 17:08:46.248] [jointLog] [warning] read d7425b4e-d54b-42a3-ae9b-ba075ec94df1 (length 66855) has no trained clipping model
[2025-07-09 17:08:46.248] [jointLog] [warning] read 2dc7b854-0951-422d-9e84-c3fee5e33155 (length 103907 - align length 481) has no trained error model
[2025-07-09 17:08:46.248] [jointLog] [warning] read 2dc7b854-0951-422d-9e84-c3fee5e33155 (length 103907) has no trained clipping model
[2025-07-09 17:08:46.248] [jointLog] [warning] read 2dc7b854-0951-422d-9e84-c3fee5e33155 (length 103907) has no trained clipping model
[2025-07-09 17:08:46.248] [jointLog] [warning] read b321eea1-76b1-4cfb-af60-eee2e4cb62e2 (length 21068 - align length 64) has no trained error model
[2025-07-09 17:08:46.248] [jointLog] [warning] read b321eea1-76b1-4cfb-af60-eee2e4cb62e2 (length 21068) has no trained clipping model
[2025-07-09 17:08:46.248] [jointLog] [warning] read b321eea1-76b1-4cfb-af60-eee2e4cb62e2 (length 21068) has no trained clipping model
[2025-07-09 17:08:46.248] [jointLog] [warning] read 33b154d6-1390-4553-9414-2326d03e26fe (length 19514 - align length 4294) has no trained error model
[2025-07-09 17:08:46.248] [jointLog] [warning] read 33b154d6-1390-4553-9414-2326d03e26fe (length 19514) has no trained clipping model
[2025-07-09 17:08:46.248] [jointLog] [warning] read 33b154d6-1390-4553-9414-2326d03e26fe (length 19514) has no trained clipping model
[2025-07-09 17:08:46.248] [jointLog] [warning] read fb24c010-cfd8-4c85-b54e-2c0414edb7f8 (length 38274 - align length 281) has no trained error model
[2025-07-09 17:08:46.248] [jointLog] [warning] read fb24c010-cfd8-4c85-b54e-2c0414edb7f8 (length 38274) has no trained clipping model
[2025-07-09 17:08:46.248] [jointLog] [warning] read fb24c010-cfd8-4c85-b54e-2c0414edb7f8 (length 38274) has no trained clipping model
[2025-07-09 17:08:46.248] [jointLog] [warning] read a2507c88-4efa-4abb-9554-f0d84117eebd (length 14371 - align length 14291) has no trained error model
[2025-07-09 17:08:46.248] [jointLog] [warning] read a2507c88-4efa-4abb-9554-f0d84117eebd (length 14371) has no trained clipping model
[2025-07-09 17:08:46.248] [jointLog] [warning] read a2507c88-4efa-4abb-9554-f0d84117eebd (length 14371) has no trained clipping model
[2025-07-09 17:08:46.248] [jointLog] [warning] read a28437d2-bbd3-48dc-a2c3-b5cf0a28139d (length 16131 - align length 1135) has no trained error model
[2025-07-09 17:08:46.248] [jointLog] [warning] read a28437d2-bbd3-48dc-a2c3-b5cf0a28139d (length 16131) has no trained clipping model
[2025-07-09 17:08:46.248] [jointLog] [warning] read a28437d2-bbd3-48dc-a2c3-b5cf0a28139d (length 16131) has no trained clipping model
[2025-07-09 17:08:46.248] [jointLog] [warning] read ca797ee2-daef-452c-ad6a-0469464b17ed (length 20476 - align length 57) has no trained error model
[2025-07-09 17:08:46.248] [jointLog] [warning] read ca797ee2-daef-452c-ad6a-0469464b17ed (length 20476) has no trained clipping model
[2025-07-09 17:08:46.248] [jointLog] [warning] read ca797ee2-daef-452c-ad6a-0469464b17ed (length 20476) has no trained clipping model
[2025-07-09 17:08:46.248] [jointLog] [warning] read 1c492179-66f5-4db3-9834-23d1a71d0e01 (length 28786 - align length 1417) has no trained error model
[2025-07-09 17:08:46.248] [jointLog] [warning] read 1c492179-66f5-4db3-9834-23d1a71d0e01 (length 28786) has no trained clipping model
[2025-07-09 17:08:46.248] [jointLog] [warning] read 1c492179-66f5-4db3-9834-23d1a71d0e01 (length 28786) has no trained clipping model
[2025-07-09 17:08:46.248] [jointLog] [warning] read 0e46027e-bfcf-4eec-8562-8eeda3e16f61 (length 31415 - align length 607) has no trained error model
[2025-07-09 17:08:46.248] [jointLog] [warning] read 0e46027e-bfcf-4eec-8562-8eeda3e16f61 (length 31415) has no trained clipping model
[2025-07-09 17:08:46.248] [jointLog] [warning] read 0e46027e-bfcf-4eec-8562-8eeda3e16f61 (length 31415) has no trained clipping model
[2025-07-09 17:08:46.248] [jointLog] [warning] read a4d32789-099f-46c9-b1be-d9255aa36d5f (length 70910 - align length 1336) has no trained error model
[2025-07-09 17:08:46.248] [jointLog] [warning] read a4d32789-099f-46c9-b1be-d9255aa36d5f (length 70910) has no trained clipping model
[2025-07-09 17:08:46.248] [jointLog] [warning] read a4d32789-099f-46c9-b1be-d9255aa36d5f (length 70910) has no trained clipping model
[2025-07-09 17:08:46.248] [jointLog] [warning] read fe7013ba-a49b-4405-9c3c-8add5cf53049 (length 111122 - align length 244) has no trained error model
[2025-07-09 17:08:46.248] [jointLog] [warning] read fe7013ba-a49b-4405-9c3c-8add5cf53049 (length 111122) has no trained clipping model
[2025-07-09 17:08:46.248] [jointLog] [warning] read fe7013ba-a49b-4405-9c3c-8add5cf53049 (length 111122) has no trained clipping model
[2025-07-09 17:08:46.248] [jointLog] [warning] read 831a0f0b-330f-4cad-8a53-921fa6d5a333 (length 22280 - align length 372) has no trained error model
[2025-07-09 17:08:46.248] [jointLog] [warning] read 831a0f0b-330f-4cad-8a53-921fa6d5a333 (length 22280) has no trained clipping model
[2025-07-09 17:08:46.248] [jointLog] [warning] read 831a0f0b-330f-4cad-8a53-921fa6d5a333 (length 22280) has no trained clipping model
[2025-07-09 17:08:46.248] [jointLog] [warning] read 64777371-24da-4a1c-bd93-f79153f0bb3e (length 84287 - align length 139) has no trained error model
[2025-07-09 17:08:46.248] [jointLog] [warning] read 64777371-24da-4a1c-bd93-f79153f0bb3e (length 84287) has no trained clipping model
[2025-07-09 17:08:46.248] [jointLog] [warning] read 64777371-24da-4a1c-bd93-f79153f0bb3e (length 84287) has no trained clipping model
[2025-07-09 17:08:46.248] [jointLog] [warning] read c4d0e2d0-9853-455e-b68d-fd4c7b2c3ca2 (length 23331 - align length 343) has no trained error model
[2025-07-09 17:08:46.248] [jointLog] [warning] read c4d0e2d0-9853-455e-b68d-fd4c7b2c3ca2 (length 23331) has no trained clipping model
[2025-07-09 17:08:46.248] [jointLog] [warning] read c4d0e2d0-9853-455e-b68d-fd4c7b2c3ca2 (length 23331) has no trained clipping model
[2025-07-09 17:08:46.248] [jointLog] [warning] read 5bd76b9a-c35b-4ce3-892e-7989dc43868e (length 52440 - align length 1773) has no trained error model
[2025-07-09 17:08:46.248] [jointLog] [warning] read 5bd76b9a-c35b-4ce3-892e-7989dc43868e (length 52440) has no trained clipping model
[2025-07-09 17:08:46.248] [jointLog] [warning] read 5bd76b9a-c35b-4ce3-892e-7989dc43868e (length 52440) has no trained clipping model
[2025-07-09 17:08:46.248] [jointLog] [warning] read 3e3a79b5-2b1a-4028-a134-fe96f8a3b399 (length 43357 - align length 150) has no trained error model
[2025-07-09 17:08:46.248] [jointLog] [warning] read 3e3a79b5-2b1a-4028-a134-fe96f8a3b399 (length 43357) has no trained clipping model
[2025-07-09 17:08:46.248] [jointLog] [warning] read 3e3a79b5-2b1a-4028-a134-fe96f8a3b399 (length 43357) has no trained clipping model
[2025-07-09 17:08:46.248] [jointLog] [warning] read a83151b5-a3ba-41de-bbb8-07db02f57c06 (length 19021 - align length 4561) has no trained error model
[2025-07-09 17:08:46.248] [jointLog] [warning] read a83151b5-a3ba-41de-bbb8-07db02f57c06 (length 19021) has no trained clipping model
[2025-07-09 17:08:46.248] [jointLog] [warning] read a83151b5-a3ba-41de-bbb8-07db02f57c06 (length 19021) has no trained clipping model
[2025-07-09 17:08:46.248] [jointLog] [warning] read c6c91a84-6ba4-4997-9b95-e53daed439c2 (length 102227 - align length 3892) has no trained error model
[2025-07-09 17:08:46.248] [jointLog] [warning] read c6c91a84-6ba4-4997-9b95-e53daed439c2 (length 102227) has no trained clipping model
[2025-07-09 17:08:46.248] [jointLog] [warning] read c6c91a84-6ba4-4997-9b95-e53daed439c2 (length 102227) has no trained clipping model
[2025-07-09 17:08:46.248] [jointLog] [warning] read 370adc69-19cd-4f62-a0ac-a7d6697ce340 (length 59904 - align length 2484) has no trained error model
[2025-07-09 17:08:46.248] [jointLog] [warning] read 370adc69-19cd-4f62-a0ac-a7d6697ce340 (length 59904) has no trained clipping model
[2025-07-09 17:08:46.248] [jointLog] [warning] read 370adc69-19cd-4f62-a0ac-a7d6697ce340 (length 59904) has no trained clipping model
[2025-07-09 17:08:46.249] [jointLog] [warning] read c78573ff-310a-427a-b582-78596f6e3965 (length 177083 - align length 537) has no trained error model
[2025-07-09 17:08:46.249] [jointLog] [warning] read c78573ff-310a-427a-b582-78596f6e3965 (length 177083) has no trained clipping model
[2025-07-09 17:08:46.249] [jointLog] [warning] read c78573ff-310a-427a-b582-78596f6e3965 (length 177083) has no trained clipping model
[2025-07-09 17:08:46.249] [jointLog] [warning] read da73f001-99b9-43d0-a8c1-60860be2b4b2 (length 50835 - align length 157) has no trained error model
[2025-07-09 17:08:46.249] [jointLog] [warning] read da73f001-99b9-43d0-a8c1-60860be2b4b2 (length 50835) has no trained clipping model
[2025-07-09 17:08:46.249] [jointLog] [warning] read da73f001-99b9-43d0-a8c1-60860be2b4b2 (length 50835) has no trained clipping model
[2025-07-09 17:08:46.249] [jointLog] [warning] read 7a402f30-5384-4b69-94ab-239910d0faa6 (length 28177 - align length 1923) has no trained error model
[2025-07-09 17:08:46.249] [jointLog] [warning] read 7a402f30-5384-4b69-94ab-239910d0faa6 (length 28177) has no trained clipping model
[2025-07-09 17:08:46.249] [jointLog] [warning] read 7a402f30-5384-4b69-94ab-239910d0faa6 (length 28177) has no trained clipping model
[2025-07-09 17:08:46.263] [jointLog] [warning] read 71874a21-82ea-4253-a7ac-09ebaeaf942e (length 11274) has no trained clipping model
[2025-07-09 17:08:47.774] [jointLog] [warning] read f6441197-ba5e-4d7a-8258-e4797d535ee4 (length 12728 - align length 12674) has no trained error model
[2025-07-09 17:08:47.774] [jointLog] [warning] read f6441197-ba5e-4d7a-8258-e4797d535ee4 (length 12728) has no trained clipping model
[2025-07-09 17:08:47.774] [jointLog] [warning] read f6441197-ba5e-4d7a-8258-e4797d535ee4 (length 12728) has no trained clipping model
[2025-07-09 17:08:49.690] [jointLog] [warning] read 64376212-33d6-4670-bd42-f6835c8f1454 (length 12535 - align length 12482) has no trained error model
[2025-07-09 17:08:50.212] [jointLog] [warning] read 17d4b668-c486-4b01-a39c-bdeaf811e57f (length 12604 - align length 12544) has no trained error model
[2025-07-09 17:08:50.212] [jointLog] [warning] read 17d4b668-c486-4b01-a39c-bdeaf811e57f (length 12604) has no trained clipping model
[2025-07-09 17:08:50.212] [jointLog] [warning] read 17d4b668-c486-4b01-a39c-bdeaf811e57f (length 12604) has no trained clipping model
[2025-07-09 17:08:50.373] [fileLog] [info] quantification processed 8000000 fragments so far

[2025-07-09 17:08:50.640] [jointLog] [warning] read ea1402e4-bdd6-4825-a178-b567ce78a8a3 (length 13298 - align length 12628) has no trained error model
[2025-07-09 17:08:55.398] [jointLog] [warning] read 0188fa27-10fb-4301-809d-c64dac29bfaf (length 13145 - align length 13086) has no trained error model
[2025-07-09 17:08:55.398] [jointLog] [warning] read 0188fa27-10fb-4301-809d-c64dac29bfaf (length 13145) has no trained clipping model
[2025-07-09 17:08:55.398] [jointLog] [warning] read 0188fa27-10fb-4301-809d-c64dac29bfaf (length 13145) has no trained clipping model
[2025-07-09 17:08:57.753] [jointLog] [warning] read 2acdf28d-e373-4867-bfbd-8d9230f0e960 (length 12964 - align length 12680) has no trained error model
[2025-07-09 17:08:57.753] [jointLog] [warning] read 2acdf28d-e373-4867-bfbd-8d9230f0e960 (length 12964) has no trained clipping model
[2025-07-09 17:08:57.753] [jointLog] [warning] read 2acdf28d-e373-4867-bfbd-8d9230f0e960 (length 12964) has no trained clipping model
[2025-07-09 17:08:58.850] [fileLog] [info] quantification processed 9000000 fragments so far

[2025-07-09 17:08:59.740] [jointLog] [warning] read 93e4935b-5ca2-47db-9843-9c615799f25c (length 13069 - align length 12998) has no trained error model
[2025-07-09 17:08:59.740] [jointLog] [warning] read 93e4935b-5ca2-47db-9843-9c615799f25c (length 13069) has no trained clipping model
[2025-07-09 17:08:59.740] [jointLog] [warning] read 93e4935b-5ca2-47db-9843-9c615799f25c (length 13069) has no trained clipping model
[2025-07-09 17:09:00.997] [jointLog] [warning] read 47e35575-115d-4a36-8618-1c826151ca6c (length 14123 - align length 12134) has no trained error model
[2025-07-09 17:09:00.997] [jointLog] [warning] read 47e35575-115d-4a36-8618-1c826151ca6c (length 14123) has no trained clipping model
[2025-07-09 17:09:00.997] [jointLog] [warning] read 47e35575-115d-4a36-8618-1c826151ca6c (length 14123) has no trained clipping model
[2025-07-09 17:09:11.434] [jointLog] [warning] read da10b08a-cdf1-41cc-9fa9-06576526fa5f (length 13293 - align length 13271) has no trained error model
[2025-07-09 17:09:19.994] [jointLog] [warning] read 050eca73-aa7c-4369-bbaa-1330290daf8d (length 11215) has no trained clipping model
[2025-07-09 17:09:21.889] [jointLog] [warning] read 0b6d1042-127f-4682-a2bb-bf843f911b52 (length 12840 - align length 12767) has no trained error model
[2025-07-09 17:09:23.991] [jointLog] [warning] read cbf534f0-08b2-4966-9924-bb97b0066d4f (length 13092 - align length 12315) has no trained error model
[2025-07-09 17:09:23.991] [jointLog] [warning] read cbf534f0-08b2-4966-9924-bb97b0066d4f (length 13092) has no trained clipping model
[2025-07-09 17:09:23.991] [jointLog] [warning] read cbf534f0-08b2-4966-9924-bb97b0066d4f (length 13092) has no trained clipping model
[2025-07-09 17:09:24.353] [fileLog] [info] quantification processed 10000000 fragments so far

[2025-07-09 17:09:24.457] [jointLog] [warning] read a9ad74ba-065c-4602-be38-b0da6813e55d (length 12739 - align length 12733) has no trained error model
[2025-07-09 17:09:24.457] [jointLog] [warning] read a9ad74ba-065c-4602-be38-b0da6813e55d (length 12739) has no trained clipping model
[2025-07-09 17:09:24.457] [jointLog] [warning] read a9ad74ba-065c-4602-be38-b0da6813e55d (length 12739) has no trained clipping model
[2025-07-09 17:09:25.067] [jointLog] [warning] read d761eb39-49c9-4559-bf12-69f2a61bb5de (length 14031 - align length 13807) has no trained error model
[2025-07-09 17:09:25.067] [jointLog] [warning] read d761eb39-49c9-4559-bf12-69f2a61bb5de (length 14031) has no trained clipping model
[2025-07-09 17:09:25.067] [jointLog] [warning] read d761eb39-49c9-4559-bf12-69f2a61bb5de (length 14031) has no trained clipping model
[2025-07-09 17:09:25.314] [jointLog] [warning] read 1bd24622-3afa-4904-b3d7-28da4303a716 (length 13000 - align length 12920) has no trained error model
[2025-07-09 17:09:25.314] [jointLog] [warning] read 1bd24622-3afa-4904-b3d7-28da4303a716 (length 13000) has no trained clipping model
[2025-07-09 17:09:25.314] [jointLog] [warning] read 1bd24622-3afa-4904-b3d7-28da4303a716 (length 13000) has no trained clipping model
[2025-07-09 17:09:26.435] [jointLog] [warning] read a54a5466-0e69-4e48-b450-f38af67662f5 (length 15654 - align length 470) has no trained error model
[2025-07-09 17:09:26.435] [jointLog] [warning] read a54a5466-0e69-4e48-b450-f38af67662f5 (length 15654) has no trained clipping model
[2025-07-09 17:09:26.435] [jointLog] [warning] read a54a5466-0e69-4e48-b450-f38af67662f5 (length 15654) has no trained clipping model
[2025-07-09 17:09:26.435] [jointLog] [warning] read f323dd14-5a9d-42ca-813e-7a1e8e559df2 (length 22167 - align length 2511) has no trained error model
[2025-07-09 17:09:26.435] [jointLog] [warning] read f323dd14-5a9d-42ca-813e-7a1e8e559df2 (length 22167) has no trained clipping model
[2025-07-09 17:09:26.435] [jointLog] [warning] read f323dd14-5a9d-42ca-813e-7a1e8e559df2 (length 22167) has no trained clipping model
[2025-07-09 17:09:26.435] [jointLog] [warning] read 2876d1df-e6f2-4d87-b5d9-efaabc98a12a (length 110381 - align length 113) has no trained error model
[2025-07-09 17:09:26.435] [jointLog] [warning] read 2876d1df-e6f2-4d87-b5d9-efaabc98a12a (length 110381) has no trained clipping model
[2025-07-09 17:09:26.435] [jointLog] [warning] read 2876d1df-e6f2-4d87-b5d9-efaabc98a12a (length 110381) has no trained clipping model
[2025-07-09 17:09:26.435] [jointLog] [warning] read 2f22a798-6336-4133-a9a2-bb0aadc15b37 (length 21717 - align length 417) has no trained error model
[2025-07-09 17:09:26.435] [jointLog] [warning] read 2f22a798-6336-4133-a9a2-bb0aadc15b37 (length 21717) has no trained clipping model
[2025-07-09 17:09:26.435] [jointLog] [warning] read 2f22a798-6336-4133-a9a2-bb0aadc15b37 (length 21717) has no trained clipping model
[2025-07-09 17:09:26.435] [jointLog] [warning] read f4ec0c53-cb5b-4504-9fab-42ed8fc41588 (length 49122 - align length 249) has no trained error model
[2025-07-09 17:09:26.435] [jointLog] [warning] read f4ec0c53-cb5b-4504-9fab-42ed8fc41588 (length 49122) has no trained clipping model
[2025-07-09 17:09:26.435] [jointLog] [warning] read f4ec0c53-cb5b-4504-9fab-42ed8fc41588 (length 49122) has no trained clipping model
[2025-07-09 17:09:26.435] [jointLog] [warning] read e68bc504-b128-4188-afc3-031821e76918 (length 12662 - align length 397) has no trained error model
[2025-07-09 17:09:26.435] [jointLog] [warning] read e68bc504-b128-4188-afc3-031821e76918 (length 12662) has no trained clipping model
[2025-07-09 17:09:26.435] [jointLog] [warning] read e68bc504-b128-4188-afc3-031821e76918 (length 12662) has no trained clipping model
[2025-07-09 17:09:26.435] [jointLog] [warning] read 4d1eea08-1aa8-4b32-aca8-8f64414840f3 (length 16259 - align length 121) has no trained error model
[2025-07-09 17:09:26.435] [jointLog] [warning] read 4d1eea08-1aa8-4b32-aca8-8f64414840f3 (length 16259) has no trained clipping model
[2025-07-09 17:09:26.435] [jointLog] [warning] read 4d1eea08-1aa8-4b32-aca8-8f64414840f3 (length 16259) has no trained clipping model
[2025-07-09 17:09:26.435] [jointLog] [warning] read 118e43bf-7202-47c4-af0e-14b9c398139f (length 16847 - align length 1312) has no trained error model
[2025-07-09 17:09:26.435] [jointLog] [warning] read 118e43bf-7202-47c4-af0e-14b9c398139f (length 16847) has no trained clipping model
[2025-07-09 17:09:26.435] [jointLog] [warning] read 118e43bf-7202-47c4-af0e-14b9c398139f (length 16847) has no trained clipping model
[2025-07-09 17:09:26.435] [jointLog] [warning] read f129a5d0-b454-4a0c-b081-c4d2aca1cdd2 (length 26309 - align length 251) has no trained error model
[2025-07-09 17:09:26.435] [jointLog] [warning] read f129a5d0-b454-4a0c-b081-c4d2aca1cdd2 (length 26309) has no trained clipping model
[2025-07-09 17:09:26.435] [jointLog] [warning] read f129a5d0-b454-4a0c-b081-c4d2aca1cdd2 (length 26309) has no trained clipping model
[2025-07-09 17:09:26.435] [jointLog] [warning] read 384353ae-e65f-43da-b99b-8aee40b8b161 (length 15174 - align length 12690) has no trained error model
[2025-07-09 17:09:26.435] [jointLog] [warning] read 384353ae-e65f-43da-b99b-8aee40b8b161 (length 15174) has no trained clipping model
[2025-07-09 17:09:26.435] [jointLog] [warning] read 384353ae-e65f-43da-b99b-8aee40b8b161 (length 15174) has no trained clipping model
[2025-07-09 17:09:26.435] [jointLog] [warning] read 88e08815-9406-49c0-a2db-316ceddaf0c3 (length 42287 - align length 125) has no trained error model
[2025-07-09 17:09:26.435] [jointLog] [warning] read 88e08815-9406-49c0-a2db-316ceddaf0c3 (length 42287) has no trained clipping model
[2025-07-09 17:09:26.435] [jointLog] [warning] read 88e08815-9406-49c0-a2db-316ceddaf0c3 (length 42287) has no trained clipping model
[2025-07-09 17:09:26.435] [jointLog] [warning] read 1ae454df-4aad-4587-add7-49bcc4e89bad (length 14591 - align length 781) has no trained error model
[2025-07-09 17:09:26.435] [jointLog] [warning] read 1ae454df-4aad-4587-add7-49bcc4e89bad (length 14591) has no trained clipping model
[2025-07-09 17:09:26.435] [jointLog] [warning] read 1ae454df-4aad-4587-add7-49bcc4e89bad (length 14591) has no trained clipping model
[2025-07-09 17:09:26.435] [jointLog] [warning] read a88e20b1-24b7-4717-a9e9-73a588c3c1ee (length 30709 - align length 466) has no trained error model
[2025-07-09 17:09:26.435] [jointLog] [warning] read a88e20b1-24b7-4717-a9e9-73a588c3c1ee (length 30709) has no trained clipping model
[2025-07-09 17:09:26.435] [jointLog] [warning] read a88e20b1-24b7-4717-a9e9-73a588c3c1ee (length 30709) has no trained clipping model
[2025-07-09 17:09:26.435] [jointLog] [warning] read bfd7c5e7-0150-4c5c-95a0-4039164a6a8b (length 52987 - align length 366) has no trained error model
[2025-07-09 17:09:26.435] [jointLog] [warning] read bfd7c5e7-0150-4c5c-95a0-4039164a6a8b (length 52987) has no trained clipping model
[2025-07-09 17:09:26.435] [jointLog] [warning] read bfd7c5e7-0150-4c5c-95a0-4039164a6a8b (length 52987) has no trained clipping model
[2025-07-09 17:09:26.436] [jointLog] [warning] read dfbf315e-bffb-4e04-a101-2431972cadfa (length 16093 - align length 833) has no trained error model
[2025-07-09 17:09:26.436] [jointLog] [warning] read dfbf315e-bffb-4e04-a101-2431972cadfa (length 16093) has no trained clipping model
[2025-07-09 17:09:26.436] [jointLog] [warning] read dfbf315e-bffb-4e04-a101-2431972cadfa (length 16093) has no trained clipping model
[2025-07-09 17:09:26.436] [jointLog] [warning] read c76bd861-daa1-4375-8307-1664eea1d4e3 (length 13427 - align length 284) has no trained error model
[2025-07-09 17:09:26.436] [jointLog] [warning] read c76bd861-daa1-4375-8307-1664eea1d4e3 (length 13427) has no trained clipping model
[2025-07-09 17:09:26.436] [jointLog] [warning] read c76bd861-daa1-4375-8307-1664eea1d4e3 (length 13427) has no trained clipping model
[2025-07-09 17:09:26.436] [jointLog] [warning] read 22b97d6d-4bf6-4f6e-83b7-bfc949a5a5bb (length 26189 - align length 361) has no trained error model
[2025-07-09 17:09:26.436] [jointLog] [warning] read 22b97d6d-4bf6-4f6e-83b7-bfc949a5a5bb (length 26189) has no trained clipping model
[2025-07-09 17:09:26.436] [jointLog] [warning] read 22b97d6d-4bf6-4f6e-83b7-bfc949a5a5bb (length 26189) has no trained clipping model
[2025-07-09 17:09:26.436] [jointLog] [warning] read 7a5fe837-eec1-406c-9cad-07cb3841c99f (length 25655 - align length 73) has no trained error model
[2025-07-09 17:09:26.436] [jointLog] [warning] read 7a5fe837-eec1-406c-9cad-07cb3841c99f (length 25655) has no trained clipping model
[2025-07-09 17:09:26.436] [jointLog] [warning] read 7a5fe837-eec1-406c-9cad-07cb3841c99f (length 25655) has no trained clipping model
[2025-07-09 17:09:26.436] [jointLog] [warning] read 50ab9e59-6a6c-496f-b631-6bc48fb0b050 (length 16503 - align length 1162) has no trained error model
[2025-07-09 17:09:26.436] [jointLog] [warning] read 50ab9e59-6a6c-496f-b631-6bc48fb0b050 (length 16503) has no trained clipping model
[2025-07-09 17:09:26.436] [jointLog] [warning] read 50ab9e59-6a6c-496f-b631-6bc48fb0b050 (length 16503) has no trained clipping model
[2025-07-09 17:09:26.436] [jointLog] [warning] read 0aa489d7-30b1-47c6-afaa-712997d1433f (length 19625 - align length 1242) has no trained error model
[2025-07-09 17:09:26.436] [jointLog] [warning] read 0aa489d7-30b1-47c6-afaa-712997d1433f (length 19625) has no trained clipping model
[2025-07-09 17:09:26.436] [jointLog] [warning] read 0aa489d7-30b1-47c6-afaa-712997d1433f (length 19625) has no trained clipping model
[2025-07-09 17:09:26.436] [jointLog] [warning] read 7e18421c-da18-4bc0-888f-f042c2a50983 (length 25185 - align length 1046) has no trained error model
[2025-07-09 17:09:26.436] [jointLog] [warning] read 7e18421c-da18-4bc0-888f-f042c2a50983 (length 25185) has no trained clipping model
[2025-07-09 17:09:26.436] [jointLog] [warning] read 7e18421c-da18-4bc0-888f-f042c2a50983 (length 25185) has no trained clipping model
[2025-07-09 17:09:26.436] [jointLog] [warning] read 45e3c24d-24da-4c9d-b906-a0adc3c0b282 (length 199565 - align length 1057) has no trained error model
[2025-07-09 17:09:26.436] [jointLog] [warning] read 45e3c24d-24da-4c9d-b906-a0adc3c0b282 (length 199565) has no trained clipping model
[2025-07-09 17:09:26.436] [jointLog] [warning] read 45e3c24d-24da-4c9d-b906-a0adc3c0b282 (length 199565) has no trained clipping model
[2025-07-09 17:09:26.436] [jointLog] [warning] read 3016c37d-2402-43d7-99e0-dc9c8f84dc75 (length 24615 - align length 364) has no trained error model
[2025-07-09 17:09:26.436] [jointLog] [warning] read 3016c37d-2402-43d7-99e0-dc9c8f84dc75 (length 24615) has no trained clipping model
[2025-07-09 17:09:26.436] [jointLog] [warning] read 3016c37d-2402-43d7-99e0-dc9c8f84dc75 (length 24615) has no trained clipping model
[2025-07-09 17:09:26.436] [jointLog] [warning] read de576024-959f-4732-90a5-11ce7c3c4a83 (length 91126 - align length 819) has no trained error model
[2025-07-09 17:09:26.436] [jointLog] [warning] read de576024-959f-4732-90a5-11ce7c3c4a83 (length 91126) has no trained clipping model
[2025-07-09 17:09:26.436] [jointLog] [warning] read de576024-959f-4732-90a5-11ce7c3c4a83 (length 91126) has no trained clipping model
[2025-07-09 17:09:26.436] [jointLog] [warning] read a15deeef-105b-415a-88d5-b9d63231dcd8 (length 14313 - align length 14276) has no trained error model
[2025-07-09 17:09:26.436] [jointLog] [warning] read a15deeef-105b-415a-88d5-b9d63231dcd8 (length 14313) has no trained clipping model
[2025-07-09 17:09:26.436] [jointLog] [warning] read a15deeef-105b-415a-88d5-b9d63231dcd8 (length 14313) has no trained clipping model
[2025-07-09 17:09:26.436] [jointLog] [warning] read d3d34200-7809-452b-95b2-7bda57fd49b5 (length 119278 - align length 591) has no trained error model
[2025-07-09 17:09:26.436] [jointLog] [warning] read d3d34200-7809-452b-95b2-7bda57fd49b5 (length 119278) has no trained clipping model
[2025-07-09 17:09:26.436] [jointLog] [warning] read d3d34200-7809-452b-95b2-7bda57fd49b5 (length 119278) has no trained clipping model
[2025-07-09 17:09:26.436] [jointLog] [warning] read 2967ca26-d05a-468e-a5ad-805517b5ca5c (length 17275 - align length 88) has no trained error model
[2025-07-09 17:09:26.436] [jointLog] [warning] read 2967ca26-d05a-468e-a5ad-805517b5ca5c (length 17275) has no trained clipping model
[2025-07-09 17:09:26.436] [jointLog] [warning] read 2967ca26-d05a-468e-a5ad-805517b5ca5c (length 17275) has no trained clipping model
[2025-07-09 17:09:26.436] [jointLog] [warning] read d1dd581b-c91f-4ffa-accf-ef334c791980 (length 55309 - align length 560) has no trained error model
[2025-07-09 17:09:26.436] [jointLog] [warning] read d1dd581b-c91f-4ffa-accf-ef334c791980 (length 55309) has no trained clipping model
[2025-07-09 17:09:26.436] [jointLog] [warning] read d1dd581b-c91f-4ffa-accf-ef334c791980 (length 55309) has no trained clipping model
[2025-07-09 17:09:26.436] [jointLog] [warning] read c206e994-3fbd-4a64-b6de-d09783938d2e (length 90584 - align length 268) has no trained error model
[2025-07-09 17:09:26.436] [jointLog] [warning] read c206e994-3fbd-4a64-b6de-d09783938d2e (length 90584) has no trained clipping model
[2025-07-09 17:09:26.436] [jointLog] [warning] read c206e994-3fbd-4a64-b6de-d09783938d2e (length 90584) has no trained clipping model
[2025-07-09 17:09:26.436] [jointLog] [warning] read efbcca13-5428-4874-897e-33b5b45f079d (length 122550 - align length 2745) has no trained error model
[2025-07-09 17:09:26.436] [jointLog] [warning] read efbcca13-5428-4874-897e-33b5b45f079d (length 122550) has no trained clipping model
[2025-07-09 17:09:26.436] [jointLog] [warning] read efbcca13-5428-4874-897e-33b5b45f079d (length 122550) has no trained clipping model
[2025-07-09 17:09:26.436] [jointLog] [warning] read d56a63d6-a361-4a9f-b1c7-3f079261c033 (length 94373 - align length 253) has no trained error model
[2025-07-09 17:09:26.436] [jointLog] [warning] read d56a63d6-a361-4a9f-b1c7-3f079261c033 (length 94373) has no trained clipping model
[2025-07-09 17:09:26.436] [jointLog] [warning] read d56a63d6-a361-4a9f-b1c7-3f079261c033 (length 94373) has no trained clipping model
[2025-07-09 17:09:26.436] [jointLog] [warning] read 545b8a46-df89-45d4-bf14-e84c80efd577 (length 16163 - align length 658) has no trained error model
[2025-07-09 17:09:26.436] [jointLog] [warning] read 545b8a46-df89-45d4-bf14-e84c80efd577 (length 16163) has no trained clipping model
[2025-07-09 17:09:26.436] [jointLog] [warning] read 545b8a46-df89-45d4-bf14-e84c80efd577 (length 16163) has no trained clipping model
[2025-07-09 17:09:26.436] [jointLog] [warning] read d296ed5c-3bd5-441f-b404-e9436f0d69ec (length 39712 - align length 54) has no trained error model
[2025-07-09 17:09:26.436] [jointLog] [warning] read d296ed5c-3bd5-441f-b404-e9436f0d69ec (length 39712) has no trained clipping model
[2025-07-09 17:09:26.436] [jointLog] [warning] read d296ed5c-3bd5-441f-b404-e9436f0d69ec (length 39712) has no trained clipping model
[2025-07-09 17:09:26.436] [jointLog] [warning] read 43757377-41d8-4c1f-aafe-507c6dc3f5dc (length 12110 - align length 4517) has no trained error model
[2025-07-09 17:09:26.436] [jointLog] [warning] read 43757377-41d8-4c1f-aafe-507c6dc3f5dc (length 12110) has no trained clipping model
[2025-07-09 17:09:26.436] [jointLog] [warning] read 43757377-41d8-4c1f-aafe-507c6dc3f5dc (length 12110) has no trained clipping model
[2025-07-09 17:09:26.436] [jointLog] [warning] read fd08bf6b-5a8d-417e-a4c3-b32008c72d23 (length 17127 - align length 56) has no trained error model
[2025-07-09 17:09:26.436] [jointLog] [warning] read fd08bf6b-5a8d-417e-a4c3-b32008c72d23 (length 17127) has no trained clipping model
[2025-07-09 17:09:26.436] [jointLog] [warning] read fd08bf6b-5a8d-417e-a4c3-b32008c72d23 (length 17127) has no trained clipping model
[2025-07-09 17:09:26.436] [jointLog] [warning] read dc0448e5-7f70-4003-9094-e643ba6a4c6c (length 55222 - align length 498) has no trained error model
[2025-07-09 17:09:26.436] [jointLog] [warning] read dc0448e5-7f70-4003-9094-e643ba6a4c6c (length 55222) has no trained clipping model
[2025-07-09 17:09:26.436] [jointLog] [warning] read dc0448e5-7f70-4003-9094-e643ba6a4c6c (length 55222) has no trained clipping model
[2025-07-09 17:09:26.436] [jointLog] [warning] read 776beed3-c01f-47f6-a4ad-c54eb8db10f8 (length 16347 - align length 868) has no trained error model
[2025-07-09 17:09:26.436] [jointLog] [warning] read 776beed3-c01f-47f6-a4ad-c54eb8db10f8 (length 16347) has no trained clipping model
[2025-07-09 17:09:26.436] [jointLog] [warning] read 776beed3-c01f-47f6-a4ad-c54eb8db10f8 (length 16347) has no trained clipping model
[2025-07-09 17:09:26.436] [jointLog] [warning] read a38b0a60-92e0-4fd8-9009-4d3771da21bc (length 17913 - align length 339) has no trained error model
[2025-07-09 17:09:26.436] [jointLog] [warning] read a38b0a60-92e0-4fd8-9009-4d3771da21bc (length 17913) has no trained clipping model
[2025-07-09 17:09:26.436] [jointLog] [warning] read a38b0a60-92e0-4fd8-9009-4d3771da21bc (length 17913) has no trained clipping model
[2025-07-09 17:09:26.436] [jointLog] [warning] read 9ee8cd7b-94f9-4e23-a0c0-e50b2bc23935 (length 45112 - align length 749) has no trained error model
[2025-07-09 17:09:26.436] [jointLog] [warning] read 9ee8cd7b-94f9-4e23-a0c0-e50b2bc23935 (length 45112) has no trained clipping model
[2025-07-09 17:09:26.436] [jointLog] [warning] read 9ee8cd7b-94f9-4e23-a0c0-e50b2bc23935 (length 45112) has no trained clipping model
[2025-07-09 17:09:26.436] [jointLog] [warning] read 95571b8e-c2df-4027-ab41-9805187b3516 (length 58366 - align length 157) has no trained error model
[2025-07-09 17:09:26.436] [jointLog] [warning] read 95571b8e-c2df-4027-ab41-9805187b3516 (length 58366) has no trained clipping model
[2025-07-09 17:09:26.436] [jointLog] [warning] read 95571b8e-c2df-4027-ab41-9805187b3516 (length 58366) has no trained clipping model
[2025-07-09 17:09:26.436] [jointLog] [warning] read afe99744-3357-4988-9f68-5d2df79f4932 (length 17385 - align length 2811) has no trained error model
[2025-07-09 17:09:26.436] [jointLog] [warning] read afe99744-3357-4988-9f68-5d2df79f4932 (length 17385) has no trained clipping model
[2025-07-09 17:09:26.436] [jointLog] [warning] read afe99744-3357-4988-9f68-5d2df79f4932 (length 17385) has no trained clipping model
[2025-07-09 17:09:26.436] [jointLog] [warning] read 5ed97b82-5438-414d-96a0-a68f62e491b5 (length 44375 - align length 127) has no trained error model
[2025-07-09 17:09:26.436] [jointLog] [warning] read 5ed97b82-5438-414d-96a0-a68f62e491b5 (length 44375) has no trained clipping model
[2025-07-09 17:09:26.436] [jointLog] [warning] read 5ed97b82-5438-414d-96a0-a68f62e491b5 (length 44375) has no trained clipping model
[2025-07-09 17:09:26.436] [jointLog] [warning] read 48e9f8ce-44a6-4099-a6dd-d8070a106fb3 (length 13442 - align length 136) has no trained error model
[2025-07-09 17:09:26.436] [jointLog] [warning] read 48e9f8ce-44a6-4099-a6dd-d8070a106fb3 (length 13442) has no trained clipping model
[2025-07-09 17:09:26.436] [jointLog] [warning] read 48e9f8ce-44a6-4099-a6dd-d8070a106fb3 (length 13442) has no trained clipping model
[2025-07-09 17:09:26.436] [jointLog] [warning] read 00e2da86-5a9e-4f1e-afea-43c60af66019 (length 137502 - align length 128) has no trained error model
[2025-07-09 17:09:26.436] [jointLog] [warning] read 00e2da86-5a9e-4f1e-afea-43c60af66019 (length 137502) has no trained clipping model
[2025-07-09 17:09:26.436] [jointLog] [warning] read 00e2da86-5a9e-4f1e-afea-43c60af66019 (length 137502) has no trained clipping model
[2025-07-09 17:09:26.436] [jointLog] [warning] read 669604cd-516c-4597-a930-b36be3dadf76 (length 13087 - align length 1779) has no trained error model
[2025-07-09 17:09:26.436] [jointLog] [warning] read 669604cd-516c-4597-a930-b36be3dadf76 (length 13087) has no trained clipping model
[2025-07-09 17:09:26.436] [jointLog] [warning] read 669604cd-516c-4597-a930-b36be3dadf76 (length 13087) has no trained clipping model
[2025-07-09 17:09:26.436] [jointLog] [warning] read b701e41a-df44-4b65-a4a7-af1e2ee6c004 (length 17068 - align length 1239) has no trained error model
[2025-07-09 17:09:26.436] [jointLog] [warning] read b701e41a-df44-4b65-a4a7-af1e2ee6c004 (length 17068) has no trained clipping model
[2025-07-09 17:09:26.436] [jointLog] [warning] read b701e41a-df44-4b65-a4a7-af1e2ee6c004 (length 17068) has no trained clipping model
[2025-07-09 17:09:26.436] [jointLog] [warning] read 45f6fba1-9603-43fe-95ec-de6931daaa16 (length 25877 - align length 2107) has no trained error model
[2025-07-09 17:09:26.436] [jointLog] [warning] read 45f6fba1-9603-43fe-95ec-de6931daaa16 (length 25877) has no trained clipping model
[2025-07-09 17:09:26.436] [jointLog] [warning] read 45f6fba1-9603-43fe-95ec-de6931daaa16 (length 25877) has no trained clipping model
[2025-07-09 17:09:26.436] [jointLog] [warning] read 068fb5e9-19a9-420d-adb6-26c1e119f4fc (length 19822 - align length 514) has no trained error model
[2025-07-09 17:09:26.436] [jointLog] [warning] read 068fb5e9-19a9-420d-adb6-26c1e119f4fc (length 19822) has no trained clipping model
[2025-07-09 17:09:26.436] [jointLog] [warning] read 068fb5e9-19a9-420d-adb6-26c1e119f4fc (length 19822) has no trained clipping model
[2025-07-09 17:09:26.437] [jointLog] [warning] read 1385a73d-e1b9-4007-94d9-204724a2b302 (length 56054 - align length 1076) has no trained error model
[2025-07-09 17:09:26.437] [jointLog] [warning] read 1385a73d-e1b9-4007-94d9-204724a2b302 (length 56054) has no trained clipping model
[2025-07-09 17:09:26.437] [jointLog] [warning] read 1385a73d-e1b9-4007-94d9-204724a2b302 (length 56054) has no trained clipping model
[2025-07-09 17:09:26.437] [jointLog] [warning] read 69cfdfb6-aba0-4475-87a5-556d7abddd86 (length 27487 - align length 1004) has no trained error model
[2025-07-09 17:09:26.437] [jointLog] [warning] read 69cfdfb6-aba0-4475-87a5-556d7abddd86 (length 27487) has no trained clipping model
[2025-07-09 17:09:26.437] [jointLog] [warning] read 69cfdfb6-aba0-4475-87a5-556d7abddd86 (length 27487) has no trained clipping model
[2025-07-09 17:09:26.437] [jointLog] [warning] read 74793267-2aa8-46bb-a4ba-171e6eb91d5c (length 31489 - align length 2634) has no trained error model
[2025-07-09 17:09:26.437] [jointLog] [warning] read 74793267-2aa8-46bb-a4ba-171e6eb91d5c (length 31489) has no trained clipping model
[2025-07-09 17:09:26.437] [jointLog] [warning] read 74793267-2aa8-46bb-a4ba-171e6eb91d5c (length 31489) has no trained clipping model
[2025-07-09 17:09:26.437] [jointLog] [warning] read 671a7e95-f5f4-4d20-a572-9f7d535fcb06 (length 48488 - align length 1351) has no trained error model
[2025-07-09 17:09:26.437] [jointLog] [warning] read 671a7e95-f5f4-4d20-a572-9f7d535fcb06 (length 48488) has no trained clipping model
[2025-07-09 17:09:26.437] [jointLog] [warning] read 671a7e95-f5f4-4d20-a572-9f7d535fcb06 (length 48488) has no trained clipping model
[2025-07-09 17:09:26.437] [jointLog] [warning] read 8c6818f5-123f-4e7e-8c07-d37492e424f5 (length 248690 - align length 3100) has no trained error model
[2025-07-09 17:09:26.437] [jointLog] [warning] read 8c6818f5-123f-4e7e-8c07-d37492e424f5 (length 248690) has no trained clipping model
[2025-07-09 17:09:26.437] [jointLog] [warning] read 8c6818f5-123f-4e7e-8c07-d37492e424f5 (length 248690) has no trained clipping model
[2025-07-09 17:09:26.437] [jointLog] [warning] read e9f53ebc-7562-449a-9d06-f8185da11418 (length 17835 - align length 2170) has no trained error model
[2025-07-09 17:09:26.437] [jointLog] [warning] read e9f53ebc-7562-449a-9d06-f8185da11418 (length 17835) has no trained clipping model
[2025-07-09 17:09:26.437] [jointLog] [warning] read e9f53ebc-7562-449a-9d06-f8185da11418 (length 17835) has no trained clipping model
[2025-07-09 17:09:26.437] [jointLog] [warning] read 4f3c2e8b-c288-492c-b6db-ac2415a4af55 (length 152347 - align length 309) has no trained error model
[2025-07-09 17:09:26.437] [jointLog] [warning] read 4f3c2e8b-c288-492c-b6db-ac2415a4af55 (length 152347) has no trained clipping model
[2025-07-09 17:09:26.437] [jointLog] [warning] read 4f3c2e8b-c288-492c-b6db-ac2415a4af55 (length 152347) has no trained clipping model
[2025-07-09 17:09:26.437] [jointLog] [warning] read 2c0e41e9-8761-4e20-865e-07f8db353b1b (length 23476 - align length 61) has no trained error model
[2025-07-09 17:09:26.437] [jointLog] [warning] read 2c0e41e9-8761-4e20-865e-07f8db353b1b (length 23476) has no trained clipping model
[2025-07-09 17:09:26.437] [jointLog] [warning] read 2c0e41e9-8761-4e20-865e-07f8db353b1b (length 23476) has no trained clipping model
[2025-07-09 17:09:26.437] [jointLog] [warning] read a57557f3-631d-4cca-a970-52d0be79efb8 (length 16009 - align length 2390) has no trained error model
[2025-07-09 17:09:26.437] [jointLog] [warning] read a57557f3-631d-4cca-a970-52d0be79efb8 (length 16009) has no trained clipping model
[2025-07-09 17:09:26.437] [jointLog] [warning] read a57557f3-631d-4cca-a970-52d0be79efb8 (length 16009) has no trained clipping model
[2025-07-09 17:09:26.437] [jointLog] [warning] read d392d965-d644-49cf-a01a-304871ce7049 (length 142649 - align length 2239) has no trained error model
[2025-07-09 17:09:26.437] [jointLog] [warning] read d392d965-d644-49cf-a01a-304871ce7049 (length 142649) has no trained clipping model
[2025-07-09 17:09:26.437] [jointLog] [warning] read d392d965-d644-49cf-a01a-304871ce7049 (length 142649) has no trained clipping model
[2025-07-09 17:09:26.437] [jointLog] [warning] read 034695e9-efd9-498a-b4c5-9a78e90bbb69 (length 24398 - align length 296) has no trained error model
[2025-07-09 17:09:26.437] [jointLog] [warning] read 034695e9-efd9-498a-b4c5-9a78e90bbb69 (length 24398) has no trained clipping model
[2025-07-09 17:09:26.437] [jointLog] [warning] read 034695e9-efd9-498a-b4c5-9a78e90bbb69 (length 24398) has no trained clipping model
[2025-07-09 17:09:26.437] [jointLog] [warning] read b8df9d4d-8730-4812-9313-39fb405f3e0c (length 136994 - align length 708) has no trained error model
[2025-07-09 17:09:26.437] [jointLog] [warning] read b8df9d4d-8730-4812-9313-39fb405f3e0c (length 136994) has no trained clipping model
[2025-07-09 17:09:26.437] [jointLog] [warning] read b8df9d4d-8730-4812-9313-39fb405f3e0c (length 136994) has no trained clipping model
[2025-07-09 17:09:26.437] [jointLog] [warning] read 4e492a32-aff0-4daf-980d-91b09e99ffb2 (length 17265 - align length 253) has no trained error model
[2025-07-09 17:09:26.437] [jointLog] [warning] read 4e492a32-aff0-4daf-980d-91b09e99ffb2 (length 17265) has no trained clipping model
[2025-07-09 17:09:26.437] [jointLog] [warning] read 4e492a32-aff0-4daf-980d-91b09e99ffb2 (length 17265) has no trained clipping model
[2025-07-09 17:09:26.437] [jointLog] [warning] read 317ebf67-f1e9-49c4-96e3-baa68e1ccf11 (length 17282 - align length 1179) has no trained error model
[2025-07-09 17:09:26.437] [jointLog] [warning] read 317ebf67-f1e9-49c4-96e3-baa68e1ccf11 (length 17282) has no trained clipping model
[2025-07-09 17:09:26.437] [jointLog] [warning] read 317ebf67-f1e9-49c4-96e3-baa68e1ccf11 (length 17282) has no trained clipping model
[2025-07-09 17:09:26.437] [jointLog] [warning] read 525aa3dd-31d4-4d2b-b83c-3c745278d7c8 (length 15980 - align length 15922) has no trained error model
[2025-07-09 17:09:26.437] [jointLog] [warning] read 525aa3dd-31d4-4d2b-b83c-3c745278d7c8 (length 15980) has no trained clipping model
[2025-07-09 17:09:26.437] [jointLog] [warning] read 525aa3dd-31d4-4d2b-b83c-3c745278d7c8 (length 15980) has no trained clipping model
[2025-07-09 17:09:26.437] [jointLog] [warning] read 275d0e52-61aa-4bae-8e77-5f60599aa856 (length 18718 - align length 424) has no trained error model
[2025-07-09 17:09:26.437] [jointLog] [warning] read 275d0e52-61aa-4bae-8e77-5f60599aa856 (length 18718) has no trained clipping model
[2025-07-09 17:09:26.437] [jointLog] [warning] read 275d0e52-61aa-4bae-8e77-5f60599aa856 (length 18718) has no trained clipping model
[2025-07-09 17:09:26.437] [jointLog] [warning] read 79dc28aa-c0b4-44ee-bd58-237c65aca57d (length 390085 - align length 121) has no trained error model
[2025-07-09 17:09:26.437] [jointLog] [warning] read 79dc28aa-c0b4-44ee-bd58-237c65aca57d (length 390085) has no trained clipping model
[2025-07-09 17:09:26.437] [jointLog] [warning] read 79dc28aa-c0b4-44ee-bd58-237c65aca57d (length 390085) has no trained clipping model
[2025-07-09 17:09:26.437] [jointLog] [warning] read c945440e-493c-4826-9d7a-b0fc2f1b162b (length 52628 - align length 1163) has no trained error model
[2025-07-09 17:09:26.437] [jointLog] [warning] read c945440e-493c-4826-9d7a-b0fc2f1b162b (length 52628) has no trained clipping model
[2025-07-09 17:09:26.437] [jointLog] [warning] read c945440e-493c-4826-9d7a-b0fc2f1b162b (length 52628) has no trained clipping model
[2025-07-09 17:09:26.437] [jointLog] [warning] read c315b999-ca03-4d6b-a0a2-cf1a07d7f74e (length 15580 - align length 1400) has no trained error model
[2025-07-09 17:09:26.437] [jointLog] [warning] read c315b999-ca03-4d6b-a0a2-cf1a07d7f74e (length 15580) has no trained clipping model
[2025-07-09 17:09:26.437] [jointLog] [warning] read c315b999-ca03-4d6b-a0a2-cf1a07d7f74e (length 15580) has no trained clipping model
[2025-07-09 17:09:26.437] [jointLog] [warning] read 1efe64ef-9039-439b-b228-8d2531b76a24 (length 36501 - align length 1593) has no trained error model
[2025-07-09 17:09:26.437] [jointLog] [warning] read 1efe64ef-9039-439b-b228-8d2531b76a24 (length 36501) has no trained clipping model
[2025-07-09 17:09:26.437] [jointLog] [warning] read 1efe64ef-9039-439b-b228-8d2531b76a24 (length 36501) has no trained clipping model
[2025-07-09 17:09:26.437] [jointLog] [warning] read 24639ebd-8478-40fa-89cc-7161db64e2f1 (length 48281 - align length 302) has no trained error model
[2025-07-09 17:09:26.437] [jointLog] [warning] read 24639ebd-8478-40fa-89cc-7161db64e2f1 (length 48281) has no trained clipping model
[2025-07-09 17:09:26.437] [jointLog] [warning] read 24639ebd-8478-40fa-89cc-7161db64e2f1 (length 48281) has no trained clipping model
[2025-07-09 17:09:26.437] [jointLog] [warning] read 95d3968f-ed55-456f-a358-e452f7b65e58 (length 14818 - align length 14769) has no trained error model
[2025-07-09 17:09:26.437] [jointLog] [warning] read 95d3968f-ed55-456f-a358-e452f7b65e58 (length 14818) has no trained clipping model
[2025-07-09 17:09:26.437] [jointLog] [warning] read 95d3968f-ed55-456f-a358-e452f7b65e58 (length 14818) has no trained clipping model
[2025-07-09 17:09:26.437] [jointLog] [warning] read 041afefe-4107-4611-8437-e7166fede733 (length 19020 - align length 423) has no trained error model
[2025-07-09 17:09:26.437] [jointLog] [warning] read 041afefe-4107-4611-8437-e7166fede733 (length 19020) has no trained clipping model
[2025-07-09 17:09:26.437] [jointLog] [warning] read 041afefe-4107-4611-8437-e7166fede733 (length 19020) has no trained clipping model
[2025-07-09 17:09:26.437] [jointLog] [warning] read 8dc56795-1b96-4df2-9ed2-135a54317c6a (length 13064 - align length 581) has no trained error model
[2025-07-09 17:09:26.437] [jointLog] [warning] read 8dc56795-1b96-4df2-9ed2-135a54317c6a (length 13064) has no trained clipping model
[2025-07-09 17:09:26.437] [jointLog] [warning] read 8dc56795-1b96-4df2-9ed2-135a54317c6a (length 13064) has no trained clipping model
[2025-07-09 17:09:26.437] [jointLog] [warning] read 6397ed37-19f5-43b0-9559-422ed692b6b8 (length 42376 - align length 193) has no trained error model
[2025-07-09 17:09:26.437] [jointLog] [warning] read 6397ed37-19f5-43b0-9559-422ed692b6b8 (length 42376) has no trained clipping model
[2025-07-09 17:09:26.437] [jointLog] [warning] read 6397ed37-19f5-43b0-9559-422ed692b6b8 (length 42376) has no trained clipping model
[2025-07-09 17:09:26.437] [jointLog] [warning] read 191efc31-30bf-4221-98e8-eb656459f91b (length 18704 - align length 379) has no trained error model
[2025-07-09 17:09:26.437] [jointLog] [warning] read 191efc31-30bf-4221-98e8-eb656459f91b (length 18704) has no trained clipping model
[2025-07-09 17:09:26.437] [jointLog] [warning] read 191efc31-30bf-4221-98e8-eb656459f91b (length 18704) has no trained clipping model
[2025-07-09 17:09:26.437] [jointLog] [warning] read 96c54ff0-4bbc-4334-b0bd-793cc793e959 (length 34565 - align length 667) has no trained error model
[2025-07-09 17:09:26.437] [jointLog] [warning] read 96c54ff0-4bbc-4334-b0bd-793cc793e959 (length 34565) has no trained clipping model
[2025-07-09 17:09:26.437] [jointLog] [warning] read 96c54ff0-4bbc-4334-b0bd-793cc793e959 (length 34565) has no trained clipping model
[2025-07-09 17:09:26.437] [jointLog] [warning] read 07a4ea8e-94e0-4c83-aa7a-bbabd85f4b17 (length 53084 - align length 1467) has no trained error model
[2025-07-09 17:09:26.437] [jointLog] [warning] read 07a4ea8e-94e0-4c83-aa7a-bbabd85f4b17 (length 53084) has no trained clipping model
[2025-07-09 17:09:26.437] [jointLog] [warning] read 07a4ea8e-94e0-4c83-aa7a-bbabd85f4b17 (length 53084) has no trained clipping model
[2025-07-09 17:09:26.437] [jointLog] [warning] read 83cf1d27-6360-4078-a690-78e1c0394293 (length 28311 - align length 51) has no trained error model
[2025-07-09 17:09:26.437] [jointLog] [warning] read 83cf1d27-6360-4078-a690-78e1c0394293 (length 28311) has no trained clipping model
[2025-07-09 17:09:26.437] [jointLog] [warning] read 83cf1d27-6360-4078-a690-78e1c0394293 (length 28311) has no trained clipping model
[2025-07-09 17:09:26.437] [jointLog] [warning] read 85c44784-45bc-4598-869d-b23c6a0bb239 (length 14019 - align length 56) has no trained error model
[2025-07-09 17:09:26.437] [jointLog] [warning] read 85c44784-45bc-4598-869d-b23c6a0bb239 (length 14019) has no trained clipping model
[2025-07-09 17:09:26.437] [jointLog] [warning] read 85c44784-45bc-4598-869d-b23c6a0bb239 (length 14019) has no trained clipping model
[2025-07-09 17:09:26.437] [jointLog] [warning] read 5cd985e1-1c98-4787-a797-dffdebd8d539 (length 15925 - align length 669) has no trained error model
[2025-07-09 17:09:26.437] [jointLog] [warning] read 5cd985e1-1c98-4787-a797-dffdebd8d539 (length 15925) has no trained clipping model
[2025-07-09 17:09:26.437] [jointLog] [warning] read 5cd985e1-1c98-4787-a797-dffdebd8d539 (length 15925) has no trained clipping model
[2025-07-09 17:09:26.438] [jointLog] [warning] read c36eefcb-c7ca-44e8-967f-95d70ad0acf2 (length 14895 - align length 14849) has no trained error model
[2025-07-09 17:09:26.438] [jointLog] [warning] read c36eefcb-c7ca-44e8-967f-95d70ad0acf2 (length 14895) has no trained clipping model
[2025-07-09 17:09:26.438] [jointLog] [warning] read c36eefcb-c7ca-44e8-967f-95d70ad0acf2 (length 14895) has no trained clipping model
[2025-07-09 17:09:26.438] [jointLog] [warning] read c7a124a2-e06e-4921-941d-a0f031320d68 (length 16598 - align length 1155) has no trained error model
[2025-07-09 17:09:26.438] [jointLog] [warning] read c7a124a2-e06e-4921-941d-a0f031320d68 (length 16598) has no trained clipping model
[2025-07-09 17:09:26.438] [jointLog] [warning] read c7a124a2-e06e-4921-941d-a0f031320d68 (length 16598) has no trained clipping model
[2025-07-09 17:09:26.438] [jointLog] [warning] read 5ba2cbed-01ba-4959-a620-971b0d72b031 (length 13734 - align length 558) has no trained error model
[2025-07-09 17:09:26.438] [jointLog] [warning] read 5ba2cbed-01ba-4959-a620-971b0d72b031 (length 13734) has no trained clipping model
[2025-07-09 17:09:26.438] [jointLog] [warning] read 5ba2cbed-01ba-4959-a620-971b0d72b031 (length 13734) has no trained clipping model
[2025-07-09 17:09:26.438] [jointLog] [warning] read c9e6f3d4-0a74-48d4-9d80-5ff0ce6ec7e5 (length 21491 - align length 642) has no trained error model
[2025-07-09 17:09:26.438] [jointLog] [warning] read c9e6f3d4-0a74-48d4-9d80-5ff0ce6ec7e5 (length 21491) has no trained clipping model
[2025-07-09 17:09:26.438] [jointLog] [warning] read c9e6f3d4-0a74-48d4-9d80-5ff0ce6ec7e5 (length 21491) has no trained clipping model
[2025-07-09 17:09:26.438] [jointLog] [warning] read c5de4f8e-282e-47a7-ac2b-f5fe207155c6 (length 267680 - align length 1913) has no trained error model
[2025-07-09 17:09:26.438] [jointLog] [warning] read c5de4f8e-282e-47a7-ac2b-f5fe207155c6 (length 267680) has no trained clipping model
[2025-07-09 17:09:26.438] [jointLog] [warning] read c5de4f8e-282e-47a7-ac2b-f5fe207155c6 (length 267680) has no trained clipping model
[2025-07-09 17:09:26.438] [jointLog] [warning] read 3643d88e-14ad-41fd-84a8-70d446b9be35 (length 14324 - align length 390) has no trained error model
[2025-07-09 17:09:26.438] [jointLog] [warning] read 3643d88e-14ad-41fd-84a8-70d446b9be35 (length 14324) has no trained clipping model
[2025-07-09 17:09:26.438] [jointLog] [warning] read 3643d88e-14ad-41fd-84a8-70d446b9be35 (length 14324) has no trained clipping model
[2025-07-09 17:09:26.438] [jointLog] [warning] read 5e061070-9c9f-47fe-bfb6-c474b5422d66 (length 22820 - align length 1320) has no trained error model
[2025-07-09 17:09:26.438] [jointLog] [warning] read 5e061070-9c9f-47fe-bfb6-c474b5422d66 (length 22820) has no trained clipping model
[2025-07-09 17:09:26.438] [jointLog] [warning] read 5e061070-9c9f-47fe-bfb6-c474b5422d66 (length 22820) has no trained clipping model
[2025-07-09 17:09:26.438] [jointLog] [warning] read c617c2e9-953d-44b7-ba28-d9aaf3565cb8 (length 57356 - align length 1335) has no trained error model
[2025-07-09 17:09:26.438] [jointLog] [warning] read c617c2e9-953d-44b7-ba28-d9aaf3565cb8 (length 57356) has no trained clipping model
[2025-07-09 17:09:26.438] [jointLog] [warning] read c617c2e9-953d-44b7-ba28-d9aaf3565cb8 (length 57356) has no trained clipping model
[2025-07-09 17:09:26.438] [jointLog] [warning] read 41a81406-a8b0-4a21-8112-6ba05d7be7aa (length 63714 - align length 780) has no trained error model
[2025-07-09 17:09:26.438] [jointLog] [warning] read 41a81406-a8b0-4a21-8112-6ba05d7be7aa (length 63714) has no trained clipping model
[2025-07-09 17:09:26.438] [jointLog] [warning] read 41a81406-a8b0-4a21-8112-6ba05d7be7aa (length 63714) has no trained clipping model
[2025-07-09 17:09:26.438] [jointLog] [warning] read d8ba03bb-c8eb-490e-a158-04b75881a45c (length 34960 - align length 464) has no trained error model
[2025-07-09 17:09:26.438] [jointLog] [warning] read d8ba03bb-c8eb-490e-a158-04b75881a45c (length 34960) has no trained clipping model
[2025-07-09 17:09:26.438] [jointLog] [warning] read d8ba03bb-c8eb-490e-a158-04b75881a45c (length 34960) has no trained clipping model
[2025-07-09 17:09:26.438] [jointLog] [warning] read 2418775b-470f-465b-8820-a20e0ac80a64 (length 20783 - align length 1217) has no trained error model
[2025-07-09 17:09:26.438] [jointLog] [warning] read 2418775b-470f-465b-8820-a20e0ac80a64 (length 20783) has no trained clipping model
[2025-07-09 17:09:26.438] [jointLog] [warning] read 2418775b-470f-465b-8820-a20e0ac80a64 (length 20783) has no trained clipping model
[2025-07-09 17:09:26.438] [jointLog] [warning] read b4345ef0-40d4-4ecb-86b8-652921b3ee4b (length 13632 - align length 13550) has no trained error model
[2025-07-09 17:09:26.438] [jointLog] [warning] read b4345ef0-40d4-4ecb-86b8-652921b3ee4b (length 13632) has no trained clipping model
[2025-07-09 17:09:26.438] [jointLog] [warning] read b4345ef0-40d4-4ecb-86b8-652921b3ee4b (length 13632) has no trained clipping model
[2025-07-09 17:09:26.438] [jointLog] [warning] read ac0632ab-274d-4f2b-a481-a1c9af0ec95b (length 15708 - align length 15671) has no trained error model
[2025-07-09 17:09:26.438] [jointLog] [warning] read ac0632ab-274d-4f2b-a481-a1c9af0ec95b (length 15708) has no trained clipping model
[2025-07-09 17:09:26.438] [jointLog] [warning] read ac0632ab-274d-4f2b-a481-a1c9af0ec95b (length 15708) has no trained clipping model
[2025-07-09 17:09:26.438] [jointLog] [warning] read 7eb47257-f3fb-49f2-b5ac-f8bb894b6cbf (length 16178 - align length 1965) has no trained error model
[2025-07-09 17:09:26.438] [jointLog] [warning] read 7eb47257-f3fb-49f2-b5ac-f8bb894b6cbf (length 16178) has no trained clipping model
[2025-07-09 17:09:26.438] [jointLog] [warning] read 7eb47257-f3fb-49f2-b5ac-f8bb894b6cbf (length 16178) has no trained clipping model
[2025-07-09 17:09:26.438] [jointLog] [warning] read d2b11f74-58e2-46ba-a480-aa6f4db5b45d (length 68185 - align length 4951) has no trained error model
[2025-07-09 17:09:26.438] [jointLog] [warning] read d2b11f74-58e2-46ba-a480-aa6f4db5b45d (length 68185) has no trained clipping model
[2025-07-09 17:09:26.438] [jointLog] [warning] read d2b11f74-58e2-46ba-a480-aa6f4db5b45d (length 68185) has no trained clipping model
[2025-07-09 17:09:26.438] [jointLog] [warning] read 6d18c618-5def-4009-9c56-a668bdfaee9b (length 18312 - align length 1209) has no trained error model
[2025-07-09 17:09:26.438] [jointLog] [warning] read 6d18c618-5def-4009-9c56-a668bdfaee9b (length 18312) has no trained clipping model
[2025-07-09 17:09:26.438] [jointLog] [warning] read 6d18c618-5def-4009-9c56-a668bdfaee9b (length 18312) has no trained clipping model
[2025-07-09 17:09:26.438] [jointLog] [warning] read 7d0091ea-1d62-4ada-aecc-a0fbd8975462 (length 25345 - align length 1240) has no trained error model
[2025-07-09 17:09:26.438] [jointLog] [warning] read 7d0091ea-1d62-4ada-aecc-a0fbd8975462 (length 25345) has no trained clipping model
[2025-07-09 17:09:26.438] [jointLog] [warning] read 7d0091ea-1d62-4ada-aecc-a0fbd8975462 (length 25345) has no trained clipping model
[2025-07-09 17:09:26.471] [jointLog] [warning] read 65e676a4-a1ad-4f89-b103-4e73225d4b31 (length 134097 - align length 88) has no trained error model
[2025-07-09 17:09:26.471] [jointLog] [warning] read 65e676a4-a1ad-4f89-b103-4e73225d4b31 (length 134097) has no trained clipping model
[2025-07-09 17:09:26.471] [jointLog] [warning] read 65e676a4-a1ad-4f89-b103-4e73225d4b31 (length 134097) has no trained clipping model
[2025-07-09 17:09:30.157] [jointLog] [warning] read 0cb748be-f97c-4a30-81f2-d9d01cc55b96 (length 13394 - align length 13285) has no trained error model
[2025-07-09 17:09:32.275] [jointLog] [warning] read da0a1ed0-6deb-4075-91d9-d5f877960b9f (length 13435 - align length 12016) has no trained error model
[2025-07-09 17:09:32.275] [jointLog] [warning] read da0a1ed0-6deb-4075-91d9-d5f877960b9f (length 13435) has no trained clipping model
[2025-07-09 17:09:32.275] [jointLog] [warning] read da0a1ed0-6deb-4075-91d9-d5f877960b9f (length 13435) has no trained clipping model
[2025-07-09 17:09:32.901] [jointLog] [warning] read 08e4dfd8-a84c-4497-85bb-8a246578781e (length 12488 - align length 12471) has no trained error model
[2025-07-09 17:09:34.192] [jointLog] [warning] read b0425182-14c5-4932-b9a3-3f01a34647c2 (length 12969 - align length 12964) has no trained error model
[2025-07-09 17:09:34.192] [jointLog] [warning] read b0425182-14c5-4932-b9a3-3f01a34647c2 (length 12969) has no trained clipping model
[2025-07-09 17:09:34.192] [jointLog] [warning] read b0425182-14c5-4932-b9a3-3f01a34647c2 (length 12969) has no trained clipping model
[2025-07-09 17:09:34.165] [fileLog] [info] quantification processed 11000000 fragments so far

[2025-07-09 17:09:38.752] [jointLog] [warning] read 41d694bc-a0cd-4795-96d8-b307b60953d6 (length 12001) has no trained clipping model
[2025-07-09 17:09:43.129] [jointLog] [warning] read ce3943f0-78e1-451f-8479-6b73efeda5ca (length 11261) has no trained clipping model
[2025-07-09 17:09:43.917] [jointLog] [warning] read 29de773a-e11e-4d4e-bb13-9722c86ffc65 (length 14896 - align length 14854) has no trained error model
[2025-07-09 17:09:43.917] [jointLog] [warning] read 29de773a-e11e-4d4e-bb13-9722c86ffc65 (length 14896) has no trained clipping model
[2025-07-09 17:09:43.917] [jointLog] [warning] read 29de773a-e11e-4d4e-bb13-9722c86ffc65 (length 14896) has no trained clipping model
[2025-07-09 17:09:43.917] [jointLog] [warning] read 48a54d78-1e85-4ac0-9518-a4ad2535553f (length 64456 - align length 816) has no trained error model
[2025-07-09 17:09:43.917] [jointLog] [warning] read 48a54d78-1e85-4ac0-9518-a4ad2535553f (length 64456) has no trained clipping model
[2025-07-09 17:09:43.917] [jointLog] [warning] read 48a54d78-1e85-4ac0-9518-a4ad2535553f (length 64456) has no trained clipping model
[2025-07-09 17:09:43.917] [jointLog] [warning] read 42d74e92-1409-4fde-8489-82584575efd9 (length 219708 - align length 122) has no trained error model
[2025-07-09 17:09:43.917] [jointLog] [warning] read 42d74e92-1409-4fde-8489-82584575efd9 (length 219708) has no trained clipping model
[2025-07-09 17:09:43.917] [jointLog] [warning] read 42d74e92-1409-4fde-8489-82584575efd9 (length 219708) has no trained clipping model
[2025-07-09 17:09:43.917] [jointLog] [warning] read 7d87b773-f671-42bd-a460-5a31ede95672 (length 15285 - align length 824) has no trained error model
[2025-07-09 17:09:43.917] [jointLog] [warning] read 7d87b773-f671-42bd-a460-5a31ede95672 (length 15285) has no trained clipping model
[2025-07-09 17:09:43.917] [jointLog] [warning] read 7d87b773-f671-42bd-a460-5a31ede95672 (length 15285) has no trained clipping model
[2025-07-09 17:09:43.917] [jointLog] [warning] read 64670601-0869-4318-b05a-45d2c27343db (length 49396 - align length 1168) has no trained error model
[2025-07-09 17:09:43.917] [jointLog] [warning] read 64670601-0869-4318-b05a-45d2c27343db (length 49396) has no trained clipping model
[2025-07-09 17:09:43.917] [jointLog] [warning] read 64670601-0869-4318-b05a-45d2c27343db (length 49396) has no trained clipping model
[2025-07-09 17:09:43.917] [jointLog] [warning] read ec2484c0-f5d5-44b2-b365-b0df3ec302de (length 51503 - align length 57) has no trained error model
[2025-07-09 17:09:43.917] [jointLog] [warning] read ec2484c0-f5d5-44b2-b365-b0df3ec302de (length 51503) has no trained clipping model
[2025-07-09 17:09:43.917] [jointLog] [warning] read ec2484c0-f5d5-44b2-b365-b0df3ec302de (length 51503) has no trained clipping model
[2025-07-09 17:09:43.917] [jointLog] [warning] read 042671c0-872c-4af8-adb2-96eddf33308f (length 29253 - align length 1811) has no trained error model
[2025-07-09 17:09:43.917] [jointLog] [warning] read 042671c0-872c-4af8-adb2-96eddf33308f (length 29253) has no trained clipping model
[2025-07-09 17:09:43.917] [jointLog] [warning] read 042671c0-872c-4af8-adb2-96eddf33308f (length 29253) has no trained clipping model
[2025-07-09 17:09:43.917] [jointLog] [warning] read 97f99383-c7b2-4968-bd7d-fe25e7a4558b (length 28524 - align length 363) has no trained error model
[2025-07-09 17:09:43.917] [jointLog] [warning] read 97f99383-c7b2-4968-bd7d-fe25e7a4558b (length 28524) has no trained clipping model
[2025-07-09 17:09:43.917] [jointLog] [warning] read 97f99383-c7b2-4968-bd7d-fe25e7a4558b (length 28524) has no trained clipping model
[2025-07-09 17:09:43.917] [jointLog] [warning] read 6894c91d-1ebd-45f3-9915-dc7e489835ac (length 15628 - align length 358) has no trained error model
[2025-07-09 17:09:43.917] [jointLog] [warning] read 6894c91d-1ebd-45f3-9915-dc7e489835ac (length 15628) has no trained clipping model
[2025-07-09 17:09:43.917] [jointLog] [warning] read 6894c91d-1ebd-45f3-9915-dc7e489835ac (length 15628) has no trained clipping model
[2025-07-09 17:09:43.917] [jointLog] [warning] read 07e78135-fb84-4853-9a62-d9c4a6a1aebf (length 25669 - align length 485) has no trained error model
[2025-07-09 17:09:43.917] [jointLog] [warning] read 07e78135-fb84-4853-9a62-d9c4a6a1aebf (length 25669) has no trained clipping model
[2025-07-09 17:09:43.917] [jointLog] [warning] read 07e78135-fb84-4853-9a62-d9c4a6a1aebf (length 25669) has no trained clipping model
[2025-07-09 17:09:43.917] [jointLog] [warning] read b76eec79-c604-4846-b4d2-64c906c357cf (length 19471 - align length 1139) has no trained error model
[2025-07-09 17:09:43.917] [jointLog] [warning] read b76eec79-c604-4846-b4d2-64c906c357cf (length 19471) has no trained clipping model
[2025-07-09 17:09:43.917] [jointLog] [warning] read b76eec79-c604-4846-b4d2-64c906c357cf (length 19471) has no trained clipping model
[2025-07-09 17:09:43.917] [jointLog] [warning] read 28b11b6f-12f9-41c3-b391-81fa59e9fcdf (length 14894 - align length 14832) has no trained error model
[2025-07-09 17:09:43.917] [jointLog] [warning] read 28b11b6f-12f9-41c3-b391-81fa59e9fcdf (length 14894) has no trained clipping model
[2025-07-09 17:09:43.917] [jointLog] [warning] read 28b11b6f-12f9-41c3-b391-81fa59e9fcdf (length 14894) has no trained clipping model
[2025-07-09 17:09:43.917] [jointLog] [warning] read 67c5dee4-356f-4c06-8e87-98aab73271ab (length 13294 - align length 13212) has no trained error model
[2025-07-09 17:09:43.917] [jointLog] [warning] read bc8d5a48-aa83-43d1-b7d3-6f97ec348263 (length 31680 - align length 318) has no trained error model
[2025-07-09 17:09:43.917] [jointLog] [warning] read bc8d5a48-aa83-43d1-b7d3-6f97ec348263 (length 31680) has no trained clipping model
[2025-07-09 17:09:43.917] [jointLog] [warning] read bc8d5a48-aa83-43d1-b7d3-6f97ec348263 (length 31680) has no trained clipping model
[2025-07-09 17:09:43.917] [jointLog] [warning] read c4332ea6-9eb2-489e-980c-578b827c5925 (length 13596 - align length 1568) has no trained error model
[2025-07-09 17:09:43.917] [jointLog] [warning] read c4332ea6-9eb2-489e-980c-578b827c5925 (length 13596) has no trained clipping model
[2025-07-09 17:09:43.917] [jointLog] [warning] read c4332ea6-9eb2-489e-980c-578b827c5925 (length 13596) has no trained clipping model
[2025-07-09 17:09:43.917] [jointLog] [warning] read 4e6e3768-ede9-4145-8c83-17243995c220 (length 17067 - align length 2666) has no trained error model
[2025-07-09 17:09:43.917] [jointLog] [warning] read 4e6e3768-ede9-4145-8c83-17243995c220 (length 17067) has no trained clipping model
[2025-07-09 17:09:43.917] [jointLog] [warning] read 4e6e3768-ede9-4145-8c83-17243995c220 (length 17067) has no trained clipping model
[2025-07-09 17:09:43.917] [jointLog] [warning] read cc0f9b33-3273-4a67-bce5-373d2f886bed (length 12755 - align length 2902) has no trained error model
[2025-07-09 17:09:43.917] [jointLog] [warning] read cc0f9b33-3273-4a67-bce5-373d2f886bed (length 12755) has no trained clipping model
[2025-07-09 17:09:43.917] [jointLog] [warning] read cc0f9b33-3273-4a67-bce5-373d2f886bed (length 12755) has no trained clipping model
[2025-07-09 17:09:43.917] [jointLog] [warning] read 54be7ccd-b7a7-4a82-aa62-7e3732f582b0 (length 89227 - align length 352) has no trained error model
[2025-07-09 17:09:43.917] [jointLog] [warning] read 54be7ccd-b7a7-4a82-aa62-7e3732f582b0 (length 89227) has no trained clipping model
[2025-07-09 17:09:43.917] [jointLog] [warning] read 54be7ccd-b7a7-4a82-aa62-7e3732f582b0 (length 89227) has no trained clipping model
[2025-07-09 17:09:43.917] [jointLog] [warning] read 83702563-36ad-472c-beba-813c13a82391 (length 12723 - align length 956) has no trained error model
[2025-07-09 17:09:43.917] [jointLog] [warning] read 83702563-36ad-472c-beba-813c13a82391 (length 12723) has no trained clipping model
[2025-07-09 17:09:43.917] [jointLog] [warning] read 83702563-36ad-472c-beba-813c13a82391 (length 12723) has no trained clipping model
[2025-07-09 17:09:43.917] [jointLog] [warning] read 7c8dca31-f58b-4fd1-a6d9-b17170bc6145 (length 47380 - align length 1585) has no trained error model
[2025-07-09 17:09:43.917] [jointLog] [warning] read 7c8dca31-f58b-4fd1-a6d9-b17170bc6145 (length 47380) has no trained clipping model
[2025-07-09 17:09:43.917] [jointLog] [warning] read 7c8dca31-f58b-4fd1-a6d9-b17170bc6145 (length 47380) has no trained clipping model
[2025-07-09 17:09:43.917] [jointLog] [warning] read 139de864-11c7-42b7-b59d-2f7371cb0865 (length 44967 - align length 118) has no trained error model
[2025-07-09 17:09:43.917] [jointLog] [warning] read 139de864-11c7-42b7-b59d-2f7371cb0865 (length 44967) has no trained clipping model
[2025-07-09 17:09:43.917] [jointLog] [warning] read 139de864-11c7-42b7-b59d-2f7371cb0865 (length 44967) has no trained clipping model
[2025-07-09 17:09:43.917] [jointLog] [warning] read c3f8c9eb-49de-45f1-96ef-841c43009cd3 (length 18027 - align length 197) has no trained error model
[2025-07-09 17:09:43.917] [jointLog] [warning] read c3f8c9eb-49de-45f1-96ef-841c43009cd3 (length 18027) has no trained clipping model
[2025-07-09 17:09:43.917] [jointLog] [warning] read c3f8c9eb-49de-45f1-96ef-841c43009cd3 (length 18027) has no trained clipping model
[2025-07-09 17:09:43.917] [jointLog] [warning] read dc77cee5-d913-4ecb-9c7d-eeb30f618f97 (length 11762) has no trained clipping model
[2025-07-09 17:09:43.917] [jointLog] [warning] read f4ad56d5-5041-42c2-a943-29f6914e5146 (length 13020 - align length 494) has no trained error model
[2025-07-09 17:09:43.917] [jointLog] [warning] read f4ad56d5-5041-42c2-a943-29f6914e5146 (length 13020) has no trained clipping model
[2025-07-09 17:09:43.917] [jointLog] [warning] read f4ad56d5-5041-42c2-a943-29f6914e5146 (length 13020) has no trained clipping model
[2025-07-09 17:09:43.917] [jointLog] [warning] read bb7d0095-d9c3-4669-96b6-fa5705be6d26 (length 26036 - align length 184) has no trained error model
[2025-07-09 17:09:43.917] [jointLog] [warning] read bb7d0095-d9c3-4669-96b6-fa5705be6d26 (length 26036) has no trained clipping model
[2025-07-09 17:09:43.917] [jointLog] [warning] read bb7d0095-d9c3-4669-96b6-fa5705be6d26 (length 26036) has no trained clipping model
[2025-07-09 17:09:43.917] [jointLog] [warning] read 3d385ee7-26f2-4446-9e52-184c800a84df (length 32341 - align length 3400) has no trained error model
[2025-07-09 17:09:43.917] [jointLog] [warning] read 3d385ee7-26f2-4446-9e52-184c800a84df (length 32341) has no trained clipping model
[2025-07-09 17:09:43.917] [jointLog] [warning] read 3d385ee7-26f2-4446-9e52-184c800a84df (length 32341) has no trained clipping model
[2025-07-09 17:09:43.917] [jointLog] [warning] read a84085ae-fac5-48a1-8db7-d11c2d782f1d (length 12030) has no trained clipping model
[2025-07-09 17:09:43.917] [jointLog] [warning] read 2d54dde4-5649-4570-bfeb-1bde02b714a6 (length 53651 - align length 335) has no trained error model
[2025-07-09 17:09:43.917] [jointLog] [warning] read 2d54dde4-5649-4570-bfeb-1bde02b714a6 (length 53651) has no trained clipping model
[2025-07-09 17:09:43.917] [jointLog] [warning] read 2d54dde4-5649-4570-bfeb-1bde02b714a6 (length 53651) has no trained clipping model
[2025-07-09 17:09:43.917] [jointLog] [warning] read 06f49e28-293d-4cd5-a93c-63170ead5195 (length 14806 - align length 14806) has no trained error model
[2025-07-09 17:09:43.918] [jointLog] [warning] read 06f49e28-293d-4cd5-a93c-63170ead5195 (length 14806) has no trained clipping model
[2025-07-09 17:09:43.918] [jointLog] [warning] read 06f49e28-293d-4cd5-a93c-63170ead5195 (length 14806) has no trained clipping model
[2025-07-09 17:09:43.918] [jointLog] [warning] read 85e77591-fbd2-44a8-954b-8af1bca8cbad (length 15105 - align length 5811) has no trained error model
[2025-07-09 17:09:43.918] [jointLog] [warning] read 85e77591-fbd2-44a8-954b-8af1bca8cbad (length 15105) has no trained clipping model
[2025-07-09 17:09:43.918] [jointLog] [warning] read 85e77591-fbd2-44a8-954b-8af1bca8cbad (length 15105) has no trained clipping model
[2025-07-09 17:09:43.918] [jointLog] [warning] read 955fd139-5e18-4821-acad-16d9fc36e1f5 (length 21594 - align length 69) has no trained error model
[2025-07-09 17:09:43.918] [jointLog] [warning] read 955fd139-5e18-4821-acad-16d9fc36e1f5 (length 21594) has no trained clipping model
[2025-07-09 17:09:43.918] [jointLog] [warning] read 955fd139-5e18-4821-acad-16d9fc36e1f5 (length 21594) has no trained clipping model
[2025-07-09 17:09:43.918] [jointLog] [warning] read e48e95d2-1ef1-48b6-8811-4c2afb5cddf1 (length 57567 - align length 113) has no trained error model
[2025-07-09 17:09:43.918] [jointLog] [warning] read e48e95d2-1ef1-48b6-8811-4c2afb5cddf1 (length 57567) has no trained clipping model
[2025-07-09 17:09:43.918] [jointLog] [warning] read e48e95d2-1ef1-48b6-8811-4c2afb5cddf1 (length 57567) has no trained clipping model
[2025-07-09 17:09:43.918] [jointLog] [warning] read 1d38013d-9208-440a-a84d-48b889feb06c (length 60538 - align length 313) has no trained error model
[2025-07-09 17:09:43.918] [jointLog] [warning] read 1d38013d-9208-440a-a84d-48b889feb06c (length 60538) has no trained clipping model
[2025-07-09 17:09:43.918] [jointLog] [warning] read 1d38013d-9208-440a-a84d-48b889feb06c (length 60538) has no trained clipping model
[2025-07-09 17:09:43.918] [jointLog] [warning] read 364d0fc0-efee-41d5-9def-36b82a73ed94 (length 459420 - align length 229) has no trained error model
[2025-07-09 17:09:43.918] [jointLog] [warning] read 364d0fc0-efee-41d5-9def-36b82a73ed94 (length 459420) has no trained clipping model
[2025-07-09 17:09:43.918] [jointLog] [warning] read 364d0fc0-efee-41d5-9def-36b82a73ed94 (length 459420) has no trained clipping model
[2025-07-09 17:09:43.918] [jointLog] [warning] read 0da0eb6b-a62f-405b-b034-9e0ff7fd7c4c (length 17319 - align length 5794) has no trained error model
[2025-07-09 17:09:43.918] [jointLog] [warning] read 0da0eb6b-a62f-405b-b034-9e0ff7fd7c4c (length 17319) has no trained clipping model
[2025-07-09 17:09:43.918] [jointLog] [warning] read 0da0eb6b-a62f-405b-b034-9e0ff7fd7c4c (length 17319) has no trained clipping model
[2025-07-09 17:09:43.918] [jointLog] [warning] read cca15d2d-5e8f-42b2-b9d1-99860c7b70e6 (length 13006 - align length 55) has no trained error model
[2025-07-09 17:09:43.918] [jointLog] [warning] read cca15d2d-5e8f-42b2-b9d1-99860c7b70e6 (length 13006) has no trained clipping model
[2025-07-09 17:09:43.918] [jointLog] [warning] read cca15d2d-5e8f-42b2-b9d1-99860c7b70e6 (length 13006) has no trained clipping model
[2025-07-09 17:09:43.918] [jointLog] [warning] read f1f49c36-e7ee-4839-a4d0-f2e6de7f86a5 (length 26803 - align length 532) has no trained error model
[2025-07-09 17:09:43.918] [jointLog] [warning] read f1f49c36-e7ee-4839-a4d0-f2e6de7f86a5 (length 26803) has no trained clipping model
[2025-07-09 17:09:43.918] [jointLog] [warning] read f1f49c36-e7ee-4839-a4d0-f2e6de7f86a5 (length 26803) has no trained clipping model
[2025-07-09 17:09:43.918] [jointLog] [warning] read db343f4e-9609-459f-b94e-7cd4d1c0d93a (length 28829 - align length 468) has no trained error model
[2025-07-09 17:09:43.918] [jointLog] [warning] read db343f4e-9609-459f-b94e-7cd4d1c0d93a (length 28829) has no trained clipping model
[2025-07-09 17:09:43.918] [jointLog] [warning] read db343f4e-9609-459f-b94e-7cd4d1c0d93a (length 28829) has no trained clipping model
[2025-07-09 17:09:43.918] [jointLog] [warning] read 7ea47c94-1137-4085-9f4f-2b8019e1422c (length 15305 - align length 1890) has no trained error model
[2025-07-09 17:09:43.918] [jointLog] [warning] read 7ea47c94-1137-4085-9f4f-2b8019e1422c (length 15305) has no trained clipping model
[2025-07-09 17:09:43.918] [jointLog] [warning] read 7ea47c94-1137-4085-9f4f-2b8019e1422c (length 15305) has no trained clipping model
[2025-07-09 17:09:43.919] [jointLog] [warning] read 6e1c3413-9ea2-4356-9cfe-f7dce5be42bb (length 15563 - align length 150) has no trained error model
[2025-07-09 17:09:43.919] [jointLog] [warning] read 6e1c3413-9ea2-4356-9cfe-f7dce5be42bb (length 15563) has no trained clipping model
[2025-07-09 17:09:43.919] [jointLog] [warning] read 6e1c3413-9ea2-4356-9cfe-f7dce5be42bb (length 15563) has no trained clipping model
[2025-07-09 17:09:43.920] [jointLog] [warning] read 531c073b-c05b-40c1-b14c-c08cbb1ef516 (length 172554 - align length 891) has no trained error model
[2025-07-09 17:09:43.920] [jointLog] [warning] read 531c073b-c05b-40c1-b14c-c08cbb1ef516 (length 172554) has no trained clipping model
[2025-07-09 17:09:43.920] [jointLog] [warning] read 531c073b-c05b-40c1-b14c-c08cbb1ef516 (length 172554) has no trained clipping model
[2025-07-09 17:09:44.063] [jointLog] [warning] read 87d03466-3124-4789-90a3-fbd3f2c68fa0 (length 348058 - align length 593) has no trained error model
[2025-07-09 17:09:44.063] [jointLog] [warning] read 87d03466-3124-4789-90a3-fbd3f2c68fa0 (length 348058) has no trained clipping model
[2025-07-09 17:09:44.063] [jointLog] [warning] read 87d03466-3124-4789-90a3-fbd3f2c68fa0 (length 348058) has no trained clipping model
[2025-07-09 17:09:48.833] [jointLog] [warning] read 0ed4baf2-65c2-4fa2-86c0-8ef49969c5ce (length 12777 - align length 12702) has no trained error model
[2025-07-09 17:09:48.833] [jointLog] [warning] read 0ed4baf2-65c2-4fa2-86c0-8ef49969c5ce (length 12777) has no trained clipping model
[2025-07-09 17:09:48.833] [jointLog] [warning] read 0ed4baf2-65c2-4fa2-86c0-8ef49969c5ce (length 12777) has no trained clipping model
[2025-07-09 17:09:48.918] [jointLog] [warning] read f93bab28-3818-42eb-9350-fb336ea9d7d5 (length 12764 - align length 12698) has no trained error model
[2025-07-09 17:09:48.918] [jointLog] [warning] read f93bab28-3818-42eb-9350-fb336ea9d7d5 (length 12764) has no trained clipping model
[2025-07-09 17:09:48.918] [jointLog] [warning] read f93bab28-3818-42eb-9350-fb336ea9d7d5 (length 12764) has no trained clipping model
[2025-07-09 17:09:49.118] [jointLog] [warning] read ea740381-ed05-45a4-b737-655199fcb3cc (length 12184 - align length 12075) has no trained error model
[2025-07-09 17:09:49.118] [jointLog] [warning] read ea740381-ed05-45a4-b737-655199fcb3cc (length 12184) has no trained clipping model
[2025-07-09 17:09:49.118] [jointLog] [warning] read ea740381-ed05-45a4-b737-655199fcb3cc (length 12184) has no trained clipping model
[2025-07-09 17:09:49.407] [fileLog] [info] quantification processed 12000000 fragments so far

[2025-07-09 17:09:49.617] [jointLog] [warning] read 2e0f1be5-b8d9-4ace-a303-acc0ea13301e (length 13234 - align length 13048) has no trained error model
[2025-07-09 17:09:52.038] [jointLog] [warning] read 9654f29c-f19d-4f75-8291-b208de9eeb7f (length 11735) has no trained clipping model
[2025-07-09 17:09:52.859] [jointLog] [warning] read 689947e9-44ef-4a55-9be2-454f314da988 (length 12652 - align length 12599) has no trained error model
[2025-07-09 17:09:52.859] [jointLog] [warning] read 689947e9-44ef-4a55-9be2-454f314da988 (length 12652) has no trained clipping model
[2025-07-09 17:09:52.859] [jointLog] [warning] read 689947e9-44ef-4a55-9be2-454f314da988 (length 12652) has no trained clipping model
[2025-07-09 17:09:52.986] [jointLog] [warning] read 4f40afae-b46c-4126-bb8d-57ffe9e65e63 (length 15592 - align length 334) has no trained error model
[2025-07-09 17:09:52.986] [jointLog] [warning] read 4f40afae-b46c-4126-bb8d-57ffe9e65e63 (length 15592) has no trained clipping model
[2025-07-09 17:09:52.986] [jointLog] [warning] read 4f40afae-b46c-4126-bb8d-57ffe9e65e63 (length 15592) has no trained clipping model
[2025-07-09 17:09:52.986] [jointLog] [warning] read 1778c023-5589-40af-8e1a-b9093310f0d8 (length 34247 - align length 353) has no trained error model
[2025-07-09 17:09:52.986] [jointLog] [warning] read 1778c023-5589-40af-8e1a-b9093310f0d8 (length 34247) has no trained clipping model
[2025-07-09 17:09:52.986] [jointLog] [warning] read 1778c023-5589-40af-8e1a-b9093310f0d8 (length 34247) has no trained clipping model
[2025-07-09 17:09:52.986] [jointLog] [warning] read 492a3bc5-56d9-4422-a3b1-1940c3c8cca3 (length 116576 - align length 334) has no trained error model
[2025-07-09 17:09:52.986] [jointLog] [warning] read 492a3bc5-56d9-4422-a3b1-1940c3c8cca3 (length 116576) has no trained clipping model
[2025-07-09 17:09:52.986] [jointLog] [warning] read 492a3bc5-56d9-4422-a3b1-1940c3c8cca3 (length 116576) has no trained clipping model
[2025-07-09 17:09:52.987] [jointLog] [warning] read f12fcfa1-fdd1-4846-a4d8-f1ec26d5cd6d (length 30479 - align length 439) has no trained error model
[2025-07-09 17:09:52.987] [jointLog] [warning] read f12fcfa1-fdd1-4846-a4d8-f1ec26d5cd6d (length 30479) has no trained clipping model
[2025-07-09 17:09:52.987] [jointLog] [warning] read f12fcfa1-fdd1-4846-a4d8-f1ec26d5cd6d (length 30479) has no trained clipping model
[2025-07-09 17:09:52.987] [jointLog] [warning] read e759a512-a176-4c90-b4c5-862540d0d5b4 (length 78983 - align length 599) has no trained error model
[2025-07-09 17:09:52.987] [jointLog] [warning] read e759a512-a176-4c90-b4c5-862540d0d5b4 (length 78983) has no trained clipping model
[2025-07-09 17:09:52.987] [jointLog] [warning] read e759a512-a176-4c90-b4c5-862540d0d5b4 (length 78983) has no trained clipping model
[2025-07-09 17:09:52.987] [jointLog] [warning] read 372cd736-a8ff-4930-b784-9f684e7747b0 (length 23832 - align length 221) has no trained error model
[2025-07-09 17:09:52.987] [jointLog] [warning] read 372cd736-a8ff-4930-b784-9f684e7747b0 (length 23832) has no trained clipping model
[2025-07-09 17:09:52.987] [jointLog] [warning] read 372cd736-a8ff-4930-b784-9f684e7747b0 (length 23832) has no trained clipping model
[2025-07-09 17:09:52.987] [jointLog] [warning] read 50438ef5-7985-4c6d-a71f-37b8e16704ed (length 17862 - align length 1141) has no trained error model
[2025-07-09 17:09:52.987] [jointLog] [warning] read 50438ef5-7985-4c6d-a71f-37b8e16704ed (length 17862) has no trained clipping model
[2025-07-09 17:09:52.987] [jointLog] [warning] read 50438ef5-7985-4c6d-a71f-37b8e16704ed (length 17862) has no trained clipping model
[2025-07-09 17:09:52.987] [jointLog] [warning] read 354ce235-a9ab-4995-a387-0086521a8605 (length 55374 - align length 117) has no trained error model
[2025-07-09 17:09:52.987] [jointLog] [warning] read 354ce235-a9ab-4995-a387-0086521a8605 (length 55374) has no trained clipping model
[2025-07-09 17:09:52.987] [jointLog] [warning] read 354ce235-a9ab-4995-a387-0086521a8605 (length 55374) has no trained clipping model
[2025-07-09 17:09:52.987] [jointLog] [warning] read c1a0dfea-92a8-4bd8-855b-bf2ae2c2b838 (length 22503 - align length 299) has no trained error model
[2025-07-09 17:09:52.987] [jointLog] [warning] read c1a0dfea-92a8-4bd8-855b-bf2ae2c2b838 (length 22503) has no trained clipping model
[2025-07-09 17:09:52.987] [jointLog] [warning] read c1a0dfea-92a8-4bd8-855b-bf2ae2c2b838 (length 22503) has no trained clipping model
[2025-07-09 17:09:52.987] [jointLog] [warning] read 9752d5a7-e49a-4597-91d8-d0472bf58c36 (length 65268 - align length 138) has no trained error model
[2025-07-09 17:09:52.987] [jointLog] [warning] read 9752d5a7-e49a-4597-91d8-d0472bf58c36 (length 65268) has no trained clipping model
[2025-07-09 17:09:52.987] [jointLog] [warning] read 9752d5a7-e49a-4597-91d8-d0472bf58c36 (length 65268) has no trained clipping model
[2025-07-09 17:09:52.987] [jointLog] [warning] read c4e7d824-4757-424a-abb5-4faba692f6ab (length 13186 - align length 182) has no trained error model
[2025-07-09 17:09:52.987] [jointLog] [warning] read c4e7d824-4757-424a-abb5-4faba692f6ab (length 13186) has no trained clipping model
[2025-07-09 17:09:52.987] [jointLog] [warning] read c4e7d824-4757-424a-abb5-4faba692f6ab (length 13186) has no trained clipping model
[2025-07-09 17:09:52.987] [jointLog] [warning] read 8b87f261-cac8-4750-bcad-790c6e840b06 (length 16120 - align length 641) has no trained error model
[2025-07-09 17:09:52.987] [jointLog] [warning] read 8b87f261-cac8-4750-bcad-790c6e840b06 (length 16120) has no trained clipping model
[2025-07-09 17:09:52.987] [jointLog] [warning] read 8b87f261-cac8-4750-bcad-790c6e840b06 (length 16120) has no trained clipping model
[2025-07-09 17:09:52.987] [jointLog] [warning] read 68a1c1e2-98f4-4fc9-9026-ec00a271e98d (length 13041 - align length 159) has no trained error model
[2025-07-09 17:09:52.987] [jointLog] [warning] read 68a1c1e2-98f4-4fc9-9026-ec00a271e98d (length 13041) has no trained clipping model
[2025-07-09 17:09:52.987] [jointLog] [warning] read 68a1c1e2-98f4-4fc9-9026-ec00a271e98d (length 13041) has no trained clipping model
[2025-07-09 17:09:52.987] [jointLog] [warning] read 3de78ced-7435-4b4e-b139-afbe6710e5b1 (length 26976 - align length 134) has no trained error model
[2025-07-09 17:09:52.987] [jointLog] [warning] read 3de78ced-7435-4b4e-b139-afbe6710e5b1 (length 26976) has no trained clipping model
[2025-07-09 17:09:52.987] [jointLog] [warning] read 3de78ced-7435-4b4e-b139-afbe6710e5b1 (length 26976) has no trained clipping model
[2025-07-09 17:09:52.987] [jointLog] [warning] read 2ac02846-80b9-47d7-9e20-243e705faa61 (length 46110 - align length 245) has no trained error model
[2025-07-09 17:09:52.987] [jointLog] [warning] read 2ac02846-80b9-47d7-9e20-243e705faa61 (length 46110) has no trained clipping model
[2025-07-09 17:09:52.987] [jointLog] [warning] read 2ac02846-80b9-47d7-9e20-243e705faa61 (length 46110) has no trained clipping model
[2025-07-09 17:09:52.987] [jointLog] [warning] read 9eba57fd-3081-4834-8cd6-17674274ad74 (length 19341 - align length 74) has no trained error model
[2025-07-09 17:09:52.987] [jointLog] [warning] read 9eba57fd-3081-4834-8cd6-17674274ad74 (length 19341) has no trained clipping model
[2025-07-09 17:09:52.987] [jointLog] [warning] read 9eba57fd-3081-4834-8cd6-17674274ad74 (length 19341) has no trained clipping model
[2025-07-09 17:09:52.987] [jointLog] [warning] read b3d13d46-59ff-49f9-af88-2e45a982abeb (length 26032 - align length 375) has no trained error model
[2025-07-09 17:09:52.987] [jointLog] [warning] read b3d13d46-59ff-49f9-af88-2e45a982abeb (length 26032) has no trained clipping model
[2025-07-09 17:09:52.987] [jointLog] [warning] read b3d13d46-59ff-49f9-af88-2e45a982abeb (length 26032) has no trained clipping model
[2025-07-09 17:09:52.987] [jointLog] [warning] read 64d8e32f-baed-49e7-94a8-bee5670123b1 (length 14162 - align length 586) has no trained error model
[2025-07-09 17:09:52.987] [jointLog] [warning] read 64d8e32f-baed-49e7-94a8-bee5670123b1 (length 14162) has no trained clipping model
[2025-07-09 17:09:52.987] [jointLog] [warning] read 64d8e32f-baed-49e7-94a8-bee5670123b1 (length 14162) has no trained clipping model
[2025-07-09 17:09:52.987] [jointLog] [warning] read 7a4b5d8d-e5c6-40d4-9794-08413576f9ac (length 11772) has no trained clipping model
[2025-07-09 17:09:52.987] [jointLog] [warning] read cb41fed7-0f1b-4756-bad1-732fd3a9b817 (length 94312 - align length 190) has no trained error model
[2025-07-09 17:09:52.987] [jointLog] [warning] read cb41fed7-0f1b-4756-bad1-732fd3a9b817 (length 94312) has no trained clipping model
[2025-07-09 17:09:52.987] [jointLog] [warning] read cb41fed7-0f1b-4756-bad1-732fd3a9b817 (length 94312) has no trained clipping model
[2025-07-09 17:09:52.987] [jointLog] [warning] read 579ad20b-d705-437a-9230-8e7c6aeea5a2 (length 158572 - align length 4281) has no trained error model
[2025-07-09 17:09:52.987] [jointLog] [warning] read 579ad20b-d705-437a-9230-8e7c6aeea5a2 (length 158572) has no trained clipping model
[2025-07-09 17:09:52.987] [jointLog] [warning] read 579ad20b-d705-437a-9230-8e7c6aeea5a2 (length 158572) has no trained clipping model
[2025-07-09 17:09:52.987] [jointLog] [warning] read b29c86c3-e078-4bee-8c3f-0a29dc9b0ce8 (length 50748 - align length 4599) has no trained error model
[2025-07-09 17:09:52.987] [jointLog] [warning] read b29c86c3-e078-4bee-8c3f-0a29dc9b0ce8 (length 50748) has no trained clipping model
[2025-07-09 17:09:52.987] [jointLog] [warning] read b29c86c3-e078-4bee-8c3f-0a29dc9b0ce8 (length 50748) has no trained clipping model
[2025-07-09 17:09:52.987] [jointLog] [warning] read a8c1980e-621d-4712-8c4d-d75b997513ac (length 24863 - align length 2472) has no trained error model
[2025-07-09 17:09:52.987] [jointLog] [warning] read a8c1980e-621d-4712-8c4d-d75b997513ac (length 24863) has no trained clipping model
[2025-07-09 17:09:52.987] [jointLog] [warning] read a8c1980e-621d-4712-8c4d-d75b997513ac (length 24863) has no trained clipping model
[2025-07-09 17:09:52.987] [jointLog] [warning] read 4b8ff7f3-f33c-4a34-91c7-730aca0e43e1 (length 16314 - align length 359) has no trained error model
[2025-07-09 17:09:52.987] [jointLog] [warning] read 4b8ff7f3-f33c-4a34-91c7-730aca0e43e1 (length 16314) has no trained clipping model
[2025-07-09 17:09:52.987] [jointLog] [warning] read 4b8ff7f3-f33c-4a34-91c7-730aca0e43e1 (length 16314) has no trained clipping model
[2025-07-09 17:09:52.987] [jointLog] [warning] read a947ace6-c249-45a4-9c93-24a4c17aa6a6 (length 20728 - align length 157) has no trained error model
[2025-07-09 17:09:52.987] [jointLog] [warning] read a947ace6-c249-45a4-9c93-24a4c17aa6a6 (length 20728) has no trained clipping model
[2025-07-09 17:09:52.987] [jointLog] [warning] read a947ace6-c249-45a4-9c93-24a4c17aa6a6 (length 20728) has no trained clipping model
[2025-07-09 17:09:52.987] [jointLog] [warning] read 0723844f-3f22-490f-9b37-fb61ab06f47c (length 53698 - align length 3415) has no trained error model
[2025-07-09 17:09:52.987] [jointLog] [warning] read 0723844f-3f22-490f-9b37-fb61ab06f47c (length 53698) has no trained clipping model
[2025-07-09 17:09:52.987] [jointLog] [warning] read 0723844f-3f22-490f-9b37-fb61ab06f47c (length 53698) has no trained clipping model
[2025-07-09 17:09:52.989] [jointLog] [warning] read 12ddc682-1e09-4fcf-ba00-61c50abcf065 (length 116293 - align length 131) has no trained error model
[2025-07-09 17:09:52.989] [jointLog] [warning] read 12ddc682-1e09-4fcf-ba00-61c50abcf065 (length 116293) has no trained clipping model
[2025-07-09 17:09:52.989] [jointLog] [warning] read 12ddc682-1e09-4fcf-ba00-61c50abcf065 (length 116293) has no trained clipping model
[2025-07-09 17:09:55.568] [jointLog] [warning] read 7ef2d0bd-c5e0-4f92-99e0-5778d371a81f (length 29605 - align length 366) has no trained error model
[2025-07-09 17:09:55.568] [jointLog] [warning] read 7ef2d0bd-c5e0-4f92-99e0-5778d371a81f (length 29605) has no trained clipping model
[2025-07-09 17:09:55.568] [jointLog] [warning] read 7ef2d0bd-c5e0-4f92-99e0-5778d371a81f (length 29605) has no trained clipping model
[2025-07-09 17:09:55.568] [jointLog] [warning] read 4545f6eb-5723-4aa6-a3cc-aa9ca8d8e0a0 (length 36694 - align length 347) has no trained error model
[2025-07-09 17:09:55.568] [jointLog] [warning] read 4545f6eb-5723-4aa6-a3cc-aa9ca8d8e0a0 (length 36694) has no trained clipping model
[2025-07-09 17:09:55.568] [jointLog] [warning] read 4545f6eb-5723-4aa6-a3cc-aa9ca8d8e0a0 (length 36694) has no trained clipping model
[2025-07-09 17:09:55.568] [jointLog] [warning] read 94ec1b90-2a00-4f7e-9c27-ba1e5d871e1b (length 13764 - align length 43) has no trained error model
[2025-07-09 17:09:55.568] [jointLog] [warning] read 94ec1b90-2a00-4f7e-9c27-ba1e5d871e1b (length 13764) has no trained clipping model
[2025-07-09 17:09:55.568] [jointLog] [warning] read 94ec1b90-2a00-4f7e-9c27-ba1e5d871e1b (length 13764) has no trained clipping model
[2025-07-09 17:09:55.568] [jointLog] [warning] read d3b7059e-f274-41b1-b542-4c320c4e180b (length 28960 - align length 3399) has no trained error model
[2025-07-09 17:09:55.568] [jointLog] [warning] read d3b7059e-f274-41b1-b542-4c320c4e180b (length 28960) has no trained clipping model
[2025-07-09 17:09:55.568] [jointLog] [warning] read d3b7059e-f274-41b1-b542-4c320c4e180b (length 28960) has no trained clipping model
[2025-07-09 17:09:55.568] [jointLog] [warning] read bc2e290a-69f9-4713-95fc-a89594c5420e (length 13483 - align length 386) has no trained error model
[2025-07-09 17:09:55.568] [jointLog] [warning] read bc2e290a-69f9-4713-95fc-a89594c5420e (length 13483) has no trained clipping model
[2025-07-09 17:09:55.568] [jointLog] [warning] read bc2e290a-69f9-4713-95fc-a89594c5420e (length 13483) has no trained clipping model
[2025-07-09 17:09:55.568] [jointLog] [warning] read aee7462a-6bf6-4cb5-929a-2b1bbddf4dd3 (length 31127 - align length 368) has no trained error model
[2025-07-09 17:09:55.568] [jointLog] [warning] read aee7462a-6bf6-4cb5-929a-2b1bbddf4dd3 (length 31127) has no trained clipping model
[2025-07-09 17:09:55.568] [jointLog] [warning] read aee7462a-6bf6-4cb5-929a-2b1bbddf4dd3 (length 31127) has no trained clipping model
[2025-07-09 17:09:55.568] [jointLog] [warning] read 63126ed2-b95d-4394-8595-cd06102ddaf6 (length 74013 - align length 206) has no trained error model
[2025-07-09 17:09:55.568] [jointLog] [warning] read 63126ed2-b95d-4394-8595-cd06102ddaf6 (length 74013) has no trained clipping model
[2025-07-09 17:09:55.568] [jointLog] [warning] read 63126ed2-b95d-4394-8595-cd06102ddaf6 (length 74013) has no trained clipping model
[2025-07-09 17:09:55.568] [jointLog] [warning] read 2aeb356f-1b1b-497d-9693-c4c8c039207b (length 13105 - align length 80) has no trained error model
[2025-07-09 17:09:55.568] [jointLog] [warning] read 2aeb356f-1b1b-497d-9693-c4c8c039207b (length 13105) has no trained clipping model
[2025-07-09 17:09:55.568] [jointLog] [warning] read 2aeb356f-1b1b-497d-9693-c4c8c039207b (length 13105) has no trained clipping model
[2025-07-09 17:09:55.568] [jointLog] [warning] read b4276630-8565-436a-8137-7d84c41b9f56 (length 55365 - align length 780) has no trained error model
[2025-07-09 17:09:55.568] [jointLog] [warning] read b4276630-8565-436a-8137-7d84c41b9f56 (length 55365) has no trained clipping model
[2025-07-09 17:09:55.568] [jointLog] [warning] read b4276630-8565-436a-8137-7d84c41b9f56 (length 55365) has no trained clipping model
[2025-07-09 17:09:55.568] [jointLog] [warning] read 6bfc2d20-cfa6-46a0-8ed9-9a04ee01ace7 (length 176332 - align length 1346) has no trained error model
[2025-07-09 17:09:55.568] [jointLog] [warning] read 6bfc2d20-cfa6-46a0-8ed9-9a04ee01ace7 (length 176332) has no trained clipping model
[2025-07-09 17:09:55.568] [jointLog] [warning] read 6bfc2d20-cfa6-46a0-8ed9-9a04ee01ace7 (length 176332) has no trained clipping model
[2025-07-09 17:09:55.568] [jointLog] [warning] read aa193132-e89b-4d94-989c-d647b3c4ebed (length 30283 - align length 187) has no trained error model
[2025-07-09 17:09:55.568] [jointLog] [warning] read aa193132-e89b-4d94-989c-d647b3c4ebed (length 30283) has no trained clipping model
[2025-07-09 17:09:55.568] [jointLog] [warning] read aa193132-e89b-4d94-989c-d647b3c4ebed (length 30283) has no trained clipping model
[2025-07-09 17:09:55.568] [jointLog] [warning] read a788da71-32eb-4cf9-9e50-dd4be3305eba (length 12980 - align length 2324) has no trained error model
[2025-07-09 17:09:55.568] [jointLog] [warning] read a788da71-32eb-4cf9-9e50-dd4be3305eba (length 12980) has no trained clipping model
[2025-07-09 17:09:55.568] [jointLog] [warning] read a788da71-32eb-4cf9-9e50-dd4be3305eba (length 12980) has no trained clipping model
[2025-07-09 17:09:55.568] [jointLog] [warning] read 55659877-dc66-4db8-9c22-3bd580e69a86 (length 35572 - align length 1296) has no trained error model
[2025-07-09 17:09:55.568] [jointLog] [warning] read 55659877-dc66-4db8-9c22-3bd580e69a86 (length 35572) has no trained clipping model
[2025-07-09 17:09:55.568] [jointLog] [warning] read 55659877-dc66-4db8-9c22-3bd580e69a86 (length 35572) has no trained clipping model
[2025-07-09 17:09:55.568] [jointLog] [warning] read 202e0306-318a-48aa-b8f0-4137537a3be5 (length 16719 - align length 3791) has no trained error model
[2025-07-09 17:09:55.568] [jointLog] [warning] read 202e0306-318a-48aa-b8f0-4137537a3be5 (length 16719) has no trained clipping model
[2025-07-09 17:09:55.568] [jointLog] [warning] read 202e0306-318a-48aa-b8f0-4137537a3be5 (length 16719) has no trained clipping model
[2025-07-09 17:09:55.568] [jointLog] [warning] read 1d231c12-76bc-4849-8dab-5ae87c969c66 (length 28046 - align length 1542) has no trained error model
[2025-07-09 17:09:55.568] [jointLog] [warning] read 1d231c12-76bc-4849-8dab-5ae87c969c66 (length 28046) has no trained clipping model
[2025-07-09 17:09:55.568] [jointLog] [warning] read 1d231c12-76bc-4849-8dab-5ae87c969c66 (length 28046) has no trained clipping model
[2025-07-09 17:09:55.568] [jointLog] [warning] read fb71f944-16a0-466e-b737-ccadf1c0b51b (length 15759 - align length 15742) has no trained error model
[2025-07-09 17:09:55.568] [jointLog] [warning] read fb71f944-16a0-466e-b737-ccadf1c0b51b (length 15759) has no trained clipping model
[2025-07-09 17:09:55.568] [jointLog] [warning] read fb71f944-16a0-466e-b737-ccadf1c0b51b (length 15759) has no trained clipping model
[2025-07-09 17:09:55.569] [jointLog] [warning] read 7bc8dde4-7906-4514-9110-6296275709fb (length 14099 - align length 1604) has no trained error model
[2025-07-09 17:09:55.569] [jointLog] [warning] read 7bc8dde4-7906-4514-9110-6296275709fb (length 14099) has no trained clipping model
[2025-07-09 17:09:55.569] [jointLog] [warning] read 7bc8dde4-7906-4514-9110-6296275709fb (length 14099) has no trained clipping model
[2025-07-09 17:09:55.569] [jointLog] [warning] read 78d9c9ff-26eb-4868-a723-6c1d08a73c39 (length 15523 - align length 142) has no trained error model
[2025-07-09 17:09:55.569] [jointLog] [warning] read 78d9c9ff-26eb-4868-a723-6c1d08a73c39 (length 15523) has no trained clipping model
[2025-07-09 17:09:55.569] [jointLog] [warning] read 78d9c9ff-26eb-4868-a723-6c1d08a73c39 (length 15523) has no trained clipping model
[2025-07-09 17:09:55.569] [jointLog] [warning] read b8afb131-e585-487b-b427-4838b1e1f5dc (length 14010 - align length 99) has no trained error model
[2025-07-09 17:09:55.569] [jointLog] [warning] read b8afb131-e585-487b-b427-4838b1e1f5dc (length 14010) has no trained clipping model
[2025-07-09 17:09:55.569] [jointLog] [warning] read b8afb131-e585-487b-b427-4838b1e1f5dc (length 14010) has no trained clipping model
[2025-07-09 17:09:55.569] [jointLog] [warning] read 7eddbfdd-1426-433d-8afd-e0fe8735e9df (length 20155 - align length 608) has no trained error model
[2025-07-09 17:09:55.569] [jointLog] [warning] read 7eddbfdd-1426-433d-8afd-e0fe8735e9df (length 20155) has no trained clipping model
[2025-07-09 17:09:55.569] [jointLog] [warning] read 7eddbfdd-1426-433d-8afd-e0fe8735e9df (length 20155) has no trained clipping model
[2025-07-09 17:09:55.569] [jointLog] [warning] read 7d553ff4-177c-4e4f-9053-5b74d343bda0 (length 49854 - align length 1872) has no trained error model
[2025-07-09 17:09:55.569] [jointLog] [warning] read 7d553ff4-177c-4e4f-9053-5b74d343bda0 (length 49854) has no trained clipping model
[2025-07-09 17:09:55.569] [jointLog] [warning] read 7d553ff4-177c-4e4f-9053-5b74d343bda0 (length 49854) has no trained clipping model
[2025-07-09 17:09:55.569] [jointLog] [warning] read 7d1a71f1-9aa3-41b2-81b9-eba75a952a1e (length 15102 - align length 394) has no trained error model
[2025-07-09 17:09:55.569] [jointLog] [warning] read 7d1a71f1-9aa3-41b2-81b9-eba75a952a1e (length 15102) has no trained clipping model
[2025-07-09 17:09:55.569] [jointLog] [warning] read 7d1a71f1-9aa3-41b2-81b9-eba75a952a1e (length 15102) has no trained clipping model
[2025-07-09 17:09:58.877] [jointLog] [warning] read 4a40779a-5617-4616-abbb-c509db58e903 (length 12064) has no trained clipping model
[2025-07-09 17:09:59.153] [fileLog] [info] quantification processed 13000000 fragments so far

[2025-07-09 17:09:59.658] [jointLog] [warning] read 91c90ee0-443a-4a17-8c13-5815c4153826 (length 12159 - align length 12101) has no trained error model
[2025-07-09 17:09:59.658] [jointLog] [warning] read 91c90ee0-443a-4a17-8c13-5815c4153826 (length 12159) has no trained clipping model
[2025-07-09 17:09:59.658] [jointLog] [warning] read 91c90ee0-443a-4a17-8c13-5815c4153826 (length 12159) has no trained clipping model
[2025-07-09 17:10:00.195] [jointLog] [warning] read 80ac3452-4c2d-4253-85b8-22d217e07e44 (length 13265 - align length 13206) has no trained error model
[2025-07-09 17:10:02.170] [jointLog] [warning] read 6490f32b-bb84-4821-9424-c6d0ef04e095 (length 34173 - align length 544) has no trained error model
[2025-07-09 17:10:02.170] [jointLog] [warning] read 6490f32b-bb84-4821-9424-c6d0ef04e095 (length 34173) has no trained clipping model
[2025-07-09 17:10:02.170] [jointLog] [warning] read 6490f32b-bb84-4821-9424-c6d0ef04e095 (length 34173) has no trained clipping model
[2025-07-09 17:10:02.170] [jointLog] [warning] read f81c81e1-1011-4e59-b502-7dd66b969ffb (length 58320 - align length 387) has no trained error model
[2025-07-09 17:10:02.170] [jointLog] [warning] read f81c81e1-1011-4e59-b502-7dd66b969ffb (length 58320) has no trained clipping model
[2025-07-09 17:10:02.170] [jointLog] [warning] read f81c81e1-1011-4e59-b502-7dd66b969ffb (length 58320) has no trained clipping model
[2025-07-09 17:10:02.170] [jointLog] [warning] read 3a73c268-2ee6-4693-aefe-6a7ba3718dac (length 21982 - align length 1583) has no trained error model
[2025-07-09 17:10:02.170] [jointLog] [warning] read 3a73c268-2ee6-4693-aefe-6a7ba3718dac (length 21982) has no trained clipping model
[2025-07-09 17:10:02.170] [jointLog] [warning] read 3a73c268-2ee6-4693-aefe-6a7ba3718dac (length 21982) has no trained clipping model
[2025-07-09 17:10:02.170] [jointLog] [warning] read c1bec660-53c8-4706-b666-4db5d60059ca (length 27532 - align length 1253) has no trained error model
[2025-07-09 17:10:02.170] [jointLog] [warning] read c1bec660-53c8-4706-b666-4db5d60059ca (length 27532) has no trained clipping model
[2025-07-09 17:10:02.170] [jointLog] [warning] read c1bec660-53c8-4706-b666-4db5d60059ca (length 27532) has no trained clipping model
[2025-07-09 17:10:02.170] [jointLog] [warning] read 96b468f6-9562-450c-b32d-a82a68be850f (length 24727 - align length 3891) has no trained error model
[2025-07-09 17:10:02.170] [jointLog] [warning] read 96b468f6-9562-450c-b32d-a82a68be850f (length 24727) has no trained clipping model
[2025-07-09 17:10:02.170] [jointLog] [warning] read 96b468f6-9562-450c-b32d-a82a68be850f (length 24727) has no trained clipping model
[2025-07-09 17:10:02.170] [jointLog] [warning] read d018b3dc-5dca-41f2-85bf-373a5b3d3078 (length 49521 - align length 367) has no trained error model
[2025-07-09 17:10:02.170] [jointLog] [warning] read d018b3dc-5dca-41f2-85bf-373a5b3d3078 (length 49521) has no trained clipping model
[2025-07-09 17:10:02.170] [jointLog] [warning] read d018b3dc-5dca-41f2-85bf-373a5b3d3078 (length 49521) has no trained clipping model
[2025-07-09 17:10:02.170] [jointLog] [warning] read b646dec4-01e4-4a80-90ba-6f0ec0070242 (length 12758 - align length 874) has no trained error model
[2025-07-09 17:10:02.170] [jointLog] [warning] read b646dec4-01e4-4a80-90ba-6f0ec0070242 (length 12758) has no trained clipping model
[2025-07-09 17:10:02.170] [jointLog] [warning] read b646dec4-01e4-4a80-90ba-6f0ec0070242 (length 12758) has no trained clipping model
[2025-07-09 17:10:02.170] [jointLog] [warning] read 0cf9d5e5-8700-4419-8377-9dcbda5b0e9c (length 12020) has no trained clipping model
[2025-07-09 17:10:02.170] [jointLog] [warning] read 7fe18d76-e385-46b7-8160-f4dcc3dfd5f4 (length 32966 - align length 1450) has no trained error model
[2025-07-09 17:10:02.170] [jointLog] [warning] read 7fe18d76-e385-46b7-8160-f4dcc3dfd5f4 (length 32966) has no trained clipping model
[2025-07-09 17:10:02.170] [jointLog] [warning] read 7fe18d76-e385-46b7-8160-f4dcc3dfd5f4 (length 32966) has no trained clipping model
[2025-07-09 17:10:02.170] [jointLog] [warning] read 991ecb48-c19a-49b7-8c0f-94ed4c92e1fc (length 107376 - align length 299) has no trained error model
[2025-07-09 17:10:02.170] [jointLog] [warning] read 991ecb48-c19a-49b7-8c0f-94ed4c92e1fc (length 107376) has no trained clipping model
[2025-07-09 17:10:02.170] [jointLog] [warning] read 991ecb48-c19a-49b7-8c0f-94ed4c92e1fc (length 107376) has no trained clipping model
[2025-07-09 17:10:02.170] [jointLog] [warning] read 7a35ad96-2890-4a72-abfa-119c12272bd0 (length 36408 - align length 520) has no trained error model
[2025-07-09 17:10:02.170] [jointLog] [warning] read 7a35ad96-2890-4a72-abfa-119c12272bd0 (length 36408) has no trained clipping model
[2025-07-09 17:10:02.170] [jointLog] [warning] read 7a35ad96-2890-4a72-abfa-119c12272bd0 (length 36408) has no trained clipping model
[2025-07-09 17:10:02.170] [jointLog] [warning] read 1802909d-823f-4977-97c8-7fc2b1e5e545 (length 26684 - align length 256) has no trained error model
[2025-07-09 17:10:02.170] [jointLog] [warning] read 1802909d-823f-4977-97c8-7fc2b1e5e545 (length 26684) has no trained clipping model
[2025-07-09 17:10:02.170] [jointLog] [warning] read 1802909d-823f-4977-97c8-7fc2b1e5e545 (length 26684) has no trained clipping model
[2025-07-09 17:10:02.170] [jointLog] [warning] read a27cc9b0-9617-44fc-a699-657f7e824422 (length 14188 - align length 2967) has no trained error model
[2025-07-09 17:10:02.170] [jointLog] [warning] read a27cc9b0-9617-44fc-a699-657f7e824422 (length 14188) has no trained clipping model
[2025-07-09 17:10:02.170] [jointLog] [warning] read a27cc9b0-9617-44fc-a699-657f7e824422 (length 14188) has no trained clipping model
[2025-07-09 17:10:02.170] [jointLog] [warning] read 1cd99426-f59b-483a-a3df-984b6a80ab10 (length 34136 - align length 805) has no trained error model
[2025-07-09 17:10:02.170] [jointLog] [warning] read 1cd99426-f59b-483a-a3df-984b6a80ab10 (length 34136) has no trained clipping model
[2025-07-09 17:10:02.170] [jointLog] [warning] read 1cd99426-f59b-483a-a3df-984b6a80ab10 (length 34136) has no trained clipping model
[2025-07-09 17:10:02.170] [jointLog] [warning] read 0b9926c0-0a96-42bd-a325-295f966a9ce3 (length 11226) has no trained clipping model
[2025-07-09 17:10:02.170] [jointLog] [warning] read 3945c1cc-9a23-4509-9a1f-1c46268915b3 (length 12045) has no trained clipping model
[2025-07-09 17:10:02.170] [jointLog] [warning] read e5d643a1-2612-4c6f-8a33-b50a6dd5c0b1 (length 13550 - align length 775) has no trained error model
[2025-07-09 17:10:02.170] [jointLog] [warning] read e5d643a1-2612-4c6f-8a33-b50a6dd5c0b1 (length 13550) has no trained clipping model
[2025-07-09 17:10:02.170] [jointLog] [warning] read e5d643a1-2612-4c6f-8a33-b50a6dd5c0b1 (length 13550) has no trained clipping model
[2025-07-09 17:10:02.170] [jointLog] [warning] read 2f2f5867-cbb1-474e-be35-13f774fa6423 (length 27538 - align length 2007) has no trained error model
[2025-07-09 17:10:02.170] [jointLog] [warning] read 2f2f5867-cbb1-474e-be35-13f774fa6423 (length 27538) has no trained clipping model
[2025-07-09 17:10:02.170] [jointLog] [warning] read 2f2f5867-cbb1-474e-be35-13f774fa6423 (length 27538) has no trained clipping model
[2025-07-09 17:10:02.170] [jointLog] [warning] read 0995e360-280b-467c-8aa3-f21780352bda (length 270899 - align length 379) has no trained error model
[2025-07-09 17:10:02.170] [jointLog] [warning] read 0995e360-280b-467c-8aa3-f21780352bda (length 270899) has no trained clipping model
[2025-07-09 17:10:02.170] [jointLog] [warning] read 0995e360-280b-467c-8aa3-f21780352bda (length 270899) has no trained clipping model
[2025-07-09 17:10:02.170] [jointLog] [warning] read 24401394-a9f1-4e1f-a102-62b81eafb9a0 (length 20400 - align length 275) has no trained error model
[2025-07-09 17:10:02.170] [jointLog] [warning] read 24401394-a9f1-4e1f-a102-62b81eafb9a0 (length 20400) has no trained clipping model
[2025-07-09 17:10:02.170] [jointLog] [warning] read 24401394-a9f1-4e1f-a102-62b81eafb9a0 (length 20400) has no trained clipping model
[2025-07-09 17:10:02.170] [jointLog] [warning] read 8d937e91-2dcc-4bc7-8be1-967205a0bf42 (length 26650 - align length 375) has no trained error model
[2025-07-09 17:10:02.170] [jointLog] [warning] read 8d937e91-2dcc-4bc7-8be1-967205a0bf42 (length 26650) has no trained clipping model
[2025-07-09 17:10:02.170] [jointLog] [warning] read 8d937e91-2dcc-4bc7-8be1-967205a0bf42 (length 26650) has no trained clipping model
[2025-07-09 17:10:02.170] [jointLog] [warning] read 64158aaa-89ef-42ee-90e8-1690437f519b (length 23530 - align length 937) has no trained error model
[2025-07-09 17:10:02.170] [jointLog] [warning] read 64158aaa-89ef-42ee-90e8-1690437f519b (length 23530) has no trained clipping model
[2025-07-09 17:10:02.170] [jointLog] [warning] read 64158aaa-89ef-42ee-90e8-1690437f519b (length 23530) has no trained clipping model
[2025-07-09 17:10:02.170] [jointLog] [warning] read 1c62ae4c-ae62-4c24-b6f2-2c2a2078a604 (length 149717 - align length 1318) has no trained error model
[2025-07-09 17:10:02.170] [jointLog] [warning] read 1c62ae4c-ae62-4c24-b6f2-2c2a2078a604 (length 149717) has no trained clipping model
[2025-07-09 17:10:02.170] [jointLog] [warning] read 1c62ae4c-ae62-4c24-b6f2-2c2a2078a604 (length 149717) has no trained clipping model
[2025-07-09 17:10:02.170] [jointLog] [warning] read 11b7d90b-96b8-4edf-ac64-e96f2d8aabb4 (length 54526 - align length 98) has no trained error model
[2025-07-09 17:10:02.170] [jointLog] [warning] read 11b7d90b-96b8-4edf-ac64-e96f2d8aabb4 (length 54526) has no trained clipping model
[2025-07-09 17:10:02.170] [jointLog] [warning] read 11b7d90b-96b8-4edf-ac64-e96f2d8aabb4 (length 54526) has no trained clipping model
[2025-07-09 17:10:02.170] [jointLog] [warning] read 348b7390-b807-435b-bd8e-fe2a74392515 (length 26812 - align length 2820) has no trained error model
[2025-07-09 17:10:02.170] [jointLog] [warning] read 348b7390-b807-435b-bd8e-fe2a74392515 (length 26812) has no trained clipping model
[2025-07-09 17:10:02.170] [jointLog] [warning] read 348b7390-b807-435b-bd8e-fe2a74392515 (length 26812) has no trained clipping model
[2025-07-09 17:10:02.170] [jointLog] [warning] read 7fd918eb-eac2-46e4-9920-d3fb7a9c93da (length 22287 - align length 1880) has no trained error model
[2025-07-09 17:10:02.170] [jointLog] [warning] read 7fd918eb-eac2-46e4-9920-d3fb7a9c93da (length 22287) has no trained clipping model
[2025-07-09 17:10:02.170] [jointLog] [warning] read 7fd918eb-eac2-46e4-9920-d3fb7a9c93da (length 22287) has no trained clipping model
[2025-07-09 17:10:02.170] [jointLog] [warning] read ad072029-2a89-4f35-9b03-0976a5a9aca5 (length 17142 - align length 336) has no trained error model
[2025-07-09 17:10:02.170] [jointLog] [warning] read ad072029-2a89-4f35-9b03-0976a5a9aca5 (length 17142) has no trained clipping model
[2025-07-09 17:10:02.170] [jointLog] [warning] read ad072029-2a89-4f35-9b03-0976a5a9aca5 (length 17142) has no trained clipping model
[2025-07-09 17:10:02.170] [jointLog] [warning] read 953eda95-0e31-46a7-9513-a0b29b309eab (length 121023 - align length 916) has no trained error model
[2025-07-09 17:10:02.170] [jointLog] [warning] read 953eda95-0e31-46a7-9513-a0b29b309eab (length 121023) has no trained clipping model
[2025-07-09 17:10:02.170] [jointLog] [warning] read 953eda95-0e31-46a7-9513-a0b29b309eab (length 121023) has no trained clipping model
[2025-07-09 17:10:02.170] [jointLog] [warning] read 8dfbe6ce-b58e-400c-850c-de70955989f5 (length 20003 - align length 1169) has no trained error model
[2025-07-09 17:10:02.170] [jointLog] [warning] read 8dfbe6ce-b58e-400c-850c-de70955989f5 (length 20003) has no trained clipping model
[2025-07-09 17:10:02.170] [jointLog] [warning] read 8dfbe6ce-b58e-400c-850c-de70955989f5 (length 20003) has no trained clipping model
[2025-07-09 17:10:02.170] [jointLog] [warning] read 06de419f-56ee-4bd4-a86a-728bb7ee3908 (length 358051 - align length 1072) has no trained error model
[2025-07-09 17:10:02.170] [jointLog] [warning] read 06de419f-56ee-4bd4-a86a-728bb7ee3908 (length 358051) has no trained clipping model
[2025-07-09 17:10:02.170] [jointLog] [warning] read 06de419f-56ee-4bd4-a86a-728bb7ee3908 (length 358051) has no trained clipping model
[2025-07-09 17:10:02.170] [jointLog] [warning] read c43baf15-96f6-44c0-9ce2-ce603cf8f71f (length 15700 - align length 79) has no trained error model
[2025-07-09 17:10:02.170] [jointLog] [warning] read c43baf15-96f6-44c0-9ce2-ce603cf8f71f (length 15700) has no trained clipping model
[2025-07-09 17:10:02.170] [jointLog] [warning] read c43baf15-96f6-44c0-9ce2-ce603cf8f71f (length 15700) has no trained clipping model
[2025-07-09 17:10:02.170] [jointLog] [warning] read ef91c9c2-8c22-4256-a2fe-c45e07ad065f (length 18268 - align length 1406) has no trained error model
[2025-07-09 17:10:02.170] [jointLog] [warning] read ef91c9c2-8c22-4256-a2fe-c45e07ad065f (length 18268) has no trained clipping model
[2025-07-09 17:10:02.170] [jointLog] [warning] read ef91c9c2-8c22-4256-a2fe-c45e07ad065f (length 18268) has no trained clipping model
[2025-07-09 17:10:02.170] [jointLog] [warning] read 23b3908c-c0d5-4722-84cd-2e3d2bed08f6 (length 36090 - align length 486) has no trained error model
[2025-07-09 17:10:02.170] [jointLog] [warning] read 23b3908c-c0d5-4722-84cd-2e3d2bed08f6 (length 36090) has no trained clipping model
[2025-07-09 17:10:02.170] [jointLog] [warning] read 23b3908c-c0d5-4722-84cd-2e3d2bed08f6 (length 36090) has no trained clipping model
[2025-07-09 17:10:02.171] [jointLog] [warning] read a3c59a62-552f-48dc-a18b-d2014b16d4a6 (length 18926 - align length 512) has no trained error model
[2025-07-09 17:10:02.171] [jointLog] [warning] read a3c59a62-552f-48dc-a18b-d2014b16d4a6 (length 18926) has no trained clipping model
[2025-07-09 17:10:02.171] [jointLog] [warning] read a3c59a62-552f-48dc-a18b-d2014b16d4a6 (length 18926) has no trained clipping model
[2025-07-09 17:10:02.171] [jointLog] [warning] read c40a30df-1850-4d9c-ac82-deaee47412c1 (length 43069 - align length 127) has no trained error model
[2025-07-09 17:10:02.171] [jointLog] [warning] read c40a30df-1850-4d9c-ac82-deaee47412c1 (length 43069) has no trained clipping model
[2025-07-09 17:10:02.171] [jointLog] [warning] read c40a30df-1850-4d9c-ac82-deaee47412c1 (length 43069) has no trained clipping model
[2025-07-09 17:10:02.172] [jointLog] [warning] read 08f3cfec-fffc-4386-9875-40f8fe9f2131 (length 15459 - align length 15303) has no trained error model
[2025-07-09 17:10:02.172] [jointLog] [warning] read 08f3cfec-fffc-4386-9875-40f8fe9f2131 (length 15459) has no trained clipping model
[2025-07-09 17:10:02.172] [jointLog] [warning] read 08f3cfec-fffc-4386-9875-40f8fe9f2131 (length 15459) has no trained clipping model
[2025-07-09 17:10:03.271] [jointLog] [warning] read ec0b4532-e12f-4551-81de-287fcace4cd5 (length 12603 - align length 12567) has no trained error model
[2025-07-09 17:10:03.271] [jointLog] [warning] read ec0b4532-e12f-4551-81de-287fcace4cd5 (length 12603) has no trained clipping model
[2025-07-09 17:10:03.271] [jointLog] [warning] read ec0b4532-e12f-4551-81de-287fcace4cd5 (length 12603) has no trained clipping model
[2025-07-09 17:10:03.902] [jointLog] [warning] read eda44c67-2b84-4e67-84c5-d25e123a740e (length 75896 - align length 122) has no trained error model
[2025-07-09 17:10:03.902] [jointLog] [warning] read eda44c67-2b84-4e67-84c5-d25e123a740e (length 75896) has no trained clipping model
[2025-07-09 17:10:03.902] [jointLog] [warning] read eda44c67-2b84-4e67-84c5-d25e123a740e (length 75896) has no trained clipping model
[2025-07-09 17:10:03.902] [jointLog] [warning] read 127580a5-d93b-43ef-93db-d447f83bd954 (length 43197 - align length 54) has no trained error model
[2025-07-09 17:10:03.902] [jointLog] [warning] read 127580a5-d93b-43ef-93db-d447f83bd954 (length 43197) has no trained clipping model
[2025-07-09 17:10:03.902] [jointLog] [warning] read 127580a5-d93b-43ef-93db-d447f83bd954 (length 43197) has no trained clipping model
[2025-07-09 17:10:03.902] [jointLog] [warning] read d6e3ebff-b9a6-45c6-ad69-e6917c38b793 (length 53977 - align length 469) has no trained error model
[2025-07-09 17:10:03.902] [jointLog] [warning] read d6e3ebff-b9a6-45c6-ad69-e6917c38b793 (length 53977) has no trained clipping model
[2025-07-09 17:10:03.902] [jointLog] [warning] read d6e3ebff-b9a6-45c6-ad69-e6917c38b793 (length 53977) has no trained clipping model
[2025-07-09 17:10:03.902] [jointLog] [warning] read 7b86a5dd-6580-4b1f-b870-9309e160caea (length 13642 - align length 87) has no trained error model
[2025-07-09 17:10:03.902] [jointLog] [warning] read 7b86a5dd-6580-4b1f-b870-9309e160caea (length 13642) has no trained clipping model
[2025-07-09 17:10:03.902] [jointLog] [warning] read 7b86a5dd-6580-4b1f-b870-9309e160caea (length 13642) has no trained clipping model
[2025-07-09 17:10:03.902] [jointLog] [warning] read b37784fb-2530-40a1-816a-1bd2fee5177c (length 26625 - align length 861) has no trained error model
[2025-07-09 17:10:03.902] [jointLog] [warning] read b37784fb-2530-40a1-816a-1bd2fee5177c (length 26625) has no trained clipping model
[2025-07-09 17:10:03.902] [jointLog] [warning] read b37784fb-2530-40a1-816a-1bd2fee5177c (length 26625) has no trained clipping model
[2025-07-09 17:10:03.902] [jointLog] [warning] read ff64084b-3e63-4e26-b06f-8ba46b7891d7 (length 24955 - align length 1438) has no trained error model
[2025-07-09 17:10:03.902] [jointLog] [warning] read ff64084b-3e63-4e26-b06f-8ba46b7891d7 (length 24955) has no trained clipping model
[2025-07-09 17:10:03.902] [jointLog] [warning] read ff64084b-3e63-4e26-b06f-8ba46b7891d7 (length 24955) has no trained clipping model
[2025-07-09 17:10:03.902] [jointLog] [warning] read 9269ca20-39ea-4a5e-9f2a-b05406116df6 (length 28951 - align length 2771) has no trained error model
[2025-07-09 17:10:03.902] [jointLog] [warning] read 9269ca20-39ea-4a5e-9f2a-b05406116df6 (length 28951) has no trained clipping model
[2025-07-09 17:10:03.903] [jointLog] [warning] read 9269ca20-39ea-4a5e-9f2a-b05406116df6 (length 28951) has no trained clipping model
[2025-07-09 17:10:03.903] [jointLog] [warning] read c0add2d4-5cb5-460d-b85c-4e667c0e747d (length 16294 - align length 16021) has no trained error model
[2025-07-09 17:10:03.903] [jointLog] [warning] read c0add2d4-5cb5-460d-b85c-4e667c0e747d (length 16294) has no trained clipping model
[2025-07-09 17:10:03.903] [jointLog] [warning] read c0add2d4-5cb5-460d-b85c-4e667c0e747d (length 16294) has no trained clipping model
[2025-07-09 17:10:03.903] [jointLog] [warning] read 911ddeb6-0515-4c01-b091-3d57a1d4d53c (length 11734) has no trained clipping model
[2025-07-09 17:10:03.923] [jointLog] [warning] read 0a018a6f-c804-442b-9f27-5c8e0991baa2 (length 12994 - align length 12898) has no trained error model
[2025-07-09 17:10:03.923] [jointLog] [warning] read 0a018a6f-c804-442b-9f27-5c8e0991baa2 (length 12994) has no trained clipping model
[2025-07-09 17:10:03.923] [jointLog] [warning] read 0a018a6f-c804-442b-9f27-5c8e0991baa2 (length 12994) has no trained clipping model
[2025-07-09 17:10:04.054] [jointLog] [warning] read e6f73fd6-a359-4068-82bf-8696b60515a7 (length 11272) has no trained clipping model
[2025-07-09 17:10:04.166] [jointLog] [warning] read 0166c8b9-67b8-4379-bdab-5898d4350f55 (length 12539 - align length 12535) has no trained error model
[2025-07-09 17:10:06.654] [jointLog] [warning] read 2df2b4d3-0d08-4f2c-99af-6665d6dfe9c0 (length 14341 - align length 14285) has no trained error model
[2025-07-09 17:10:06.654] [jointLog] [warning] read 2df2b4d3-0d08-4f2c-99af-6665d6dfe9c0 (length 14341) has no trained clipping model
[2025-07-09 17:10:06.654] [jointLog] [warning] read 2df2b4d3-0d08-4f2c-99af-6665d6dfe9c0 (length 14341) has no trained clipping model
[2025-07-09 17:10:06.652] [fileLog] [info] quantification processed 14000000 fragments so far

[2025-07-09 17:10:09.526] [jointLog] [warning] read 306ca340-bd30-4e3b-83b0-630cf4922df6 (length 16079 - align length 14575) has no trained error model
[2025-07-09 17:10:09.526] [jointLog] [warning] read 306ca340-bd30-4e3b-83b0-630cf4922df6 (length 16079) has no trained clipping model
[2025-07-09 17:10:09.526] [jointLog] [warning] read 306ca340-bd30-4e3b-83b0-630cf4922df6 (length 16079) has no trained clipping model
[2025-07-09 17:10:09.526] [jointLog] [warning] read 77d37264-43c4-4799-950d-0dad03a80a49 (length 13523 - align length 346) has no trained error model
[2025-07-09 17:10:09.526] [jointLog] [warning] read 77d37264-43c4-4799-950d-0dad03a80a49 (length 13523) has no trained clipping model
[2025-07-09 17:10:09.526] [jointLog] [warning] read 77d37264-43c4-4799-950d-0dad03a80a49 (length 13523) has no trained clipping model
[2025-07-09 17:10:09.526] [jointLog] [warning] read cb11fd9f-13e6-4e30-a28d-8711333fc074 (length 35589 - align length 504) has no trained error model
[2025-07-09 17:10:09.526] [jointLog] [warning] read cb11fd9f-13e6-4e30-a28d-8711333fc074 (length 35589) has no trained clipping model
[2025-07-09 17:10:09.526] [jointLog] [warning] read cb11fd9f-13e6-4e30-a28d-8711333fc074 (length 35589) has no trained clipping model
[2025-07-09 17:10:09.526] [jointLog] [warning] read 2f7d4eba-1f1d-49ee-a730-fa60de907d70 (length 64175 - align length 865) has no trained error model
[2025-07-09 17:10:09.526] [jointLog] [warning] read 2f7d4eba-1f1d-49ee-a730-fa60de907d70 (length 64175) has no trained clipping model
[2025-07-09 17:10:09.526] [jointLog] [warning] read 2f7d4eba-1f1d-49ee-a730-fa60de907d70 (length 64175) has no trained clipping model
[2025-07-09 17:10:09.526] [jointLog] [warning] read 92d9c8e1-bcad-4317-8943-419a8c369dbe (length 49292 - align length 3532) has no trained error model
[2025-07-09 17:10:09.526] [jointLog] [warning] read 92d9c8e1-bcad-4317-8943-419a8c369dbe (length 49292) has no trained clipping model
[2025-07-09 17:10:09.526] [jointLog] [warning] read 92d9c8e1-bcad-4317-8943-419a8c369dbe (length 49292) has no trained clipping model
[2025-07-09 17:10:09.526] [jointLog] [warning] read 7ff382f0-3a1a-4d35-bcbd-05aa14593097 (length 31892 - align length 85) has no trained error model
[2025-07-09 17:10:09.526] [jointLog] [warning] read 7ff382f0-3a1a-4d35-bcbd-05aa14593097 (length 31892) has no trained clipping model
[2025-07-09 17:10:09.526] [jointLog] [warning] read 7ff382f0-3a1a-4d35-bcbd-05aa14593097 (length 31892) has no trained clipping model
[2025-07-09 17:10:09.526] [jointLog] [warning] read 0305d07d-6f00-4f1c-bda7-0bf0111d4760 (length 58702 - align length 1633) has no trained error model
[2025-07-09 17:10:09.526] [jointLog] [warning] read 0305d07d-6f00-4f1c-bda7-0bf0111d4760 (length 58702) has no trained clipping model
[2025-07-09 17:10:09.526] [jointLog] [warning] read 0305d07d-6f00-4f1c-bda7-0bf0111d4760 (length 58702) has no trained clipping model
[2025-07-09 17:10:09.526] [jointLog] [warning] read 426af596-1238-4ed6-b320-75bde0a5df65 (length 13132 - align length 13004) has no trained error model
[2025-07-09 17:10:09.526] [jointLog] [warning] read 426af596-1238-4ed6-b320-75bde0a5df65 (length 13132) has no trained clipping model
[2025-07-09 17:10:09.526] [jointLog] [warning] read 426af596-1238-4ed6-b320-75bde0a5df65 (length 13132) has no trained clipping model
[2025-07-09 17:10:09.526] [jointLog] [warning] read b7a46db3-3b27-4e67-beaa-7c455ea3eaaa (length 70852 - align length 208) has no trained error model
[2025-07-09 17:10:09.526] [jointLog] [warning] read b7a46db3-3b27-4e67-beaa-7c455ea3eaaa (length 70852) has no trained clipping model
[2025-07-09 17:10:09.526] [jointLog] [warning] read b7a46db3-3b27-4e67-beaa-7c455ea3eaaa (length 70852) has no trained clipping model
[2025-07-09 17:10:09.527] [jointLog] [warning] read cea664b4-cfee-4c46-b800-774467efd765 (length 14019 - align length 13951) has no trained error model
[2025-07-09 17:10:09.527] [jointLog] [warning] read cea664b4-cfee-4c46-b800-774467efd765 (length 14019) has no trained clipping model
[2025-07-09 17:10:09.527] [jointLog] [warning] read cea664b4-cfee-4c46-b800-774467efd765 (length 14019) has no trained clipping model
[2025-07-09 17:10:09.527] [jointLog] [warning] read d3d41bee-4789-4253-aba6-095fb87178d4 (length 36480 - align length 757) has no trained error model
[2025-07-09 17:10:09.527] [jointLog] [warning] read d3d41bee-4789-4253-aba6-095fb87178d4 (length 36480) has no trained clipping model
[2025-07-09 17:10:09.527] [jointLog] [warning] read d3d41bee-4789-4253-aba6-095fb87178d4 (length 36480) has no trained clipping model
[2025-07-09 17:10:09.527] [jointLog] [warning] read 23cb4065-6714-4cdf-8c17-7d79cdd675a9 (length 22902 - align length 524) has no trained error model
[2025-07-09 17:10:09.527] [jointLog] [warning] read 23cb4065-6714-4cdf-8c17-7d79cdd675a9 (length 22902) has no trained clipping model
[2025-07-09 17:10:09.527] [jointLog] [warning] read 23cb4065-6714-4cdf-8c17-7d79cdd675a9 (length 22902) has no trained clipping model
[2025-07-09 17:10:09.527] [jointLog] [warning] read 2040aae6-629f-4652-ab17-31b42c51d479 (length 14400 - align length 185) has no trained error model
[2025-07-09 17:10:09.527] [jointLog] [warning] read 2040aae6-629f-4652-ab17-31b42c51d479 (length 14400) has no trained clipping model
[2025-07-09 17:10:09.527] [jointLog] [warning] read 2040aae6-629f-4652-ab17-31b42c51d479 (length 14400) has no trained clipping model
[2025-07-09 17:10:09.527] [jointLog] [warning] read 6ec608cb-4c26-4e6d-9df0-dc0c2df4191c (length 21476 - align length 134) has no trained error model
[2025-07-09 17:10:09.527] [jointLog] [warning] read 6ec608cb-4c26-4e6d-9df0-dc0c2df4191c (length 21476) has no trained clipping model
[2025-07-09 17:10:09.527] [jointLog] [warning] read 6ec608cb-4c26-4e6d-9df0-dc0c2df4191c (length 21476) has no trained clipping model
[2025-07-09 17:10:09.527] [jointLog] [warning] read 237b3feb-41e4-4aca-ae75-49e81a9735eb (length 11215) has no trained clipping model
[2025-07-09 17:10:09.527] [jointLog] [warning] read 7be4be33-dc51-43d5-8406-1f4f06117889 (length 14040 - align length 286) has no trained error model
[2025-07-09 17:10:09.527] [jointLog] [warning] read 7be4be33-dc51-43d5-8406-1f4f06117889 (length 14040) has no trained clipping model
[2025-07-09 17:10:09.527] [jointLog] [warning] read 7be4be33-dc51-43d5-8406-1f4f06117889 (length 14040) has no trained clipping model
[2025-07-09 17:10:09.527] [jointLog] [warning] read b9b5d201-ad69-467e-b017-2a227ff5b278 (length 36749 - align length 1862) has no trained error model
[2025-07-09 17:10:09.527] [jointLog] [warning] read b9b5d201-ad69-467e-b017-2a227ff5b278 (length 36749) has no trained clipping model
[2025-07-09 17:10:09.527] [jointLog] [warning] read b9b5d201-ad69-467e-b017-2a227ff5b278 (length 36749) has no trained clipping model
[2025-07-09 17:10:17.898] [jointLog] [warning] read 54065f95-fd78-45cc-93f4-d0e9f491b6ee (length 12099) has no trained clipping model
[2025-07-09 17:10:18.167] [jointLog] [warning] read f3d94877-4f26-4734-8d6e-7159dd33f36c (length 12166 - align length 12134) has no trained error model
[2025-07-09 17:10:18.167] [jointLog] [warning] read f3d94877-4f26-4734-8d6e-7159dd33f36c (length 12166) has no trained clipping model
[2025-07-09 17:10:18.167] [jointLog] [warning] read f3d94877-4f26-4734-8d6e-7159dd33f36c (length 12166) has no trained clipping model
[2025-07-09 17:10:19.061] [jointLog] [warning] read f130748a-a2b0-461d-b05c-6ea1e5ee63ed (length 12783 - align length 12744) has no trained error model
[2025-07-09 17:10:19.061] [jointLog] [warning] read f130748a-a2b0-461d-b05c-6ea1e5ee63ed (length 12783) has no trained clipping model
[2025-07-09 17:10:19.061] [jointLog] [warning] read f130748a-a2b0-461d-b05c-6ea1e5ee63ed (length 12783) has no trained clipping model
[2025-07-09 17:10:36.748] [jointLog] [warning] read 7dc8e7c5-2cf4-4bcc-8aeb-b4614d88f5e0 (length 19122 - align length 136) has no trained error model
[2025-07-09 17:10:36.748] [jointLog] [warning] read 7dc8e7c5-2cf4-4bcc-8aeb-b4614d88f5e0 (length 19122) has no trained clipping model
[2025-07-09 17:10:36.748] [jointLog] [warning] read 7dc8e7c5-2cf4-4bcc-8aeb-b4614d88f5e0 (length 19122) has no trained clipping model
[2025-07-09 17:10:36.748] [jointLog] [warning] read 5d86261f-bce1-4f51-8e08-e531919e9756 (length 16796 - align length 16683) has no trained error model
[2025-07-09 17:10:36.748] [jointLog] [warning] read 5d86261f-bce1-4f51-8e08-e531919e9756 (length 16796) has no trained clipping model
[2025-07-09 17:10:36.748] [jointLog] [warning] read 5d86261f-bce1-4f51-8e08-e531919e9756 (length 16796) has no trained clipping model
[2025-07-09 17:10:36.748] [jointLog] [warning] read 260d0358-435c-47b3-9fd8-2590f4cf97dd (length 42663 - align length 156) has no trained error model
[2025-07-09 17:10:36.748] [jointLog] [warning] read 260d0358-435c-47b3-9fd8-2590f4cf97dd (length 42663) has no trained clipping model
[2025-07-09 17:10:36.748] [jointLog] [warning] read 260d0358-435c-47b3-9fd8-2590f4cf97dd (length 42663) has no trained clipping model
[2025-07-09 17:10:36.748] [jointLog] [warning] read 1ff8f45e-9998-4506-9328-47f640642766 (length 16004 - align length 604) has no trained error model
[2025-07-09 17:10:36.748] [jointLog] [warning] read 1ff8f45e-9998-4506-9328-47f640642766 (length 16004) has no trained clipping model
[2025-07-09 17:10:36.748] [jointLog] [warning] read 1ff8f45e-9998-4506-9328-47f640642766 (length 16004) has no trained clipping model
[2025-07-09 17:10:36.748] [jointLog] [warning] read 5cc07589-3fff-4948-8350-5009c77fb0b6 (length 42029 - align length 209) has no trained error model
[2025-07-09 17:10:36.748] [jointLog] [warning] read 5cc07589-3fff-4948-8350-5009c77fb0b6 (length 42029) has no trained clipping model
[2025-07-09 17:10:36.748] [jointLog] [warning] read 5cc07589-3fff-4948-8350-5009c77fb0b6 (length 42029) has no trained clipping model
[2025-07-09 17:10:36.748] [jointLog] [warning] read 7f0525bf-d372-4b67-974e-ee989e25881b (length 14124 - align length 89) has no trained error model
[2025-07-09 17:10:36.748] [jointLog] [warning] read 7f0525bf-d372-4b67-974e-ee989e25881b (length 14124) has no trained clipping model
[2025-07-09 17:10:36.748] [jointLog] [warning] read 7f0525bf-d372-4b67-974e-ee989e25881b (length 14124) has no trained clipping model
[2025-07-09 17:10:36.748] [jointLog] [warning] read 3e6e22ae-3a08-4665-aa5c-c4a0ce7c5c42 (length 14739 - align length 14605) has no trained error model
[2025-07-09 17:10:36.748] [jointLog] [warning] read a16a6331-39c2-42aa-9930-702cfc32410a (length 23834 - align length 3325) has no trained error model
[2025-07-09 17:10:36.748] [jointLog] [warning] read a16a6331-39c2-42aa-9930-702cfc32410a (length 23834) has no trained clipping model
[2025-07-09 17:10:36.748] [jointLog] [warning] read a16a6331-39c2-42aa-9930-702cfc32410a (length 23834) has no trained clipping model
[2025-07-09 17:10:36.748] [jointLog] [warning] read abdbbcb9-3294-4afc-a06f-aa3367e33893 (length 17465 - align length 797) has no trained error model
[2025-07-09 17:10:36.748] [jointLog] [warning] read abdbbcb9-3294-4afc-a06f-aa3367e33893 (length 17465) has no trained clipping model
[2025-07-09 17:10:36.748] [jointLog] [warning] read abdbbcb9-3294-4afc-a06f-aa3367e33893 (length 17465) has no trained clipping model
[2025-07-09 17:10:36.748] [jointLog] [warning] read eaecb535-0f7f-4ecc-8806-e4a5ed90d567 (length 14484 - align length 146) has no trained error model
[2025-07-09 17:10:36.748] [jointLog] [warning] read eaecb535-0f7f-4ecc-8806-e4a5ed90d567 (length 14484) has no trained clipping model
[2025-07-09 17:10:36.748] [jointLog] [warning] read eaecb535-0f7f-4ecc-8806-e4a5ed90d567 (length 14484) has no trained clipping model
[2025-07-09 17:10:36.748] [jointLog] [warning] read fd28df38-92b0-4af2-b53d-320d14175278 (length 18698 - align length 134) has no trained error model
[2025-07-09 17:10:36.748] [jointLog] [warning] read fd28df38-92b0-4af2-b53d-320d14175278 (length 18698) has no trained clipping model
[2025-07-09 17:10:36.748] [jointLog] [warning] read fd28df38-92b0-4af2-b53d-320d14175278 (length 18698) has no trained clipping model
[2025-07-09 17:10:36.748] [jointLog] [warning] read 791f9476-44d0-4b85-80e3-076deb496b7c (length 55083 - align length 289) has no trained error model
[2025-07-09 17:10:36.748] [jointLog] [warning] read 791f9476-44d0-4b85-80e3-076deb496b7c (length 55083) has no trained clipping model
[2025-07-09 17:10:36.748] [jointLog] [warning] read 791f9476-44d0-4b85-80e3-076deb496b7c (length 55083) has no trained clipping model
[2025-07-09 17:10:36.748] [jointLog] [warning] read eec7e12a-3935-47ae-91b3-612e2bda2feb (length 27845 - align length 466) has no trained error model
[2025-07-09 17:10:36.748] [jointLog] [warning] read eec7e12a-3935-47ae-91b3-612e2bda2feb (length 27845) has no trained clipping model
[2025-07-09 17:10:36.748] [jointLog] [warning] read eec7e12a-3935-47ae-91b3-612e2bda2feb (length 27845) has no trained clipping model
[2025-07-09 17:10:36.748] [jointLog] [warning] read 90ebf2d0-629d-4af2-9e02-e9be1a8292e2 (length 12924 - align length 323) has no trained error model
[2025-07-09 17:10:36.748] [jointLog] [warning] read 90ebf2d0-629d-4af2-9e02-e9be1a8292e2 (length 12924) has no trained clipping model
[2025-07-09 17:10:36.748] [jointLog] [warning] read 90ebf2d0-629d-4af2-9e02-e9be1a8292e2 (length 12924) has no trained clipping model
[2025-07-09 17:10:36.748] [jointLog] [warning] read a47727a9-0686-4a0a-8f74-2b1d890c0827 (length 34060 - align length 398) has no trained error model
[2025-07-09 17:10:36.748] [jointLog] [warning] read a47727a9-0686-4a0a-8f74-2b1d890c0827 (length 34060) has no trained clipping model
[2025-07-09 17:10:36.748] [jointLog] [warning] read a47727a9-0686-4a0a-8f74-2b1d890c0827 (length 34060) has no trained clipping model
[2025-07-09 17:10:36.748] [jointLog] [warning] read b712ac4f-0639-4e75-a904-3ce2c4d72281 (length 33090 - align length 453) has no trained error model
[2025-07-09 17:10:36.748] [jointLog] [warning] read b712ac4f-0639-4e75-a904-3ce2c4d72281 (length 33090) has no trained clipping model
[2025-07-09 17:10:36.748] [jointLog] [warning] read b712ac4f-0639-4e75-a904-3ce2c4d72281 (length 33090) has no trained clipping model
[2025-07-09 17:10:36.748] [jointLog] [warning] read bf07b4cb-7705-4dc7-9da0-0ff180e76f1e (length 67411 - align length 369) has no trained error model
[2025-07-09 17:10:36.748] [jointLog] [warning] read bf07b4cb-7705-4dc7-9da0-0ff180e76f1e (length 67411) has no trained clipping model
[2025-07-09 17:10:36.748] [jointLog] [warning] read bf07b4cb-7705-4dc7-9da0-0ff180e76f1e (length 67411) has no trained clipping model
[2025-07-09 17:10:36.748] [jointLog] [warning] read 347a5c32-ce4c-4662-975f-fd6277a77f88 (length 21078 - align length 1172) has no trained error model
[2025-07-09 17:10:36.748] [jointLog] [warning] read 347a5c32-ce4c-4662-975f-fd6277a77f88 (length 21078) has no trained clipping model
[2025-07-09 17:10:36.748] [jointLog] [warning] read 347a5c32-ce4c-4662-975f-fd6277a77f88 (length 21078) has no trained clipping model
[2025-07-09 17:10:36.748] [jointLog] [warning] read 770aec39-56b0-4c28-82b9-bfe2c7a85b60 (length 22043 - align length 1637) has no trained error model
[2025-07-09 17:10:36.748] [jointLog] [warning] read 770aec39-56b0-4c28-82b9-bfe2c7a85b60 (length 22043) has no trained clipping model
[2025-07-09 17:10:36.748] [jointLog] [warning] read 770aec39-56b0-4c28-82b9-bfe2c7a85b60 (length 22043) has no trained clipping model
[2025-07-09 17:10:36.748] [jointLog] [warning] read 679ee906-f81b-4784-87af-a3566a887efa (length 19526 - align length 365) has no trained error model
[2025-07-09 17:10:36.748] [jointLog] [warning] read 679ee906-f81b-4784-87af-a3566a887efa (length 19526) has no trained clipping model
[2025-07-09 17:10:36.748] [jointLog] [warning] read 679ee906-f81b-4784-87af-a3566a887efa (length 19526) has no trained clipping model
[2025-07-09 17:10:36.749] [jointLog] [warning] read 8d4a7f5b-c725-42cd-bd02-3a4e4b81a44e (length 16339 - align length 981) has no trained error model
[2025-07-09 17:10:36.749] [jointLog] [warning] read 8d4a7f5b-c725-42cd-bd02-3a4e4b81a44e (length 16339) has no trained clipping model
[2025-07-09 17:10:36.749] [jointLog] [warning] read 8d4a7f5b-c725-42cd-bd02-3a4e4b81a44e (length 16339) has no trained clipping model
[2025-07-09 17:10:36.749] [jointLog] [warning] read db9c2983-f30d-43f4-9e64-dd661cbe636a (length 17044 - align length 466) has no trained error model
[2025-07-09 17:10:36.749] [jointLog] [warning] read db9c2983-f30d-43f4-9e64-dd661cbe636a (length 17044) has no trained clipping model
[2025-07-09 17:10:36.749] [jointLog] [warning] read db9c2983-f30d-43f4-9e64-dd661cbe636a (length 17044) has no trained clipping model
[2025-07-09 17:10:36.749] [jointLog] [warning] read cd199423-6314-41ff-964d-bb92d84029ad (length 37361 - align length 1668) has no trained error model
[2025-07-09 17:10:36.749] [jointLog] [warning] read cd199423-6314-41ff-964d-bb92d84029ad (length 37361) has no trained clipping model
[2025-07-09 17:10:36.749] [jointLog] [warning] read cd199423-6314-41ff-964d-bb92d84029ad (length 37361) has no trained clipping model
[2025-07-09 17:10:36.749] [jointLog] [warning] read 603600d4-fb37-4e22-bdf8-34b7b1254bc9 (length 68480 - align length 1050) has no trained error model
[2025-07-09 17:10:36.749] [jointLog] [warning] read 603600d4-fb37-4e22-bdf8-34b7b1254bc9 (length 68480) has no trained clipping model
[2025-07-09 17:10:36.749] [jointLog] [warning] read 603600d4-fb37-4e22-bdf8-34b7b1254bc9 (length 68480) has no trained clipping model
[2025-07-09 17:10:36.749] [jointLog] [warning] read 70247990-c9a5-4796-9acf-8dc6af6057b4 (length 56050 - align length 598) has no trained error model
[2025-07-09 17:10:36.749] [jointLog] [warning] read 70247990-c9a5-4796-9acf-8dc6af6057b4 (length 56050) has no trained clipping model
[2025-07-09 17:10:36.749] [jointLog] [warning] read 70247990-c9a5-4796-9acf-8dc6af6057b4 (length 56050) has no trained clipping model
[2025-07-09 17:10:36.749] [jointLog] [warning] read b9d04109-8570-4036-8542-2d9e26b84169 (length 12194 - align length 1285) has no trained error model
[2025-07-09 17:10:36.749] [jointLog] [warning] read b9d04109-8570-4036-8542-2d9e26b84169 (length 12194) has no trained clipping model
[2025-07-09 17:10:36.749] [jointLog] [warning] read b9d04109-8570-4036-8542-2d9e26b84169 (length 12194) has no trained clipping model
[2025-07-09 17:10:36.749] [jointLog] [warning] read 3e09f93e-b096-4e5b-a43f-d930b8d7b683 (length 22436 - align length 1086) has no trained error model
[2025-07-09 17:10:36.749] [jointLog] [warning] read 3e09f93e-b096-4e5b-a43f-d930b8d7b683 (length 22436) has no trained clipping model
[2025-07-09 17:10:36.749] [jointLog] [warning] read 3e09f93e-b096-4e5b-a43f-d930b8d7b683 (length 22436) has no trained clipping model
[2025-07-09 17:10:36.749] [jointLog] [warning] read 7ee2afb1-ce2e-4927-8299-1f93b1541338 (length 84845 - align length 148) has no trained error model
[2025-07-09 17:10:36.749] [jointLog] [warning] read 7ee2afb1-ce2e-4927-8299-1f93b1541338 (length 84845) has no trained clipping model
[2025-07-09 17:10:36.749] [jointLog] [warning] read 7ee2afb1-ce2e-4927-8299-1f93b1541338 (length 84845) has no trained clipping model
[2025-07-09 17:10:36.749] [jointLog] [warning] read 2f49514b-d738-4609-834e-364ef80a352e (length 23320 - align length 309) has no trained error model
[2025-07-09 17:10:36.749] [jointLog] [warning] read 2f49514b-d738-4609-834e-364ef80a352e (length 23320) has no trained clipping model
[2025-07-09 17:10:36.749] [jointLog] [warning] read 2f49514b-d738-4609-834e-364ef80a352e (length 23320) has no trained clipping model
[2025-07-09 17:10:36.749] [jointLog] [warning] read ceb0f084-dfcf-4e6d-95d3-6a6a9fd0c421 (length 19011 - align length 18950) has no trained error model
[2025-07-09 17:10:36.749] [jointLog] [warning] read ceb0f084-dfcf-4e6d-95d3-6a6a9fd0c421 (length 19011) has no trained clipping model
[2025-07-09 17:10:36.749] [jointLog] [warning] read ceb0f084-dfcf-4e6d-95d3-6a6a9fd0c421 (length 19011) has no trained clipping model
[2025-07-09 17:10:36.749] [jointLog] [warning] read e4c4a437-faaf-4246-a17d-a9b11ce49baf (length 19517 - align length 481) has no trained error model
[2025-07-09 17:10:36.749] [jointLog] [warning] read e4c4a437-faaf-4246-a17d-a9b11ce49baf (length 19517) has no trained clipping model
[2025-07-09 17:10:36.749] [jointLog] [warning] read e4c4a437-faaf-4246-a17d-a9b11ce49baf (length 19517) has no trained clipping model
[2025-07-09 17:10:36.749] [jointLog] [warning] read 790ade94-3c8d-4073-a993-02c8e41b2b7c (length 167235 - align length 1121) has no trained error model
[2025-07-09 17:10:36.749] [jointLog] [warning] read 790ade94-3c8d-4073-a993-02c8e41b2b7c (length 167235) has no trained clipping model
[2025-07-09 17:10:36.749] [jointLog] [warning] read 790ade94-3c8d-4073-a993-02c8e41b2b7c (length 167235) has no trained clipping model
[2025-07-09 17:10:36.749] [jointLog] [warning] read 8bbbaf2b-321d-47a0-8215-631f4a025f44 (length 23072 - align length 22908) has no trained error model
[2025-07-09 17:10:36.749] [jointLog] [warning] read 8bbbaf2b-321d-47a0-8215-631f4a025f44 (length 23072) has no trained clipping model
[2025-07-09 17:10:36.749] [jointLog] [warning] read 8bbbaf2b-321d-47a0-8215-631f4a025f44 (length 23072) has no trained clipping model
[2025-07-09 17:10:36.749] [jointLog] [warning] read ec270be0-bf10-41e9-b32a-747c7f672e6c (length 78819 - align length 201) has no trained error model
[2025-07-09 17:10:36.749] [jointLog] [warning] read ec270be0-bf10-41e9-b32a-747c7f672e6c (length 78819) has no trained clipping model
[2025-07-09 17:10:36.749] [jointLog] [warning] read ec270be0-bf10-41e9-b32a-747c7f672e6c (length 78819) has no trained clipping model
[2025-07-09 17:10:36.749] [jointLog] [warning] read 50f1ec34-9b14-4e00-b810-18f733890c92 (length 26945 - align length 336) has no trained error model
[2025-07-09 17:10:36.749] [jointLog] [warning] read 50f1ec34-9b14-4e00-b810-18f733890c92 (length 26945) has no trained clipping model
[2025-07-09 17:10:36.749] [jointLog] [warning] read 50f1ec34-9b14-4e00-b810-18f733890c92 (length 26945) has no trained clipping model
[2025-07-09 17:10:46.305] [jointLog] [warning] read d63a702e-ef78-4768-baa0-0a07f400be2c (length 12095) has no trained clipping model
[2025-07-09 17:10:48.568] [jointLog] [warning] read d060b973-62e0-4e23-b5bc-aa3a9e499fc6 (length 15442 - align length 15374) has no trained error model
[2025-07-09 17:10:48.568] [jointLog] [warning] read d060b973-62e0-4e23-b5bc-aa3a9e499fc6 (length 15442) has no trained clipping model
[2025-07-09 17:10:48.568] [jointLog] [warning] read d060b973-62e0-4e23-b5bc-aa3a9e499fc6 (length 15442) has no trained clipping model
[2025-07-09 17:10:48.568] [jointLog] [warning] read d4aa3fb0-ac11-463a-9ac0-c55c000adb7f (length 15187 - align length 188) has no trained error model
[2025-07-09 17:10:48.568] [jointLog] [warning] read d4aa3fb0-ac11-463a-9ac0-c55c000adb7f (length 15187) has no trained clipping model
[2025-07-09 17:10:48.568] [jointLog] [warning] read d4aa3fb0-ac11-463a-9ac0-c55c000adb7f (length 15187) has no trained clipping model
[2025-07-09 17:10:48.568] [jointLog] [warning] read 3ef46696-3f3a-49e7-a777-cfb546a4424c (length 61926 - align length 337) has no trained error model
[2025-07-09 17:10:48.568] [jointLog] [warning] read 3ef46696-3f3a-49e7-a777-cfb546a4424c (length 61926) has no trained clipping model
[2025-07-09 17:10:48.568] [jointLog] [warning] read 3ef46696-3f3a-49e7-a777-cfb546a4424c (length 61926) has no trained clipping model
[2025-07-09 17:10:48.568] [jointLog] [warning] read e1d74dec-4643-443a-9eb6-6b62b4c36c3f (length 13588 - align length 2296) has no trained error model
[2025-07-09 17:10:48.568] [jointLog] [warning] read e1d74dec-4643-443a-9eb6-6b62b4c36c3f (length 13588) has no trained clipping model
[2025-07-09 17:10:48.568] [jointLog] [warning] read e1d74dec-4643-443a-9eb6-6b62b4c36c3f (length 13588) has no trained clipping model
[2025-07-09 17:10:48.568] [jointLog] [warning] read 439e9fa1-eeb4-47a3-8d2a-e839196c8a07 (length 11258) has no trained clipping model
[2025-07-09 17:10:48.568] [jointLog] [warning] read e78b8d71-201b-449b-b337-d26774ce1a8f (length 35788 - align length 957) has no trained error model
[2025-07-09 17:10:48.568] [jointLog] [warning] read e78b8d71-201b-449b-b337-d26774ce1a8f (length 35788) has no trained clipping model
[2025-07-09 17:10:48.568] [jointLog] [warning] read e78b8d71-201b-449b-b337-d26774ce1a8f (length 35788) has no trained clipping model
[2025-07-09 17:10:48.568] [jointLog] [warning] read 3e7af86c-e69a-4fec-b3b8-1462842a173c (length 42852 - align length 474) has no trained error model
[2025-07-09 17:10:48.568] [jointLog] [warning] read 3e7af86c-e69a-4fec-b3b8-1462842a173c (length 42852) has no trained clipping model
[2025-07-09 17:10:48.568] [jointLog] [warning] read 3e7af86c-e69a-4fec-b3b8-1462842a173c (length 42852) has no trained clipping model
[2025-07-09 17:10:48.568] [jointLog] [warning] read ea611ec0-36b9-44f2-ade0-43b06884f0a0 (length 15875 - align length 120) has no trained error model
[2025-07-09 17:10:48.568] [jointLog] [warning] read ea611ec0-36b9-44f2-ade0-43b06884f0a0 (length 15875) has no trained clipping model
[2025-07-09 17:10:48.568] [jointLog] [warning] read ea611ec0-36b9-44f2-ade0-43b06884f0a0 (length 15875) has no trained clipping model
[2025-07-09 17:10:48.568] [jointLog] [warning] read 61dd2f01-d750-4367-a776-2e437b395995 (length 29905 - align length 496) has no trained error model
[2025-07-09 17:10:48.568] [jointLog] [warning] read 61dd2f01-d750-4367-a776-2e437b395995 (length 29905) has no trained clipping model
[2025-07-09 17:10:48.568] [jointLog] [warning] read 61dd2f01-d750-4367-a776-2e437b395995 (length 29905) has no trained clipping model
[2025-07-09 17:10:48.568] [jointLog] [warning] read ba8bcbae-7302-4d35-a0cd-a873ee829b78 (length 17503 - align length 95) has no trained error model
[2025-07-09 17:10:48.568] [jointLog] [warning] read ba8bcbae-7302-4d35-a0cd-a873ee829b78 (length 17503) has no trained clipping model
[2025-07-09 17:10:48.568] [jointLog] [warning] read ba8bcbae-7302-4d35-a0cd-a873ee829b78 (length 17503) has no trained clipping model
[2025-07-09 17:10:48.568] [jointLog] [warning] read 82bf841e-7ca7-4f41-b06e-84a43b8dcf78 (length 15532 - align length 121) has no trained error model
[2025-07-09 17:10:48.568] [jointLog] [warning] read 82bf841e-7ca7-4f41-b06e-84a43b8dcf78 (length 15532) has no trained clipping model
[2025-07-09 17:10:48.568] [jointLog] [warning] read 82bf841e-7ca7-4f41-b06e-84a43b8dcf78 (length 15532) has no trained clipping model
[2025-07-09 17:10:48.568] [jointLog] [warning] read b34b7f6e-abac-4a9b-9569-565e0d80ba89 (length 61751 - align length 124) has no trained error model
[2025-07-09 17:10:48.568] [jointLog] [warning] read b34b7f6e-abac-4a9b-9569-565e0d80ba89 (length 61751) has no trained clipping model
[2025-07-09 17:10:48.568] [jointLog] [warning] read b34b7f6e-abac-4a9b-9569-565e0d80ba89 (length 61751) has no trained clipping model
[2025-07-09 17:10:48.568] [jointLog] [warning] read b09a2392-3051-4792-8bf4-2a85418e0e4e (length 18814 - align length 574) has no trained error model
[2025-07-09 17:10:48.568] [jointLog] [warning] read b09a2392-3051-4792-8bf4-2a85418e0e4e (length 18814) has no trained clipping model
[2025-07-09 17:10:48.568] [jointLog] [warning] read b09a2392-3051-4792-8bf4-2a85418e0e4e (length 18814) has no trained clipping model
[2025-07-09 17:10:50.686] [jointLog] [warning] read f2df8c3d-a0e3-4711-85ca-86822c3ad268 (length 11788) has no trained clipping model
[2025-07-09 17:10:58.308] [fileLog] [info] quantification processed 15000000 fragments so far

[2025-07-09 17:10:59.551] [jointLog] [warning] read 1e5fcc8a-a9f9-4cf5-8154-d110b040b86b (length 12949 - align length 81) has no trained error model
[2025-07-09 17:10:59.551] [jointLog] [warning] read 1e5fcc8a-a9f9-4cf5-8154-d110b040b86b (length 12949) has no trained clipping model
[2025-07-09 17:10:59.551] [jointLog] [warning] read 1e5fcc8a-a9f9-4cf5-8154-d110b040b86b (length 12949) has no trained clipping model
[2025-07-09 17:10:59.551] [jointLog] [warning] read db6ba58c-8349-4821-b13e-a948c141b1f3 (length 39520 - align length 105) has no trained error model
[2025-07-09 17:10:59.551] [jointLog] [warning] read db6ba58c-8349-4821-b13e-a948c141b1f3 (length 39520) has no trained clipping model
[2025-07-09 17:10:59.551] [jointLog] [warning] read db6ba58c-8349-4821-b13e-a948c141b1f3 (length 39520) has no trained clipping model
[2025-07-09 17:10:59.551] [jointLog] [warning] read abc5109c-d47d-4175-b06a-e356e0661fd4 (length 40763 - align length 528) has no trained error model
[2025-07-09 17:10:59.551] [jointLog] [warning] read abc5109c-d47d-4175-b06a-e356e0661fd4 (length 40763) has no trained clipping model
[2025-07-09 17:10:59.551] [jointLog] [warning] read abc5109c-d47d-4175-b06a-e356e0661fd4 (length 40763) has no trained clipping model
[2025-07-09 17:10:59.551] [jointLog] [warning] read 7d731672-7558-4501-b18f-c0fb301ee826 (length 44639 - align length 138) has no trained error model
[2025-07-09 17:10:59.551] [jointLog] [warning] read 7d731672-7558-4501-b18f-c0fb301ee826 (length 44639) has no trained clipping model
[2025-07-09 17:10:59.551] [jointLog] [warning] read 7d731672-7558-4501-b18f-c0fb301ee826 (length 44639) has no trained clipping model
[2025-07-09 17:10:59.551] [jointLog] [warning] read 65477a5a-f753-445d-ac38-3adac41f4c60 (length 68312 - align length 476) has no trained error model
[2025-07-09 17:10:59.551] [jointLog] [warning] read 65477a5a-f753-445d-ac38-3adac41f4c60 (length 68312) has no trained clipping model
[2025-07-09 17:10:59.551] [jointLog] [warning] read 65477a5a-f753-445d-ac38-3adac41f4c60 (length 68312) has no trained clipping model
[2025-07-09 17:10:59.552] [jointLog] [warning] read c1d450ba-6ec6-4538-98ef-2cc553c09e0b (length 12715 - align length 461) has no trained error model
[2025-07-09 17:10:59.552] [jointLog] [warning] read c1d450ba-6ec6-4538-98ef-2cc553c09e0b (length 12715) has no trained clipping model
[2025-07-09 17:10:59.552] [jointLog] [warning] read c1d450ba-6ec6-4538-98ef-2cc553c09e0b (length 12715) has no trained clipping model
[2025-07-09 17:10:59.552] [jointLog] [warning] read 3574c966-ea5a-46ae-ac18-17b71a61a0a5 (length 16016 - align length 646) has no trained error model
[2025-07-09 17:10:59.552] [jointLog] [warning] read 3574c966-ea5a-46ae-ac18-17b71a61a0a5 (length 16016) has no trained clipping model
[2025-07-09 17:10:59.552] [jointLog] [warning] read 3574c966-ea5a-46ae-ac18-17b71a61a0a5 (length 16016) has no trained clipping model
[2025-07-09 17:10:59.552] [jointLog] [warning] read ac958194-1cae-48b4-b856-bf2c033683e4 (length 24644 - align length 81) has no trained error model
[2025-07-09 17:10:59.552] [jointLog] [warning] read ac958194-1cae-48b4-b856-bf2c033683e4 (length 24644) has no trained clipping model
[2025-07-09 17:10:59.552] [jointLog] [warning] read ac958194-1cae-48b4-b856-bf2c033683e4 (length 24644) has no trained clipping model
[2025-07-09 17:10:59.552] [jointLog] [warning] read 35b291f0-6df2-4f2f-85a2-cd573a7f53fd (length 12626 - align length 430) has no trained error model
[2025-07-09 17:10:59.552] [jointLog] [warning] read 35b291f0-6df2-4f2f-85a2-cd573a7f53fd (length 12626) has no trained clipping model
[2025-07-09 17:10:59.552] [jointLog] [warning] read 35b291f0-6df2-4f2f-85a2-cd573a7f53fd (length 12626) has no trained clipping model
[2025-07-09 17:10:59.552] [jointLog] [warning] read 193d9ae3-cdea-470f-8c30-527138416d8c (length 22640 - align length 905) has no trained error model
[2025-07-09 17:10:59.552] [jointLog] [warning] read 193d9ae3-cdea-470f-8c30-527138416d8c (length 22640) has no trained clipping model
[2025-07-09 17:10:59.552] [jointLog] [warning] read 193d9ae3-cdea-470f-8c30-527138416d8c (length 22640) has no trained clipping model
[2025-07-09 17:10:59.552] [jointLog] [warning] read 6e74a88a-20d1-40a0-91b2-99103d16aec3 (length 14870 - align length 819) has no trained error model
[2025-07-09 17:10:59.552] [jointLog] [warning] read 6e74a88a-20d1-40a0-91b2-99103d16aec3 (length 14870) has no trained clipping model
[2025-07-09 17:10:59.552] [jointLog] [warning] read 6e74a88a-20d1-40a0-91b2-99103d16aec3 (length 14870) has no trained clipping model
[2025-07-09 17:10:59.552] [jointLog] [warning] read afcac0a5-1130-49b0-b024-51ae78994c5b (length 20448 - align length 1926) has no trained error model
[2025-07-09 17:10:59.552] [jointLog] [warning] read afcac0a5-1130-49b0-b024-51ae78994c5b (length 20448) has no trained clipping model
[2025-07-09 17:10:59.552] [jointLog] [warning] read afcac0a5-1130-49b0-b024-51ae78994c5b (length 20448) has no trained clipping model
[2025-07-09 17:10:59.552] [jointLog] [warning] read 3d28991f-2f7b-4cd6-bc70-a5ab37e297a2 (length 27576 - align length 202) has no trained error model
[2025-07-09 17:10:59.552] [jointLog] [warning] read 3d28991f-2f7b-4cd6-bc70-a5ab37e297a2 (length 27576) has no trained clipping model
[2025-07-09 17:10:59.552] [jointLog] [warning] read 3d28991f-2f7b-4cd6-bc70-a5ab37e297a2 (length 27576) has no trained clipping model
[2025-07-09 17:10:59.552] [jointLog] [warning] read 5161e740-ebf5-4875-8750-77db3eb86a71 (length 66206 - align length 114) has no trained error model
[2025-07-09 17:10:59.552] [jointLog] [warning] read 5161e740-ebf5-4875-8750-77db3eb86a71 (length 66206) has no trained clipping model
[2025-07-09 17:10:59.552] [jointLog] [warning] read 5161e740-ebf5-4875-8750-77db3eb86a71 (length 66206) has no trained clipping model
[2025-07-09 17:10:59.552] [jointLog] [warning] read 28bd478f-3e1c-4ec1-b208-00120c3d138f (length 15343 - align length 636) has no trained error model
[2025-07-09 17:10:59.552] [jointLog] [warning] read 28bd478f-3e1c-4ec1-b208-00120c3d138f (length 15343) has no trained clipping model
[2025-07-09 17:10:59.552] [jointLog] [warning] read 28bd478f-3e1c-4ec1-b208-00120c3d138f (length 15343) has no trained clipping model
[2025-07-09 17:10:59.553] [jointLog] [warning] read 6c736f3d-45cc-4e17-bcc1-c896fd6b7bd1 (length 98321 - align length 552) has no trained error model
[2025-07-09 17:10:59.553] [jointLog] [warning] read 6c736f3d-45cc-4e17-bcc1-c896fd6b7bd1 (length 98321) has no trained clipping model
[2025-07-09 17:10:59.553] [jointLog] [warning] read 6c736f3d-45cc-4e17-bcc1-c896fd6b7bd1 (length 98321) has no trained clipping model
[2025-07-09 17:11:01.551] [jointLog] [warning] read 0d5f33d4-6600-4683-87cc-7f067a8d2537 (length 12436 - align length 12407) has no trained error model
[2025-07-09 17:11:05.551] [jointLog] [warning] read 149cc456-f528-40a1-b73f-7a7aedc01432 (length 12757 - align length 386) has no trained error model
[2025-07-09 17:11:05.551] [jointLog] [warning] read 149cc456-f528-40a1-b73f-7a7aedc01432 (length 12757) has no trained clipping model
[2025-07-09 17:11:05.551] [jointLog] [warning] read 149cc456-f528-40a1-b73f-7a7aedc01432 (length 12757) has no trained clipping model
[2025-07-09 17:11:05.552] [jointLog] [warning] read fb958017-877e-4392-905c-5862a8bb8382 (length 20637 - align length 2574) has no trained error model
[2025-07-09 17:11:05.552] [jointLog] [warning] read fb958017-877e-4392-905c-5862a8bb8382 (length 20637) has no trained clipping model
[2025-07-09 17:11:05.552] [jointLog] [warning] read fb958017-877e-4392-905c-5862a8bb8382 (length 20637) has no trained clipping model
[2025-07-09 17:11:05.552] [jointLog] [warning] read 20d96ddf-6d3b-4228-b700-c5959dce59ab (length 16100 - align length 551) has no trained error model
[2025-07-09 17:11:05.552] [jointLog] [warning] read 20d96ddf-6d3b-4228-b700-c5959dce59ab (length 16100) has no trained clipping model
[2025-07-09 17:11:05.552] [jointLog] [warning] read 20d96ddf-6d3b-4228-b700-c5959dce59ab (length 16100) has no trained clipping model
[2025-07-09 17:11:05.552] [jointLog] [warning] read 27517dfc-9255-4731-a1d7-70d787be92af (length 14651 - align length 1059) has no trained error model
[2025-07-09 17:11:05.552] [jointLog] [warning] read 27517dfc-9255-4731-a1d7-70d787be92af (length 14651) has no trained clipping model
[2025-07-09 17:11:05.552] [jointLog] [warning] read 27517dfc-9255-4731-a1d7-70d787be92af (length 14651) has no trained clipping model
[2025-07-09 17:11:05.552] [jointLog] [warning] read ec7cd2c6-e185-41e6-ac95-b9dc969d9b43 (length 14091 - align length 1310) has no trained error model
[2025-07-09 17:11:05.552] [jointLog] [warning] read ec7cd2c6-e185-41e6-ac95-b9dc969d9b43 (length 14091) has no trained clipping model
[2025-07-09 17:11:05.552] [jointLog] [warning] read ec7cd2c6-e185-41e6-ac95-b9dc969d9b43 (length 14091) has no trained clipping model
[2025-07-09 17:11:05.552] [jointLog] [warning] read b409898f-1281-407a-b0f1-561c482afe69 (length 16565 - align length 64) has no trained error model
[2025-07-09 17:11:05.552] [jointLog] [warning] read b409898f-1281-407a-b0f1-561c482afe69 (length 16565) has no trained clipping model
[2025-07-09 17:11:05.552] [jointLog] [warning] read b409898f-1281-407a-b0f1-561c482afe69 (length 16565) has no trained clipping model
[2025-07-09 17:11:05.552] [jointLog] [warning] read 1901e04a-8c10-42e0-8bdc-a0101936bcff (length 25661 - align length 210) has no trained error model
[2025-07-09 17:11:05.552] [jointLog] [warning] read 1901e04a-8c10-42e0-8bdc-a0101936bcff (length 25661) has no trained clipping model
[2025-07-09 17:11:05.552] [jointLog] [warning] read 1901e04a-8c10-42e0-8bdc-a0101936bcff (length 25661) has no trained clipping model
[2025-07-09 17:11:05.552] [jointLog] [warning] read 2ea092e8-a6fd-4f98-8c8e-9433edcc5abf (length 121534 - align length 649) has no trained error model
[2025-07-09 17:11:05.552] [jointLog] [warning] read 2ea092e8-a6fd-4f98-8c8e-9433edcc5abf (length 121534) has no trained clipping model
[2025-07-09 17:11:05.552] [jointLog] [warning] read 2ea092e8-a6fd-4f98-8c8e-9433edcc5abf (length 121534) has no trained clipping model
[2025-07-09 17:11:05.552] [jointLog] [warning] read 546ebd67-0845-45e8-865c-2bbc173387d6 (length 35327 - align length 259) has no trained error model
[2025-07-09 17:11:05.552] [jointLog] [warning] read 546ebd67-0845-45e8-865c-2bbc173387d6 (length 35327) has no trained clipping model
[2025-07-09 17:11:05.552] [jointLog] [warning] read 546ebd67-0845-45e8-865c-2bbc173387d6 (length 35327) has no trained clipping model
[2025-07-09 17:11:05.552] [jointLog] [warning] read 3d99aa3d-20ac-4a8d-b347-7d6ca50fd7df (length 17361 - align length 698) has no trained error model
[2025-07-09 17:11:05.552] [jointLog] [warning] read 3d99aa3d-20ac-4a8d-b347-7d6ca50fd7df (length 17361) has no trained clipping model
[2025-07-09 17:11:05.552] [jointLog] [warning] read 3d99aa3d-20ac-4a8d-b347-7d6ca50fd7df (length 17361) has no trained clipping model
[2025-07-09 17:11:05.552] [jointLog] [warning] read 5b9ef2dd-a33e-4cbe-98dd-b565a037da13 (length 24188 - align length 292) has no trained error model
[2025-07-09 17:11:05.552] [jointLog] [warning] read 5b9ef2dd-a33e-4cbe-98dd-b565a037da13 (length 24188) has no trained clipping model
[2025-07-09 17:11:05.552] [jointLog] [warning] read 5b9ef2dd-a33e-4cbe-98dd-b565a037da13 (length 24188) has no trained clipping model
[2025-07-09 17:11:05.552] [jointLog] [warning] read e5525437-563b-4c57-9015-3ead7b196d19 (length 63291 - align length 463) has no trained error model
[2025-07-09 17:11:05.552] [jointLog] [warning] read e5525437-563b-4c57-9015-3ead7b196d19 (length 63291) has no trained clipping model
[2025-07-09 17:11:05.552] [jointLog] [warning] read e5525437-563b-4c57-9015-3ead7b196d19 (length 63291) has no trained clipping model
[2025-07-09 17:11:05.552] [jointLog] [warning] read 2b9f2706-d354-4902-b687-4455799e75fd (length 46447 - align length 740) has no trained error model
[2025-07-09 17:11:05.552] [jointLog] [warning] read 2b9f2706-d354-4902-b687-4455799e75fd (length 46447) has no trained clipping model
[2025-07-09 17:11:05.552] [jointLog] [warning] read 2b9f2706-d354-4902-b687-4455799e75fd (length 46447) has no trained clipping model
[2025-07-09 17:11:05.552] [jointLog] [warning] read ffb7de52-0a8a-4a6e-8629-a4276c2920c3 (length 66386 - align length 521) has no trained error model
[2025-07-09 17:11:05.552] [jointLog] [warning] read ffb7de52-0a8a-4a6e-8629-a4276c2920c3 (length 66386) has no trained clipping model
[2025-07-09 17:11:05.552] [jointLog] [warning] read ffb7de52-0a8a-4a6e-8629-a4276c2920c3 (length 66386) has no trained clipping model
[2025-07-09 17:11:05.552] [jointLog] [warning] read 308ac68c-a594-4a3f-98e8-2ec5dcde1caa (length 28146 - align length 1319) has no trained error model
[2025-07-09 17:11:05.552] [jointLog] [warning] read 308ac68c-a594-4a3f-98e8-2ec5dcde1caa (length 28146) has no trained clipping model
[2025-07-09 17:11:05.552] [jointLog] [warning] read 308ac68c-a594-4a3f-98e8-2ec5dcde1caa (length 28146) has no trained clipping model
[2025-07-09 17:11:05.552] [jointLog] [warning] read 9dbbdb15-ea30-4dc4-ba22-b5dcb13ee1f5 (length 16498 - align length 3778) has no trained error model
[2025-07-09 17:11:05.552] [jointLog] [warning] read 9dbbdb15-ea30-4dc4-ba22-b5dcb13ee1f5 (length 16498) has no trained clipping model
[2025-07-09 17:11:05.552] [jointLog] [warning] read 9dbbdb15-ea30-4dc4-ba22-b5dcb13ee1f5 (length 16498) has no trained clipping model
[2025-07-09 17:11:05.552] [jointLog] [warning] read 8a9d0d3b-6e78-420c-8401-054bc3c5f208 (length 18138 - align length 774) has no trained error model
[2025-07-09 17:11:05.552] [jointLog] [warning] read 8a9d0d3b-6e78-420c-8401-054bc3c5f208 (length 18138) has no trained clipping model
[2025-07-09 17:11:05.552] [jointLog] [warning] read 8a9d0d3b-6e78-420c-8401-054bc3c5f208 (length 18138) has no trained clipping model
[2025-07-09 17:11:05.552] [jointLog] [warning] read 1acade5d-81a0-4caf-80f8-98e8299d0c19 (length 31634 - align length 3092) has no trained error model
[2025-07-09 17:11:05.552] [jointLog] [warning] read 1acade5d-81a0-4caf-80f8-98e8299d0c19 (length 31634) has no trained clipping model
[2025-07-09 17:11:05.552] [jointLog] [warning] read 1acade5d-81a0-4caf-80f8-98e8299d0c19 (length 31634) has no trained clipping model
[2025-07-09 17:11:05.552] [jointLog] [warning] read a02f3f8c-4854-4a52-b8be-766f0ef35f79 (length 29734 - align length 937) has no trained error model
[2025-07-09 17:11:05.552] [jointLog] [warning] read a02f3f8c-4854-4a52-b8be-766f0ef35f79 (length 29734) has no trained clipping model
[2025-07-09 17:11:05.552] [jointLog] [warning] read a02f3f8c-4854-4a52-b8be-766f0ef35f79 (length 29734) has no trained clipping model
[2025-07-09 17:11:05.552] [jointLog] [warning] read 3cfdf39e-3d8a-4e7f-9a13-92f25d733ea4 (length 29883 - align length 3214) has no trained error model
[2025-07-09 17:11:05.552] [jointLog] [warning] read 3cfdf39e-3d8a-4e7f-9a13-92f25d733ea4 (length 29883) has no trained clipping model
[2025-07-09 17:11:05.552] [jointLog] [warning] read 3cfdf39e-3d8a-4e7f-9a13-92f25d733ea4 (length 29883) has no trained clipping model
[2025-07-09 17:11:05.552] [jointLog] [warning] read 1a0b083e-933d-46a4-a700-e5540be80c40 (length 32515 - align length 312) has no trained error model
[2025-07-09 17:11:05.552] [jointLog] [warning] read 1a0b083e-933d-46a4-a700-e5540be80c40 (length 32515) has no trained clipping model
[2025-07-09 17:11:05.552] [jointLog] [warning] read 1a0b083e-933d-46a4-a700-e5540be80c40 (length 32515) has no trained clipping model
[2025-07-09 17:11:05.552] [jointLog] [warning] read 65aeb59b-a403-473e-9854-47b50a7aa2a7 (length 50724 - align length 1074) has no trained error model
[2025-07-09 17:11:05.552] [jointLog] [warning] read 65aeb59b-a403-473e-9854-47b50a7aa2a7 (length 50724) has no trained clipping model
[2025-07-09 17:11:05.552] [jointLog] [warning] read 65aeb59b-a403-473e-9854-47b50a7aa2a7 (length 50724) has no trained clipping model
[2025-07-09 17:11:05.552] [jointLog] [warning] read ef7ff1f3-7036-4955-913b-dc9cb03ef986 (length 27465 - align length 58) has no trained error model
[2025-07-09 17:11:05.552] [jointLog] [warning] read ef7ff1f3-7036-4955-913b-dc9cb03ef986 (length 27465) has no trained clipping model
[2025-07-09 17:11:05.552] [jointLog] [warning] read ef7ff1f3-7036-4955-913b-dc9cb03ef986 (length 27465) has no trained clipping model
[2025-07-09 17:11:05.553] [jointLog] [warning] read a33c0380-781d-48ee-8e6a-fc6ab26c9ac4 (length 21222 - align length 2642) has no trained error model
[2025-07-09 17:11:05.553] [jointLog] [warning] read a33c0380-781d-48ee-8e6a-fc6ab26c9ac4 (length 21222) has no trained clipping model
[2025-07-09 17:11:05.553] [jointLog] [warning] read a33c0380-781d-48ee-8e6a-fc6ab26c9ac4 (length 21222) has no trained clipping model
[2025-07-09 17:11:05.553] [jointLog] [warning] read 9c2dc51b-efc5-467e-b0db-c0e7589d3cfe (length 93099 - align length 762) has no trained error model
[2025-07-09 17:11:05.553] [jointLog] [warning] read 9c2dc51b-efc5-467e-b0db-c0e7589d3cfe (length 93099) has no trained clipping model
[2025-07-09 17:11:05.553] [jointLog] [warning] read 9c2dc51b-efc5-467e-b0db-c0e7589d3cfe (length 93099) has no trained clipping model
[2025-07-09 17:11:06.618] [jointLog] [warning] read b6b0e589-19bb-45d6-9914-5277c2caed96 (length 12650 - align length 368) has no trained error model
[2025-07-09 17:11:06.618] [jointLog] [warning] read b6b0e589-19bb-45d6-9914-5277c2caed96 (length 12650) has no trained clipping model
[2025-07-09 17:11:06.618] [jointLog] [warning] read b6b0e589-19bb-45d6-9914-5277c2caed96 (length 12650) has no trained clipping model
[2025-07-09 17:11:06.618] [jointLog] [warning] read 445f8e6a-b50a-449f-b48f-5891247878e2 (length 19452 - align length 3810) has no trained error model
[2025-07-09 17:11:06.618] [jointLog] [warning] read 445f8e6a-b50a-449f-b48f-5891247878e2 (length 19452) has no trained clipping model
[2025-07-09 17:11:06.618] [jointLog] [warning] read 445f8e6a-b50a-449f-b48f-5891247878e2 (length 19452) has no trained clipping model
[2025-07-09 17:11:06.618] [jointLog] [warning] read e2d6eb4e-3858-4c77-9a33-b6c41cd6be23 (length 25135 - align length 1650) has no trained error model
[2025-07-09 17:11:06.618] [jointLog] [warning] read e2d6eb4e-3858-4c77-9a33-b6c41cd6be23 (length 25135) has no trained clipping model
[2025-07-09 17:11:06.618] [jointLog] [warning] read e2d6eb4e-3858-4c77-9a33-b6c41cd6be23 (length 25135) has no trained clipping model
[2025-07-09 17:11:06.618] [jointLog] [warning] read d709e3a3-0835-47a7-ba58-5d0e199014f0 (length 13089 - align length 945) has no trained error model
[2025-07-09 17:11:06.618] [jointLog] [warning] read d709e3a3-0835-47a7-ba58-5d0e199014f0 (length 13089) has no trained clipping model
[2025-07-09 17:11:06.618] [jointLog] [warning] read d709e3a3-0835-47a7-ba58-5d0e199014f0 (length 13089) has no trained clipping model
[2025-07-09 17:11:06.618] [jointLog] [warning] read fd455dfc-587f-4896-b853-aff77b0926e8 (length 23273 - align length 470) has no trained error model
[2025-07-09 17:11:06.618] [jointLog] [warning] read fd455dfc-587f-4896-b853-aff77b0926e8 (length 23273) has no trained clipping model
[2025-07-09 17:11:06.618] [jointLog] [warning] read fd455dfc-587f-4896-b853-aff77b0926e8 (length 23273) has no trained clipping model
[2025-07-09 17:11:06.618] [jointLog] [warning] read ee4b326d-8257-4187-86a1-e26518676a60 (length 19869 - align length 224) has no trained error model
[2025-07-09 17:11:06.618] [jointLog] [warning] read ee4b326d-8257-4187-86a1-e26518676a60 (length 19869) has no trained clipping model
[2025-07-09 17:11:06.618] [jointLog] [warning] read ee4b326d-8257-4187-86a1-e26518676a60 (length 19869) has no trained clipping model
[2025-07-09 17:11:06.619] [jointLog] [warning] read c32e6ced-8f83-451d-ac9c-98a42a904532 (length 38103 - align length 2937) has no trained error model
[2025-07-09 17:11:06.619] [jointLog] [warning] read c32e6ced-8f83-451d-ac9c-98a42a904532 (length 38103) has no trained clipping model
[2025-07-09 17:11:06.619] [jointLog] [warning] read c32e6ced-8f83-451d-ac9c-98a42a904532 (length 38103) has no trained clipping model
[2025-07-09 17:11:15.444] [jointLog] [info] Thread saw mini-batch with a maximum of 11.20% zero probability fragments
[2025-07-09 17:11:15.444] [jointLog] [info] Thread saw mini-batch with a maximum of 13.40% zero probability fragments
[2025-07-09 17:11:15.444] [jointLog] [info] Thread saw mini-batch with a maximum of 16.90% zero probability fragments
[2025-07-09 17:11:15.444] [jointLog] [info] Thread saw mini-batch with a maximum of 12.80% zero probability fragments
[2025-07-09 17:11:15.447] [jointLog] [warning] read b0261c9f-b68a-4eb3-a0ae-0b7440a6e118 (length 40753 - align length 1203) has no trained error model
[2025-07-09 17:11:15.447] [jointLog] [warning] read b0261c9f-b68a-4eb3-a0ae-0b7440a6e118 (length 40753) has no trained clipping model
[2025-07-09 17:11:15.447] [jointLog] [warning] read b0261c9f-b68a-4eb3-a0ae-0b7440a6e118 (length 40753) has no trained clipping model
[2025-07-09 17:11:15.447] [jointLog] [warning] read 4d5e20ce-1ebd-4641-84fb-964277304299 (length 14164 - align length 14094) has no trained error model
[2025-07-09 17:11:15.447] [jointLog] [warning] read 4d5e20ce-1ebd-4641-84fb-964277304299 (length 14164) has no trained clipping model
[2025-07-09 17:11:15.447] [jointLog] [warning] read 4d5e20ce-1ebd-4641-84fb-964277304299 (length 14164) has no trained clipping model
[2025-07-09 17:11:15.447] [jointLog] [warning] read e5f2452a-6edd-4452-8db9-209e11e0a690 (length 14549 - align length 14539) has no trained error model
[2025-07-09 17:11:15.447] [jointLog] [warning] read e5f2452a-6edd-4452-8db9-209e11e0a690 (length 14549) has no trained clipping model
[2025-07-09 17:11:15.447] [jointLog] [warning] read e5f2452a-6edd-4452-8db9-209e11e0a690 (length 14549) has no trained clipping model
[2025-07-09 17:11:15.447] [jointLog] [warning] read d9d206cb-3df0-4ea8-bfb1-7cece32d152f (length 23507 - align length 259) has no trained error model
[2025-07-09 17:11:15.447] [jointLog] [warning] read d9d206cb-3df0-4ea8-bfb1-7cece32d152f (length 23507) has no trained clipping model
[2025-07-09 17:11:15.447] [jointLog] [warning] read d9d206cb-3df0-4ea8-bfb1-7cece32d152f (length 23507) has no trained clipping model
[2025-07-09 17:11:15.447] [jointLog] [warning] read 6ec7e5eb-4456-42aa-aaf1-4d4b36b062bd (length 14773 - align length 14595) has no trained error model
[2025-07-09 17:11:15.447] [jointLog] [warning] read 98826646-0ce7-445c-8f73-4b404ece474d (length 27569 - align length 65) has no trained error model
[2025-07-09 17:11:15.447] [jointLog] [warning] read 98826646-0ce7-445c-8f73-4b404ece474d (length 27569) has no trained clipping model
[2025-07-09 17:11:15.447] [jointLog] [warning] read 98826646-0ce7-445c-8f73-4b404ece474d (length 27569) has no trained clipping model
[2025-07-09 17:11:15.447] [jointLog] [warning] read fc75c4ad-64ce-4d73-9833-bfb1d7e544f9 (length 16891 - align length 2603) has no trained error model
[2025-07-09 17:11:15.447] [jointLog] [warning] read fc75c4ad-64ce-4d73-9833-bfb1d7e544f9 (length 16891) has no trained clipping model
[2025-07-09 17:11:15.447] [jointLog] [warning] read fc75c4ad-64ce-4d73-9833-bfb1d7e544f9 (length 16891) has no trained clipping model
[2025-07-09 17:11:15.447] [jointLog] [warning] read 0bca9c3a-b5ed-4ad5-a71b-758a52ecf26c (length 35905 - align length 1496) has no trained error model
[2025-07-09 17:11:15.447] [jointLog] [warning] read 0bca9c3a-b5ed-4ad5-a71b-758a52ecf26c (length 35905) has no trained clipping model
[2025-07-09 17:11:15.447] [jointLog] [warning] read 0bca9c3a-b5ed-4ad5-a71b-758a52ecf26c (length 35905) has no trained clipping model
[2025-07-09 17:11:15.447] [jointLog] [warning] read 5006a571-4568-49b6-8551-a72a1ab83bf9 (length 15417 - align length 65) has no trained error model
[2025-07-09 17:11:15.447] [jointLog] [warning] read 5006a571-4568-49b6-8551-a72a1ab83bf9 (length 15417) has no trained clipping model
[2025-07-09 17:11:15.447] [jointLog] [warning] read 5006a571-4568-49b6-8551-a72a1ab83bf9 (length 15417) has no trained clipping model
[2025-07-09 17:11:15.447] [jointLog] [warning] read 4d807e21-6831-4a1e-83be-a11f48119e77 (length 14514 - align length 520) has no trained error model
[2025-07-09 17:11:15.447] [jointLog] [warning] read 4d807e21-6831-4a1e-83be-a11f48119e77 (length 14514) has no trained clipping model
[2025-07-09 17:11:15.447] [jointLog] [warning] read 4d807e21-6831-4a1e-83be-a11f48119e77 (length 14514) has no trained clipping model
[2025-07-09 17:11:15.447] [jointLog] [warning] read 11c1b6bf-fe51-429e-be0c-484ac8d3b0e7 (length 36274 - align length 639) has no trained error model
[2025-07-09 17:11:15.447] [jointLog] [warning] read 11c1b6bf-fe51-429e-be0c-484ac8d3b0e7 (length 36274) has no trained clipping model
[2025-07-09 17:11:15.447] [jointLog] [warning] read 11c1b6bf-fe51-429e-be0c-484ac8d3b0e7 (length 36274) has no trained clipping model
[2025-07-09 17:11:15.448] [jointLog] [warning] read 4cefc688-9f42-426d-92dd-3c55ba20bc52 (length 80823 - align length 113) has no trained error model
[2025-07-09 17:11:15.448] [jointLog] [warning] read 4cefc688-9f42-426d-92dd-3c55ba20bc52 (length 80823) has no trained clipping model
[2025-07-09 17:11:15.448] [jointLog] [warning] read 4cefc688-9f42-426d-92dd-3c55ba20bc52 (length 80823) has no trained clipping model
[2025-07-09 17:11:15.451] [jointLog] [info] Thread saw mini-batch with a maximum of 16.61% zero probability fragments
[2025-07-09 17:11:15.451] [jointLog] [info] 


Completed first pass through the alignment file.
Total # of mapped reads : 15877867
# of uniquely mapped reads : 15390870
# ambiguously mapped reads : 486997



[2025-07-09 17:11:15.501] [jointLog] [info] Computed 46,815 rich equivalence classes for further processing
[2025-07-09 17:11:15.501] [jointLog] [info] Counted 14,812,353 total reads in the equivalence classes 
[2025-07-09 17:11:15.504] [jointLog] [info] starting optimizer
[2025-07-09 17:11:15.548] [jointLog] [info] Marked 0 weighted equivalence classes as degenerate
[2025-07-09 17:11:15.552] [jointLog] [info] iteration = 0 | max rel diff. = 3417.09
[2025-07-09 17:11:15.902] [jointLog] [info] iteration = 100 | max rel diff. = 2.0949e-16
[2025-07-09 17:11:15.910] [jointLog] [info] finished optimizer
[2025-07-09 17:11:15.910] [jointLog] [info] writing output
[2025-07-09 17:11:15.444] [fileLog] [info] quantification processed 15877867 fragments so far

