[2025-07-09 16:59:36.672] [jointLog] [info] setting maxHashResizeThreads to 10
[2025-07-09 16:59:36.672] [jointLog] [info] Fragment incompatibility prior below threshold.  Incompatible fragments will be ignored.
[2025-07-09 16:59:36.824] [jointLog] [info] numQuantThreads = 5
[2025-07-09 16:59:39.286] [fileLog] [info] quantification processed 0 fragments so far

[2025-07-09 16:59:39.126] [jointLog] [info] replaced 0 non-ACGT nucleotides with random nucleotides
[2025-07-09 16:59:39.299] [jointLog] [warning] read 10db00d3-c6b2-4c55-8f16-e4cbc598dedd (length 4848 - align length 4793) has no trained error model
[2025-07-09 16:59:39.299] [jointLog] [warning] read 10db00d3-c6b2-4c55-8f16-e4cbc598dedd (length 4848) has no trained clipping model
[2025-07-09 16:59:39.299] [jointLog] [warning] read 10db00d3-c6b2-4c55-8f16-e4cbc598dedd (length 4848) has no trained clipping model
[2025-07-09 16:59:39.300] [jointLog] [warning] read d1c17808-1e2e-486c-814a-e680698ff3ce (length 5750 - align length 5728) has no trained error model
[2025-07-09 16:59:39.300] [jointLog] [warning] read d1c17808-1e2e-486c-814a-e680698ff3ce (length 5750) has no trained clipping model
[2025-07-09 16:59:39.300] [jointLog] [warning] read d1c17808-1e2e-486c-814a-e680698ff3ce (length 5750) has no trained clipping model
[2025-07-09 16:59:39.300] [jointLog] [warning] read 2590d28b-53dd-414a-8b72-c95133e50280 (length 5061 - align length 5061) has no trained error model
[2025-07-09 16:59:39.300] [jointLog] [warning] read 2590d28b-53dd-414a-8b72-c95133e50280 (length 5061) has no trained clipping model
[2025-07-09 16:59:39.300] [jointLog] [warning] read 2590d28b-53dd-414a-8b72-c95133e50280 (length 5061) has no trained clipping model
[2025-07-09 16:59:39.306] [jointLog] [warning] read 54ef832d-c8f5-43e4-a76c-f02ff84a17ec (length 6224 - align length 378) has no trained error model
[2025-07-09 16:59:39.306] [jointLog] [warning] read 54ef832d-c8f5-43e4-a76c-f02ff84a17ec (length 6224) has no trained clipping model
[2025-07-09 16:59:39.306] [jointLog] [warning] read 54ef832d-c8f5-43e4-a76c-f02ff84a17ec (length 6224) has no trained clipping model
[2025-07-09 16:59:39.307] [jointLog] [warning] read b0a7f6e9-2341-421d-ae4f-7e1ac6498013 (length 5803 - align length 5769) has no trained error model
[2025-07-09 16:59:39.307] [jointLog] [warning] read b0a7f6e9-2341-421d-ae4f-7e1ac6498013 (length 5803) has no trained clipping model
[2025-07-09 16:59:39.307] [jointLog] [warning] read b0a7f6e9-2341-421d-ae4f-7e1ac6498013 (length 5803) has no trained clipping model
[2025-07-09 16:59:39.308] [jointLog] [warning] read d734f910-4280-4164-8409-4947846778b6 (length 7893 - align length 495) has no trained error model
[2025-07-09 16:59:39.308] [jointLog] [warning] read d734f910-4280-4164-8409-4947846778b6 (length 7893) has no trained clipping model
[2025-07-09 16:59:39.308] [jointLog] [warning] read d734f910-4280-4164-8409-4947846778b6 (length 7893) has no trained clipping model
[2025-07-09 16:59:39.309] [jointLog] [warning] read 589b25dd-9866-4e75-ad60-5fd8eec3158e (length 5119 - align length 5070) has no trained error model
[2025-07-09 16:59:39.309] [jointLog] [warning] read 589b25dd-9866-4e75-ad60-5fd8eec3158e (length 5119) has no trained clipping model
[2025-07-09 16:59:39.309] [jointLog] [warning] read 589b25dd-9866-4e75-ad60-5fd8eec3158e (length 5119) has no trained clipping model
[2025-07-09 16:59:39.311] [jointLog] [warning] read 8060c2e1-bbd2-41b4-8e36-1312f72eb633 (length 5550 - align length 5500) has no trained error model
[2025-07-09 16:59:39.311] [jointLog] [warning] read 8060c2e1-bbd2-41b4-8e36-1312f72eb633 (length 5550) has no trained clipping model
[2025-07-09 16:59:39.311] [jointLog] [warning] read 8060c2e1-bbd2-41b4-8e36-1312f72eb633 (length 5550) has no trained clipping model
[2025-07-09 16:59:39.311] [jointLog] [warning] read 86c6ce8b-451c-4f9d-abb9-3ca99db083bc (length 5429 - align length 5427) has no trained error model
[2025-07-09 16:59:39.311] [jointLog] [warning] read 86c6ce8b-451c-4f9d-abb9-3ca99db083bc (length 5429) has no trained clipping model
[2025-07-09 16:59:39.311] [jointLog] [warning] read 86c6ce8b-451c-4f9d-abb9-3ca99db083bc (length 5429) has no trained clipping model
[2025-07-09 16:59:39.314] [jointLog] [warning] read 57612fc9-dbde-4bf9-9e96-21e80677393c (length 5531) has no trained clipping model
[2025-07-09 16:59:39.315] [jointLog] [warning] read 0da6d7ea-b0ad-454a-857d-7a34627d012e (length 5506) has no trained clipping model
[2025-07-09 16:59:39.316] [jointLog] [warning] read 93cf44ce-b6c7-41e3-af7a-454c33a5de82 (length 4999) has no trained clipping model
[2025-07-09 16:59:39.319] [jointLog] [warning] read c8f3f8e2-297d-4282-87c5-7fdd3bf8a9b2 (length 6142 - align length 6113) has no trained error model
[2025-07-09 16:59:39.319] [jointLog] [warning] read c8f3f8e2-297d-4282-87c5-7fdd3bf8a9b2 (length 6142) has no trained clipping model
[2025-07-09 16:59:39.319] [jointLog] [warning] read c8f3f8e2-297d-4282-87c5-7fdd3bf8a9b2 (length 6142) has no trained clipping model
[2025-07-09 16:59:39.321] [jointLog] [warning] read 47f711b3-4e17-49e0-b87a-a3605b27b37c (length 5929 - align length 3469) has no trained error model
[2025-07-09 16:59:39.321] [jointLog] [warning] read 47f711b3-4e17-49e0-b87a-a3605b27b37c (length 5929) has no trained clipping model
[2025-07-09 16:59:39.321] [jointLog] [warning] read 47f711b3-4e17-49e0-b87a-a3605b27b37c (length 5929) has no trained clipping model
[2025-07-09 16:59:39.323] [jointLog] [warning] read e4a32d81-a092-45e9-a5ed-0bd5aa5444ad (length 5606 - align length 5535) has no trained error model
[2025-07-09 16:59:39.323] [jointLog] [warning] read e4a32d81-a092-45e9-a5ed-0bd5aa5444ad (length 5606) has no trained clipping model
[2025-07-09 16:59:39.323] [jointLog] [warning] read e4a32d81-a092-45e9-a5ed-0bd5aa5444ad (length 5606) has no trained clipping model
[2025-07-09 16:59:39.324] [jointLog] [warning] read 3f0ca60d-be66-4877-8406-6ef2339efedd (length 7412 - align length 7409) has no trained error model
[2025-07-09 16:59:39.324] [jointLog] [warning] read 3f0ca60d-be66-4877-8406-6ef2339efedd (length 7412) has no trained clipping model
[2025-07-09 16:59:39.324] [jointLog] [warning] read 3f0ca60d-be66-4877-8406-6ef2339efedd (length 7412) has no trained clipping model
[2025-07-09 16:59:39.324] [jointLog] [warning] read 3299ce6f-d4d4-44cd-9b06-819a3ddd9074 (length 5015) has no trained clipping model
[2025-07-09 16:59:39.324] [jointLog] [warning] read 3299ce6f-d4d4-44cd-9b06-819a3ddd9074 (length 5015) has no trained clipping model
[2025-07-09 16:59:39.324] [jointLog] [warning] read 82088d2b-64f5-4f6a-a7cc-2dfa605625d3 (length 5819 - align length 5809) has no trained error model
[2025-07-09 16:59:39.324] [jointLog] [warning] read 82088d2b-64f5-4f6a-a7cc-2dfa605625d3 (length 5819) has no trained clipping model
[2025-07-09 16:59:39.324] [jointLog] [warning] read 68612f3e-d273-481c-89d2-f873846e3985 (length 4234 - align length 4222) has no trained error model
[2025-07-09 16:59:39.324] [jointLog] [warning] read 68612f3e-d273-481c-89d2-f873846e3985 (length 4234) has no trained clipping model
[2025-07-09 16:59:39.324] [jointLog] [warning] read 68612f3e-d273-481c-89d2-f873846e3985 (length 4234) has no trained clipping model
[2025-07-09 16:59:39.325] [jointLog] [warning] read 40a5038d-4d7a-41cc-aabe-7131d5981e8f (length 4210) has no trained clipping model
[2025-07-09 16:59:39.327] [jointLog] [warning] read 0cee311c-12ef-437b-a893-273ccd7375a3 (length 5133) has no trained clipping model
[2025-07-09 16:59:39.329] [jointLog] [warning] read c8b8f098-9c0b-4ff0-b1b4-087d438a210f (length 5018 - align length 4810) has no trained error model
[2025-07-09 16:59:39.329] [jointLog] [warning] read c8b8f098-9c0b-4ff0-b1b4-087d438a210f (length 5018) has no trained clipping model
[2025-07-09 16:59:39.331] [jointLog] [warning] read 6aa88aa2-0cff-4738-8617-da45e29be71c (length 5390 - align length 5319) has no trained error model
[2025-07-09 16:59:39.333] [jointLog] [warning] read 7daa37eb-e068-4ab2-8994-71dad1351079 (length 5639 - align length 5621) has no trained error model
[2025-07-09 16:59:39.333] [jointLog] [warning] read 7daa37eb-e068-4ab2-8994-71dad1351079 (length 5639) has no trained clipping model
[2025-07-09 16:59:39.333] [jointLog] [warning] read 396467ff-aaaa-416c-9e05-d9c903327300 (length 4219) has no trained clipping model
[2025-07-09 16:59:39.337] [jointLog] [warning] read 87f00137-8def-4d80-b7de-c467e000296e (length 8334 - align length 8279) has no trained error model
[2025-07-09 16:59:39.337] [jointLog] [warning] read 87f00137-8def-4d80-b7de-c467e000296e (length 8334) has no trained clipping model
[2025-07-09 16:59:39.337] [jointLog] [warning] read 87f00137-8def-4d80-b7de-c467e000296e (length 8334) has no trained clipping model
[2025-07-09 16:59:39.339] [jointLog] [warning] (in update()) CIGAR string for read [eaab098f-d23a-45a6-bd02-8b9532628625] seems inconsistent. It implied an error rate greater than 1: 1.11092 0.00327869 0.0360656
[2025-07-09 16:59:39.344] [jointLog] [warning] read dc7b1822-e9fb-4c4e-b94f-29e2a82d9d50 (length 9090 - align length 209) has no trained error model
[2025-07-09 16:59:39.344] [jointLog] [warning] read dc7b1822-e9fb-4c4e-b94f-29e2a82d9d50 (length 9090) has no trained clipping model
[2025-07-09 16:59:39.344] [jointLog] [warning] read dc7b1822-e9fb-4c4e-b94f-29e2a82d9d50 (length 9090) has no trained clipping model
[2025-07-09 16:59:39.346] [jointLog] [warning] read ff6b3746-c18c-455d-9091-da90bad8c9da (length 4250) has no trained clipping model
[2025-07-09 16:59:39.346] [jointLog] [warning] read e529930a-8ab9-4390-a129-4325f9f0ffdd (length 4282) has no trained clipping model
[2025-07-09 16:59:39.348] [jointLog] [warning] read 2a5c994b-bdf1-412b-8dbc-9e186a5c3f34 (length 4942) has no trained clipping model
[2025-07-09 16:59:39.350] [jointLog] [warning] read ab7d71df-e92e-4cab-a68b-3a3f43f1592e (length 4817) has no trained clipping model
[2025-07-09 16:59:39.350] [jointLog] [warning] read 95553d18-2b4d-4b9c-b4c1-31d6bdb94da2 (length 7410 - align length 7360) has no trained error model
[2025-07-09 16:59:39.350] [jointLog] [warning] read 95553d18-2b4d-4b9c-b4c1-31d6bdb94da2 (length 7410) has no trained clipping model
[2025-07-09 16:59:39.350] [jointLog] [warning] read 898920fa-3abc-46a0-8baf-f62f494ea6f5 (length 5107) has no trained clipping model
[2025-07-09 16:59:39.351] [jointLog] [warning] read 9e329c57-6bc9-4593-a934-fc536112fd5d (length 6405 - align length 6365) has no trained error model
[2025-07-09 16:59:39.351] [jointLog] [warning] read 9e329c57-6bc9-4593-a934-fc536112fd5d (length 6405) has no trained clipping model
[2025-07-09 16:59:39.351] [jointLog] [warning] read 9e329c57-6bc9-4593-a934-fc536112fd5d (length 6405) has no trained clipping model
[2025-07-09 16:59:39.354] [jointLog] [warning] read 763d75fb-5f89-4c0e-acb9-593076dedbf4 (length 5412) has no trained clipping model
[2025-07-09 16:59:39.355] [jointLog] [warning] read 88713b73-d3b2-4ae6-8f99-8b7f0fe59970 (length 8326) has no trained clipping model
[2025-07-09 16:59:39.357] [jointLog] [warning] read 5a056947-a9a6-4132-bbbe-b7197db58cf1 (length 4241) has no trained clipping model
[2025-07-09 16:59:39.357] [jointLog] [warning] read 03c58470-a45b-444d-a62e-1af371bc01aa (length 5515) has no trained clipping model
[2025-07-09 16:59:39.364] [jointLog] [warning] read 0222a3ea-5117-41f4-9173-792a8dd91f02 (length 6287 - align length 6271) has no trained error model
[2025-07-09 16:59:39.377] [jointLog] [warning] read c6359f8c-fc93-4ab0-88df-c62bcb209ddd (length 6184) has no trained clipping model
[2025-07-09 16:59:39.390] [jointLog] [warning] read 2351c2fd-d6b1-467d-89ad-5f7c53f80f44 (length 5119) has no trained clipping model
[2025-07-09 16:59:39.400] [jointLog] [warning] read f63185d4-11cb-41a4-aa53-4d3973888809 (length 7374 - align length 115) has no trained error model
[2025-07-09 16:59:39.400] [jointLog] [warning] read f63185d4-11cb-41a4-aa53-4d3973888809 (length 7374) has no trained clipping model
[2025-07-09 16:59:39.400] [jointLog] [warning] read f63185d4-11cb-41a4-aa53-4d3973888809 (length 7374) has no trained clipping model
[2025-07-09 16:59:39.403] [jointLog] [warning] read be97f1d4-febc-424d-936c-a1526c8255c5 (length 8043 - align length 5836) has no trained error model
[2025-07-09 16:59:39.403] [jointLog] [warning] read be97f1d4-febc-424d-936c-a1526c8255c5 (length 8043) has no trained clipping model
[2025-07-09 16:59:39.403] [jointLog] [warning] read be97f1d4-febc-424d-936c-a1526c8255c5 (length 8043) has no trained clipping model
[2025-07-09 16:59:39.403] [jointLog] [warning] read 0ef7e571-a93e-4e4a-87fe-6b22765a1cf5 (length 5135) has no trained clipping model
[2025-07-09 16:59:39.403] [jointLog] [info] Automatically detected most likely library type as SF

[2025-07-09 16:59:39.404] [jointLog] [warning] read e8f6d030-5dfa-4b4e-a66e-8c657bafc870 (length 8145 - align length 7723) has no trained error model
[2025-07-09 16:59:39.404] [jointLog] [warning] read e8f6d030-5dfa-4b4e-a66e-8c657bafc870 (length 8145) has no trained clipping model
[2025-07-09 16:59:39.404] [jointLog] [warning] read e8f6d030-5dfa-4b4e-a66e-8c657bafc870 (length 8145) has no trained clipping model
[2025-07-09 16:59:39.425] [jointLog] [warning] read c7d04583-ca5d-4cf8-a0e0-605330c7a035 (length 7489) has no trained clipping model
[2025-07-09 16:59:39.439] [jointLog] [warning] read 3ae256ac-9806-4358-b6bb-69e81c3b0736 (length 5898) has no trained clipping model
[2025-07-09 16:59:39.445] [jointLog] [warning] read bc66d661-5a14-4344-b794-c599178765e1 (length 6732 - align length 6727) has no trained error model
[2025-07-09 16:59:39.445] [jointLog] [warning] read bc66d661-5a14-4344-b794-c599178765e1 (length 6732) has no trained clipping model
[2025-07-09 16:59:39.445] [jointLog] [warning] read bc66d661-5a14-4344-b794-c599178765e1 (length 6732) has no trained clipping model
[2025-07-09 16:59:39.451] [jointLog] [warning] read 9ba12d5b-0db3-4555-99ac-8627712ef6f3 (length 5182) has no trained clipping model
[2025-07-09 16:59:39.455] [jointLog] [warning] read 2a9e93f3-3e98-42b6-948f-3c21f5d9175f (length 8995 - align length 8326) has no trained error model
[2025-07-09 16:59:39.455] [jointLog] [warning] read 2a9e93f3-3e98-42b6-948f-3c21f5d9175f (length 8995) has no trained clipping model
[2025-07-09 16:59:39.455] [jointLog] [warning] read 2a9e93f3-3e98-42b6-948f-3c21f5d9175f (length 8995) has no trained clipping model
[2025-07-09 16:59:39.456] [jointLog] [warning] read dc41cb3a-c2b6-4251-b072-bd6a10ae7911 (length 8730 - align length 8726) has no trained error model
[2025-07-09 16:59:39.456] [jointLog] [warning] read dc41cb3a-c2b6-4251-b072-bd6a10ae7911 (length 8730) has no trained clipping model
[2025-07-09 16:59:39.456] [jointLog] [warning] read dc41cb3a-c2b6-4251-b072-bd6a10ae7911 (length 8730) has no trained clipping model
[2025-07-09 16:59:39.472] [jointLog] [warning] read 2d19ac4c-c051-4ceb-bda7-328806f2e703 (length 6601 - align length 6490) has no trained error model
[2025-07-09 16:59:39.472] [jointLog] [warning] read 2d19ac4c-c051-4ceb-bda7-328806f2e703 (length 6601) has no trained clipping model
[2025-07-09 16:59:39.472] [jointLog] [warning] read 2d19ac4c-c051-4ceb-bda7-328806f2e703 (length 6601) has no trained clipping model
[2025-07-09 16:59:39.558] [jointLog] [warning] (in update()) CIGAR string for read [91e07d74-b10b-4986-b085-3e54faf8328e] seems inconsistent. It implied an error rate greater than 1: 1.21581 0.00121803 0.0590743
[2025-07-09 16:59:39.560] [jointLog] [warning] read 0ddbba56-3a7f-460b-925d-49bf6f793c39 (length 11678 - align length 11249) has no trained error model
[2025-07-09 16:59:39.560] [jointLog] [warning] read 0ddbba56-3a7f-460b-925d-49bf6f793c39 (length 11678) has no trained clipping model
[2025-07-09 16:59:39.560] [jointLog] [warning] read 0ddbba56-3a7f-460b-925d-49bf6f793c39 (length 11678) has no trained clipping model
[2025-07-09 16:59:39.572] [jointLog] [warning] read 457e40c5-19ec-48dd-ae13-311e555f7db7 (length 9042 - align length 8971) has no trained error model
[2025-07-09 16:59:39.591] [jointLog] [warning] read 873e3aa8-3d78-485d-bcc5-447b513cfef0 (length 5101) has no trained clipping model
[2025-07-09 16:59:39.625] [jointLog] [warning] read 80ef6a0e-c188-409a-ba3a-6f02636be4d9 (length 5113) has no trained clipping model
[2025-07-09 16:59:39.627] [jointLog] [warning] read 835b7d38-087b-47d6-acbc-e084f576c43f (length 6870 - align length 3698) has no trained error model
[2025-07-09 16:59:39.627] [jointLog] [warning] read 835b7d38-087b-47d6-acbc-e084f576c43f (length 6870) has no trained clipping model
[2025-07-09 16:59:39.627] [jointLog] [warning] read 835b7d38-087b-47d6-acbc-e084f576c43f (length 6870) has no trained clipping model
[2025-07-09 16:59:39.635] [jointLog] [warning] read 7f4f5334-a58d-4d86-bfe9-bba54dd22434 (length 7082 - align length 874) has no trained error model
[2025-07-09 16:59:39.635] [jointLog] [warning] read 7f4f5334-a58d-4d86-bfe9-bba54dd22434 (length 7082) has no trained clipping model
[2025-07-09 16:59:39.635] [jointLog] [warning] read 7f4f5334-a58d-4d86-bfe9-bba54dd22434 (length 7082) has no trained clipping model
[2025-07-09 16:59:39.648] [jointLog] [warning] (in update()) CIGAR string for read [74eb3c35-6ece-488b-a7c5-7c43a1434e17] seems inconsistent. It implied an error rate greater than 1: 1.35953 0 0.0113902
[2025-07-09 16:59:39.670] [jointLog] [warning] read eec97045-92c5-4ffb-b2ab-19b1302c2ef9 (length 6541 - align length 5517) has no trained error model
[2025-07-09 16:59:39.670] [jointLog] [warning] read eec97045-92c5-4ffb-b2ab-19b1302c2ef9 (length 6541) has no trained clipping model
[2025-07-09 16:59:39.670] [jointLog] [warning] read eec97045-92c5-4ffb-b2ab-19b1302c2ef9 (length 6541) has no trained clipping model
[2025-07-09 16:59:39.670] [jointLog] [warning] read 0e7f85ef-072f-413a-93e9-0f40574e7114 (length 6599) has no trained clipping model
[2025-07-09 16:59:39.677] [jointLog] [warning] read 05e322c5-3145-4b87-96c9-552b6876eacf (length 6624 - align length 6507) has no trained error model
[2025-07-09 16:59:39.677] [jointLog] [warning] read 05e322c5-3145-4b87-96c9-552b6876eacf (length 6624) has no trained clipping model
[2025-07-09 16:59:39.682] [jointLog] [warning] read 758e1b5d-36af-4870-b869-62bb8234f330 (length 6757) has no trained clipping model
[2025-07-09 16:59:39.684] [jointLog] [warning] read 11410401-d9d7-44a8-a2ab-25269a964eee (length 6988 - align length 6919) has no trained error model
[2025-07-09 16:59:39.684] [jointLog] [warning] read 11410401-d9d7-44a8-a2ab-25269a964eee (length 6988) has no trained clipping model
[2025-07-09 16:59:39.684] [jointLog] [warning] read 11410401-d9d7-44a8-a2ab-25269a964eee (length 6988) has no trained clipping model
[2025-07-09 16:59:39.769] [jointLog] [warning] read 59ca888f-5a1d-46c5-a32a-5ef0c51594d5 (length 6300 - align length 6281) has no trained error model
[2025-07-09 16:59:39.769] [jointLog] [warning] read 59ca888f-5a1d-46c5-a32a-5ef0c51594d5 (length 6300) has no trained clipping model
[2025-07-09 16:59:39.769] [jointLog] [warning] read 59ca888f-5a1d-46c5-a32a-5ef0c51594d5 (length 6300) has no trained clipping model
[2025-07-09 16:59:39.811] [jointLog] [warning] read 66ccc869-46d1-4439-ac76-be8e40b80c17 (length 9604 - align length 526) has no trained error model
[2025-07-09 16:59:39.811] [jointLog] [warning] read 66ccc869-46d1-4439-ac76-be8e40b80c17 (length 9604) has no trained clipping model
[2025-07-09 16:59:39.811] [jointLog] [warning] read 66ccc869-46d1-4439-ac76-be8e40b80c17 (length 9604) has no trained clipping model
[2025-07-09 16:59:39.831] [jointLog] [warning] read 5785a992-504d-417b-b491-40d51030af68 (length 6302) has no trained clipping model
[2025-07-09 16:59:39.838] [jointLog] [warning] read 3f1df053-b76f-45a3-a36d-a67f56bfd610 (length 6104) has no trained clipping model
[2025-07-09 16:59:39.851] [jointLog] [warning] read 3792c2e1-a5bc-4481-b7bd-4b9b0b4121a2 (length 6323) has no trained clipping model
[2025-07-09 16:59:39.857] [jointLog] [warning] read 4fd6d083-a0ef-4aa6-a704-54d5b4bce284 (length 8054 - align length 8031) has no trained error model
[2025-07-09 16:59:39.861] [jointLog] [warning] (in update()) CIGAR string for read [18acc050-77fd-40c7-8570-dec9eea76dcc] seems inconsistent. It implied an error rate greater than 1: 1.04815 0.000773994 0.0267028
[2025-07-09 16:59:39.864] [jointLog] [warning] read ae06da8c-ab98-43b4-b5d6-8898f11d6063 (length 7173 - align length 7139) has no trained error model
[2025-07-09 16:59:39.864] [jointLog] [warning] read ae06da8c-ab98-43b4-b5d6-8898f11d6063 (length 7173) has no trained clipping model
[2025-07-09 16:59:39.864] [jointLog] [warning] read ae06da8c-ab98-43b4-b5d6-8898f11d6063 (length 7173) has no trained clipping model
[2025-07-09 16:59:39.866] [jointLog] [warning] (in update()) CIGAR string for read [18150d81-ac84-4257-aee2-a89b2aeb7b76] seems inconsistent. It implied an error rate greater than 1: 1.27347 0.0976806 0.0330062
[2025-07-09 16:59:39.880] [jointLog] [warning] read 35ca6c7b-3e4f-4f19-ba9e-821ed3c6b3f8 (length 6473) has no trained clipping model
[2025-07-09 16:59:39.913] [jointLog] [warning] read 58c8bf99-91cb-478b-82ca-7c5a07eb6df3 (length 8713 - align length 8443) has no trained error model
[2025-07-09 16:59:39.957] [jointLog] [warning] read eef293db-ebb2-4551-8066-0e586ca01789 (length 7654 - align length 7194) has no trained error model
[2025-07-09 16:59:39.957] [jointLog] [warning] read eef293db-ebb2-4551-8066-0e586ca01789 (length 7654) has no trained clipping model
[2025-07-09 16:59:39.957] [jointLog] [warning] read eef293db-ebb2-4551-8066-0e586ca01789 (length 7654) has no trained clipping model
[2025-07-09 16:59:39.961] [jointLog] [warning] read f7711ec5-d58f-4de2-811e-a89892f1bb85 (length 6754 - align length 6686) has no trained error model
[2025-07-09 16:59:39.986] [jointLog] [warning] read 49e8c145-4ae1-4f5e-9678-5c671034b927 (length 7299 - align length 7282) has no trained error model
[2025-07-09 16:59:39.986] [jointLog] [warning] read 49e8c145-4ae1-4f5e-9678-5c671034b927 (length 7299) has no trained clipping model
[2025-07-09 16:59:39.986] [jointLog] [warning] read 49e8c145-4ae1-4f5e-9678-5c671034b927 (length 7299) has no trained clipping model
[2025-07-09 16:59:39.987] [jointLog] [warning] read ff748456-9be0-4af6-b93d-150459f851a3 (length 9494 - align length 4043) has no trained error model
[2025-07-09 16:59:39.987] [jointLog] [warning] read ff748456-9be0-4af6-b93d-150459f851a3 (length 9494) has no trained clipping model
[2025-07-09 16:59:39.987] [jointLog] [warning] read ff748456-9be0-4af6-b93d-150459f851a3 (length 9494) has no trained clipping model
[2025-07-09 16:59:40.053] [jointLog] [warning] read 1e2b26bc-ce1f-4179-8936-215f1d47fa9d (length 10103 - align length 10044) has no trained error model
[2025-07-09 16:59:40.053] [jointLog] [warning] read 1e2b26bc-ce1f-4179-8936-215f1d47fa9d (length 10103) has no trained clipping model
[2025-07-09 16:59:40.053] [jointLog] [warning] read 1e2b26bc-ce1f-4179-8936-215f1d47fa9d (length 10103) has no trained clipping model
[2025-07-09 16:59:40.114] [jointLog] [warning] read 0a18b4da-c36c-4f84-8a46-df85a7a22d0f (length 7280) has no trained clipping model
[2025-07-09 16:59:40.117] [jointLog] [warning] read b21873bb-1b79-46c3-a2d8-0836940ee8ad (length 7755 - align length 7658) has no trained error model
[2025-07-09 16:59:40.117] [jointLog] [warning] read b21873bb-1b79-46c3-a2d8-0836940ee8ad (length 7755) has no trained clipping model
[2025-07-09 16:59:40.117] [jointLog] [warning] read b21873bb-1b79-46c3-a2d8-0836940ee8ad (length 7755) has no trained clipping model
[2025-07-09 16:59:40.127] [jointLog] [warning] read d5e17271-3495-483a-86ec-81f8b7c79975 (length 7880 - align length 7871) has no trained error model
[2025-07-09 16:59:40.127] [jointLog] [warning] read d5e17271-3495-483a-86ec-81f8b7c79975 (length 7880) has no trained clipping model
[2025-07-09 16:59:40.184] [jointLog] [warning] (in update()) CIGAR string for read [f76ab4f8-58d9-4e3b-9886-7d775ed622a1] seems inconsistent. It implied an error rate greater than 1: 1.13422 0.0128558 0.0224977
[2025-07-09 16:59:40.216] [jointLog] [warning] read 81d13724-4983-4cbd-b816-f5e9835e029e (length 7553 - align length 7348) has no trained error model
[2025-07-09 16:59:40.216] [jointLog] [warning] read 81d13724-4983-4cbd-b816-f5e9835e029e (length 7553) has no trained clipping model
[2025-07-09 16:59:40.216] [jointLog] [warning] read 81d13724-4983-4cbd-b816-f5e9835e029e (length 7553) has no trained clipping model
[2025-07-09 16:59:40.232] [jointLog] [warning] read a0433e7d-efdc-4a51-9059-fe22341621f0 (length 7758) has no trained clipping model
[2025-07-09 16:59:40.276] [jointLog] [warning] (in update()) CIGAR string for read [d5761b43-23f5-4077-9de8-30e8c7b063cf] seems inconsistent. It implied an error rate greater than 1: 1.27199 0 0.0234592
[2025-07-09 16:59:40.310] [jointLog] [warning] (in update()) CIGAR string for read [2a65a59a-e832-49df-8947-aa1a814f38a2] seems inconsistent. It implied an error rate greater than 1: 1.55973 0 0.0197368
[2025-07-09 16:59:40.313] [jointLog] [warning] (in update()) CIGAR string for read [e6623142-444a-4d9b-8264-6011f6e7e9ba] seems inconsistent. It implied an error rate greater than 1: 1.39046 0.000895255 0.0101462
[2025-07-09 16:59:40.340] [jointLog] [warning] read b83c919d-375c-430b-ae37-2ab9e2e728a4 (length 7967 - align length 7929) has no trained error model
[2025-07-09 16:59:40.340] [jointLog] [warning] read b83c919d-375c-430b-ae37-2ab9e2e728a4 (length 7967) has no trained clipping model
[2025-07-09 16:59:40.340] [jointLog] [warning] read b83c919d-375c-430b-ae37-2ab9e2e728a4 (length 7967) has no trained clipping model
[2025-07-09 16:59:40.349] [jointLog] [warning] read 316e2f8d-d4d6-471f-9a28-218be99a37e9 (length 9105 - align length 9038) has no trained error model
[2025-07-09 16:59:40.349] [jointLog] [warning] read 316e2f8d-d4d6-471f-9a28-218be99a37e9 (length 9105) has no trained clipping model
[2025-07-09 16:59:40.349] [jointLog] [warning] read 316e2f8d-d4d6-471f-9a28-218be99a37e9 (length 9105) has no trained clipping model
[2025-07-09 16:59:40.357] [jointLog] [warning] read 3de6d3ee-416f-4634-89db-e59dbcd1984e (length 8417 - align length 8322) has no trained error model
[2025-07-09 16:59:40.357] [jointLog] [warning] read 3de6d3ee-416f-4634-89db-e59dbcd1984e (length 8417) has no trained clipping model
[2025-07-09 16:59:40.357] [jointLog] [warning] read 3de6d3ee-416f-4634-89db-e59dbcd1984e (length 8417) has no trained clipping model
[2025-07-09 16:59:40.379] [jointLog] [warning] read 228b914d-d18d-460b-add8-f9fb43445f33 (length 9995 - align length 122) has no trained error model
[2025-07-09 16:59:40.379] [jointLog] [warning] read 228b914d-d18d-460b-add8-f9fb43445f33 (length 9995) has no trained clipping model
[2025-07-09 16:59:40.379] [jointLog] [warning] read 228b914d-d18d-460b-add8-f9fb43445f33 (length 9995) has no trained clipping model
[2025-07-09 16:59:40.413] [jointLog] [warning] read a14227ef-49d5-47fe-b976-8cedb7f78c05 (length 7147) has no trained clipping model
[2025-07-09 16:59:40.478] [jointLog] [warning] read da6a14af-c4ce-4623-9702-9c215ab3bdd6 (length 7903) has no trained clipping model
[2025-07-09 16:59:40.517] [jointLog] [warning] (in update()) CIGAR string for read [e112206e-a542-4d9a-919b-d3e18ec9ac26] seems inconsistent. It implied an error rate greater than 1: 1.34639 0.000875146 0.00875146
[2025-07-09 16:59:40.529] [jointLog] [warning] read 1ad8f629-c975-4804-a311-ac96cbce8e09 (length 7610 - align length 7525) has no trained error model
[2025-07-09 16:59:40.605] [jointLog] [warning] (in update()) CIGAR string for read [9f68940b-641a-44a4-ab4a-45ec162455d8] seems inconsistent. It implied an error rate greater than 1: 1.22377 0 0
[2025-07-09 16:59:40.620] [jointLog] [warning] (in update()) CIGAR string for read [bd34acf5-7696-4e36-b572-8fb1d19b90af] seems inconsistent. It implied an error rate greater than 1: 1.05439 0.000483559 0.0304642
[2025-07-09 16:59:40.641] [jointLog] [warning] read eab7e5e6-a5d5-4b32-a704-16d6f9d9c733 (length 8695 - align length 8593) has no trained error model
[2025-07-09 16:59:40.641] [jointLog] [warning] read eab7e5e6-a5d5-4b32-a704-16d6f9d9c733 (length 8695) has no trained clipping model
[2025-07-09 16:59:40.641] [jointLog] [warning] read eab7e5e6-a5d5-4b32-a704-16d6f9d9c733 (length 8695) has no trained clipping model
[2025-07-09 16:59:40.880] [jointLog] [warning] read 1723eb0a-29fe-4697-a174-60c23c2a874a (length 8854 - align length 8822) has no trained error model
[2025-07-09 16:59:40.880] [jointLog] [warning] read 1723eb0a-29fe-4697-a174-60c23c2a874a (length 8854) has no trained clipping model
[2025-07-09 16:59:40.880] [jointLog] [warning] read 1723eb0a-29fe-4697-a174-60c23c2a874a (length 8854) has no trained clipping model
[2025-07-09 16:59:40.895] [jointLog] [warning] read f381b569-9e89-4b60-acdd-244da8a9ac90 (length 7205) has no trained clipping model
[2025-07-09 16:59:40.936] [jointLog] [warning] read 44e1db3a-0f13-47df-9850-eeb0bb2deda5 (length 7118 - align length 7076) has no trained error model
[2025-07-09 16:59:40.947] [jointLog] [warning] (in update()) CIGAR string for read [7e66e598-f815-49a8-8dad-0ef02c413cdb] seems inconsistent. It implied an error rate greater than 1: 1.36958 0 0.0035524
[2025-07-09 16:59:40.991] [jointLog] [warning] read dcac0aa9-e6d9-405b-9c39-72d33e733aac (length 13032 - align length 13023) has no trained error model
[2025-07-09 16:59:40.991] [jointLog] [warning] read dcac0aa9-e6d9-405b-9c39-72d33e733aac (length 13032) has no trained clipping model
[2025-07-09 16:59:40.991] [jointLog] [warning] read dcac0aa9-e6d9-405b-9c39-72d33e733aac (length 13032) has no trained clipping model
[2025-07-09 16:59:41.068] [jointLog] [warning] read 20e6a75b-a6c7-48cc-a91e-061e79d8ca77 (length 9534 - align length 9491) has no trained error model
[2025-07-09 16:59:41.068] [jointLog] [warning] read 20e6a75b-a6c7-48cc-a91e-061e79d8ca77 (length 9534) has no trained clipping model
[2025-07-09 16:59:41.068] [jointLog] [warning] read 20e6a75b-a6c7-48cc-a91e-061e79d8ca77 (length 9534) has no trained clipping model
[2025-07-09 16:59:41.078] [jointLog] [warning] read 28477d37-4b9c-4961-a24a-3f7b3c87c186 (length 8503 - align length 6184) has no trained error model
[2025-07-09 16:59:41.078] [jointLog] [warning] read 28477d37-4b9c-4961-a24a-3f7b3c87c186 (length 8503) has no trained clipping model
[2025-07-09 16:59:41.078] [jointLog] [warning] read 28477d37-4b9c-4961-a24a-3f7b3c87c186 (length 8503) has no trained clipping model
[2025-07-09 16:59:41.142] [jointLog] [warning] read 7ae52164-18fe-4142-9743-5a2987e24e39 (length 6870 - align length 6806) has no trained error model
[2025-07-09 16:59:41.218] [jointLog] [warning] (in update()) CIGAR string for read [e3f60a18-c989-4b1e-9a71-50c7277ab8d1] seems inconsistent. It implied an error rate greater than 1: 1.10562 0.00990099 0.0214521
[2025-07-09 16:59:41.294] [jointLog] [warning] (in update()) CIGAR string for read [7db83d84-27f5-4068-8fab-f54b4e3217fd] seems inconsistent. It implied an error rate greater than 1: 1.27505 0.0076087 0.43913
[2025-07-09 16:59:41.361] [jointLog] [warning] read 2e89c102-2276-4be5-af45-0bc4393213f6 (length 10036 - align length 9914) has no trained error model
[2025-07-09 16:59:41.361] [jointLog] [warning] read 2e89c102-2276-4be5-af45-0bc4393213f6 (length 10036) has no trained clipping model
[2025-07-09 16:59:41.361] [jointLog] [warning] read 2e89c102-2276-4be5-af45-0bc4393213f6 (length 10036) has no trained clipping model
[2025-07-09 16:59:41.364] [jointLog] [warning] read da05951e-6caf-4513-903b-bf5d6f07460a (length 8173 - align length 8116) has no trained error model
[2025-07-09 16:59:41.605] [jointLog] [warning] read 2a5d4a7c-43ef-46db-b1d3-271f3cfa7aaa (length 8402 - align length 8401) has no trained error model
[2025-07-09 16:59:41.741] [jointLog] [warning] read b0d944c8-5aa7-44ca-b896-b96d74381015 (length 10510 - align length 306) has no trained error model
[2025-07-09 16:59:41.741] [jointLog] [warning] read b0d944c8-5aa7-44ca-b896-b96d74381015 (length 10510) has no trained clipping model
[2025-07-09 16:59:41.741] [jointLog] [warning] read b0d944c8-5aa7-44ca-b896-b96d74381015 (length 10510) has no trained clipping model
[2025-07-09 16:59:41.775] [jointLog] [warning] read a8584b21-9762-4ead-ac3f-72118a661913 (length 8229 - align length 8228) has no trained error model
[2025-07-09 16:59:41.775] [jointLog] [warning] read a8584b21-9762-4ead-ac3f-72118a661913 (length 8229) has no trained clipping model
[2025-07-09 16:59:41.775] [jointLog] [warning] read a8584b21-9762-4ead-ac3f-72118a661913 (length 8229) has no trained clipping model
[2025-07-09 16:59:41.849] [jointLog] [warning] (in update()) CIGAR string for read [62a23db5-76d5-4e20-9627-147a36381f32] seems inconsistent. It implied an error rate greater than 1: 1.10085 0 0.064
[2025-07-09 16:59:41.906] [jointLog] [warning] read 472be531-e4d9-4fe5-b5f6-b0625c26e647 (length 8818) has no trained clipping model
[2025-07-09 16:59:41.983] [jointLog] [warning] read 5b7add19-86e2-4c12-89b6-d2ef09a4dfd1 (length 9312 - align length 9245) has no trained error model
[2025-07-09 16:59:41.983] [jointLog] [warning] read 5b7add19-86e2-4c12-89b6-d2ef09a4dfd1 (length 9312) has no trained clipping model
[2025-07-09 16:59:41.983] [jointLog] [warning] read 5b7add19-86e2-4c12-89b6-d2ef09a4dfd1 (length 9312) has no trained clipping model
[2025-07-09 16:59:42.156] [jointLog] [warning] read 1a43247d-3174-48e5-bb5c-c203e3393b95 (length 9413 - align length 9386) has no trained error model
[2025-07-09 16:59:42.210] [jointLog] [warning] read 880ad1a4-8921-425a-b26b-5bcca54b6d55 (length 8674 - align length 8665) has no trained error model
[2025-07-09 16:59:42.211] [jointLog] [warning] read 880ad1a4-8921-425a-b26b-5bcca54b6d55 (length 8674) has no trained clipping model
[2025-07-09 16:59:42.236] [jointLog] [warning] read 05e9a25b-2fed-43ba-825d-cdffd178c099 (length 9783 - align length 9712) has no trained error model
[2025-07-09 16:59:42.236] [jointLog] [warning] read 05e9a25b-2fed-43ba-825d-cdffd178c099 (length 9783) has no trained clipping model
[2025-07-09 16:59:42.236] [jointLog] [warning] read 05e9a25b-2fed-43ba-825d-cdffd178c099 (length 9783) has no trained clipping model
[2025-07-09 16:59:42.256] [jointLog] [warning] (in update()) CIGAR string for read [e24018d7-88e5-4a99-aa9e-e37c2ee36f63] seems inconsistent. It implied an error rate greater than 1: 1.23383 0 0.0188285
[2025-07-09 16:59:42.280] [jointLog] [warning] read 8a241386-d3b8-40ce-a63f-aefda3da48e7 (length 10709 - align length 10657) has no trained error model
[2025-07-09 16:59:42.280] [jointLog] [warning] read 8a241386-d3b8-40ce-a63f-aefda3da48e7 (length 10709) has no trained clipping model
[2025-07-09 16:59:42.280] [jointLog] [warning] read 8a241386-d3b8-40ce-a63f-aefda3da48e7 (length 10709) has no trained clipping model
[2025-07-09 16:59:42.328] [jointLog] [warning] read 24329443-75c7-492d-9699-197ac7c0581a (length 11073 - align length 10425) has no trained error model
[2025-07-09 16:59:42.328] [jointLog] [warning] read 24329443-75c7-492d-9699-197ac7c0581a (length 11073) has no trained clipping model
[2025-07-09 16:59:42.328] [jointLog] [warning] read 24329443-75c7-492d-9699-197ac7c0581a (length 11073) has no trained clipping model
[2025-07-09 16:59:42.337] [jointLog] [warning] (in update()) CIGAR string for read [dcd71e69-33c2-4a4a-9fcc-ae5f3b65aa47] seems inconsistent. It implied an error rate greater than 1: 1.27783 0 0
[2025-07-09 16:59:42.377] [jointLog] [warning] read 52efe19c-563e-4dbe-a4e5-1726ea70d197 (length 12157 - align length 1635) has no trained error model
[2025-07-09 16:59:42.377] [jointLog] [warning] read 52efe19c-563e-4dbe-a4e5-1726ea70d197 (length 12157) has no trained clipping model
[2025-07-09 16:59:42.377] [jointLog] [warning] read 52efe19c-563e-4dbe-a4e5-1726ea70d197 (length 12157) has no trained clipping model
[2025-07-09 16:59:42.380] [jointLog] [warning] read 8ac6232a-4fab-4d8d-ab74-b6ad6ad195fa (length 12261 - align length 368) has no trained error model
[2025-07-09 16:59:42.380] [jointLog] [warning] read 8ac6232a-4fab-4d8d-ab74-b6ad6ad195fa (length 12261) has no trained clipping model
[2025-07-09 16:59:42.380] [jointLog] [warning] read 8ac6232a-4fab-4d8d-ab74-b6ad6ad195fa (length 12261) has no trained clipping model
[2025-07-09 16:59:42.380] [jointLog] [warning] read f000032f-513e-42f8-b5aa-981c884c1dc1 (length 18268 - align length 118) has no trained error model
[2025-07-09 16:59:42.380] [jointLog] [warning] read f000032f-513e-42f8-b5aa-981c884c1dc1 (length 18268) has no trained clipping model
[2025-07-09 16:59:42.380] [jointLog] [warning] read f000032f-513e-42f8-b5aa-981c884c1dc1 (length 18268) has no trained clipping model
[2025-07-09 16:59:42.380] [jointLog] [warning] read 0c474719-6f4c-4969-92f2-8639d5a74454 (length 25980 - align length 583) has no trained error model
[2025-07-09 16:59:42.380] [jointLog] [warning] read 0c474719-6f4c-4969-92f2-8639d5a74454 (length 25980) has no trained clipping model
[2025-07-09 16:59:42.380] [jointLog] [warning] read 0c474719-6f4c-4969-92f2-8639d5a74454 (length 25980) has no trained clipping model
[2025-07-09 16:59:42.380] [jointLog] [warning] read ca885308-0d17-48be-9431-7fcd264032ee (length 22813 - align length 213) has no trained error model
[2025-07-09 16:59:42.380] [jointLog] [warning] read ca885308-0d17-48be-9431-7fcd264032ee (length 22813) has no trained clipping model
[2025-07-09 16:59:42.380] [jointLog] [warning] read ca885308-0d17-48be-9431-7fcd264032ee (length 22813) has no trained clipping model
[2025-07-09 16:59:42.380] [jointLog] [warning] read 8bda983a-15f4-4634-896f-a451820b4589 (length 12555 - align length 204) has no trained error model
[2025-07-09 16:59:42.380] [jointLog] [warning] read 8bda983a-15f4-4634-896f-a451820b4589 (length 12555) has no trained clipping model
[2025-07-09 16:59:42.380] [jointLog] [warning] read 8bda983a-15f4-4634-896f-a451820b4589 (length 12555) has no trained clipping model
[2025-07-09 16:59:42.380] [jointLog] [warning] read 45c15f43-87ac-4329-b80c-132d3c1487cb (length 11344 - align length 367) has no trained error model
[2025-07-09 16:59:42.380] [jointLog] [warning] read 45c15f43-87ac-4329-b80c-132d3c1487cb (length 11344) has no trained clipping model
[2025-07-09 16:59:42.380] [jointLog] [warning] read 45c15f43-87ac-4329-b80c-132d3c1487cb (length 11344) has no trained clipping model
[2025-07-09 16:59:42.380] [jointLog] [warning] read 72b46851-2e8f-4e61-9c32-5527b5f6543a (length 51451 - align length 191) has no trained error model
[2025-07-09 16:59:42.380] [jointLog] [warning] read 72b46851-2e8f-4e61-9c32-5527b5f6543a (length 51451) has no trained clipping model
[2025-07-09 16:59:42.380] [jointLog] [warning] read 72b46851-2e8f-4e61-9c32-5527b5f6543a (length 51451) has no trained clipping model
[2025-07-09 16:59:42.384] [jointLog] [warning] read 81fa367c-e44f-427f-a06b-5daf401b439d (length 10594 - align length 10262) has no trained error model
[2025-07-09 16:59:42.407] [jointLog] [warning] (in update()) CIGAR string for read [77d90cd1-ade7-403d-872b-9f70472ab3cf] seems inconsistent. It implied an error rate greater than 1: 1.3957 0.0010142 0.0801217
[2025-07-09 16:59:42.552] [jointLog] [warning] read a0b56614-4205-4142-bf1c-09e3cb447679 (length 10690 - align length 10662) has no trained error model
[2025-07-09 16:59:42.552] [jointLog] [warning] read a0b56614-4205-4142-bf1c-09e3cb447679 (length 10690) has no trained clipping model
[2025-07-09 16:59:42.552] [jointLog] [warning] read a0b56614-4205-4142-bf1c-09e3cb447679 (length 10690) has no trained clipping model
[2025-07-09 16:59:42.555] [jointLog] [warning] (in update()) CIGAR string for read [22af0e64-4b15-4124-8de5-15cd549bda37] seems inconsistent. It implied an error rate greater than 1: 1.13217 0.0097561 0.0552846
[2025-07-09 16:59:42.556] [jointLog] [warning] read ecfd64ca-be3e-4bad-839d-2cf4e4451f51 (length 9728 - align length 9518) has no trained error model
[2025-07-09 16:59:42.556] [jointLog] [warning] read ecfd64ca-be3e-4bad-839d-2cf4e4451f51 (length 9728) has no trained clipping model
[2025-07-09 16:59:42.588] [jointLog] [warning] (in update()) CIGAR string for read [a289fdae-6d9c-4558-af89-1adcd89e39c8] seems inconsistent. It implied an error rate greater than 1: 2.93716 0.00097704 0.0117245
[2025-07-09 16:59:42.649] [jointLog] [warning] (in update()) CIGAR string for read [43fed6ed-8d2e-424e-a8c5-9257681d476f] seems inconsistent. It implied an error rate greater than 1: 1.2048 0.0126354 0.00902527
[2025-07-09 16:59:42.658] [jointLog] [warning] (in update()) CIGAR string for read [51e8c6ea-85a3-4ecf-b810-c2cc7b71ea36] seems inconsistent. It implied an error rate greater than 1: 1.61543 0.00705128 0.0128205
[2025-07-09 16:59:42.730] [jointLog] [warning] (in update()) CIGAR string for read [23dc9d51-9b78-4ad1-9415-335bdcd9bb4e] seems inconsistent. It implied an error rate greater than 1: 1.46074 0 0.0311641
[2025-07-09 16:59:42.805] [jointLog] [warning] (in update()) CIGAR string for read [98953edd-c2ec-4dc7-8042-281a1d2ed23e] seems inconsistent. It implied an error rate greater than 1: 1.26278 0.00272727 0.0545455
[2025-07-09 16:59:42.827] [jointLog] [warning] read 433e8d5e-cd77-4a76-afa1-0abbfc04de5a (length 11868 - align length 11786) has no trained error model
[2025-07-09 16:59:42.827] [jointLog] [warning] read 433e8d5e-cd77-4a76-afa1-0abbfc04de5a (length 11868) has no trained clipping model
[2025-07-09 16:59:42.827] [jointLog] [warning] read 433e8d5e-cd77-4a76-afa1-0abbfc04de5a (length 11868) has no trained clipping model
[2025-07-09 16:59:42.836] [jointLog] [warning] (in update()) CIGAR string for read [ddbc28f1-5e8d-4d71-ae26-d769e364578c] seems inconsistent. It implied an error rate greater than 1: 1.10085 0.00333333 0.0216667
[2025-07-09 16:59:42.941] [jointLog] [warning] read a3dba2c8-70ec-4df6-b649-4a97eb44959f (length 10962 - align length 10932) has no trained error model
[2025-07-09 16:59:42.941] [jointLog] [warning] read a3dba2c8-70ec-4df6-b649-4a97eb44959f (length 10962) has no trained clipping model
[2025-07-09 16:59:42.941] [jointLog] [warning] read a3dba2c8-70ec-4df6-b649-4a97eb44959f (length 10962) has no trained clipping model
[2025-07-09 16:59:42.986] [jointLog] [warning] (in update()) CIGAR string for read [247769d9-76b4-4a11-b006-79fc37ccadcc] seems inconsistent. It implied an error rate greater than 1: 1.62807 0.000275255 0.0368841
[2025-07-09 16:59:43.033] [jointLog] [warning] (in update()) CIGAR string for read [4876664f-e28b-472c-a228-4f56ffa96fd3] seems inconsistent. It implied an error rate greater than 1: 1.17014 0 0.0344156
[2025-07-09 16:59:43.034] [jointLog] [warning] read 06425924-2abf-4d36-aa02-dc56dbdf7d11 (length 8642) has no trained clipping model
[2025-07-09 16:59:43.090] [jointLog] [warning] read 59eaeb6d-234f-4977-b36d-ad767186cce6 (length 10230 - align length 10162) has no trained error model
[2025-07-09 16:59:43.090] [jointLog] [warning] read 59eaeb6d-234f-4977-b36d-ad767186cce6 (length 10230) has no trained clipping model
[2025-07-09 16:59:43.090] [jointLog] [warning] read 59eaeb6d-234f-4977-b36d-ad767186cce6 (length 10230) has no trained clipping model
[2025-07-09 16:59:43.106] [jointLog] [warning] (in update()) CIGAR string for read [f9fe6b84-5160-4d60-bbc2-43b17b3fed61] seems inconsistent. It implied an error rate greater than 1: 1.34804 0 0
[2025-07-09 16:59:43.150] [jointLog] [warning] read 858528ac-819a-4840-9443-c4579208b6b5 (length 8630) has no trained clipping model
[2025-07-09 16:59:43.211] [jointLog] [warning] (in update()) CIGAR string for read [8de76373-b748-436c-b968-7e5adbf9008a] seems inconsistent. It implied an error rate greater than 1: 1.14159 0.00347222 0.015625
[2025-07-09 16:59:43.225] [jointLog] [warning] read c8948846-84d8-44b7-bbfc-a1af353edbd8 (length 11781 - align length 11706) has no trained error model
[2025-07-09 16:59:43.225] [jointLog] [warning] read c8948846-84d8-44b7-bbfc-a1af353edbd8 (length 11781) has no trained clipping model
[2025-07-09 16:59:43.225] [jointLog] [warning] read c8948846-84d8-44b7-bbfc-a1af353edbd8 (length 11781) has no trained clipping model
[2025-07-09 16:59:43.366] [jointLog] [warning] read 050b4970-ea70-407b-b031-910c9db6b79a (length 8659) has no trained clipping model
[2025-07-09 16:59:43.407] [jointLog] [warning] (in update()) CIGAR string for read [35d6b1c2-416f-4ca1-95a0-dd2e1ff83b96] seems inconsistent. It implied an error rate greater than 1: 1.59782 0.019385 0
[2025-07-09 16:59:43.412] [jointLog] [warning] read 77172681-9e29-4af1-bdd2-c3f4cd28817a (length 10207) has no trained clipping model
[2025-07-09 16:59:43.435] [jointLog] [warning] (in update()) CIGAR string for read [693864b2-2ffc-491d-a3ef-39937109e19e] seems inconsistent. It implied an error rate greater than 1: 1.70117 0 0.0651248
[2025-07-09 16:59:43.439] [jointLog] [warning] (in update()) CIGAR string for read [e4010044-15f0-4594-a875-39bfd6fefd85] seems inconsistent. It implied an error rate greater than 1: 1.3555 0 0
[2025-07-09 16:59:43.072] [fileLog] [info] quantification processed 1000000 fragments so far

[2025-07-09 16:59:43.576] [jointLog] [warning] (in update()) CIGAR string for read [141aa900-111c-4328-8ff0-93f12e12ed9f] seems inconsistent. It implied an error rate greater than 1: 1.1803 0 0.0590433
[2025-07-09 16:59:43.906] [jointLog] [warning] (in update()) CIGAR string for read [5eb94164-5263-4d0b-85a9-36b07ca70f3b] seems inconsistent. It implied an error rate greater than 1: 2.45335 0 0.0358398
[2025-07-09 16:59:43.992] [jointLog] [warning] (in update()) CIGAR string for read [a74b5d2f-44e0-44c5-8c6f-e54167d484be] seems inconsistent. It implied an error rate greater than 1: 1.19314 0.0134228 0.057047
[2025-07-09 16:59:44.143] [jointLog] [warning] read 71655d82-2c7e-4a98-9d1d-d57d37062b77 (length 10550 - align length 10534) has no trained error model
[2025-07-09 16:59:44.187] [jointLog] [warning] (in update()) CIGAR string for read [cb967eba-eb9e-476f-89c4-e7de3edddc41] seems inconsistent. It implied an error rate greater than 1: 1.03278 0 0.0359664
[2025-07-09 16:59:44.296] [jointLog] [warning] read de28aa89-819a-4258-a6e9-064d0b2095bb (length 9807 - align length 9737) has no trained error model
[2025-07-09 16:59:44.296] [jointLog] [warning] read de28aa89-819a-4258-a6e9-064d0b2095bb (length 9807) has no trained clipping model
[2025-07-09 16:59:44.296] [jointLog] [warning] read de28aa89-819a-4258-a6e9-064d0b2095bb (length 9807) has no trained clipping model
[2025-07-09 16:59:44.318] [jointLog] [warning] read 074104cd-678c-4e9a-b7cb-553975dade42 (length 9584) has no trained clipping model
[2025-07-09 16:59:44.603] [jointLog] [warning] read 9a9dd2b4-1239-44ff-a3f3-a9c08d9ebbc5 (length 8296) has no trained clipping model
[2025-07-09 16:59:44.838] [jointLog] [warning] read 3b627758-3a75-464b-91dc-40632c5d8c0c (length 11150 - align length 177) has no trained error model
[2025-07-09 16:59:44.838] [jointLog] [warning] read 3b627758-3a75-464b-91dc-40632c5d8c0c (length 11150) has no trained clipping model
[2025-07-09 16:59:44.838] [jointLog] [warning] read 3b627758-3a75-464b-91dc-40632c5d8c0c (length 11150) has no trained clipping model
[2025-07-09 16:59:44.838] [jointLog] [warning] read 742a5c8f-8734-4760-9955-239dac22b24a (length 37192 - align length 4245) has no trained error model
[2025-07-09 16:59:44.838] [jointLog] [warning] read 742a5c8f-8734-4760-9955-239dac22b24a (length 37192) has no trained clipping model
[2025-07-09 16:59:44.838] [jointLog] [warning] read 742a5c8f-8734-4760-9955-239dac22b24a (length 37192) has no trained clipping model
[2025-07-09 16:59:44.838] [jointLog] [warning] read 0b429f78-c05d-43b5-8f58-8a8d880ee3c8 (length 21692 - align length 91) has no trained error model
[2025-07-09 16:59:44.838] [jointLog] [warning] read 0b429f78-c05d-43b5-8f58-8a8d880ee3c8 (length 21692) has no trained clipping model
[2025-07-09 16:59:44.838] [jointLog] [warning] read 0b429f78-c05d-43b5-8f58-8a8d880ee3c8 (length 21692) has no trained clipping model
[2025-07-09 16:59:44.838] [jointLog] [warning] read 6a718d2c-5ec2-40dd-a7f9-fd3fd826af6d (length 10916) has no trained clipping model
[2025-07-09 16:59:44.838] [jointLog] [warning] read 9f3e4cb3-b2c4-4688-92a1-44e675f07b8b (length 14151 - align length 330) has no trained error model
[2025-07-09 16:59:44.838] [jointLog] [warning] read 9f3e4cb3-b2c4-4688-92a1-44e675f07b8b (length 14151) has no trained clipping model
[2025-07-09 16:59:44.838] [jointLog] [warning] read 9f3e4cb3-b2c4-4688-92a1-44e675f07b8b (length 14151) has no trained clipping model
[2025-07-09 16:59:44.838] [jointLog] [warning] read df3f8299-2dd2-4f41-a47f-1a5c4049a055 (length 19430 - align length 1049) has no trained error model
[2025-07-09 16:59:44.838] [jointLog] [warning] read df3f8299-2dd2-4f41-a47f-1a5c4049a055 (length 19430) has no trained clipping model
[2025-07-09 16:59:44.838] [jointLog] [warning] read df3f8299-2dd2-4f41-a47f-1a5c4049a055 (length 19430) has no trained clipping model
[2025-07-09 16:59:44.838] [jointLog] [warning] read 34bf313a-05be-4efa-bee6-494405645ce3 (length 12778 - align length 340) has no trained error model
[2025-07-09 16:59:44.838] [jointLog] [warning] read 34bf313a-05be-4efa-bee6-494405645ce3 (length 12778) has no trained clipping model
[2025-07-09 16:59:44.838] [jointLog] [warning] read 34bf313a-05be-4efa-bee6-494405645ce3 (length 12778) has no trained clipping model
[2025-07-09 16:59:44.838] [jointLog] [warning] read 176b9e08-3677-4902-b40f-57177faa0e64 (length 25279 - align length 529) has no trained error model
[2025-07-09 16:59:44.838] [jointLog] [warning] read 176b9e08-3677-4902-b40f-57177faa0e64 (length 25279) has no trained clipping model
[2025-07-09 16:59:44.838] [jointLog] [warning] read 176b9e08-3677-4902-b40f-57177faa0e64 (length 25279) has no trained clipping model
[2025-07-09 16:59:44.838] [jointLog] [warning] read 6065b9f3-9755-4177-a43d-e95c0ba6fdf4 (length 14946 - align length 247) has no trained error model
[2025-07-09 16:59:44.838] [jointLog] [warning] read 6065b9f3-9755-4177-a43d-e95c0ba6fdf4 (length 14946) has no trained clipping model
[2025-07-09 16:59:44.838] [jointLog] [warning] read 6065b9f3-9755-4177-a43d-e95c0ba6fdf4 (length 14946) has no trained clipping model
[2025-07-09 16:59:44.838] [jointLog] [warning] read 84538334-4df6-449a-be9b-3c5dace6c3c7 (length 20146 - align length 366) has no trained error model
[2025-07-09 16:59:44.838] [jointLog] [warning] read 84538334-4df6-449a-be9b-3c5dace6c3c7 (length 20146) has no trained clipping model
[2025-07-09 16:59:44.838] [jointLog] [warning] read 84538334-4df6-449a-be9b-3c5dace6c3c7 (length 20146) has no trained clipping model
[2025-07-09 16:59:44.838] [jointLog] [warning] read b02bdf1b-abf7-4078-95ae-c1c03bbca801 (length 9230 - align length 121) has no trained error model
[2025-07-09 16:59:44.838] [jointLog] [warning] read b02bdf1b-abf7-4078-95ae-c1c03bbca801 (length 9230) has no trained clipping model
[2025-07-09 16:59:44.838] [jointLog] [warning] read b02bdf1b-abf7-4078-95ae-c1c03bbca801 (length 9230) has no trained clipping model
[2025-07-09 16:59:44.838] [jointLog] [warning] read 8ffd4e82-c53f-446e-9938-a3020574b97c (length 12610 - align length 459) has no trained error model
[2025-07-09 16:59:44.838] [jointLog] [warning] read 8ffd4e82-c53f-446e-9938-a3020574b97c (length 12610) has no trained clipping model
[2025-07-09 16:59:44.838] [jointLog] [warning] read 8ffd4e82-c53f-446e-9938-a3020574b97c (length 12610) has no trained clipping model
[2025-07-09 16:59:44.838] [jointLog] [warning] read 9dc674c4-677e-47de-aa4d-d796221b85b7 (length 21292 - align length 128) has no trained error model
[2025-07-09 16:59:44.838] [jointLog] [warning] read 9dc674c4-677e-47de-aa4d-d796221b85b7 (length 21292) has no trained clipping model
[2025-07-09 16:59:44.838] [jointLog] [warning] read 9dc674c4-677e-47de-aa4d-d796221b85b7 (length 21292) has no trained clipping model
[2025-07-09 16:59:44.838] [jointLog] [warning] read 44f2d69f-d09f-43cb-b1e1-f9711ac17f6c (length 17156 - align length 342) has no trained error model
[2025-07-09 16:59:44.838] [jointLog] [warning] read 44f2d69f-d09f-43cb-b1e1-f9711ac17f6c (length 17156) has no trained clipping model
[2025-07-09 16:59:44.838] [jointLog] [warning] read 44f2d69f-d09f-43cb-b1e1-f9711ac17f6c (length 17156) has no trained clipping model
[2025-07-09 16:59:44.838] [jointLog] [warning] read 6ec4c226-d477-4397-a2c1-fcedc2473de5 (length 23202 - align length 598) has no trained error model
[2025-07-09 16:59:44.838] [jointLog] [warning] read 6ec4c226-d477-4397-a2c1-fcedc2473de5 (length 23202) has no trained clipping model
[2025-07-09 16:59:44.838] [jointLog] [warning] read 6ec4c226-d477-4397-a2c1-fcedc2473de5 (length 23202) has no trained clipping model
[2025-07-09 16:59:44.838] [jointLog] [warning] read f89e0b86-570d-4e66-b558-4253a68ee2b0 (length 17637 - align length 155) has no trained error model
[2025-07-09 16:59:44.838] [jointLog] [warning] read f89e0b86-570d-4e66-b558-4253a68ee2b0 (length 17637) has no trained clipping model
[2025-07-09 16:59:44.838] [jointLog] [warning] read f89e0b86-570d-4e66-b558-4253a68ee2b0 (length 17637) has no trained clipping model
[2025-07-09 16:59:44.838] [jointLog] [warning] read 18ef0bf3-084d-4d9a-81a2-78801b4b4e48 (length 19960 - align length 57) has no trained error model
[2025-07-09 16:59:44.838] [jointLog] [warning] read 18ef0bf3-084d-4d9a-81a2-78801b4b4e48 (length 19960) has no trained clipping model
[2025-07-09 16:59:44.838] [jointLog] [warning] read 18ef0bf3-084d-4d9a-81a2-78801b4b4e48 (length 19960) has no trained clipping model
[2025-07-09 16:59:44.838] [jointLog] [warning] read 9946a937-9624-4241-be1e-30d27421f146 (length 13937 - align length 13896) has no trained error model
[2025-07-09 16:59:44.838] [jointLog] [warning] read 9946a937-9624-4241-be1e-30d27421f146 (length 13937) has no trained clipping model
[2025-07-09 16:59:44.838] [jointLog] [warning] read 9946a937-9624-4241-be1e-30d27421f146 (length 13937) has no trained clipping model
[2025-07-09 16:59:44.838] [jointLog] [warning] read 1ddbadb1-28b5-4e56-b19b-f7f590f5892a (length 10322 - align length 1980) has no trained error model
[2025-07-09 16:59:44.838] [jointLog] [warning] read 1ddbadb1-28b5-4e56-b19b-f7f590f5892a (length 10322) has no trained clipping model
[2025-07-09 16:59:44.838] [jointLog] [warning] read 1ddbadb1-28b5-4e56-b19b-f7f590f5892a (length 10322) has no trained clipping model
[2025-07-09 16:59:44.838] [jointLog] [warning] read d0903dd2-88b3-4949-8fb3-8644cbd3ff67 (length 19129 - align length 748) has no trained error model
[2025-07-09 16:59:44.838] [jointLog] [warning] read d0903dd2-88b3-4949-8fb3-8644cbd3ff67 (length 19129) has no trained clipping model
[2025-07-09 16:59:44.838] [jointLog] [warning] read d0903dd2-88b3-4949-8fb3-8644cbd3ff67 (length 19129) has no trained clipping model
[2025-07-09 16:59:44.838] [jointLog] [warning] read 1a250d1c-c798-4c29-8954-9cf06adfbb83 (length 35264 - align length 651) has no trained error model
[2025-07-09 16:59:44.838] [jointLog] [warning] read 1a250d1c-c798-4c29-8954-9cf06adfbb83 (length 35264) has no trained clipping model
[2025-07-09 16:59:44.838] [jointLog] [warning] read 1a250d1c-c798-4c29-8954-9cf06adfbb83 (length 35264) has no trained clipping model
[2025-07-09 16:59:44.839] [jointLog] [warning] read c3b621bb-20bd-40e7-8fed-a468e095321d (length 13658 - align length 13653) has no trained error model
[2025-07-09 16:59:44.839] [jointLog] [warning] read c3b621bb-20bd-40e7-8fed-a468e095321d (length 13658) has no trained clipping model
[2025-07-09 16:59:44.839] [jointLog] [warning] read c3b621bb-20bd-40e7-8fed-a468e095321d (length 13658) has no trained clipping model
[2025-07-09 16:59:44.839] [jointLog] [warning] read 9e4a6188-fcf9-477e-8241-772d7e9c7755 (length 12914 - align length 289) has no trained error model
[2025-07-09 16:59:44.839] [jointLog] [warning] read 9e4a6188-fcf9-477e-8241-772d7e9c7755 (length 12914) has no trained clipping model
[2025-07-09 16:59:44.839] [jointLog] [warning] read 9e4a6188-fcf9-477e-8241-772d7e9c7755 (length 12914) has no trained clipping model
[2025-07-09 16:59:44.839] [jointLog] [warning] read feb477df-d194-4845-912d-1e289825cb31 (length 10116) has no trained clipping model
[2025-07-09 16:59:44.839] [jointLog] [warning] read 845b9891-c0e4-4c4a-b7ec-63dfac608a34 (length 17902 - align length 299) has no trained error model
[2025-07-09 16:59:44.839] [jointLog] [warning] read 845b9891-c0e4-4c4a-b7ec-63dfac608a34 (length 17902) has no trained clipping model
[2025-07-09 16:59:44.839] [jointLog] [warning] read 845b9891-c0e4-4c4a-b7ec-63dfac608a34 (length 17902) has no trained clipping model
[2025-07-09 16:59:44.839] [jointLog] [warning] read 8b8f8fee-b919-4ab6-873a-484a098e2154 (length 34341 - align length 62) has no trained error model
[2025-07-09 16:59:44.839] [jointLog] [warning] read 8b8f8fee-b919-4ab6-873a-484a098e2154 (length 34341) has no trained clipping model
[2025-07-09 16:59:44.839] [jointLog] [warning] read 8b8f8fee-b919-4ab6-873a-484a098e2154 (length 34341) has no trained clipping model
[2025-07-09 16:59:44.839] [jointLog] [warning] read ffbb513b-3396-41b4-a1f9-3bd4eb1a621f (length 11267 - align length 799) has no trained error model
[2025-07-09 16:59:44.839] [jointLog] [warning] read ffbb513b-3396-41b4-a1f9-3bd4eb1a621f (length 11267) has no trained clipping model
[2025-07-09 16:59:44.839] [jointLog] [warning] read ffbb513b-3396-41b4-a1f9-3bd4eb1a621f (length 11267) has no trained clipping model
[2025-07-09 16:59:44.839] [jointLog] [warning] read 13bba7b7-ad09-4c6f-9b58-4690fb99300b (length 22203 - align length 78) has no trained error model
[2025-07-09 16:59:44.839] [jointLog] [warning] read 13bba7b7-ad09-4c6f-9b58-4690fb99300b (length 22203) has no trained clipping model
[2025-07-09 16:59:44.839] [jointLog] [warning] read 13bba7b7-ad09-4c6f-9b58-4690fb99300b (length 22203) has no trained clipping model
[2025-07-09 16:59:44.839] [jointLog] [warning] read d9478935-52b7-4ffe-9f48-504c624a5a59 (length 32829 - align length 457) has no trained error model
[2025-07-09 16:59:44.839] [jointLog] [warning] read d9478935-52b7-4ffe-9f48-504c624a5a59 (length 32829) has no trained clipping model
[2025-07-09 16:59:44.839] [jointLog] [warning] read d9478935-52b7-4ffe-9f48-504c624a5a59 (length 32829) has no trained clipping model
[2025-07-09 16:59:44.839] [jointLog] [warning] read 821a35fa-25f7-41da-bc70-ce25b0106cd2 (length 12003 - align length 81) has no trained error model
[2025-07-09 16:59:44.839] [jointLog] [warning] read 821a35fa-25f7-41da-bc70-ce25b0106cd2 (length 12003) has no trained clipping model
[2025-07-09 16:59:44.839] [jointLog] [warning] read 821a35fa-25f7-41da-bc70-ce25b0106cd2 (length 12003) has no trained clipping model
[2025-07-09 16:59:44.839] [jointLog] [warning] read ec0cbd4a-0109-41f8-af9c-f425308f8532 (length 18707 - align length 1193) has no trained error model
[2025-07-09 16:59:44.839] [jointLog] [warning] read ec0cbd4a-0109-41f8-af9c-f425308f8532 (length 18707) has no trained clipping model
[2025-07-09 16:59:44.839] [jointLog] [warning] read ec0cbd4a-0109-41f8-af9c-f425308f8532 (length 18707) has no trained clipping model
[2025-07-09 16:59:44.839] [jointLog] [warning] read c3874e16-daad-4393-ae7d-88ebec022a72 (length 24514 - align length 306) has no trained error model
[2025-07-09 16:59:44.839] [jointLog] [warning] read c3874e16-daad-4393-ae7d-88ebec022a72 (length 24514) has no trained clipping model
[2025-07-09 16:59:44.839] [jointLog] [warning] read c3874e16-daad-4393-ae7d-88ebec022a72 (length 24514) has no trained clipping model
[2025-07-09 16:59:44.839] [jointLog] [warning] read 3e2d5d4c-1e98-4a19-b8b2-8acb33513af3 (length 44982 - align length 1195) has no trained error model
[2025-07-09 16:59:44.839] [jointLog] [warning] read 3e2d5d4c-1e98-4a19-b8b2-8acb33513af3 (length 44982) has no trained clipping model
[2025-07-09 16:59:44.839] [jointLog] [warning] read 3e2d5d4c-1e98-4a19-b8b2-8acb33513af3 (length 44982) has no trained clipping model
[2025-07-09 16:59:44.839] [jointLog] [warning] read 39a844bc-8e72-4b83-8564-e15f742cb144 (length 15379 - align length 270) has no trained error model
[2025-07-09 16:59:44.839] [jointLog] [warning] read 39a844bc-8e72-4b83-8564-e15f742cb144 (length 15379) has no trained clipping model
[2025-07-09 16:59:44.839] [jointLog] [warning] read 39a844bc-8e72-4b83-8564-e15f742cb144 (length 15379) has no trained clipping model
[2025-07-09 16:59:44.839] [jointLog] [warning] read 3359bb3c-9825-4108-b209-7f01b11ece11 (length 14724 - align length 14690) has no trained error model
[2025-07-09 16:59:44.839] [jointLog] [warning] read 3359bb3c-9825-4108-b209-7f01b11ece11 (length 14724) has no trained clipping model
[2025-07-09 16:59:44.839] [jointLog] [warning] read 3359bb3c-9825-4108-b209-7f01b11ece11 (length 14724) has no trained clipping model
[2025-07-09 16:59:44.840] [jointLog] [warning] read af84b55b-a470-4e8d-a05e-27d47b9faa7d (length 21307 - align length 389) has no trained error model
[2025-07-09 16:59:44.840] [jointLog] [warning] read af84b55b-a470-4e8d-a05e-27d47b9faa7d (length 21307) has no trained clipping model
[2025-07-09 16:59:44.840] [jointLog] [warning] read af84b55b-a470-4e8d-a05e-27d47b9faa7d (length 21307) has no trained clipping model
[2025-07-09 16:59:44.840] [jointLog] [warning] read 3c2fbbd7-beda-4183-b5be-3575b3565005 (length 24436 - align length 227) has no trained error model
[2025-07-09 16:59:44.840] [jointLog] [warning] read 3c2fbbd7-beda-4183-b5be-3575b3565005 (length 24436) has no trained clipping model
[2025-07-09 16:59:44.840] [jointLog] [warning] read 3c2fbbd7-beda-4183-b5be-3575b3565005 (length 24436) has no trained clipping model
[2025-07-09 16:59:44.840] [jointLog] [warning] read b8de8b15-6e21-4f7d-85be-93722d538d73 (length 13434 - align length 2664) has no trained error model
[2025-07-09 16:59:44.840] [jointLog] [warning] read b8de8b15-6e21-4f7d-85be-93722d538d73 (length 13434) has no trained clipping model
[2025-07-09 16:59:44.840] [jointLog] [warning] read b8de8b15-6e21-4f7d-85be-93722d538d73 (length 13434) has no trained clipping model
[2025-07-09 16:59:44.840] [jointLog] [warning] read 8522a4be-3a39-4ff1-b85d-3be9d446a262 (length 18020 - align length 59) has no trained error model
[2025-07-09 16:59:44.840] [jointLog] [warning] read 8522a4be-3a39-4ff1-b85d-3be9d446a262 (length 18020) has no trained clipping model
[2025-07-09 16:59:44.840] [jointLog] [warning] read 8522a4be-3a39-4ff1-b85d-3be9d446a262 (length 18020) has no trained clipping model
[2025-07-09 16:59:44.840] [jointLog] [warning] read 2054dfb5-8287-4ded-9d65-21df8a4f828d (length 10456 - align length 119) has no trained error model
[2025-07-09 16:59:44.840] [jointLog] [warning] read 2054dfb5-8287-4ded-9d65-21df8a4f828d (length 10456) has no trained clipping model
[2025-07-09 16:59:44.840] [jointLog] [warning] read 2054dfb5-8287-4ded-9d65-21df8a4f828d (length 10456) has no trained clipping model
[2025-07-09 16:59:44.840] [jointLog] [warning] read 0c20cd0a-35b8-46c6-af01-c72100aa2111 (length 47703 - align length 119) has no trained error model
[2025-07-09 16:59:44.840] [jointLog] [warning] read 0c20cd0a-35b8-46c6-af01-c72100aa2111 (length 47703) has no trained clipping model
[2025-07-09 16:59:44.840] [jointLog] [warning] read 0c20cd0a-35b8-46c6-af01-c72100aa2111 (length 47703) has no trained clipping model
[2025-07-09 16:59:44.840] [jointLog] [warning] read 743ccc1c-e1fb-4ad0-94fb-4e05ea4c6809 (length 39307 - align length 490) has no trained error model
[2025-07-09 16:59:44.840] [jointLog] [warning] read 743ccc1c-e1fb-4ad0-94fb-4e05ea4c6809 (length 39307) has no trained clipping model
[2025-07-09 16:59:44.840] [jointLog] [warning] read 743ccc1c-e1fb-4ad0-94fb-4e05ea4c6809 (length 39307) has no trained clipping model
[2025-07-09 16:59:44.840] [jointLog] [warning] read 94b3a11e-6dfa-4477-95b0-4bb8a4f33d81 (length 20930 - align length 1320) has no trained error model
[2025-07-09 16:59:44.840] [jointLog] [warning] read 94b3a11e-6dfa-4477-95b0-4bb8a4f33d81 (length 20930) has no trained clipping model
[2025-07-09 16:59:44.840] [jointLog] [warning] read 94b3a11e-6dfa-4477-95b0-4bb8a4f33d81 (length 20930) has no trained clipping model
[2025-07-09 16:59:44.840] [jointLog] [warning] read 98cc4059-b10f-4179-a3ed-322de1f25bb8 (length 10354) has no trained clipping model
[2025-07-09 16:59:44.840] [jointLog] [warning] read 1377082e-35a6-41ca-9aef-c9c995160113 (length 14854 - align length 1301) has no trained error model
[2025-07-09 16:59:44.840] [jointLog] [warning] read 1377082e-35a6-41ca-9aef-c9c995160113 (length 14854) has no trained clipping model
[2025-07-09 16:59:44.840] [jointLog] [warning] read 1377082e-35a6-41ca-9aef-c9c995160113 (length 14854) has no trained clipping model
[2025-07-09 16:59:44.840] [jointLog] [warning] read 458a821b-e571-41f4-a091-d01173f3f314 (length 12879 - align length 397) has no trained error model
[2025-07-09 16:59:44.840] [jointLog] [warning] read 458a821b-e571-41f4-a091-d01173f3f314 (length 12879) has no trained clipping model
[2025-07-09 16:59:44.840] [jointLog] [warning] read 458a821b-e571-41f4-a091-d01173f3f314 (length 12879) has no trained clipping model
[2025-07-09 16:59:44.840] [jointLog] [warning] read b47e4c19-6471-4f55-b4d2-ee8e3d7090b2 (length 41314 - align length 505) has no trained error model
[2025-07-09 16:59:44.840] [jointLog] [warning] read b47e4c19-6471-4f55-b4d2-ee8e3d7090b2 (length 41314) has no trained clipping model
[2025-07-09 16:59:44.840] [jointLog] [warning] read b47e4c19-6471-4f55-b4d2-ee8e3d7090b2 (length 41314) has no trained clipping model
[2025-07-09 16:59:44.840] [jointLog] [warning] read 7dfdc0f5-aea2-4a03-929d-cd028f0ef1cd (length 15517 - align length 129) has no trained error model
[2025-07-09 16:59:44.840] [jointLog] [warning] read 7dfdc0f5-aea2-4a03-929d-cd028f0ef1cd (length 15517) has no trained clipping model
[2025-07-09 16:59:44.840] [jointLog] [warning] read 7dfdc0f5-aea2-4a03-929d-cd028f0ef1cd (length 15517) has no trained clipping model
[2025-07-09 16:59:44.840] [jointLog] [warning] read 23faa8a7-53e4-4754-bf24-8c7f4da1bd43 (length 14844 - align length 14704) has no trained error model
[2025-07-09 16:59:44.840] [jointLog] [warning] read 243f1486-459e-48fb-8f2c-146029b24422 (length 16062 - align length 115) has no trained error model
[2025-07-09 16:59:44.840] [jointLog] [warning] read 243f1486-459e-48fb-8f2c-146029b24422 (length 16062) has no trained clipping model
[2025-07-09 16:59:44.840] [jointLog] [warning] read 243f1486-459e-48fb-8f2c-146029b24422 (length 16062) has no trained clipping model
[2025-07-09 16:59:44.840] [jointLog] [warning] read ba1b6cad-7e5d-487b-be50-f61bee3f012b (length 17240 - align length 231) has no trained error model
[2025-07-09 16:59:44.840] [jointLog] [warning] read ba1b6cad-7e5d-487b-be50-f61bee3f012b (length 17240) has no trained clipping model
[2025-07-09 16:59:44.840] [jointLog] [warning] read ba1b6cad-7e5d-487b-be50-f61bee3f012b (length 17240) has no trained clipping model
[2025-07-09 16:59:44.840] [jointLog] [warning] read 0ec7c060-0268-4194-bf9a-0caabc6cfe7c (length 13003) has no trained clipping model
[2025-07-09 16:59:44.840] [jointLog] [warning] read 23433a09-72c4-432d-a3fc-608e3e2fe028 (length 47163 - align length 314) has no trained error model
[2025-07-09 16:59:44.840] [jointLog] [warning] read 23433a09-72c4-432d-a3fc-608e3e2fe028 (length 47163) has no trained clipping model
[2025-07-09 16:59:44.840] [jointLog] [warning] read 23433a09-72c4-432d-a3fc-608e3e2fe028 (length 47163) has no trained clipping model
[2025-07-09 16:59:44.840] [jointLog] [warning] read 5cb67994-f0ef-4d83-85e2-39ab1cfc858d (length 16716 - align length 752) has no trained error model
[2025-07-09 16:59:44.840] [jointLog] [warning] read 5cb67994-f0ef-4d83-85e2-39ab1cfc858d (length 16716) has no trained clipping model
[2025-07-09 16:59:44.840] [jointLog] [warning] read 5cb67994-f0ef-4d83-85e2-39ab1cfc858d (length 16716) has no trained clipping model
[2025-07-09 16:59:44.841] [jointLog] [warning] read 4bca47a5-6ebb-426d-a1ce-c8411e41e00d (length 30715 - align length 4033) has no trained error model
[2025-07-09 16:59:44.841] [jointLog] [warning] read 4bca47a5-6ebb-426d-a1ce-c8411e41e00d (length 30715) has no trained clipping model
[2025-07-09 16:59:44.841] [jointLog] [warning] read 4bca47a5-6ebb-426d-a1ce-c8411e41e00d (length 30715) has no trained clipping model
[2025-07-09 16:59:44.841] [jointLog] [warning] read 96fb9f37-7892-489f-8ec6-f41e382af588 (length 11121) has no trained clipping model
[2025-07-09 16:59:44.841] [jointLog] [warning] read cdfce95d-5b1f-4190-adf9-510e2da0cd79 (length 14735) has no trained clipping model
[2025-07-09 16:59:44.841] [jointLog] [warning] read 4b4aa6d9-d2f0-4f63-98c0-90b4f151b129 (length 28183 - align length 1162) has no trained error model
[2025-07-09 16:59:44.841] [jointLog] [warning] read 4b4aa6d9-d2f0-4f63-98c0-90b4f151b129 (length 28183) has no trained clipping model
[2025-07-09 16:59:44.841] [jointLog] [warning] read 4b4aa6d9-d2f0-4f63-98c0-90b4f151b129 (length 28183) has no trained clipping model
[2025-07-09 16:59:44.841] [jointLog] [warning] read 63043464-da35-4bfd-a1e5-2c7912b09483 (length 27801 - align length 301) has no trained error model
[2025-07-09 16:59:44.841] [jointLog] [warning] read 63043464-da35-4bfd-a1e5-2c7912b09483 (length 27801) has no trained clipping model
[2025-07-09 16:59:44.841] [jointLog] [warning] read 63043464-da35-4bfd-a1e5-2c7912b09483 (length 27801) has no trained clipping model
[2025-07-09 16:59:44.841] [jointLog] [warning] read 19e8bcd4-d79a-4a05-a00e-e285babfb1b1 (length 35819 - align length 877) has no trained error model
[2025-07-09 16:59:44.841] [jointLog] [warning] read 19e8bcd4-d79a-4a05-a00e-e285babfb1b1 (length 35819) has no trained clipping model
[2025-07-09 16:59:44.841] [jointLog] [warning] read 19e8bcd4-d79a-4a05-a00e-e285babfb1b1 (length 35819) has no trained clipping model
[2025-07-09 16:59:44.842] [jointLog] [warning] read 146bd0b0-64ed-42f9-aa1b-4791a75b88d7 (length 12864) has no trained clipping model
[2025-07-09 16:59:44.844] [jointLog] [warning] read 89ea661d-f04a-406c-aa06-6c97381e13dd (length 28226 - align length 456) has no trained error model
[2025-07-09 16:59:44.844] [jointLog] [warning] read 89ea661d-f04a-406c-aa06-6c97381e13dd (length 28226) has no trained clipping model
[2025-07-09 16:59:44.844] [jointLog] [warning] read 89ea661d-f04a-406c-aa06-6c97381e13dd (length 28226) has no trained clipping model
[2025-07-09 16:59:45.012] [jointLog] [warning] (in update()) CIGAR string for read [e339623d-6ad2-4f22-a0bf-c616ae1e442a] seems inconsistent. It implied an error rate greater than 1: 1.34951 0.0011534 0.0187428
[2025-07-09 16:59:45.269] [jointLog] [warning] (in update()) CIGAR string for read [f117ed88-2e10-4e03-9f60-53aecb6f3f60] seems inconsistent. It implied an error rate greater than 1: 1.38705 0 0.00569033
[2025-07-09 16:59:45.292] [jointLog] [warning] read b338d11b-9524-4f3b-95f1-03197146e75b (length 10876 - align length 10834) has no trained error model
[2025-07-09 16:59:45.292] [jointLog] [warning] read b338d11b-9524-4f3b-95f1-03197146e75b (length 10876) has no trained clipping model
[2025-07-09 16:59:45.292] [jointLog] [warning] read b338d11b-9524-4f3b-95f1-03197146e75b (length 10876) has no trained clipping model
[2025-07-09 16:59:45.518] [jointLog] [warning] (in update()) CIGAR string for read [b83e07e6-f14c-4ac1-9c65-3bba35ec27f2] seems inconsistent. It implied an error rate greater than 1: 1.34871 0 0.00380451
[2025-07-09 16:59:45.573] [jointLog] [warning] read 4e7bc9a3-762a-40fc-b0b8-7cac0322be12 (length 9450 - align length 9154) has no trained error model
[2025-07-09 16:59:45.677] [jointLog] [warning] read 72992e85-4051-4a5c-b4ac-c0e673a118ca (length 12904) has no trained clipping model
[2025-07-09 16:59:45.677] [jointLog] [warning] read 2c6fe3f4-e559-41d6-b421-9c7205f0e36b (length 33971 - align length 894) has no trained error model
[2025-07-09 16:59:45.677] [jointLog] [warning] read 2c6fe3f4-e559-41d6-b421-9c7205f0e36b (length 33971) has no trained clipping model
[2025-07-09 16:59:45.677] [jointLog] [warning] read 2c6fe3f4-e559-41d6-b421-9c7205f0e36b (length 33971) has no trained clipping model
[2025-07-09 16:59:45.678] [jointLog] [warning] read dcf510d9-1402-4b8a-91e0-0343fdc529a0 (length 14579 - align length 14557) has no trained error model
[2025-07-09 16:59:45.678] [jointLog] [warning] read dcf510d9-1402-4b8a-91e0-0343fdc529a0 (length 14579) has no trained clipping model
[2025-07-09 16:59:45.678] [jointLog] [warning] read dcf510d9-1402-4b8a-91e0-0343fdc529a0 (length 14579) has no trained clipping model
[2025-07-09 16:59:45.678] [jointLog] [warning] read e595143b-2226-43ed-9e7e-01a34698da49 (length 29562 - align length 719) has no trained error model
[2025-07-09 16:59:45.678] [jointLog] [warning] read e595143b-2226-43ed-9e7e-01a34698da49 (length 29562) has no trained clipping model
[2025-07-09 16:59:45.678] [jointLog] [warning] read e595143b-2226-43ed-9e7e-01a34698da49 (length 29562) has no trained clipping model
[2025-07-09 16:59:45.678] [jointLog] [warning] read 5de5ef1b-0efa-4087-84a5-14ccb52dd838 (length 14114) has no trained clipping model
[2025-07-09 16:59:45.678] [jointLog] [warning] read a7016677-7d30-4c38-acd9-8ce9f7de21a1 (length 49659 - align length 1089) has no trained error model
[2025-07-09 16:59:45.678] [jointLog] [warning] read a7016677-7d30-4c38-acd9-8ce9f7de21a1 (length 49659) has no trained clipping model
[2025-07-09 16:59:45.678] [jointLog] [warning] read a7016677-7d30-4c38-acd9-8ce9f7de21a1 (length 49659) has no trained clipping model
[2025-07-09 16:59:45.678] [jointLog] [warning] read 8aebfe96-7b11-47c2-a275-18413273b2ce (length 25908) has no trained clipping model
[2025-07-09 16:59:45.678] [jointLog] [warning] read 6a626531-2bb6-4971-9ebb-eacae80af01d (length 10823) has no trained clipping model
[2025-07-09 16:59:45.678] [jointLog] [warning] read 68f1bc28-dcd5-4fc4-9433-4aac93110cf6 (length 28599 - align length 922) has no trained error model
[2025-07-09 16:59:45.678] [jointLog] [warning] read 68f1bc28-dcd5-4fc4-9433-4aac93110cf6 (length 28599) has no trained clipping model
[2025-07-09 16:59:45.678] [jointLog] [warning] read 68f1bc28-dcd5-4fc4-9433-4aac93110cf6 (length 28599) has no trained clipping model
[2025-07-09 16:59:45.678] [jointLog] [warning] read d7510249-b278-4447-8ead-d7c1bb919f2a (length 18709) has no trained clipping model
[2025-07-09 16:59:45.678] [jointLog] [warning] read 0cd29def-0341-4d43-a65a-1d0c5c5bb57b (length 32063 - align length 1078) has no trained error model
[2025-07-09 16:59:45.678] [jointLog] [warning] read 0cd29def-0341-4d43-a65a-1d0c5c5bb57b (length 32063) has no trained clipping model
[2025-07-09 16:59:45.678] [jointLog] [warning] read 0cd29def-0341-4d43-a65a-1d0c5c5bb57b (length 32063) has no trained clipping model
[2025-07-09 16:59:45.678] [jointLog] [warning] read 078684cb-1bd5-44b1-b88e-d9053d09134a (length 15381 - align length 15359) has no trained error model
[2025-07-09 16:59:45.678] [jointLog] [warning] read 389a321e-b37c-48fa-8d03-29755c5609e8 (length 12386 - align length 693) has no trained error model
[2025-07-09 16:59:45.678] [jointLog] [warning] read 389a321e-b37c-48fa-8d03-29755c5609e8 (length 12386) has no trained clipping model
[2025-07-09 16:59:45.678] [jointLog] [warning] read 389a321e-b37c-48fa-8d03-29755c5609e8 (length 12386) has no trained clipping model
[2025-07-09 16:59:45.678] [jointLog] [warning] read 6f6408fb-daef-4104-a3ea-6ddb756e5598 (length 19655 - align length 1183) has no trained error model
[2025-07-09 16:59:45.678] [jointLog] [warning] read 6f6408fb-daef-4104-a3ea-6ddb756e5598 (length 19655) has no trained clipping model
[2025-07-09 16:59:45.678] [jointLog] [warning] read 6f6408fb-daef-4104-a3ea-6ddb756e5598 (length 19655) has no trained clipping model
[2025-07-09 16:59:45.678] [jointLog] [warning] read 91a1d652-e5fe-484e-8cad-ca469976023d (length 11954 - align length 2226) has no trained error model
[2025-07-09 16:59:45.678] [jointLog] [warning] read 91a1d652-e5fe-484e-8cad-ca469976023d (length 11954) has no trained clipping model
[2025-07-09 16:59:45.678] [jointLog] [warning] read 91a1d652-e5fe-484e-8cad-ca469976023d (length 11954) has no trained clipping model
[2025-07-09 16:59:45.678] [jointLog] [warning] read f00828f3-709a-4514-90f5-3e7000d91675 (length 25088 - align length 3812) has no trained error model
[2025-07-09 16:59:45.678] [jointLog] [warning] read f00828f3-709a-4514-90f5-3e7000d91675 (length 25088) has no trained clipping model
[2025-07-09 16:59:45.678] [jointLog] [warning] read f00828f3-709a-4514-90f5-3e7000d91675 (length 25088) has no trained clipping model
[2025-07-09 16:59:45.678] [jointLog] [warning] read 4872e0df-15d4-42ce-a4d8-aa914b303511 (length 28957 - align length 474) has no trained error model
[2025-07-09 16:59:45.678] [jointLog] [warning] read 4872e0df-15d4-42ce-a4d8-aa914b303511 (length 28957) has no trained clipping model
[2025-07-09 16:59:45.678] [jointLog] [warning] read 4872e0df-15d4-42ce-a4d8-aa914b303511 (length 28957) has no trained clipping model
[2025-07-09 16:59:45.679] [jointLog] [warning] read 4429cf32-16aa-40c7-b01b-aa8fbbd43005 (length 27507 - align length 1889) has no trained error model
[2025-07-09 16:59:45.679] [jointLog] [warning] read 4429cf32-16aa-40c7-b01b-aa8fbbd43005 (length 27507) has no trained clipping model
[2025-07-09 16:59:45.679] [jointLog] [warning] read 4429cf32-16aa-40c7-b01b-aa8fbbd43005 (length 27507) has no trained clipping model
[2025-07-09 16:59:45.679] [jointLog] [warning] read ae4a3767-03ee-483d-9147-30240af9b13d (length 9299) has no trained clipping model
[2025-07-09 16:59:45.679] [jointLog] [warning] read 01b5b823-b259-4b50-a643-6ffa8d101ed0 (length 16175 - align length 3884) has no trained error model
[2025-07-09 16:59:45.679] [jointLog] [warning] read 01b5b823-b259-4b50-a643-6ffa8d101ed0 (length 16175) has no trained clipping model
[2025-07-09 16:59:45.679] [jointLog] [warning] read 01b5b823-b259-4b50-a643-6ffa8d101ed0 (length 16175) has no trained clipping model
[2025-07-09 16:59:45.679] [jointLog] [warning] read 16779adc-037c-4b78-b73e-232fcb31e84a (length 16393 - align length 16223) has no trained error model
[2025-07-09 16:59:45.679] [jointLog] [warning] read 16779adc-037c-4b78-b73e-232fcb31e84a (length 16393) has no trained clipping model
[2025-07-09 16:59:45.679] [jointLog] [warning] read 16779adc-037c-4b78-b73e-232fcb31e84a (length 16393) has no trained clipping model
[2025-07-09 16:59:45.679] [jointLog] [warning] read 9235d62e-4ae5-41c5-882b-e431671fcf79 (length 30417 - align length 112) has no trained error model
[2025-07-09 16:59:45.679] [jointLog] [warning] read 9235d62e-4ae5-41c5-882b-e431671fcf79 (length 30417) has no trained clipping model
[2025-07-09 16:59:45.679] [jointLog] [warning] read 9235d62e-4ae5-41c5-882b-e431671fcf79 (length 30417) has no trained clipping model
[2025-07-09 16:59:45.679] [jointLog] [warning] read 5ec707dd-936f-4b65-aa30-74f9b69ba8ce (length 21167 - align length 1437) has no trained error model
[2025-07-09 16:59:45.679] [jointLog] [warning] read 5ec707dd-936f-4b65-aa30-74f9b69ba8ce (length 21167) has no trained clipping model
[2025-07-09 16:59:45.679] [jointLog] [warning] read 5ec707dd-936f-4b65-aa30-74f9b69ba8ce (length 21167) has no trained clipping model
[2025-07-09 16:59:45.705] [jointLog] [warning] read c9925860-d22d-484b-a098-39a5b6bc7bff (length 12172) has no trained clipping model
[2025-07-09 16:59:45.705] [jointLog] [warning] read 32a4ef3c-e485-43b5-ae86-ae2475d33f08 (length 43248 - align length 583) has no trained error model
[2025-07-09 16:59:45.705] [jointLog] [warning] read 32a4ef3c-e485-43b5-ae86-ae2475d33f08 (length 43248) has no trained clipping model
[2025-07-09 16:59:45.705] [jointLog] [warning] read 32a4ef3c-e485-43b5-ae86-ae2475d33f08 (length 43248) has no trained clipping model
[2025-07-09 16:59:45.705] [jointLog] [warning] read 3b492a8f-9dc4-4fcf-8c5f-f090ab8befb6 (length 21924 - align length 539) has no trained error model
[2025-07-09 16:59:45.705] [jointLog] [warning] read 3b492a8f-9dc4-4fcf-8c5f-f090ab8befb6 (length 21924) has no trained clipping model
[2025-07-09 16:59:45.705] [jointLog] [warning] read 3b492a8f-9dc4-4fcf-8c5f-f090ab8befb6 (length 21924) has no trained clipping model
[2025-07-09 16:59:45.705] [jointLog] [warning] read 8701f597-26c5-4da1-b248-ca8f80e01e46 (length 27316 - align length 314) has no trained error model
[2025-07-09 16:59:45.705] [jointLog] [warning] read 8701f597-26c5-4da1-b248-ca8f80e01e46 (length 27316) has no trained clipping model
[2025-07-09 16:59:45.705] [jointLog] [warning] read 8701f597-26c5-4da1-b248-ca8f80e01e46 (length 27316) has no trained clipping model
[2025-07-09 16:59:45.705] [jointLog] [warning] read baf3bc36-0c1b-4748-ba0c-2f6cd88d568d (length 35596 - align length 303) has no trained error model
[2025-07-09 16:59:45.705] [jointLog] [warning] read baf3bc36-0c1b-4748-ba0c-2f6cd88d568d (length 35596) has no trained clipping model
[2025-07-09 16:59:45.705] [jointLog] [warning] read baf3bc36-0c1b-4748-ba0c-2f6cd88d568d (length 35596) has no trained clipping model
[2025-07-09 16:59:45.705] [jointLog] [warning] read 5786aff5-96be-43ff-8fcd-ef22f95c45bb (length 18956 - align length 467) has no trained error model
[2025-07-09 16:59:45.705] [jointLog] [warning] read 5786aff5-96be-43ff-8fcd-ef22f95c45bb (length 18956) has no trained clipping model
[2025-07-09 16:59:45.705] [jointLog] [warning] read 5786aff5-96be-43ff-8fcd-ef22f95c45bb (length 18956) has no trained clipping model
[2025-07-09 16:59:45.705] [jointLog] [warning] read 4f2c23d6-9010-4942-abb4-0a6dcc96d7b7 (length 29361 - align length 1047) has no trained error model
[2025-07-09 16:59:45.705] [jointLog] [warning] read 4f2c23d6-9010-4942-abb4-0a6dcc96d7b7 (length 29361) has no trained clipping model
[2025-07-09 16:59:45.705] [jointLog] [warning] read 4f2c23d6-9010-4942-abb4-0a6dcc96d7b7 (length 29361) has no trained clipping model
[2025-07-09 16:59:45.705] [jointLog] [warning] read 7cc5ad03-317e-4c92-b85f-4d0e39ea1650 (length 16415 - align length 282) has no trained error model
[2025-07-09 16:59:45.705] [jointLog] [warning] read 7cc5ad03-317e-4c92-b85f-4d0e39ea1650 (length 16415) has no trained clipping model
[2025-07-09 16:59:45.705] [jointLog] [warning] read 7cc5ad03-317e-4c92-b85f-4d0e39ea1650 (length 16415) has no trained clipping model
[2025-07-09 16:59:45.705] [jointLog] [warning] read 3f4b41bb-5056-445e-b342-e49ecf4426af (length 11113) has no trained clipping model
[2025-07-09 16:59:45.706] [jointLog] [warning] read efa66164-94a0-43c0-85a3-7f28684d89b0 (length 13711 - align length 13603) has no trained error model
[2025-07-09 16:59:45.706] [jointLog] [warning] read efa66164-94a0-43c0-85a3-7f28684d89b0 (length 13711) has no trained clipping model
[2025-07-09 16:59:45.706] [jointLog] [warning] read efa66164-94a0-43c0-85a3-7f28684d89b0 (length 13711) has no trained clipping model
[2025-07-09 16:59:45.706] [jointLog] [warning] read 8d2ec18a-8cf9-45ad-bb9c-ed4c2a832e21 (length 11128) has no trained clipping model
[2025-07-09 16:59:45.706] [jointLog] [warning] read b009d1a9-1fc0-4d99-8051-8d31151a0ea1 (length 10686) has no trained clipping model
[2025-07-09 16:59:45.706] [jointLog] [warning] read 3287c7d8-80a8-43d3-93b9-ae383df2f586 (length 35177 - align length 167) has no trained error model
[2025-07-09 16:59:45.706] [jointLog] [warning] read 3287c7d8-80a8-43d3-93b9-ae383df2f586 (length 35177) has no trained clipping model
[2025-07-09 16:59:45.706] [jointLog] [warning] read 3287c7d8-80a8-43d3-93b9-ae383df2f586 (length 35177) has no trained clipping model
[2025-07-09 16:59:45.706] [jointLog] [warning] read fa70fdca-5399-41d5-88a6-2d9bcdea4934 (length 8685) has no trained clipping model
[2025-07-09 16:59:45.706] [jointLog] [warning] read 7baffd19-97cd-4900-846b-fc5ce233ff43 (length 45482 - align length 995) has no trained error model
[2025-07-09 16:59:45.706] [jointLog] [warning] read 7baffd19-97cd-4900-846b-fc5ce233ff43 (length 45482) has no trained clipping model
[2025-07-09 16:59:45.706] [jointLog] [warning] read 7baffd19-97cd-4900-846b-fc5ce233ff43 (length 45482) has no trained clipping model
[2025-07-09 16:59:45.706] [jointLog] [warning] read c3e56478-e9a7-4348-a853-a2344e5af37b (length 24369 - align length 3282) has no trained error model
[2025-07-09 16:59:45.706] [jointLog] [warning] read c3e56478-e9a7-4348-a853-a2344e5af37b (length 24369) has no trained clipping model
[2025-07-09 16:59:45.706] [jointLog] [warning] read c3e56478-e9a7-4348-a853-a2344e5af37b (length 24369) has no trained clipping model
[2025-07-09 16:59:45.706] [jointLog] [warning] read 098229c0-61c3-4377-997a-628cab011c1f (length 24616 - align length 3451) has no trained error model
[2025-07-09 16:59:45.706] [jointLog] [warning] read 098229c0-61c3-4377-997a-628cab011c1f (length 24616) has no trained clipping model
[2025-07-09 16:59:45.706] [jointLog] [warning] read 098229c0-61c3-4377-997a-628cab011c1f (length 24616) has no trained clipping model
[2025-07-09 16:59:45.706] [jointLog] [warning] read d67df6e0-369d-428a-8c4f-028b87455986 (length 10080) has no trained clipping model
[2025-07-09 16:59:45.707] [jointLog] [warning] read 10156bc5-227b-4e1d-8405-63a0b31b8efd (length 20688 - align length 319) has no trained error model
[2025-07-09 16:59:45.707] [jointLog] [warning] read 10156bc5-227b-4e1d-8405-63a0b31b8efd (length 20688) has no trained clipping model
[2025-07-09 16:59:45.707] [jointLog] [warning] read 10156bc5-227b-4e1d-8405-63a0b31b8efd (length 20688) has no trained clipping model
[2025-07-09 16:59:45.707] [jointLog] [warning] read 60d41b4a-4dc3-4c62-9576-92ba08f133ee (length 36859 - align length 1954) has no trained error model
[2025-07-09 16:59:45.707] [jointLog] [warning] read 60d41b4a-4dc3-4c62-9576-92ba08f133ee (length 36859) has no trained clipping model
[2025-07-09 16:59:45.707] [jointLog] [warning] read 60d41b4a-4dc3-4c62-9576-92ba08f133ee (length 36859) has no trained clipping model
[2025-07-09 16:59:45.707] [jointLog] [warning] read 50953915-b7a3-4daf-ae28-e8910f3624dc (length 43712 - align length 281) has no trained error model
[2025-07-09 16:59:45.707] [jointLog] [warning] read 50953915-b7a3-4daf-ae28-e8910f3624dc (length 43712) has no trained clipping model
[2025-07-09 16:59:45.707] [jointLog] [warning] read 50953915-b7a3-4daf-ae28-e8910f3624dc (length 43712) has no trained clipping model
[2025-07-09 16:59:45.707] [jointLog] [warning] read f8408b2e-43aa-4e58-878c-2855b12a7c2d (length 34960 - align length 58) has no trained error model
[2025-07-09 16:59:45.707] [jointLog] [warning] read f8408b2e-43aa-4e58-878c-2855b12a7c2d (length 34960) has no trained clipping model
[2025-07-09 16:59:45.707] [jointLog] [warning] read f8408b2e-43aa-4e58-878c-2855b12a7c2d (length 34960) has no trained clipping model
[2025-07-09 16:59:45.707] [jointLog] [warning] read abfad07e-2e8c-49c3-b68f-6f47dfdc4129 (length 13160 - align length 692) has no trained error model
[2025-07-09 16:59:45.707] [jointLog] [warning] read abfad07e-2e8c-49c3-b68f-6f47dfdc4129 (length 13160) has no trained clipping model
[2025-07-09 16:59:45.707] [jointLog] [warning] read abfad07e-2e8c-49c3-b68f-6f47dfdc4129 (length 13160) has no trained clipping model
[2025-07-09 16:59:45.707] [jointLog] [warning] read 13dbbfac-8ab7-40eb-ae39-7fdb394768bc (length 13913) has no trained clipping model
[2025-07-09 16:59:45.708] [jointLog] [warning] read 3618cad1-68f5-46a4-955f-363999f9ffa0 (length 23470 - align length 152) has no trained error model
[2025-07-09 16:59:45.708] [jointLog] [warning] read 3618cad1-68f5-46a4-955f-363999f9ffa0 (length 23470) has no trained clipping model
[2025-07-09 16:59:45.708] [jointLog] [warning] read 3618cad1-68f5-46a4-955f-363999f9ffa0 (length 23470) has no trained clipping model
[2025-07-09 16:59:45.738] [jointLog] [warning] read 272d552b-6be2-45e0-acad-70e60fcb64d1 (length 11130 - align length 11120) has no trained error model
[2025-07-09 16:59:45.738] [jointLog] [warning] read 272d552b-6be2-45e0-acad-70e60fcb64d1 (length 11130) has no trained clipping model
[2025-07-09 16:59:46.328] [jointLog] [warning] (in update()) CIGAR string for read [414e2e4c-a901-48e9-9382-58906dd44ba8] seems inconsistent. It implied an error rate greater than 1: 1.19481 0 0.0941176
[2025-07-09 16:59:46.345] [jointLog] [warning] (in update()) CIGAR string for read [67ff0f16-71d5-497b-b344-47adb240b0e6] seems inconsistent. It implied an error rate greater than 1: 1.34726 0 0.0124964
[2025-07-09 16:59:46.466] [jointLog] [warning] (in update()) CIGAR string for read [4103d108-093d-49de-a8dc-7fb9d435fd12] seems inconsistent. It implied an error rate greater than 1: 2.33532 0.0144 0.00266667
[2025-07-09 16:59:46.769] [jointLog] [warning] (in update()) CIGAR string for read [dba7946b-9dd1-454d-9d0a-92d37d0b388a] seems inconsistent. It implied an error rate greater than 1: 1.09395 0.00382166 0.00636943
[2025-07-09 16:59:46.846] [jointLog] [warning] read a95b3f8f-31cd-4f80-8371-96ff63739801 (length 9665 - align length 9642) has no trained error model
[2025-07-09 16:59:46.913] [jointLog] [warning] (in update()) CIGAR string for read [1091de0a-ac9a-4b2c-839f-7b9b7ecfebf9] seems inconsistent. It implied an error rate greater than 1: 1.1366 0.0135823 0.0169779
[2025-07-09 16:59:47.180] [jointLog] [warning] (in update()) CIGAR string for read [edcc1b71-dde0-4eaf-b8b5-d10529f7daba] seems inconsistent. It implied an error rate greater than 1: 1.38546 0.000514139 0.0658098
[2025-07-09 16:59:47.233] [jointLog] [warning] (in update()) CIGAR string for read [72641071-ee12-4bde-ae23-011fa74cd8d6] seems inconsistent. It implied an error rate greater than 1: 1.35789 0.00115174 0.0141088
[2025-07-09 16:59:46.888] [fileLog] [info] quantification processed 2000000 fragments so far

[2025-07-09 16:59:47.291] [jointLog] [warning] read f1e75ce9-ce2f-49e6-aa12-024f2067242d (length 14372 - align length 2338) has no trained error model
[2025-07-09 16:59:47.291] [jointLog] [warning] read f1e75ce9-ce2f-49e6-aa12-024f2067242d (length 14372) has no trained clipping model
[2025-07-09 16:59:47.291] [jointLog] [warning] read f1e75ce9-ce2f-49e6-aa12-024f2067242d (length 14372) has no trained clipping model
[2025-07-09 16:59:47.291] [jointLog] [warning] read af15b934-0268-441b-99d9-0ed40bd39a84 (length 23511 - align length 1065) has no trained error model
[2025-07-09 16:59:47.291] [jointLog] [warning] read af15b934-0268-441b-99d9-0ed40bd39a84 (length 23511) has no trained clipping model
[2025-07-09 16:59:47.291] [jointLog] [warning] read af15b934-0268-441b-99d9-0ed40bd39a84 (length 23511) has no trained clipping model
[2025-07-09 16:59:47.291] [jointLog] [warning] read 686e262d-9110-48e6-beb2-0346abfecc4b (length 20539 - align length 430) has no trained error model
[2025-07-09 16:59:47.291] [jointLog] [warning] read 686e262d-9110-48e6-beb2-0346abfecc4b (length 20539) has no trained clipping model
[2025-07-09 16:59:47.291] [jointLog] [warning] read 686e262d-9110-48e6-beb2-0346abfecc4b (length 20539) has no trained clipping model
[2025-07-09 16:59:47.296] [jointLog] [warning] read 0ff0f223-f4dd-414d-bb0d-eae52e7821d3 (length 15153 - align length 1010) has no trained error model
[2025-07-09 16:59:47.296] [jointLog] [warning] read 0ff0f223-f4dd-414d-bb0d-eae52e7821d3 (length 15153) has no trained clipping model
[2025-07-09 16:59:47.296] [jointLog] [warning] read 0ff0f223-f4dd-414d-bb0d-eae52e7821d3 (length 15153) has no trained clipping model
[2025-07-09 16:59:47.296] [jointLog] [warning] read f42aebaf-1b50-42de-af3d-3c79bfa987fb (length 11994 - align length 11991) has no trained error model
[2025-07-09 16:59:47.296] [jointLog] [warning] read 6a757665-1094-4430-b2db-84f618091454 (length 13314 - align length 660) has no trained error model
[2025-07-09 16:59:47.296] [jointLog] [warning] read 6a757665-1094-4430-b2db-84f618091454 (length 13314) has no trained clipping model
[2025-07-09 16:59:47.296] [jointLog] [warning] read 6a757665-1094-4430-b2db-84f618091454 (length 13314) has no trained clipping model
[2025-07-09 16:59:47.296] [jointLog] [warning] read 0acc9e73-e139-46d3-b2ef-74f08b311097 (length 17322 - align length 1345) has no trained error model
[2025-07-09 16:59:47.296] [jointLog] [warning] read 0acc9e73-e139-46d3-b2ef-74f08b311097 (length 17322) has no trained clipping model
[2025-07-09 16:59:47.296] [jointLog] [warning] read 0acc9e73-e139-46d3-b2ef-74f08b311097 (length 17322) has no trained clipping model
[2025-07-09 16:59:47.297] [jointLog] [warning] read 0641a8fb-d8b3-4fc1-89b7-e5e1efab728c (length 25636 - align length 985) has no trained error model
[2025-07-09 16:59:47.297] [jointLog] [warning] read 0641a8fb-d8b3-4fc1-89b7-e5e1efab728c (length 25636) has no trained clipping model
[2025-07-09 16:59:47.297] [jointLog] [warning] read 0641a8fb-d8b3-4fc1-89b7-e5e1efab728c (length 25636) has no trained clipping model
[2025-07-09 16:59:47.297] [jointLog] [warning] read 05125c83-9470-435f-a867-7b6091f85a41 (length 20028 - align length 339) has no trained error model
[2025-07-09 16:59:47.297] [jointLog] [warning] read 05125c83-9470-435f-a867-7b6091f85a41 (length 20028) has no trained clipping model
[2025-07-09 16:59:47.297] [jointLog] [warning] read 05125c83-9470-435f-a867-7b6091f85a41 (length 20028) has no trained clipping model
[2025-07-09 16:59:47.297] [jointLog] [warning] read 81c7c2f5-b058-4889-ac6c-c15f10b5825b (length 12554 - align length 12554) has no trained error model
[2025-07-09 16:59:47.297] [jointLog] [warning] read 651df4ac-2d7e-4d46-80c6-dea82cd68a8e (length 24974 - align length 109) has no trained error model
[2025-07-09 16:59:47.297] [jointLog] [warning] read 651df4ac-2d7e-4d46-80c6-dea82cd68a8e (length 24974) has no trained clipping model
[2025-07-09 16:59:47.297] [jointLog] [warning] read 651df4ac-2d7e-4d46-80c6-dea82cd68a8e (length 24974) has no trained clipping model
[2025-07-09 16:59:47.297] [jointLog] [warning] read 45373795-3d5e-4250-93e5-5e8e68f532a2 (length 27945 - align length 77) has no trained error model
[2025-07-09 16:59:47.297] [jointLog] [warning] read 45373795-3d5e-4250-93e5-5e8e68f532a2 (length 27945) has no trained clipping model
[2025-07-09 16:59:47.297] [jointLog] [warning] read 45373795-3d5e-4250-93e5-5e8e68f532a2 (length 27945) has no trained clipping model
[2025-07-09 16:59:47.297] [jointLog] [warning] read 066ea9f4-22ab-4cb3-b2a5-2727f5a7a92b (length 14005 - align length 1266) has no trained error model
[2025-07-09 16:59:47.297] [jointLog] [warning] read 066ea9f4-22ab-4cb3-b2a5-2727f5a7a92b (length 14005) has no trained clipping model
[2025-07-09 16:59:47.297] [jointLog] [warning] read 066ea9f4-22ab-4cb3-b2a5-2727f5a7a92b (length 14005) has no trained clipping model
[2025-07-09 16:59:47.297] [jointLog] [warning] read f7ed65f9-1eed-4f6e-b501-a140a4b22527 (length 39481 - align length 518) has no trained error model
[2025-07-09 16:59:47.297] [jointLog] [warning] read f7ed65f9-1eed-4f6e-b501-a140a4b22527 (length 39481) has no trained clipping model
[2025-07-09 16:59:47.297] [jointLog] [warning] read f7ed65f9-1eed-4f6e-b501-a140a4b22527 (length 39481) has no trained clipping model
[2025-07-09 16:59:47.297] [jointLog] [warning] read 743ed920-4a51-4614-8bc3-0edc901dd097 (length 49436 - align length 512) has no trained error model
[2025-07-09 16:59:47.297] [jointLog] [warning] read 743ed920-4a51-4614-8bc3-0edc901dd097 (length 49436) has no trained clipping model
[2025-07-09 16:59:47.297] [jointLog] [warning] read 743ed920-4a51-4614-8bc3-0edc901dd097 (length 49436) has no trained clipping model
[2025-07-09 16:59:47.297] [jointLog] [warning] read 49877f32-4970-4b47-b561-1b270a44b35e (length 14327 - align length 14264) has no trained error model
[2025-07-09 16:59:47.297] [jointLog] [warning] read e7872b10-d3d6-4132-853e-d14aeb5f801f (length 14415 - align length 589) has no trained error model
[2025-07-09 16:59:47.297] [jointLog] [warning] read e7872b10-d3d6-4132-853e-d14aeb5f801f (length 14415) has no trained clipping model
[2025-07-09 16:59:47.297] [jointLog] [warning] read e7872b10-d3d6-4132-853e-d14aeb5f801f (length 14415) has no trained clipping model
[2025-07-09 16:59:47.297] [jointLog] [warning] read 0c89fcbc-d410-4d10-8665-b06a45c7430f (length 21730 - align length 1258) has no trained error model
[2025-07-09 16:59:47.297] [jointLog] [warning] read 0c89fcbc-d410-4d10-8665-b06a45c7430f (length 21730) has no trained clipping model
[2025-07-09 16:59:47.297] [jointLog] [warning] read 0c89fcbc-d410-4d10-8665-b06a45c7430f (length 21730) has no trained clipping model
[2025-07-09 16:59:47.297] [jointLog] [warning] read 75b90314-4cfd-4ecf-af56-5452a0524e51 (length 42533 - align length 1818) has no trained error model
[2025-07-09 16:59:47.297] [jointLog] [warning] read 75b90314-4cfd-4ecf-af56-5452a0524e51 (length 42533) has no trained clipping model
[2025-07-09 16:59:47.297] [jointLog] [warning] read 75b90314-4cfd-4ecf-af56-5452a0524e51 (length 42533) has no trained clipping model
[2025-07-09 16:59:47.297] [jointLog] [warning] read 9e6040dd-aba3-4213-8fcf-f6e21256e555 (length 29143 - align length 96) has no trained error model
[2025-07-09 16:59:47.297] [jointLog] [warning] read 9e6040dd-aba3-4213-8fcf-f6e21256e555 (length 29143) has no trained clipping model
[2025-07-09 16:59:47.297] [jointLog] [warning] read 9e6040dd-aba3-4213-8fcf-f6e21256e555 (length 29143) has no trained clipping model
[2025-07-09 16:59:47.297] [jointLog] [warning] read 4f576895-c16c-4264-959e-e3ac83186645 (length 19320 - align length 1292) has no trained error model
[2025-07-09 16:59:47.297] [jointLog] [warning] read 4f576895-c16c-4264-959e-e3ac83186645 (length 19320) has no trained clipping model
[2025-07-09 16:59:47.297] [jointLog] [warning] read 4f576895-c16c-4264-959e-e3ac83186645 (length 19320) has no trained clipping model
[2025-07-09 16:59:47.298] [jointLog] [warning] read a07108e4-e6eb-48c9-aeab-6b652d9d4312 (length 15139) has no trained clipping model
[2025-07-09 16:59:47.298] [jointLog] [warning] read 9068a6af-98f3-4a82-bf8b-3bfc4e6021df (length 49565 - align length 2267) has no trained error model
[2025-07-09 16:59:47.298] [jointLog] [warning] read 9068a6af-98f3-4a82-bf8b-3bfc4e6021df (length 49565) has no trained clipping model
[2025-07-09 16:59:47.298] [jointLog] [warning] read 9068a6af-98f3-4a82-bf8b-3bfc4e6021df (length 49565) has no trained clipping model
[2025-07-09 16:59:47.298] [jointLog] [warning] read 7cb14cdf-9c53-428a-924a-b496f12b9757 (length 16804 - align length 61) has no trained error model
[2025-07-09 16:59:47.298] [jointLog] [warning] read 7cb14cdf-9c53-428a-924a-b496f12b9757 (length 16804) has no trained clipping model
[2025-07-09 16:59:47.298] [jointLog] [warning] read 7cb14cdf-9c53-428a-924a-b496f12b9757 (length 16804) has no trained clipping model
[2025-07-09 16:59:47.298] [jointLog] [warning] read 84933540-dfb4-4291-9814-53b372fd0925 (length 13888 - align length 13818) has no trained error model
[2025-07-09 16:59:47.298] [jointLog] [warning] read 84933540-dfb4-4291-9814-53b372fd0925 (length 13888) has no trained clipping model
[2025-07-09 16:59:47.298] [jointLog] [warning] read 84933540-dfb4-4291-9814-53b372fd0925 (length 13888) has no trained clipping model
[2025-07-09 16:59:47.298] [jointLog] [warning] read 59454a78-33cc-41d2-850a-5ae4e2cf2edb (length 40286 - align length 339) has no trained error model
[2025-07-09 16:59:47.298] [jointLog] [warning] read 59454a78-33cc-41d2-850a-5ae4e2cf2edb (length 40286) has no trained clipping model
[2025-07-09 16:59:47.298] [jointLog] [warning] read 59454a78-33cc-41d2-850a-5ae4e2cf2edb (length 40286) has no trained clipping model
[2025-07-09 16:59:47.298] [jointLog] [warning] read 29d005ca-a702-4d27-b488-7d27c09f4c8a (length 24085 - align length 696) has no trained error model
[2025-07-09 16:59:47.298] [jointLog] [warning] read 29d005ca-a702-4d27-b488-7d27c09f4c8a (length 24085) has no trained clipping model
[2025-07-09 16:59:47.298] [jointLog] [warning] read 29d005ca-a702-4d27-b488-7d27c09f4c8a (length 24085) has no trained clipping model
[2025-07-09 16:59:47.531] [jointLog] [warning] (in update()) CIGAR string for read [5e70bd4e-d8e1-40b0-9c53-d2ac103fafd9] seems inconsistent. It implied an error rate greater than 1: 1.13781 0.0155172 0.00862069
[2025-07-09 16:59:47.620] [jointLog] [warning] (in update()) CIGAR string for read [c8f84f8c-7b97-4350-9bbf-ff0c9c5af55f] seems inconsistent. It implied an error rate greater than 1: 1.36442 0.000293858 0.0070526
[2025-07-09 16:59:47.653] [jointLog] [warning] read 7238c842-b261-45ad-ba2e-632f769255a9 (length 11438 - align length 11333) has no trained error model
[2025-07-09 16:59:47.653] [jointLog] [warning] read 7238c842-b261-45ad-ba2e-632f769255a9 (length 11438) has no trained clipping model
[2025-07-09 16:59:47.653] [jointLog] [warning] read 7238c842-b261-45ad-ba2e-632f769255a9 (length 11438) has no trained clipping model
[2025-07-09 16:59:47.696] [jointLog] [warning] (in update()) CIGAR string for read [28857f2d-7f67-436c-9761-5c2186fb5456] seems inconsistent. It implied an error rate greater than 1: 1.47037 0.00107643 0
[2025-07-09 16:59:48.206] [jointLog] [warning] (in update()) CIGAR string for read [4267821b-4fea-4c34-8aec-23fe02edeb8f] seems inconsistent. It implied an error rate greater than 1: 1.27856 0 0
[2025-07-09 16:59:48.214] [jointLog] [warning] read bd2ed605-fde6-4ba6-822e-11573e95d35a (length 13588 - align length 13534) has no trained error model
[2025-07-09 16:59:48.214] [jointLog] [warning] read bd2ed605-fde6-4ba6-822e-11573e95d35a (length 13588) has no trained clipping model
[2025-07-09 16:59:48.214] [jointLog] [warning] read bd2ed605-fde6-4ba6-822e-11573e95d35a (length 13588) has no trained clipping model
[2025-07-09 16:59:48.341] [jointLog] [warning] (in update()) CIGAR string for read [0fa89342-45a0-42d4-a244-ca10930cd232] seems inconsistent. It implied an error rate greater than 1: 1.34981 0 0.00817041
[2025-07-09 16:59:48.354] [jointLog] [warning] (in update()) CIGAR string for read [a180d26a-8ab5-4264-a1a4-3b1cde0a7455] seems inconsistent. It implied an error rate greater than 1: 1.08769 0 0.0770235
[2025-07-09 16:59:48.570] [jointLog] [warning] (in update()) CIGAR string for read [cbccd42f-fea0-4cff-ad9f-9b8278123fee] seems inconsistent. It implied an error rate greater than 1: 1.07077 0.00504686 0.129056
[2025-07-09 16:59:48.615] [jointLog] [warning] (in update()) CIGAR string for read [91f12443-8f78-4f0f-8741-7f5415bbf9eb] seems inconsistent. It implied an error rate greater than 1: 1.37562 0 0.0895
[2025-07-09 16:59:48.897] [jointLog] [warning] (in update()) CIGAR string for read [e411dc9c-d64d-4e01-91c7-b49385350183] seems inconsistent. It implied an error rate greater than 1: 1.3514 0.00058548 0.00556206
[2025-07-09 16:59:49.380] [jointLog] [warning] read afec4e05-dd65-4228-8512-e782145df53e (length 11698 - align length 11677) has no trained error model
[2025-07-09 16:59:49.412] [jointLog] [warning] read 4d405e13-c5c1-4f28-86fc-878bc4943874 (length 12667 - align length 12652) has no trained error model
[2025-07-09 16:59:49.782] [jointLog] [warning] (in update()) CIGAR string for read [afd86ba8-f954-49a8-bd61-5471eaff809b] seems inconsistent. It implied an error rate greater than 1: 1.33889 0.00284576 0.0247581
[2025-07-09 16:59:49.809] [jointLog] [warning] (in update()) CIGAR string for read [89151002-0936-4ba9-89aa-fd15f1ae02fc] seems inconsistent. It implied an error rate greater than 1: 1.375 0.000506073 0.076417
[2025-07-09 16:59:50.020] [jointLog] [warning] (in update()) CIGAR string for read [f7522a0e-7bbf-48d6-b3cf-ffc23817db15] seems inconsistent. It implied an error rate greater than 1: 1.32093 0 0.00867679
[2025-07-09 16:59:50.030] [jointLog] [warning] (in update()) CIGAR string for read [73a0de88-ebe1-4a84-8c76-8e74327ff2c3] seems inconsistent. It implied an error rate greater than 1: 1.09926 0.0311419 0.0276817
[2025-07-09 16:59:50.056] [jointLog] [warning] (in update()) CIGAR string for read [79fafbd7-b30e-46fa-bba1-f722fb1d29b7] seems inconsistent. It implied an error rate greater than 1: 1.20333 0.0125224 0.019678
[2025-07-09 16:59:50.195] [jointLog] [warning] (in update()) CIGAR string for read [7a0ee7f4-70c8-4a9c-8003-7818bbb6be96] seems inconsistent. It implied an error rate greater than 1: 1.28522 0.00190567 0.0276322
[2025-07-09 16:59:50.373] [jointLog] [warning] (in update()) CIGAR string for read [d9460e99-c736-415d-86b1-1d74fb4f89d5] seems inconsistent. It implied an error rate greater than 1: 1.34547 0 0.00292654
[2025-07-09 16:59:50.397] [jointLog] [warning] (in update()) CIGAR string for read [d24f501f-91a5-4748-bee1-734ab9330ee8] seems inconsistent. It implied an error rate greater than 1: 2.03827 0 0.000849618
[2025-07-09 16:59:50.735] [fileLog] [info] quantification processed 3000000 fragments so far

[2025-07-09 16:59:50.683] [jointLog] [warning] (in update()) CIGAR string for read [30540434-120b-4fbc-b5ef-d8e4bb1727ed] seems inconsistent. It implied an error rate greater than 1: 1.88561 0 0.146192
[2025-07-09 16:59:50.806] [jointLog] [warning] read e86f7da2-16df-4557-ae91-e3ee72147ebe (length 9853) has no trained clipping model
[2025-07-09 16:59:51.073] [jointLog] [warning] (in update()) CIGAR string for read [3708bece-322a-4129-97e3-32ccd2cffcfe] seems inconsistent. It implied an error rate greater than 1: 1.39409 0 0
[2025-07-09 16:59:51.248] [jointLog] [warning] (in update()) CIGAR string for read [154d1208-a089-4bc2-9b77-40a2a4d9162c] seems inconsistent. It implied an error rate greater than 1: 1.02733 0.000958466 0.028754
[2025-07-09 16:59:51.322] [jointLog] [warning] (in update()) CIGAR string for read [4326e19e-3dfb-4b54-8aa2-45a4263f95d9] seems inconsistent. It implied an error rate greater than 1: 1.15179 0.0138889 0.0138889
[2025-07-09 16:59:51.544] [jointLog] [warning] (in update()) CIGAR string for read [112c8e43-164f-4546-8a09-0c58256e3538] seems inconsistent. It implied an error rate greater than 1: 1.36477 0 0.0035461
[2025-07-09 16:59:51.930] [jointLog] [warning] (in update()) CIGAR string for read [15f1f3f1-b2fc-4803-8269-9c637a9c71ab] seems inconsistent. It implied an error rate greater than 1: 1.4245 0.118613 0.0656934
[2025-07-09 16:59:52.006] [jointLog] [warning] read a1ad4fd6-c7ca-4501-8c69-12799f66b078 (length 11576 - align length 7925) has no trained error model
[2025-07-09 16:59:52.006] [jointLog] [warning] read a1ad4fd6-c7ca-4501-8c69-12799f66b078 (length 11576) has no trained clipping model
[2025-07-09 16:59:52.006] [jointLog] [warning] read a1ad4fd6-c7ca-4501-8c69-12799f66b078 (length 11576) has no trained clipping model
[2025-07-09 16:59:52.053] [jointLog] [warning] (in update()) CIGAR string for read [01790d4c-fcd4-497a-9de9-bb3c42969f4c] seems inconsistent. It implied an error rate greater than 1: 1.3702 0.0712644 0.00597701
[2025-07-09 16:59:52.058] [jointLog] [warning] read 0d16cfd8-8174-43d8-aa68-c7138dbd8eda (length 12261 - align length 12174) has no trained error model
[2025-07-09 16:59:52.200] [jointLog] [warning] (in update()) CIGAR string for read [a4de5139-a362-4d7b-b1fc-e07db9386856] seems inconsistent. It implied an error rate greater than 1: 1.34086 0.00532198 0.0282065
[2025-07-09 16:59:52.405] [jointLog] [warning] (in update()) CIGAR string for read [2e6c439c-1bfc-48dc-9801-acfd129b361a] seems inconsistent. It implied an error rate greater than 1: 1.03704 0.00534759 0.0200535
[2025-07-09 16:59:52.616] [jointLog] [warning] read fb43a246-8e26-4c90-bad5-fa863e68e81c (length 13937 - align length 13937) has no trained error model
[2025-07-09 16:59:52.703] [jointLog] [warning] (in update()) CIGAR string for read [16b5b478-7cc4-4f23-ad79-fbe29037773e] seems inconsistent. It implied an error rate greater than 1: 1.06375 0.0078125 0.0117188
[2025-07-09 16:59:52.748] [jointLog] [warning] (in update()) CIGAR string for read [6bb1e78b-214f-4c57-aa3a-34247339d35b] seems inconsistent. It implied an error rate greater than 1: 1.12791 0 0.0268741
[2025-07-09 16:59:52.791] [jointLog] [warning] (in update()) CIGAR string for read [a5d8f20e-69c4-4c89-9eb7-5842cc2be3c7] seems inconsistent. It implied an error rate greater than 1: 2.6211 0.000516262 0.0402685
[2025-07-09 16:59:52.986] [jointLog] [warning] (in update()) CIGAR string for read [2c646ae8-a8e1-4f42-8f08-7ad360b14a7d] seems inconsistent. It implied an error rate greater than 1: 1.37165 0 0.0640369
[2025-07-09 16:59:53.358] [jointLog] [warning] (in update()) CIGAR string for read [0493323c-7be7-4d9a-b277-0d15ed7f3932] seems inconsistent. It implied an error rate greater than 1: 1.11376 0 0.0829971
[2025-07-09 16:59:53.470] [jointLog] [warning] (in update()) CIGAR string for read [b696041c-6a63-4867-bf50-00559fd9a1b7] seems inconsistent. It implied an error rate greater than 1: 1.58436 0.0543131 0.169329
[2025-07-09 16:59:53.499] [jointLog] [warning] (in update()) CIGAR string for read [674fb1d6-2abb-491b-88b3-19960102e9a4] seems inconsistent. It implied an error rate greater than 1: 1.35149 0 0.0187753
[2025-07-09 16:59:53.628] [jointLog] [warning] (in update()) CIGAR string for read [4a5d3b08-bd0b-4d22-be57-1d83e83c187d] seems inconsistent. It implied an error rate greater than 1: 1.59478 0.135607 0.00415973
[2025-07-09 16:59:53.704] [jointLog] [warning] read 9f0fe494-c6d7-4c7c-bca0-f2facff009fd (length 12511 - align length 12467) has no trained error model
[2025-07-09 16:59:54.111] [jointLog] [warning] read bc8a0116-18e6-49eb-b80e-5dae6b99ef98 (length 9870 - align length 9866) has no trained error model
[2025-07-09 16:59:54.111] [jointLog] [warning] read bc8a0116-18e6-49eb-b80e-5dae6b99ef98 (length 9870) has no trained clipping model
[2025-07-09 16:59:54.182] [jointLog] [warning] (in update()) CIGAR string for read [5d322e3b-9857-47dd-a622-efe46c43889d] seems inconsistent. It implied an error rate greater than 1: 1.15243 0.0146991 0.011943
[2025-07-09 16:59:54.394] [fileLog] [info] quantification processed 4000000 fragments so far

[2025-07-09 16:59:54.641] [jointLog] [warning] read a7191e0b-ae52-49e9-8d48-95f19bbf217f (length 10311) has no trained clipping model
[2025-07-09 16:59:54.744] [jointLog] [warning] read 419e0840-5257-430d-ba69-1294a6ed59d5 (length 12710 - align length 12710) has no trained error model
[2025-07-09 16:59:54.763] [jointLog] [warning] (in update()) CIGAR string for read [e90f7182-015c-4861-b5e6-9f2882e1bc41] seems inconsistent. It implied an error rate greater than 1: 1.21887 0.0124555 0.044484
[2025-07-09 16:59:54.904] [jointLog] [warning] read bcbd9112-f2ef-4905-ae4e-f6aedf1fd416 (length 11462 - align length 11402) has no trained error model
[2025-07-09 16:59:55.144] [jointLog] [warning] (in update()) CIGAR string for read [d0a2c97f-d394-4b90-9479-1cbe36a18b81] seems inconsistent. It implied an error rate greater than 1: 1.19301 0.0367776 0.0105079
[2025-07-09 16:59:55.691] [jointLog] [warning] (in update()) CIGAR string for read [046a4a8d-0717-436e-91a5-5c63a98d18dd] seems inconsistent. It implied an error rate greater than 1: 1.46278 0 0
[2025-07-09 16:59:55.853] [jointLog] [warning] (in update()) CIGAR string for read [1fa504ad-566c-4b32-a678-83891ad7e069] seems inconsistent. It implied an error rate greater than 1: 1.34553 0.000573559 0.0200746
[2025-07-09 16:59:55.937] [jointLog] [warning] (in update()) CIGAR string for read [f8907112-a32f-48d8-8e82-0c19a746a5c5] seems inconsistent. It implied an error rate greater than 1: 1.35336 0.000646831 0.00905563
[2025-07-09 16:59:56.016] [jointLog] [warning] (in update()) CIGAR string for read [15ec2320-04f3-4dc7-af85-75d7a60b3da5] seems inconsistent. It implied an error rate greater than 1: 1.1492 0.0119454 0.0273038
[2025-07-09 16:59:56.151] [jointLog] [warning] (in update()) CIGAR string for read [d718892f-9014-478e-8baf-e3134897009d] seems inconsistent. It implied an error rate greater than 1: 1.20709 0.0133333 0.0933333
[2025-07-09 16:59:56.192] [jointLog] [warning] read c9519306-cab0-45e7-bbc0-0d7e8b5ee058 (length 10806 - align length 10754) has no trained error model
[2025-07-09 16:59:56.267] [jointLog] [warning] (in update()) CIGAR string for read [82b23332-9111-43fb-961d-685acabc4274] seems inconsistent. It implied an error rate greater than 1: 1.11621 0.0142602 0.0347594
[2025-07-09 16:59:56.796] [jointLog] [warning] (in update()) CIGAR string for read [bff4df79-ae5b-45ea-8d03-018ebb9144ad] seems inconsistent. It implied an error rate greater than 1: 1.37143 0.00833333 0.7
[2025-07-09 16:59:57.066] [jointLog] [warning] (in update()) CIGAR string for read [789e351c-62d2-4b87-bbeb-20db57c62404] seems inconsistent. It implied an error rate greater than 1: 1.17486 0.0071048 0.017762
[2025-07-09 16:59:57.087] [jointLog] [warning] (in update()) CIGAR string for read [edffc417-f43a-4f93-9203-14cff2a7d20b] seems inconsistent. It implied an error rate greater than 1: 1.58828 0.000723066 0.0368764
[2025-07-09 16:59:57.323] [jointLog] [warning] (in update()) CIGAR string for read [5f37cfdc-4892-4729-8d07-836d753006de] seems inconsistent. It implied an error rate greater than 1: 1.4933 0 0.0620285
[2025-07-09 16:59:57.385] [jointLog] [warning] (in update()) CIGAR string for read [ec1ca4d6-77b1-43ed-bb19-6d5201c6014c] seems inconsistent. It implied an error rate greater than 1: 1.79257 0.000641849 0.0834403
[2025-07-09 16:59:57.389] [jointLog] [warning] (in update()) CIGAR string for read [b83ae411-d486-463f-91ef-8c53b44490fa] seems inconsistent. It implied an error rate greater than 1: 1.10978 0.00675676 0.00844595
[2025-07-09 16:59:57.894] [jointLog] [warning] (in update()) CIGAR string for read [93da4efa-4229-4146-8e48-1f4070fd205d] seems inconsistent. It implied an error rate greater than 1: 1.14867 0.00977199 0.0700326
[2025-07-09 16:59:57.921] [jointLog] [warning] (in update()) CIGAR string for read [1bbf5986-042d-4fb8-ae07-c319a12444f4] seems inconsistent. It implied an error rate greater than 1: 2.06766 0 0.0586592
[2025-07-09 16:59:57.902] [fileLog] [info] quantification processed 5000000 fragments so far

[2025-07-09 16:59:58.484] [jointLog] [warning] read f491ecc9-7218-426f-bcdf-369d78df66a2 (length 10359 - align length 10313) has no trained error model
[2025-07-09 16:59:59.076] [jointLog] [warning] read 68d6715b-2905-4ccd-b4f0-ad800abfd06d (length 34768 - align length 301) has no trained error model
[2025-07-09 16:59:59.076] [jointLog] [warning] read 68d6715b-2905-4ccd-b4f0-ad800abfd06d (length 34768) has no trained clipping model
[2025-07-09 16:59:59.076] [jointLog] [warning] read 68d6715b-2905-4ccd-b4f0-ad800abfd06d (length 34768) has no trained clipping model
[2025-07-09 16:59:59.077] [jointLog] [warning] read ee0f504d-8bed-4a11-99a3-ca018e683319 (length 18675 - align length 1174) has no trained error model
[2025-07-09 16:59:59.077] [jointLog] [warning] read ee0f504d-8bed-4a11-99a3-ca018e683319 (length 18675) has no trained clipping model
[2025-07-09 16:59:59.077] [jointLog] [warning] read ee0f504d-8bed-4a11-99a3-ca018e683319 (length 18675) has no trained clipping model
[2025-07-09 16:59:59.077] [jointLog] [warning] read fe622c1c-d7c3-4a72-9cfa-2613bbe54f5c (length 34841 - align length 942) has no trained error model
[2025-07-09 16:59:59.077] [jointLog] [warning] read fe622c1c-d7c3-4a72-9cfa-2613bbe54f5c (length 34841) has no trained clipping model
[2025-07-09 16:59:59.077] [jointLog] [warning] read fe622c1c-d7c3-4a72-9cfa-2613bbe54f5c (length 34841) has no trained clipping model
[2025-07-09 16:59:59.077] [jointLog] [warning] read 553b8a7f-95d0-423e-bc9b-80c7f94bd632 (length 31148 - align length 635) has no trained error model
[2025-07-09 16:59:59.077] [jointLog] [warning] read 553b8a7f-95d0-423e-bc9b-80c7f94bd632 (length 31148) has no trained clipping model
[2025-07-09 16:59:59.077] [jointLog] [warning] read 553b8a7f-95d0-423e-bc9b-80c7f94bd632 (length 31148) has no trained clipping model
[2025-07-09 16:59:59.077] [jointLog] [warning] read 1e597549-11cd-4808-95bc-3299aa1c228b (length 22600 - align length 514) has no trained error model
[2025-07-09 16:59:59.077] [jointLog] [warning] read 1e597549-11cd-4808-95bc-3299aa1c228b (length 22600) has no trained clipping model
[2025-07-09 16:59:59.077] [jointLog] [warning] read 1e597549-11cd-4808-95bc-3299aa1c228b (length 22600) has no trained clipping model
[2025-07-09 16:59:59.077] [jointLog] [warning] read fe87b2b8-789d-4b48-8b6f-0f1250dbc529 (length 24097) has no trained clipping model
[2025-07-09 16:59:59.077] [jointLog] [warning] read 22557827-90a4-43cc-bdc4-1b970cc02923 (length 18304 - align length 2292) has no trained error model
[2025-07-09 16:59:59.077] [jointLog] [warning] read 22557827-90a4-43cc-bdc4-1b970cc02923 (length 18304) has no trained clipping model
[2025-07-09 16:59:59.077] [jointLog] [warning] read 22557827-90a4-43cc-bdc4-1b970cc02923 (length 18304) has no trained clipping model
[2025-07-09 16:59:59.077] [jointLog] [warning] read 7dc8f132-1e54-433f-920c-8baacdea14e2 (length 17509 - align length 857) has no trained error model
[2025-07-09 16:59:59.077] [jointLog] [warning] read 7dc8f132-1e54-433f-920c-8baacdea14e2 (length 17509) has no trained clipping model
[2025-07-09 16:59:59.077] [jointLog] [warning] read 7dc8f132-1e54-433f-920c-8baacdea14e2 (length 17509) has no trained clipping model
[2025-07-09 16:59:59.077] [jointLog] [warning] read b0c8c83c-a750-4101-b75a-3195508adc21 (length 16215 - align length 456) has no trained error model
[2025-07-09 16:59:59.077] [jointLog] [warning] read b0c8c83c-a750-4101-b75a-3195508adc21 (length 16215) has no trained clipping model
[2025-07-09 16:59:59.077] [jointLog] [warning] read b0c8c83c-a750-4101-b75a-3195508adc21 (length 16215) has no trained clipping model
[2025-07-09 16:59:59.221] [jointLog] [warning] read 34ff3187-a51d-4c0a-a827-8e560b4f69d3 (length 13719) has no trained clipping model
[2025-07-09 17:00:00.179] [jointLog] [warning] read 5bcdd5fb-a249-4d8c-a45b-ad15a1280225 (length 12884 - align length 12812) has no trained error model
[2025-07-09 17:00:01.314] [fileLog] [info] quantification processed 6000000 fragments so far

[2025-07-09 17:00:01.311] [jointLog] [warning] read 68b5e729-a716-4f6c-b023-15d846b756c5 (length 25883 - align length 153) has no trained error model
[2025-07-09 17:00:01.311] [jointLog] [warning] read 68b5e729-a716-4f6c-b023-15d846b756c5 (length 25883) has no trained clipping model
[2025-07-09 17:00:01.311] [jointLog] [warning] read 68b5e729-a716-4f6c-b023-15d846b756c5 (length 25883) has no trained clipping model
[2025-07-09 17:00:01.311] [jointLog] [warning] read 4ff4c5a7-5d1a-4661-a765-9bed28536d4e (length 14957 - align length 14821) has no trained error model
[2025-07-09 17:00:01.311] [jointLog] [warning] read 65cf216e-6de8-4efd-a8b0-ad03d47ee780 (length 14211 - align length 819) has no trained error model
[2025-07-09 17:00:01.311] [jointLog] [warning] read 65cf216e-6de8-4efd-a8b0-ad03d47ee780 (length 14211) has no trained clipping model
[2025-07-09 17:00:01.311] [jointLog] [warning] read 65cf216e-6de8-4efd-a8b0-ad03d47ee780 (length 14211) has no trained clipping model
[2025-07-09 17:00:01.311] [jointLog] [warning] read f7c729b8-c7cc-4533-b11e-c7a3b4557add (length 13466) has no trained clipping model
[2025-07-09 17:00:01.311] [jointLog] [warning] read 9b2f6118-2c4a-4300-aef0-6b5ef3c46118 (length 41245 - align length 519) has no trained error model
[2025-07-09 17:00:01.311] [jointLog] [warning] read 9b2f6118-2c4a-4300-aef0-6b5ef3c46118 (length 41245) has no trained clipping model
[2025-07-09 17:00:01.311] [jointLog] [warning] read 9b2f6118-2c4a-4300-aef0-6b5ef3c46118 (length 41245) has no trained clipping model
[2025-07-09 17:00:01.311] [jointLog] [warning] read ec544c72-645b-49f8-9a43-8fbbaab33ee9 (length 13883) has no trained clipping model
[2025-07-09 17:00:01.311] [jointLog] [warning] read c30cef45-329f-4401-adc3-dc41ff14ce57 (length 44477 - align length 358) has no trained error model
[2025-07-09 17:00:01.311] [jointLog] [warning] read c30cef45-329f-4401-adc3-dc41ff14ce57 (length 44477) has no trained clipping model
[2025-07-09 17:00:01.311] [jointLog] [warning] read c30cef45-329f-4401-adc3-dc41ff14ce57 (length 44477) has no trained clipping model
[2025-07-09 17:00:01.311] [jointLog] [warning] read 898184a2-16f2-462d-992f-cc247d8c3ea9 (length 26470 - align length 876) has no trained error model
[2025-07-09 17:00:01.311] [jointLog] [warning] read 898184a2-16f2-462d-992f-cc247d8c3ea9 (length 26470) has no trained clipping model
[2025-07-09 17:00:01.311] [jointLog] [warning] read 898184a2-16f2-462d-992f-cc247d8c3ea9 (length 26470) has no trained clipping model
[2025-07-09 17:00:01.311] [jointLog] [warning] read 524c8ee8-3658-46ad-8dd2-6a9bf865103e (length 13204 - align length 13204) has no trained error model
[2025-07-09 17:00:01.311] [jointLog] [warning] read 524c8ee8-3658-46ad-8dd2-6a9bf865103e (length 13204) has no trained clipping model
[2025-07-09 17:00:01.311] [jointLog] [warning] read 524c8ee8-3658-46ad-8dd2-6a9bf865103e (length 13204) has no trained clipping model
[2025-07-09 17:00:01.311] [jointLog] [warning] read 06c52458-2337-4487-b4e7-f6054b894756 (length 14914 - align length 14813) has no trained error model
[2025-07-09 17:00:01.311] [jointLog] [warning] read 2c32701e-284c-42e3-88b2-bc8549baad96 (length 12487 - align length 3094) has no trained error model
[2025-07-09 17:00:01.311] [jointLog] [warning] read 2c32701e-284c-42e3-88b2-bc8549baad96 (length 12487) has no trained clipping model
[2025-07-09 17:00:01.311] [jointLog] [warning] read 2c32701e-284c-42e3-88b2-bc8549baad96 (length 12487) has no trained clipping model
[2025-07-09 17:00:01.311] [jointLog] [warning] read 1dd39b96-cfae-4e42-b281-cd9f9b74f8d0 (length 21120) has no trained clipping model
[2025-07-09 17:00:01.311] [jointLog] [warning] read 39200f5c-84dd-4eaf-b744-0d319060d12c (length 34375) has no trained clipping model
[2025-07-09 17:00:01.311] [jointLog] [warning] read 65828537-a96f-45c0-a48e-fbe431b8e615 (length 31814 - align length 67) has no trained error model
[2025-07-09 17:00:01.311] [jointLog] [warning] read 65828537-a96f-45c0-a48e-fbe431b8e615 (length 31814) has no trained clipping model
[2025-07-09 17:00:01.311] [jointLog] [warning] read 65828537-a96f-45c0-a48e-fbe431b8e615 (length 31814) has no trained clipping model
[2025-07-09 17:00:01.311] [jointLog] [warning] read 6e814e00-5a76-44d9-8c46-4cfd7e6b46dc (length 19086 - align length 316) has no trained error model
[2025-07-09 17:00:01.311] [jointLog] [warning] read 6e814e00-5a76-44d9-8c46-4cfd7e6b46dc (length 19086) has no trained clipping model
[2025-07-09 17:00:01.311] [jointLog] [warning] read 6e814e00-5a76-44d9-8c46-4cfd7e6b46dc (length 19086) has no trained clipping model
[2025-07-09 17:00:01.311] [jointLog] [warning] read 398d6238-9285-48e6-ae97-a00c5e66f76a (length 18399 - align length 18373) has no trained error model
[2025-07-09 17:00:01.311] [jointLog] [warning] read 398d6238-9285-48e6-ae97-a00c5e66f76a (length 18399) has no trained clipping model
[2025-07-09 17:00:01.311] [jointLog] [warning] read 398d6238-9285-48e6-ae97-a00c5e66f76a (length 18399) has no trained clipping model
[2025-07-09 17:00:01.312] [jointLog] [warning] read e19b6f7d-535d-4cb9-b303-aa12b554f672 (length 48622 - align length 249) has no trained error model
[2025-07-09 17:00:01.312] [jointLog] [warning] read e19b6f7d-535d-4cb9-b303-aa12b554f672 (length 48622) has no trained clipping model
[2025-07-09 17:00:01.312] [jointLog] [warning] read e19b6f7d-535d-4cb9-b303-aa12b554f672 (length 48622) has no trained clipping model
[2025-07-09 17:00:01.312] [jointLog] [warning] read 98c44fd0-22d6-4ecf-8668-66b94559b1a8 (length 19719 - align length 992) has no trained error model
[2025-07-09 17:00:01.312] [jointLog] [warning] read 98c44fd0-22d6-4ecf-8668-66b94559b1a8 (length 19719) has no trained clipping model
[2025-07-09 17:00:01.312] [jointLog] [warning] read 98c44fd0-22d6-4ecf-8668-66b94559b1a8 (length 19719) has no trained clipping model
[2025-07-09 17:00:01.312] [jointLog] [warning] read c6424cea-da1b-4afb-9317-14241fb82cd5 (length 26164 - align length 191) has no trained error model
[2025-07-09 17:00:01.312] [jointLog] [warning] read c6424cea-da1b-4afb-9317-14241fb82cd5 (length 26164) has no trained clipping model
[2025-07-09 17:00:01.312] [jointLog] [warning] read c6424cea-da1b-4afb-9317-14241fb82cd5 (length 26164) has no trained clipping model
[2025-07-09 17:00:01.312] [jointLog] [warning] read 8171a622-483c-4e12-85f3-85ba13b3b2e5 (length 33619 - align length 71) has no trained error model
[2025-07-09 17:00:01.312] [jointLog] [warning] read 8171a622-483c-4e12-85f3-85ba13b3b2e5 (length 33619) has no trained clipping model
[2025-07-09 17:00:01.312] [jointLog] [warning] read 8171a622-483c-4e12-85f3-85ba13b3b2e5 (length 33619) has no trained clipping model
[2025-07-09 17:00:01.314] [jointLog] [warning] read 14e9f36a-e3af-41c2-bc1f-d81656582b9a (length 31395 - align length 164) has no trained error model
[2025-07-09 17:00:01.314] [jointLog] [warning] read 14e9f36a-e3af-41c2-bc1f-d81656582b9a (length 31395) has no trained clipping model
[2025-07-09 17:00:01.314] [jointLog] [warning] read 14e9f36a-e3af-41c2-bc1f-d81656582b9a (length 31395) has no trained clipping model
[2025-07-09 17:00:01.315] [jointLog] [warning] read d9ef1505-1889-4321-ba19-f6714ee7123d (length 21104) has no trained clipping model
[2025-07-09 17:00:01.378] [jointLog] [warning] read 2fb69d50-1af8-4021-90bc-7ae6d8423298 (length 10740) has no trained clipping model
[2025-07-09 17:00:01.804] [jointLog] [warning] read eb893120-3ee9-4639-802f-eca1e45e5021 (length 10605 - align length 10316) has no trained error model
[2025-07-09 17:00:01.842] [jointLog] [warning] read fe2e8d05-9d34-4c02-b453-cc62d724fdbd (length 11608 - align length 11560) has no trained error model
[2025-07-09 17:00:02.862] [jointLog] [warning] read 3bd521b5-130e-487e-84da-4c1faa07d264 (length 10753) has no trained clipping model
[2025-07-09 17:00:03.657] [jointLog] [warning] read bc054018-a510-4f98-82ed-067dc018a620 (length 12103 - align length 12099) has no trained error model
[2025-07-09 17:00:04.435] [jointLog] [warning] read 86191057-ccda-4ef2-83b2-c764aa2abe6c (length 13728) has no trained clipping model
[2025-07-09 17:00:04.435] [jointLog] [warning] read 2b8ce33b-fcac-41f2-98ca-dc6a2eb9d98d (length 18613 - align length 57) has no trained error model
[2025-07-09 17:00:04.435] [jointLog] [warning] read 2b8ce33b-fcac-41f2-98ca-dc6a2eb9d98d (length 18613) has no trained clipping model
[2025-07-09 17:00:04.435] [jointLog] [warning] read 2b8ce33b-fcac-41f2-98ca-dc6a2eb9d98d (length 18613) has no trained clipping model
[2025-07-09 17:00:04.436] [jointLog] [warning] read 7a784db5-7e33-45f1-b135-b088cf8cca1d (length 38858 - align length 96) has no trained error model
[2025-07-09 17:00:04.436] [jointLog] [warning] read 7a784db5-7e33-45f1-b135-b088cf8cca1d (length 38858) has no trained clipping model
[2025-07-09 17:00:04.436] [jointLog] [warning] read 7a784db5-7e33-45f1-b135-b088cf8cca1d (length 38858) has no trained clipping model
[2025-07-09 17:00:04.436] [jointLog] [warning] read 4d407739-97d9-4a7f-8a65-4a3c451e85f9 (length 36911 - align length 264) has no trained error model
[2025-07-09 17:00:04.436] [jointLog] [warning] read 4d407739-97d9-4a7f-8a65-4a3c451e85f9 (length 36911) has no trained clipping model
[2025-07-09 17:00:04.436] [jointLog] [warning] read 4d407739-97d9-4a7f-8a65-4a3c451e85f9 (length 36911) has no trained clipping model
[2025-07-09 17:00:04.436] [jointLog] [warning] read 0d3858ab-51c5-49c6-a7a6-115ca45d3b82 (length 17100) has no trained clipping model
[2025-07-09 17:00:04.436] [jointLog] [warning] read ff0d1548-9716-4261-9770-f4e9420d5a6a (length 21128) has no trained clipping model
[2025-07-09 17:00:04.436] [jointLog] [warning] read 4b6d2af0-6177-450e-be71-65b9cdbc0f10 (length 21183) has no trained clipping model
[2025-07-09 17:00:04.436] [jointLog] [warning] read f36b719c-7e4c-44cb-aa24-3896c359cad5 (length 12406 - align length 249) has no trained error model
[2025-07-09 17:00:04.436] [jointLog] [warning] read f36b719c-7e4c-44cb-aa24-3896c359cad5 (length 12406) has no trained clipping model
[2025-07-09 17:00:04.436] [jointLog] [warning] read f36b719c-7e4c-44cb-aa24-3896c359cad5 (length 12406) has no trained clipping model
[2025-07-09 17:00:04.436] [jointLog] [warning] read 351e9e2a-eac9-405e-b752-0dab87d1c72c (length 18322 - align length 1500) has no trained error model
[2025-07-09 17:00:04.436] [jointLog] [warning] read 351e9e2a-eac9-405e-b752-0dab87d1c72c (length 18322) has no trained clipping model
[2025-07-09 17:00:04.436] [jointLog] [warning] read 351e9e2a-eac9-405e-b752-0dab87d1c72c (length 18322) has no trained clipping model
[2025-07-09 17:00:04.436] [jointLog] [warning] read d1f4f077-009c-4273-adfb-cc73b650db12 (length 36018 - align length 788) has no trained error model
[2025-07-09 17:00:04.436] [jointLog] [warning] read d1f4f077-009c-4273-adfb-cc73b650db12 (length 36018) has no trained clipping model
[2025-07-09 17:00:04.436] [jointLog] [warning] read d1f4f077-009c-4273-adfb-cc73b650db12 (length 36018) has no trained clipping model
[2025-07-09 17:00:04.436] [jointLog] [warning] read 43a2e132-7de6-4ab5-84c3-65c16ea447a3 (length 9808) has no trained clipping model
[2025-07-09 17:00:04.436] [jointLog] [warning] read 49b72aca-bf39-4e65-9a89-613d80f5a7fc (length 16603 - align length 256) has no trained error model
[2025-07-09 17:00:04.436] [jointLog] [warning] read 49b72aca-bf39-4e65-9a89-613d80f5a7fc (length 16603) has no trained clipping model
[2025-07-09 17:00:04.436] [jointLog] [warning] read 49b72aca-bf39-4e65-9a89-613d80f5a7fc (length 16603) has no trained clipping model
[2025-07-09 17:00:04.437] [jointLog] [warning] read 2e914da9-822d-46de-a57e-7bd282674ee2 (length 16768 - align length 16658) has no trained error model
[2025-07-09 17:00:04.437] [jointLog] [warning] read 2e914da9-822d-46de-a57e-7bd282674ee2 (length 16768) has no trained clipping model
[2025-07-09 17:00:04.437] [jointLog] [warning] read 01995f76-da3f-433e-b809-0944dd126bac (length 13298 - align length 108) has no trained error model
[2025-07-09 17:00:04.437] [jointLog] [warning] read 01995f76-da3f-433e-b809-0944dd126bac (length 13298) has no trained clipping model
[2025-07-09 17:00:04.437] [jointLog] [warning] read 01995f76-da3f-433e-b809-0944dd126bac (length 13298) has no trained clipping model
[2025-07-09 17:00:04.437] [jointLog] [warning] read 87e54fdd-f809-49e9-9bfb-d9fff4ed4217 (length 35386 - align length 321) has no trained error model
[2025-07-09 17:00:04.437] [jointLog] [warning] read 87e54fdd-f809-49e9-9bfb-d9fff4ed4217 (length 35386) has no trained clipping model
[2025-07-09 17:00:04.437] [jointLog] [warning] read 87e54fdd-f809-49e9-9bfb-d9fff4ed4217 (length 35386) has no trained clipping model
[2025-07-09 17:00:04.437] [jointLog] [warning] read 8545d644-688e-4d6a-83c4-512ede951f47 (length 16651 - align length 1944) has no trained error model
[2025-07-09 17:00:04.437] [jointLog] [warning] read 8545d644-688e-4d6a-83c4-512ede951f47 (length 16651) has no trained clipping model
[2025-07-09 17:00:04.437] [jointLog] [warning] read 8545d644-688e-4d6a-83c4-512ede951f47 (length 16651) has no trained clipping model
[2025-07-09 17:00:04.437] [jointLog] [warning] read d7221bf8-df9c-4717-8ac0-b1b42ef78f8d (length 39936 - align length 208) has no trained error model
[2025-07-09 17:00:04.437] [jointLog] [warning] read d7221bf8-df9c-4717-8ac0-b1b42ef78f8d (length 39936) has no trained clipping model
[2025-07-09 17:00:04.437] [jointLog] [warning] read d7221bf8-df9c-4717-8ac0-b1b42ef78f8d (length 39936) has no trained clipping model
[2025-07-09 17:00:04.437] [jointLog] [warning] read c6f353d3-faf5-4d22-8d1d-7ff7f4f1af75 (length 34390) has no trained clipping model
[2025-07-09 17:00:04.437] [jointLog] [warning] read 04435409-27b4-44a0-969d-2192f1f5dfc5 (length 43427 - align length 462) has no trained error model
[2025-07-09 17:00:04.437] [jointLog] [warning] read 04435409-27b4-44a0-969d-2192f1f5dfc5 (length 43427) has no trained clipping model
[2025-07-09 17:00:04.437] [jointLog] [warning] read 04435409-27b4-44a0-969d-2192f1f5dfc5 (length 43427) has no trained clipping model
[2025-07-09 17:00:04.437] [jointLog] [warning] read bc8971a0-de81-4d12-a412-8a0849e5b521 (length 33041 - align length 721) has no trained error model
[2025-07-09 17:00:04.437] [jointLog] [warning] read bc8971a0-de81-4d12-a412-8a0849e5b521 (length 33041) has no trained clipping model
[2025-07-09 17:00:04.437] [jointLog] [warning] read bc8971a0-de81-4d12-a412-8a0849e5b521 (length 33041) has no trained clipping model
[2025-07-09 17:00:04.437] [jointLog] [warning] read be717052-cdec-4176-9659-c3117578135e (length 13439) has no trained clipping model
[2025-07-09 17:00:04.437] [jointLog] [warning] read c2277667-d28d-4821-82dc-60ac393fd09b (length 13265 - align length 2653) has no trained error model
[2025-07-09 17:00:04.437] [jointLog] [warning] read c2277667-d28d-4821-82dc-60ac393fd09b (length 13265) has no trained clipping model
[2025-07-09 17:00:04.437] [jointLog] [warning] read c2277667-d28d-4821-82dc-60ac393fd09b (length 13265) has no trained clipping model
[2025-07-09 17:00:04.437] [jointLog] [warning] read 59c9891c-a360-48bf-8a88-0f4b3e1cb13a (length 38150 - align length 65) has no trained error model
[2025-07-09 17:00:04.437] [jointLog] [warning] read 59c9891c-a360-48bf-8a88-0f4b3e1cb13a (length 38150) has no trained clipping model
[2025-07-09 17:00:04.437] [jointLog] [warning] read 59c9891c-a360-48bf-8a88-0f4b3e1cb13a (length 38150) has no trained clipping model
[2025-07-09 17:00:04.437] [jointLog] [warning] read 2fdee1c2-f027-4911-895c-29084ba44a21 (length 13048 - align length 12954) has no trained error model
[2025-07-09 17:00:04.437] [jointLog] [warning] read 36a6ce3f-23ab-47fb-8d56-0d489605f24f (length 13390 - align length 13361) has no trained error model
[2025-07-09 17:00:04.437] [jointLog] [warning] read 4aa1745a-0a6b-4a88-91d6-be9ffce7bfcb (length 27033 - align length 71) has no trained error model
[2025-07-09 17:00:04.437] [jointLog] [warning] read 4aa1745a-0a6b-4a88-91d6-be9ffce7bfcb (length 27033) has no trained clipping model
[2025-07-09 17:00:04.437] [jointLog] [warning] read 4aa1745a-0a6b-4a88-91d6-be9ffce7bfcb (length 27033) has no trained clipping model
[2025-07-09 17:00:04.437] [jointLog] [warning] read 5c576be6-e39a-4fa9-9453-707c5b151b7c (length 41940 - align length 244) has no trained error model
[2025-07-09 17:00:04.437] [jointLog] [warning] read 5c576be6-e39a-4fa9-9453-707c5b151b7c (length 41940) has no trained clipping model
[2025-07-09 17:00:04.437] [jointLog] [warning] read 5c576be6-e39a-4fa9-9453-707c5b151b7c (length 41940) has no trained clipping model
[2025-07-09 17:00:04.437] [jointLog] [warning] read de1edc81-a24f-4b0a-80e0-5d864dbd5fd7 (length 17768 - align length 127) has no trained error model
[2025-07-09 17:00:04.437] [jointLog] [warning] read de1edc81-a24f-4b0a-80e0-5d864dbd5fd7 (length 17768) has no trained clipping model
[2025-07-09 17:00:04.437] [jointLog] [warning] read de1edc81-a24f-4b0a-80e0-5d864dbd5fd7 (length 17768) has no trained clipping model
[2025-07-09 17:00:04.437] [jointLog] [warning] read f637fbb0-fa3a-42c9-ba14-ed784ce26706 (length 13713) has no trained clipping model
[2025-07-09 17:00:04.437] [jointLog] [warning] read 4c21f978-a7d0-46d7-9e80-0c6cb5169b9b (length 36947 - align length 570) has no trained error model
[2025-07-09 17:00:04.437] [jointLog] [warning] read 4c21f978-a7d0-46d7-9e80-0c6cb5169b9b (length 36947) has no trained clipping model
[2025-07-09 17:00:04.437] [jointLog] [warning] read 4c21f978-a7d0-46d7-9e80-0c6cb5169b9b (length 36947) has no trained clipping model
[2025-07-09 17:00:04.437] [jointLog] [warning] read bcf63f8b-512a-4d42-80d8-ab57aaf3c9e0 (length 32368 - align length 84) has no trained error model
[2025-07-09 17:00:04.437] [jointLog] [warning] read bcf63f8b-512a-4d42-80d8-ab57aaf3c9e0 (length 32368) has no trained clipping model
[2025-07-09 17:00:04.437] [jointLog] [warning] read bcf63f8b-512a-4d42-80d8-ab57aaf3c9e0 (length 32368) has no trained clipping model
[2025-07-09 17:00:04.438] [jointLog] [warning] read f0c3e18c-4358-463a-8738-9cd2e8fc8753 (length 46511 - align length 1154) has no trained error model
[2025-07-09 17:00:04.438] [jointLog] [warning] read f0c3e18c-4358-463a-8738-9cd2e8fc8753 (length 46511) has no trained clipping model
[2025-07-09 17:00:04.438] [jointLog] [warning] read f0c3e18c-4358-463a-8738-9cd2e8fc8753 (length 46511) has no trained clipping model
[2025-07-09 17:00:04.438] [jointLog] [warning] read c8c70431-12d9-482c-8ef0-d7fba42bd93d (length 17088 - align length 269) has no trained error model
[2025-07-09 17:00:04.438] [jointLog] [warning] read c8c70431-12d9-482c-8ef0-d7fba42bd93d (length 17088) has no trained clipping model
[2025-07-09 17:00:04.438] [jointLog] [warning] read c8c70431-12d9-482c-8ef0-d7fba42bd93d (length 17088) has no trained clipping model
[2025-07-09 17:00:04.438] [jointLog] [warning] read 34088917-1a78-4071-9178-9da677388b19 (length 48835 - align length 295) has no trained error model
[2025-07-09 17:00:04.438] [jointLog] [warning] read 34088917-1a78-4071-9178-9da677388b19 (length 48835) has no trained clipping model
[2025-07-09 17:00:04.438] [jointLog] [warning] read 34088917-1a78-4071-9178-9da677388b19 (length 48835) has no trained clipping model
[2025-07-09 17:00:04.438] [jointLog] [warning] read fdfb7492-1c5b-428e-ade8-fcc086725a04 (length 13239 - align length 12427) has no trained error model
[2025-07-09 17:00:04.438] [jointLog] [warning] read fdfb7492-1c5b-428e-ade8-fcc086725a04 (length 13239) has no trained clipping model
[2025-07-09 17:00:04.438] [jointLog] [warning] read fdfb7492-1c5b-428e-ade8-fcc086725a04 (length 13239) has no trained clipping model
[2025-07-09 17:00:04.438] [jointLog] [warning] read b97a8dad-f0c4-4056-bf72-3066176e4a38 (length 17062 - align length 3819) has no trained error model
[2025-07-09 17:00:04.438] [jointLog] [warning] read b97a8dad-f0c4-4056-bf72-3066176e4a38 (length 17062) has no trained clipping model
[2025-07-09 17:00:04.438] [jointLog] [warning] read b97a8dad-f0c4-4056-bf72-3066176e4a38 (length 17062) has no trained clipping model
[2025-07-09 17:00:04.438] [jointLog] [warning] read a281487c-c752-430a-8486-044c171baf17 (length 39604 - align length 180) has no trained error model
[2025-07-09 17:00:04.438] [jointLog] [warning] read a281487c-c752-430a-8486-044c171baf17 (length 39604) has no trained clipping model
[2025-07-09 17:00:04.438] [jointLog] [warning] read a281487c-c752-430a-8486-044c171baf17 (length 39604) has no trained clipping model
[2025-07-09 17:00:04.438] [jointLog] [warning] read 9b722296-be1c-4627-a6c6-25721d7c060f (length 31329 - align length 304) has no trained error model
[2025-07-09 17:00:04.438] [jointLog] [warning] read 9b722296-be1c-4627-a6c6-25721d7c060f (length 31329) has no trained clipping model
[2025-07-09 17:00:04.438] [jointLog] [warning] read 9b722296-be1c-4627-a6c6-25721d7c060f (length 31329) has no trained clipping model
[2025-07-09 17:00:04.438] [jointLog] [warning] read ec7feaf3-4543-4f22-8e29-20b9ba648843 (length 16389 - align length 16319) has no trained error model
[2025-07-09 17:00:04.438] [jointLog] [warning] read ec7feaf3-4543-4f22-8e29-20b9ba648843 (length 16389) has no trained clipping model
[2025-07-09 17:00:04.438] [jointLog] [warning] read 7795c1cf-02d4-4fec-9b8b-f0bd7d277ef1 (length 34702 - align length 1440) has no trained error model
[2025-07-09 17:00:04.438] [jointLog] [warning] read 7795c1cf-02d4-4fec-9b8b-f0bd7d277ef1 (length 34702) has no trained clipping model
[2025-07-09 17:00:04.438] [jointLog] [warning] read 7795c1cf-02d4-4fec-9b8b-f0bd7d277ef1 (length 34702) has no trained clipping model
[2025-07-09 17:00:04.438] [jointLog] [warning] read c515fcc9-4191-4c5f-8b6d-97cf5c4b87c3 (length 15056 - align length 168) has no trained error model
[2025-07-09 17:00:04.438] [jointLog] [warning] read c515fcc9-4191-4c5f-8b6d-97cf5c4b87c3 (length 15056) has no trained clipping model
[2025-07-09 17:00:04.438] [jointLog] [warning] read c515fcc9-4191-4c5f-8b6d-97cf5c4b87c3 (length 15056) has no trained clipping model
[2025-07-09 17:00:04.438] [jointLog] [warning] read 4a1efd97-15f9-4332-a85c-79bf0118b97f (length 33795 - align length 624) has no trained error model
[2025-07-09 17:00:04.438] [jointLog] [warning] read 4a1efd97-15f9-4332-a85c-79bf0118b97f (length 33795) has no trained clipping model
[2025-07-09 17:00:04.438] [jointLog] [warning] read 4a1efd97-15f9-4332-a85c-79bf0118b97f (length 33795) has no trained clipping model
[2025-07-09 17:00:04.438] [jointLog] [warning] read 2a8c5652-7373-43c5-8c24-4b6c9740513c (length 20752 - align length 515) has no trained error model
[2025-07-09 17:00:04.438] [jointLog] [warning] read 2a8c5652-7373-43c5-8c24-4b6c9740513c (length 20752) has no trained clipping model
[2025-07-09 17:00:04.438] [jointLog] [warning] read 2a8c5652-7373-43c5-8c24-4b6c9740513c (length 20752) has no trained clipping model
[2025-07-09 17:00:04.557] [jointLog] [warning] read 51890dbc-0624-47b1-90db-9116e0f466e0 (length 31859 - align length 322) has no trained error model
[2025-07-09 17:00:04.557] [jointLog] [warning] read 51890dbc-0624-47b1-90db-9116e0f466e0 (length 31859) has no trained clipping model
[2025-07-09 17:00:04.557] [jointLog] [warning] read 51890dbc-0624-47b1-90db-9116e0f466e0 (length 31859) has no trained clipping model
[2025-07-09 17:00:04.557] [jointLog] [warning] read 83c191cc-1717-410a-b1a4-2a5debb48e80 (length 16666 - align length 144) has no trained error model
[2025-07-09 17:00:04.557] [jointLog] [warning] read 83c191cc-1717-410a-b1a4-2a5debb48e80 (length 16666) has no trained clipping model
[2025-07-09 17:00:04.557] [jointLog] [warning] read 83c191cc-1717-410a-b1a4-2a5debb48e80 (length 16666) has no trained clipping model
[2025-07-09 17:00:04.557] [jointLog] [warning] read effd1569-ada5-4c3e-80e7-ba74a6c5774e (length 45330 - align length 303) has no trained error model
[2025-07-09 17:00:04.557] [jointLog] [warning] read effd1569-ada5-4c3e-80e7-ba74a6c5774e (length 45330) has no trained clipping model
[2025-07-09 17:00:04.557] [jointLog] [warning] read effd1569-ada5-4c3e-80e7-ba74a6c5774e (length 45330) has no trained clipping model
[2025-07-09 17:00:04.557] [jointLog] [warning] read ef4c653f-3b5e-4daa-b3f2-ffd000972b94 (length 35674 - align length 925) has no trained error model
[2025-07-09 17:00:04.557] [jointLog] [warning] read ef4c653f-3b5e-4daa-b3f2-ffd000972b94 (length 35674) has no trained clipping model
[2025-07-09 17:00:04.557] [jointLog] [warning] read ef4c653f-3b5e-4daa-b3f2-ffd000972b94 (length 35674) has no trained clipping model
[2025-07-09 17:00:04.557] [jointLog] [warning] read 190efcfc-db80-4aa2-9b4e-9c2f4d71fdcd (length 32306 - align length 140) has no trained error model
[2025-07-09 17:00:04.557] [jointLog] [warning] read 190efcfc-db80-4aa2-9b4e-9c2f4d71fdcd (length 32306) has no trained clipping model
[2025-07-09 17:00:04.557] [jointLog] [warning] read 190efcfc-db80-4aa2-9b4e-9c2f4d71fdcd (length 32306) has no trained clipping model
[2025-07-09 17:00:04.557] [jointLog] [warning] read 657c9784-74f2-4650-900a-189ebb268554 (length 16123 - align length 16037) has no trained error model
[2025-07-09 17:00:04.557] [jointLog] [warning] read 6ed1b083-b737-436a-b259-d7401e333163 (length 24012) has no trained clipping model
[2025-07-09 17:00:04.557] [jointLog] [warning] read f8f64a96-7f34-4988-842c-7c0ab30dc8fd (length 37441 - align length 511) has no trained error model
[2025-07-09 17:00:04.557] [jointLog] [warning] read f8f64a96-7f34-4988-842c-7c0ab30dc8fd (length 37441) has no trained clipping model
[2025-07-09 17:00:04.557] [jointLog] [warning] read f8f64a96-7f34-4988-842c-7c0ab30dc8fd (length 37441) has no trained clipping model
[2025-07-09 17:00:04.557] [jointLog] [warning] read f8b48397-8724-4a37-8421-4f800955efef (length 19762 - align length 512) has no trained error model
[2025-07-09 17:00:04.557] [jointLog] [warning] read f8b48397-8724-4a37-8421-4f800955efef (length 19762) has no trained clipping model
[2025-07-09 17:00:04.557] [jointLog] [warning] read f8b48397-8724-4a37-8421-4f800955efef (length 19762) has no trained clipping model
[2025-07-09 17:00:04.557] [jointLog] [warning] read 30137f56-5eb9-43e6-8ebd-1eece74571c4 (length 29075 - align length 59) has no trained error model
[2025-07-09 17:00:04.557] [jointLog] [warning] read 30137f56-5eb9-43e6-8ebd-1eece74571c4 (length 29075) has no trained clipping model
[2025-07-09 17:00:04.557] [jointLog] [warning] read 30137f56-5eb9-43e6-8ebd-1eece74571c4 (length 29075) has no trained clipping model
[2025-07-09 17:00:04.557] [jointLog] [warning] read c0590eb7-7c42-410c-8eb9-ebc0072009d4 (length 25615) has no trained clipping model
[2025-07-09 17:00:04.557] [jointLog] [warning] read c5f5875d-eed9-460f-97bc-98aad0053919 (length 34181 - align length 644) has no trained error model
[2025-07-09 17:00:04.557] [jointLog] [warning] read c5f5875d-eed9-460f-97bc-98aad0053919 (length 34181) has no trained clipping model
[2025-07-09 17:00:04.557] [jointLog] [warning] read c5f5875d-eed9-460f-97bc-98aad0053919 (length 34181) has no trained clipping model
[2025-07-09 17:00:04.558] [jointLog] [warning] read a4faa203-796b-4146-9231-8d4ac00a89c7 (length 13857) has no trained clipping model
[2025-07-09 17:00:04.558] [jointLog] [warning] read a60c9b6e-c178-423e-a21a-ea176fb36447 (length 31737 - align length 288) has no trained error model
[2025-07-09 17:00:04.558] [jointLog] [warning] read a60c9b6e-c178-423e-a21a-ea176fb36447 (length 31737) has no trained clipping model
[2025-07-09 17:00:04.558] [jointLog] [warning] read a60c9b6e-c178-423e-a21a-ea176fb36447 (length 31737) has no trained clipping model
[2025-07-09 17:00:04.558] [jointLog] [warning] read 963f85c7-f85d-4c6b-beed-ee5018143df1 (length 36850) has no trained clipping model
[2025-07-09 17:00:04.558] [jointLog] [warning] read 4ea39e90-7a24-4eb1-b2d9-f58053f5cd00 (length 15501 - align length 15413) has no trained error model
[2025-07-09 17:00:04.558] [jointLog] [warning] read e7f37a3b-b859-4785-af34-f5bea2edefa0 (length 26417 - align length 569) has no trained error model
[2025-07-09 17:00:04.558] [jointLog] [warning] read e7f37a3b-b859-4785-af34-f5bea2edefa0 (length 26417) has no trained clipping model
[2025-07-09 17:00:04.558] [jointLog] [warning] read e7f37a3b-b859-4785-af34-f5bea2edefa0 (length 26417) has no trained clipping model
[2025-07-09 17:00:04.558] [jointLog] [warning] read 1a4310af-6743-4ef2-a0f9-b452143eee3e (length 13201 - align length 102) has no trained error model
[2025-07-09 17:00:04.558] [jointLog] [warning] read 1a4310af-6743-4ef2-a0f9-b452143eee3e (length 13201) has no trained clipping model
[2025-07-09 17:00:04.558] [jointLog] [warning] read 1a4310af-6743-4ef2-a0f9-b452143eee3e (length 13201) has no trained clipping model
[2025-07-09 17:00:04.558] [jointLog] [warning] read a4e0a94d-0498-451d-aceb-dfb7df7b2d54 (length 16925 - align length 373) has no trained error model
[2025-07-09 17:00:04.558] [jointLog] [warning] read a4e0a94d-0498-451d-aceb-dfb7df7b2d54 (length 16925) has no trained clipping model
[2025-07-09 17:00:04.558] [jointLog] [warning] read a4e0a94d-0498-451d-aceb-dfb7df7b2d54 (length 16925) has no trained clipping model
[2025-07-09 17:00:04.558] [jointLog] [warning] read a2b74ebd-a4bb-41ce-8d3a-2ae2451a23f0 (length 12426 - align length 2146) has no trained error model
[2025-07-09 17:00:04.558] [jointLog] [warning] read a2b74ebd-a4bb-41ce-8d3a-2ae2451a23f0 (length 12426) has no trained clipping model
[2025-07-09 17:00:04.558] [jointLog] [warning] read a2b74ebd-a4bb-41ce-8d3a-2ae2451a23f0 (length 12426) has no trained clipping model
[2025-07-09 17:00:04.558] [jointLog] [warning] read 680e6759-2473-4951-9bb1-9af0d55ee01e (length 9858) has no trained clipping model
[2025-07-09 17:00:04.558] [jointLog] [warning] read 8c18707e-42c6-4bb8-bfec-62db56920359 (length 32637 - align length 2207) has no trained error model
[2025-07-09 17:00:04.558] [jointLog] [warning] read 8c18707e-42c6-4bb8-bfec-62db56920359 (length 32637) has no trained clipping model
[2025-07-09 17:00:04.558] [jointLog] [warning] read 8c18707e-42c6-4bb8-bfec-62db56920359 (length 32637) has no trained clipping model
[2025-07-09 17:00:04.558] [jointLog] [warning] read 5c5ff73e-9040-4c73-b4ea-d2b74ad5b446 (length 40906 - align length 1745) has no trained error model
[2025-07-09 17:00:04.558] [jointLog] [warning] read 5c5ff73e-9040-4c73-b4ea-d2b74ad5b446 (length 40906) has no trained clipping model
[2025-07-09 17:00:04.558] [jointLog] [warning] read 5c5ff73e-9040-4c73-b4ea-d2b74ad5b446 (length 40906) has no trained clipping model
[2025-07-09 17:00:04.558] [jointLog] [warning] read aae162a1-0999-44dd-b1fc-55012c14d888 (length 20633) has no trained clipping model
[2025-07-09 17:00:04.559] [jointLog] [warning] read 1a2bd918-ede2-4063-8fac-764b7854ded2 (length 11117 - align length 11044) has no trained error model
[2025-07-09 17:00:04.559] [jointLog] [warning] read 64f3fb26-a8b3-446a-8595-a65570510a97 (length 12440 - align length 2037) has no trained error model
[2025-07-09 17:00:04.559] [jointLog] [warning] read 64f3fb26-a8b3-446a-8595-a65570510a97 (length 12440) has no trained clipping model
[2025-07-09 17:00:04.559] [jointLog] [warning] read 64f3fb26-a8b3-446a-8595-a65570510a97 (length 12440) has no trained clipping model
[2025-07-09 17:00:04.559] [jointLog] [warning] read 542237c2-abf7-464a-9095-36ea8efa7e8f (length 14509 - align length 14357) has no trained error model
[2025-07-09 17:00:04.559] [jointLog] [warning] read 374d6ae9-4316-4e1a-aedb-171e28c87d42 (length 23182 - align length 90) has no trained error model
[2025-07-09 17:00:04.559] [jointLog] [warning] read 374d6ae9-4316-4e1a-aedb-171e28c87d42 (length 23182) has no trained clipping model
[2025-07-09 17:00:04.559] [jointLog] [warning] read 374d6ae9-4316-4e1a-aedb-171e28c87d42 (length 23182) has no trained clipping model
[2025-07-09 17:00:04.559] [jointLog] [warning] read fc0c28af-2507-44d8-9ce7-142432b896ef (length 14260 - align length 14235) has no trained error model
[2025-07-09 17:00:04.559] [jointLog] [warning] read fc0c28af-2507-44d8-9ce7-142432b896ef (length 14260) has no trained clipping model
[2025-07-09 17:00:04.559] [jointLog] [warning] read fc0c28af-2507-44d8-9ce7-142432b896ef (length 14260) has no trained clipping model
[2025-07-09 17:00:04.559] [jointLog] [warning] read 75b9dbe9-efa7-422c-8180-aed56dea0eee (length 32180 - align length 1478) has no trained error model
[2025-07-09 17:00:04.559] [jointLog] [warning] read 75b9dbe9-efa7-422c-8180-aed56dea0eee (length 32180) has no trained clipping model
[2025-07-09 17:00:04.559] [jointLog] [warning] read 75b9dbe9-efa7-422c-8180-aed56dea0eee (length 32180) has no trained clipping model
[2025-07-09 17:00:04.559] [jointLog] [warning] read bb7e05ed-1fa6-4bf1-a470-f358224af032 (length 30835 - align length 925) has no trained error model
[2025-07-09 17:00:04.559] [jointLog] [warning] read bb7e05ed-1fa6-4bf1-a470-f358224af032 (length 30835) has no trained clipping model
[2025-07-09 17:00:04.559] [jointLog] [warning] read bb7e05ed-1fa6-4bf1-a470-f358224af032 (length 30835) has no trained clipping model
[2025-07-09 17:00:04.559] [jointLog] [warning] read a9e43673-c153-4db6-96d7-5dd43cd4dddd (length 14695 - align length 14684) has no trained error model
[2025-07-09 17:00:04.559] [jointLog] [warning] read a9e43673-c153-4db6-96d7-5dd43cd4dddd (length 14695) has no trained clipping model
[2025-07-09 17:00:04.559] [jointLog] [warning] read a9e43673-c153-4db6-96d7-5dd43cd4dddd (length 14695) has no trained clipping model
[2025-07-09 17:00:04.559] [jointLog] [warning] read b5a010d5-e03e-41e3-94e7-f4c908ec9900 (length 35741 - align length 387) has no trained error model
[2025-07-09 17:00:04.559] [jointLog] [warning] read b5a010d5-e03e-41e3-94e7-f4c908ec9900 (length 35741) has no trained clipping model
[2025-07-09 17:00:04.559] [jointLog] [warning] read b5a010d5-e03e-41e3-94e7-f4c908ec9900 (length 35741) has no trained clipping model
[2025-07-09 17:00:04.559] [jointLog] [warning] read 8c99c890-3a8d-4e3a-9b3b-de8c6402008e (length 15293 - align length 1143) has no trained error model
[2025-07-09 17:00:04.559] [jointLog] [warning] read 8c99c890-3a8d-4e3a-9b3b-de8c6402008e (length 15293) has no trained clipping model
[2025-07-09 17:00:04.559] [jointLog] [warning] read 8c99c890-3a8d-4e3a-9b3b-de8c6402008e (length 15293) has no trained clipping model
[2025-07-09 17:00:04.559] [jointLog] [warning] read b15b7d67-107e-4b9c-8a2b-3c2a56ac31d7 (length 30038 - align length 437) has no trained error model
[2025-07-09 17:00:04.559] [jointLog] [warning] read b15b7d67-107e-4b9c-8a2b-3c2a56ac31d7 (length 30038) has no trained clipping model
[2025-07-09 17:00:04.559] [jointLog] [warning] read b15b7d67-107e-4b9c-8a2b-3c2a56ac31d7 (length 30038) has no trained clipping model
[2025-07-09 17:00:04.560] [jointLog] [warning] read d9a2090e-268e-44e0-96a1-969c84596a8a (length 19722 - align length 232) has no trained error model
[2025-07-09 17:00:04.560] [jointLog] [warning] read d9a2090e-268e-44e0-96a1-969c84596a8a (length 19722) has no trained clipping model
[2025-07-09 17:00:04.560] [jointLog] [warning] read d9a2090e-268e-44e0-96a1-969c84596a8a (length 19722) has no trained clipping model
[2025-07-09 17:00:04.560] [jointLog] [warning] read 512673a6-d1a5-4625-9443-f0670d0bb622 (length 15880 - align length 1479) has no trained error model
[2025-07-09 17:00:04.560] [jointLog] [warning] read 512673a6-d1a5-4625-9443-f0670d0bb622 (length 15880) has no trained clipping model
[2025-07-09 17:00:04.560] [jointLog] [warning] read 512673a6-d1a5-4625-9443-f0670d0bb622 (length 15880) has no trained clipping model
[2025-07-09 17:00:04.560] [jointLog] [warning] read 54f483a2-0f93-44ca-ac94-ae6321e0e0eb (length 20717 - align length 392) has no trained error model
[2025-07-09 17:00:04.560] [jointLog] [warning] read 54f483a2-0f93-44ca-ac94-ae6321e0e0eb (length 20717) has no trained clipping model
[2025-07-09 17:00:04.560] [jointLog] [warning] read 54f483a2-0f93-44ca-ac94-ae6321e0e0eb (length 20717) has no trained clipping model
[2025-07-09 17:00:04.560] [jointLog] [warning] read 36b3eb71-8bed-477e-a813-c415dade627b (length 48658 - align length 312) has no trained error model
[2025-07-09 17:00:04.560] [jointLog] [warning] read 36b3eb71-8bed-477e-a813-c415dade627b (length 48658) has no trained clipping model
[2025-07-09 17:00:04.560] [jointLog] [warning] read 36b3eb71-8bed-477e-a813-c415dade627b (length 48658) has no trained clipping model
[2025-07-09 17:00:04.560] [jointLog] [warning] read 0600a680-067b-4537-b938-e88d4a0a2b40 (length 15941 - align length 57) has no trained error model
[2025-07-09 17:00:04.560] [jointLog] [warning] read 0600a680-067b-4537-b938-e88d4a0a2b40 (length 15941) has no trained clipping model
[2025-07-09 17:00:04.560] [jointLog] [warning] read 0600a680-067b-4537-b938-e88d4a0a2b40 (length 15941) has no trained clipping model
[2025-07-09 17:00:04.560] [jointLog] [warning] read 2b80b0fd-1b79-4d25-8978-75d49b1d0888 (length 20303 - align length 1905) has no trained error model
[2025-07-09 17:00:04.560] [jointLog] [warning] read 2b80b0fd-1b79-4d25-8978-75d49b1d0888 (length 20303) has no trained clipping model
[2025-07-09 17:00:04.560] [jointLog] [warning] read 2b80b0fd-1b79-4d25-8978-75d49b1d0888 (length 20303) has no trained clipping model
[2025-07-09 17:00:04.560] [jointLog] [warning] read f8a7d29f-2021-4999-8eff-8db18b46e3b9 (length 19892 - align length 426) has no trained error model
[2025-07-09 17:00:04.560] [jointLog] [warning] read f8a7d29f-2021-4999-8eff-8db18b46e3b9 (length 19892) has no trained clipping model
[2025-07-09 17:00:04.560] [jointLog] [warning] read f8a7d29f-2021-4999-8eff-8db18b46e3b9 (length 19892) has no trained clipping model
[2025-07-09 17:00:04.560] [jointLog] [warning] read db15bf1d-4ed8-44af-8358-503ecab493b8 (length 36324 - align length 1683) has no trained error model
[2025-07-09 17:00:04.560] [jointLog] [warning] read db15bf1d-4ed8-44af-8358-503ecab493b8 (length 36324) has no trained clipping model
[2025-07-09 17:00:04.560] [jointLog] [warning] read db15bf1d-4ed8-44af-8358-503ecab493b8 (length 36324) has no trained clipping model
[2025-07-09 17:00:04.560] [jointLog] [warning] read 99d066e5-fdb0-4677-8bab-5ddb4b0763c7 (length 26409 - align length 378) has no trained error model
[2025-07-09 17:00:04.560] [jointLog] [warning] read 99d066e5-fdb0-4677-8bab-5ddb4b0763c7 (length 26409) has no trained clipping model
[2025-07-09 17:00:04.560] [jointLog] [warning] read 99d066e5-fdb0-4677-8bab-5ddb4b0763c7 (length 26409) has no trained clipping model
[2025-07-09 17:00:04.560] [jointLog] [warning] read 32f3b163-9441-4d33-b246-74b3428ad8d3 (length 14652 - align length 550) has no trained error model
[2025-07-09 17:00:04.560] [jointLog] [warning] read 32f3b163-9441-4d33-b246-74b3428ad8d3 (length 14652) has no trained clipping model
[2025-07-09 17:00:04.560] [jointLog] [warning] read 32f3b163-9441-4d33-b246-74b3428ad8d3 (length 14652) has no trained clipping model
[2025-07-09 17:00:04.560] [jointLog] [warning] read e2d2ab27-fcc2-4e5a-92bd-9b905864c966 (length 19867 - align length 1833) has no trained error model
[2025-07-09 17:00:04.560] [jointLog] [warning] read e2d2ab27-fcc2-4e5a-92bd-9b905864c966 (length 19867) has no trained clipping model
[2025-07-09 17:00:04.560] [jointLog] [warning] read e2d2ab27-fcc2-4e5a-92bd-9b905864c966 (length 19867) has no trained clipping model
[2025-07-09 17:00:04.560] [jointLog] [warning] read 6094b498-4748-4cfb-ae51-e97cd572cd92 (length 39049 - align length 1708) has no trained error model
[2025-07-09 17:00:04.560] [jointLog] [warning] read 6094b498-4748-4cfb-ae51-e97cd572cd92 (length 39049) has no trained clipping model
[2025-07-09 17:00:04.560] [jointLog] [warning] read 6094b498-4748-4cfb-ae51-e97cd572cd92 (length 39049) has no trained clipping model
[2025-07-09 17:00:04.560] [jointLog] [warning] read c55829d6-0b85-4308-a846-66095d1497fb (length 29756 - align length 122) has no trained error model
[2025-07-09 17:00:04.560] [jointLog] [warning] read c55829d6-0b85-4308-a846-66095d1497fb (length 29756) has no trained clipping model
[2025-07-09 17:00:04.560] [jointLog] [warning] read c55829d6-0b85-4308-a846-66095d1497fb (length 29756) has no trained clipping model
[2025-07-09 17:00:04.560] [jointLog] [warning] read 0c4244e1-b9a2-49a9-bc8b-bf5852d226df (length 13422) has no trained clipping model
[2025-07-09 17:00:04.561] [jointLog] [warning] read 5761aafc-91c6-4916-abeb-f3c86c013d53 (length 26782 - align length 103) has no trained error model
[2025-07-09 17:00:04.561] [jointLog] [warning] read 5761aafc-91c6-4916-abeb-f3c86c013d53 (length 26782) has no trained clipping model
[2025-07-09 17:00:04.561] [jointLog] [warning] read 5761aafc-91c6-4916-abeb-f3c86c013d53 (length 26782) has no trained clipping model
[2025-07-09 17:00:04.561] [jointLog] [warning] read df59f086-c584-491e-adcd-6a40565451ff (length 12486 - align length 300) has no trained error model
[2025-07-09 17:00:04.561] [jointLog] [warning] read df59f086-c584-491e-adcd-6a40565451ff (length 12486) has no trained clipping model
[2025-07-09 17:00:04.561] [jointLog] [warning] read df59f086-c584-491e-adcd-6a40565451ff (length 12486) has no trained clipping model
[2025-07-09 17:00:04.561] [jointLog] [warning] read 735bfabf-ac32-4fa6-962f-d69190bd507c (length 33705 - align length 293) has no trained error model
[2025-07-09 17:00:04.561] [jointLog] [warning] read 735bfabf-ac32-4fa6-962f-d69190bd507c (length 33705) has no trained clipping model
[2025-07-09 17:00:04.561] [jointLog] [warning] read 735bfabf-ac32-4fa6-962f-d69190bd507c (length 33705) has no trained clipping model
[2025-07-09 17:00:04.561] [jointLog] [warning] read 21661342-dd32-4cbf-83d7-6a619f8f5270 (length 14258 - align length 138) has no trained error model
[2025-07-09 17:00:04.561] [jointLog] [warning] read 21661342-dd32-4cbf-83d7-6a619f8f5270 (length 14258) has no trained clipping model
[2025-07-09 17:00:04.561] [jointLog] [warning] read 21661342-dd32-4cbf-83d7-6a619f8f5270 (length 14258) has no trained clipping model
[2025-07-09 17:00:04.561] [jointLog] [warning] read f0e9b265-e14e-4e5d-ba92-74fe3a340a03 (length 27727 - align length 415) has no trained error model
[2025-07-09 17:00:04.561] [jointLog] [warning] read f0e9b265-e14e-4e5d-ba92-74fe3a340a03 (length 27727) has no trained clipping model
[2025-07-09 17:00:04.561] [jointLog] [warning] read f0e9b265-e14e-4e5d-ba92-74fe3a340a03 (length 27727) has no trained clipping model
[2025-07-09 17:00:04.561] [jointLog] [warning] read 792b64a4-589a-4787-9506-55bb5e67d526 (length 39738 - align length 1489) has no trained error model
[2025-07-09 17:00:04.561] [jointLog] [warning] read 792b64a4-589a-4787-9506-55bb5e67d526 (length 39738) has no trained clipping model
[2025-07-09 17:00:04.561] [jointLog] [warning] read 792b64a4-589a-4787-9506-55bb5e67d526 (length 39738) has no trained clipping model
[2025-07-09 17:00:04.561] [jointLog] [warning] read 20543fe4-5251-4d61-9164-6b00ee78b865 (length 47284 - align length 138) has no trained error model
[2025-07-09 17:00:04.561] [jointLog] [warning] read 20543fe4-5251-4d61-9164-6b00ee78b865 (length 47284) has no trained clipping model
[2025-07-09 17:00:04.561] [jointLog] [warning] read 20543fe4-5251-4d61-9164-6b00ee78b865 (length 47284) has no trained clipping model
[2025-07-09 17:00:04.561] [jointLog] [warning] read 81dfbfd4-acb2-44b0-b76a-e0657ceb4001 (length 12496 - align length 2405) has no trained error model
[2025-07-09 17:00:04.561] [jointLog] [warning] read 81dfbfd4-acb2-44b0-b76a-e0657ceb4001 (length 12496) has no trained clipping model
[2025-07-09 17:00:04.561] [jointLog] [warning] read 81dfbfd4-acb2-44b0-b76a-e0657ceb4001 (length 12496) has no trained clipping model
[2025-07-09 17:00:04.561] [jointLog] [warning] read 1de3664c-c7a7-4089-a629-880d57395b80 (length 28342 - align length 414) has no trained error model
[2025-07-09 17:00:04.561] [jointLog] [warning] read 1de3664c-c7a7-4089-a629-880d57395b80 (length 28342) has no trained clipping model
[2025-07-09 17:00:04.561] [jointLog] [warning] read 1de3664c-c7a7-4089-a629-880d57395b80 (length 28342) has no trained clipping model
[2025-07-09 17:00:04.561] [jointLog] [warning] read e04fc832-f568-4c82-9dcd-67020a4fd458 (length 10767) has no trained clipping model
[2025-07-09 17:00:04.561] [jointLog] [warning] read 267fe12e-ef50-45a5-81e1-09a2a7a4f737 (length 22318 - align length 1579) has no trained error model
[2025-07-09 17:00:04.561] [jointLog] [warning] read 267fe12e-ef50-45a5-81e1-09a2a7a4f737 (length 22318) has no trained clipping model
[2025-07-09 17:00:04.561] [jointLog] [warning] read 267fe12e-ef50-45a5-81e1-09a2a7a4f737 (length 22318) has no trained clipping model
[2025-07-09 17:00:04.561] [jointLog] [warning] read 887f72a4-d74b-4574-bc77-38f682282349 (length 16679 - align length 81) has no trained error model
[2025-07-09 17:00:04.561] [jointLog] [warning] read 887f72a4-d74b-4574-bc77-38f682282349 (length 16679) has no trained clipping model
[2025-07-09 17:00:04.561] [jointLog] [warning] read 887f72a4-d74b-4574-bc77-38f682282349 (length 16679) has no trained clipping model
[2025-07-09 17:00:04.561] [jointLog] [warning] read e9a14c31-a001-42c4-9951-558c4a34ee4d (length 15090 - align length 671) has no trained error model
[2025-07-09 17:00:04.561] [jointLog] [warning] read e9a14c31-a001-42c4-9951-558c4a34ee4d (length 15090) has no trained clipping model
[2025-07-09 17:00:04.561] [jointLog] [warning] read e9a14c31-a001-42c4-9951-558c4a34ee4d (length 15090) has no trained clipping model
[2025-07-09 17:00:04.561] [jointLog] [warning] read 86f1439d-ce7a-4598-ad60-63fe107759a2 (length 19747 - align length 582) has no trained error model
[2025-07-09 17:00:04.561] [jointLog] [warning] read 86f1439d-ce7a-4598-ad60-63fe107759a2 (length 19747) has no trained clipping model
[2025-07-09 17:00:04.561] [jointLog] [warning] read 86f1439d-ce7a-4598-ad60-63fe107759a2 (length 19747) has no trained clipping model
[2025-07-09 17:00:04.561] [jointLog] [warning] read 6cb713bf-02f3-4fa8-b685-a8bf3be07ce8 (length 42680 - align length 1774) has no trained error model
[2025-07-09 17:00:04.561] [jointLog] [warning] read 6cb713bf-02f3-4fa8-b685-a8bf3be07ce8 (length 42680) has no trained clipping model
[2025-07-09 17:00:04.561] [jointLog] [warning] read 6cb713bf-02f3-4fa8-b685-a8bf3be07ce8 (length 42680) has no trained clipping model
[2025-07-09 17:00:04.562] [jointLog] [warning] read 70ae77a2-2d0a-4c4a-b8e0-7b6743fbe16d (length 43601 - align length 1177) has no trained error model
[2025-07-09 17:00:04.562] [jointLog] [warning] read 70ae77a2-2d0a-4c4a-b8e0-7b6743fbe16d (length 43601) has no trained clipping model
[2025-07-09 17:00:04.562] [jointLog] [warning] read 70ae77a2-2d0a-4c4a-b8e0-7b6743fbe16d (length 43601) has no trained clipping model
[2025-07-09 17:00:04.562] [jointLog] [warning] read eabbd714-2fe2-4d9d-952b-4cc6035bd302 (length 31364 - align length 115) has no trained error model
[2025-07-09 17:00:04.562] [jointLog] [warning] read eabbd714-2fe2-4d9d-952b-4cc6035bd302 (length 31364) has no trained clipping model
[2025-07-09 17:00:04.562] [jointLog] [warning] read eabbd714-2fe2-4d9d-952b-4cc6035bd302 (length 31364) has no trained clipping model
[2025-07-09 17:00:04.562] [jointLog] [warning] read 41307f1d-e914-4961-9684-d4130bbd5047 (length 13749) has no trained clipping model
[2025-07-09 17:00:04.562] [jointLog] [warning] read c2127f3e-0c9b-49b4-a16a-3695fc7f8252 (length 32573 - align length 1700) has no trained error model
[2025-07-09 17:00:04.562] [jointLog] [warning] read c2127f3e-0c9b-49b4-a16a-3695fc7f8252 (length 32573) has no trained clipping model
[2025-07-09 17:00:04.562] [jointLog] [warning] read c2127f3e-0c9b-49b4-a16a-3695fc7f8252 (length 32573) has no trained clipping model
[2025-07-09 17:00:04.562] [jointLog] [warning] read 52191775-91f9-4a22-9913-04bd699f93d6 (length 21429 - align length 577) has no trained error model
[2025-07-09 17:00:04.562] [jointLog] [warning] read 52191775-91f9-4a22-9913-04bd699f93d6 (length 21429) has no trained clipping model
[2025-07-09 17:00:04.562] [jointLog] [warning] read 52191775-91f9-4a22-9913-04bd699f93d6 (length 21429) has no trained clipping model
[2025-07-09 17:00:04.562] [jointLog] [warning] read 1a1e86f3-14cc-4f4d-b189-b6dde3e2b4ff (length 13837) has no trained clipping model
[2025-07-09 17:00:04.562] [jointLog] [warning] read 0d31a8bf-ffa0-4209-8805-32565dcdbbbc (length 15840 - align length 763) has no trained error model
[2025-07-09 17:00:04.562] [jointLog] [warning] read 0d31a8bf-ffa0-4209-8805-32565dcdbbbc (length 15840) has no trained clipping model
[2025-07-09 17:00:04.562] [jointLog] [warning] read 0d31a8bf-ffa0-4209-8805-32565dcdbbbc (length 15840) has no trained clipping model
[2025-07-09 17:00:04.562] [jointLog] [warning] read 0d2336b8-e6c2-46b5-9632-93bdd3bbca33 (length 12487 - align length 254) has no trained error model
[2025-07-09 17:00:04.562] [jointLog] [warning] read 0d2336b8-e6c2-46b5-9632-93bdd3bbca33 (length 12487) has no trained clipping model
[2025-07-09 17:00:04.562] [jointLog] [warning] read 0d2336b8-e6c2-46b5-9632-93bdd3bbca33 (length 12487) has no trained clipping model
[2025-07-09 17:00:04.562] [jointLog] [warning] read 21d6d965-bd67-4687-9ff6-c9e7105598c4 (length 45694 - align length 798) has no trained error model
[2025-07-09 17:00:04.562] [jointLog] [warning] read 21d6d965-bd67-4687-9ff6-c9e7105598c4 (length 45694) has no trained clipping model
[2025-07-09 17:00:04.562] [jointLog] [warning] read 21d6d965-bd67-4687-9ff6-c9e7105598c4 (length 45694) has no trained clipping model
[2025-07-09 17:00:04.562] [jointLog] [warning] read e6f25528-3d80-467e-828b-05d9c541c953 (length 22609 - align length 1633) has no trained error model
[2025-07-09 17:00:04.562] [jointLog] [warning] read e6f25528-3d80-467e-828b-05d9c541c953 (length 22609) has no trained clipping model
[2025-07-09 17:00:04.562] [jointLog] [warning] read e6f25528-3d80-467e-828b-05d9c541c953 (length 22609) has no trained clipping model
[2025-07-09 17:00:04.562] [jointLog] [warning] read a10eb127-9305-49a6-aa8e-aec9d36f99b0 (length 22750 - align length 1354) has no trained error model
[2025-07-09 17:00:04.562] [jointLog] [warning] read a10eb127-9305-49a6-aa8e-aec9d36f99b0 (length 22750) has no trained clipping model
[2025-07-09 17:00:04.562] [jointLog] [warning] read a10eb127-9305-49a6-aa8e-aec9d36f99b0 (length 22750) has no trained clipping model
[2025-07-09 17:00:04.562] [jointLog] [warning] read 56d28313-79e8-4b54-b31a-810712c0f6d0 (length 27208 - align length 276) has no trained error model
[2025-07-09 17:00:04.562] [jointLog] [warning] read 56d28313-79e8-4b54-b31a-810712c0f6d0 (length 27208) has no trained clipping model
[2025-07-09 17:00:04.562] [jointLog] [warning] read 56d28313-79e8-4b54-b31a-810712c0f6d0 (length 27208) has no trained clipping model
[2025-07-09 17:00:04.562] [jointLog] [warning] read f2aa9942-b0b6-4cc6-bcd9-f0cf10ba13c9 (length 19212 - align length 258) has no trained error model
[2025-07-09 17:00:04.562] [jointLog] [warning] read f2aa9942-b0b6-4cc6-bcd9-f0cf10ba13c9 (length 19212) has no trained clipping model
[2025-07-09 17:00:04.562] [jointLog] [warning] read f2aa9942-b0b6-4cc6-bcd9-f0cf10ba13c9 (length 19212) has no trained clipping model
[2025-07-09 17:00:04.562] [jointLog] [warning] read bd1c0f4d-6ed5-4c8b-98ce-9e8bb98fb491 (length 34685 - align length 1108) has no trained error model
[2025-07-09 17:00:04.562] [jointLog] [warning] read bd1c0f4d-6ed5-4c8b-98ce-9e8bb98fb491 (length 34685) has no trained clipping model
[2025-07-09 17:00:04.562] [jointLog] [warning] read bd1c0f4d-6ed5-4c8b-98ce-9e8bb98fb491 (length 34685) has no trained clipping model
[2025-07-09 17:00:04.562] [jointLog] [warning] read 25c92ca6-d727-470c-b707-0d08220a5f47 (length 36801) has no trained clipping model
[2025-07-09 17:00:04.562] [jointLog] [warning] read e868e95b-77b2-4549-bd59-aa3b76680826 (length 29088 - align length 938) has no trained error model
[2025-07-09 17:00:04.562] [jointLog] [warning] read e868e95b-77b2-4549-bd59-aa3b76680826 (length 29088) has no trained clipping model
[2025-07-09 17:00:04.562] [jointLog] [warning] read e868e95b-77b2-4549-bd59-aa3b76680826 (length 29088) has no trained clipping model
[2025-07-09 17:00:04.563] [jointLog] [warning] read 984f5f10-adbb-4fde-9a2b-331e05d4a55f (length 19260 - align length 269) has no trained error model
[2025-07-09 17:00:04.563] [jointLog] [warning] read 984f5f10-adbb-4fde-9a2b-331e05d4a55f (length 19260) has no trained clipping model
[2025-07-09 17:00:04.563] [jointLog] [warning] read 984f5f10-adbb-4fde-9a2b-331e05d4a55f (length 19260) has no trained clipping model
[2025-07-09 17:00:04.563] [jointLog] [warning] read 8a94b3a7-9763-4f21-bd2f-622a06b17db0 (length 40200) has no trained clipping model
[2025-07-09 17:00:04.563] [jointLog] [warning] read 814cd48f-3c90-4faf-8d44-48b482e1307b (length 14516 - align length 14461) has no trained error model
[2025-07-09 17:00:04.563] [jointLog] [warning] read a6638ca8-ea81-4231-892d-42cdab119f9e (length 29940 - align length 1284) has no trained error model
[2025-07-09 17:00:04.563] [jointLog] [warning] read a6638ca8-ea81-4231-892d-42cdab119f9e (length 29940) has no trained clipping model
[2025-07-09 17:00:04.563] [jointLog] [warning] read a6638ca8-ea81-4231-892d-42cdab119f9e (length 29940) has no trained clipping model
[2025-07-09 17:00:04.563] [jointLog] [warning] read 32e223ce-f63e-4ac3-a667-6a1eb042d1e4 (length 43887 - align length 300) has no trained error model
[2025-07-09 17:00:04.563] [jointLog] [warning] read 32e223ce-f63e-4ac3-a667-6a1eb042d1e4 (length 43887) has no trained clipping model
[2025-07-09 17:00:04.563] [jointLog] [warning] read 32e223ce-f63e-4ac3-a667-6a1eb042d1e4 (length 43887) has no trained clipping model
[2025-07-09 17:00:04.563] [jointLog] [warning] read 778ab737-9c70-4252-9268-de46b3dd11f5 (length 32717 - align length 956) has no trained error model
[2025-07-09 17:00:04.563] [jointLog] [warning] read 778ab737-9c70-4252-9268-de46b3dd11f5 (length 32717) has no trained clipping model
[2025-07-09 17:00:04.563] [jointLog] [warning] read 778ab737-9c70-4252-9268-de46b3dd11f5 (length 32717) has no trained clipping model
[2025-07-09 17:00:04.563] [jointLog] [warning] read 153ace3e-a253-406c-8234-7cf651fe2c0e (length 12423 - align length 12421) has no trained error model
[2025-07-09 17:00:04.563] [jointLog] [warning] read 153ace3e-a253-406c-8234-7cf651fe2c0e (length 12423) has no trained clipping model
[2025-07-09 17:00:04.563] [jointLog] [warning] read 153ace3e-a253-406c-8234-7cf651fe2c0e (length 12423) has no trained clipping model
[2025-07-09 17:00:04.563] [jointLog] [warning] read e21bdf3f-03d3-4302-8f83-cc4f6b5db348 (length 13217 - align length 487) has no trained error model
[2025-07-09 17:00:04.563] [jointLog] [warning] read e21bdf3f-03d3-4302-8f83-cc4f6b5db348 (length 13217) has no trained clipping model
[2025-07-09 17:00:04.563] [jointLog] [warning] read e21bdf3f-03d3-4302-8f83-cc4f6b5db348 (length 13217) has no trained clipping model
[2025-07-09 17:00:04.563] [jointLog] [warning] read e05f4f3a-54c8-4baa-9335-095534e963b3 (length 21100) has no trained clipping model
[2025-07-09 17:00:04.564] [jointLog] [warning] read 833ab533-5f09-464c-9f2a-b385650a1c1c (length 36017 - align length 1403) has no trained error model
[2025-07-09 17:00:04.564] [jointLog] [warning] read 833ab533-5f09-464c-9f2a-b385650a1c1c (length 36017) has no trained clipping model
[2025-07-09 17:00:04.564] [jointLog] [warning] read 833ab533-5f09-464c-9f2a-b385650a1c1c (length 36017) has no trained clipping model
[2025-07-09 17:00:04.564] [jointLog] [warning] read 8f3651cb-ec42-4349-a820-8aa5bdd13847 (length 36405 - align length 63) has no trained error model
[2025-07-09 17:00:04.564] [jointLog] [warning] read 8f3651cb-ec42-4349-a820-8aa5bdd13847 (length 36405) has no trained clipping model
[2025-07-09 17:00:04.564] [jointLog] [warning] read 8f3651cb-ec42-4349-a820-8aa5bdd13847 (length 36405) has no trained clipping model
[2025-07-09 17:00:04.564] [jointLog] [warning] read 72208973-a388-45bd-9857-4bf99731978d (length 14601 - align length 1114) has no trained error model
[2025-07-09 17:00:04.564] [jointLog] [warning] read 72208973-a388-45bd-9857-4bf99731978d (length 14601) has no trained clipping model
[2025-07-09 17:00:04.564] [jointLog] [warning] read 72208973-a388-45bd-9857-4bf99731978d (length 14601) has no trained clipping model
[2025-07-09 17:00:04.564] [jointLog] [warning] read 3c1281fd-e9a0-4b39-8c4d-f840332cc0ad (length 14695 - align length 534) has no trained error model
[2025-07-09 17:00:04.564] [jointLog] [warning] read 3c1281fd-e9a0-4b39-8c4d-f840332cc0ad (length 14695) has no trained clipping model
[2025-07-09 17:00:04.564] [jointLog] [warning] read 3c1281fd-e9a0-4b39-8c4d-f840332cc0ad (length 14695) has no trained clipping model
[2025-07-09 17:00:04.566] [jointLog] [warning] read 35ad6b22-efe7-4073-812a-a73094ba05a0 (length 27101 - align length 1221) has no trained error model
[2025-07-09 17:00:04.566] [jointLog] [warning] read 35ad6b22-efe7-4073-812a-a73094ba05a0 (length 27101) has no trained clipping model
[2025-07-09 17:00:04.566] [jointLog] [warning] read 35ad6b22-efe7-4073-812a-a73094ba05a0 (length 27101) has no trained clipping model
[2025-07-09 17:00:05.148] [fileLog] [info] quantification processed 7000000 fragments so far

[2025-07-09 17:00:05.125] [jointLog] [warning] read e83bb104-67a2-4aa1-8f86-13a61c599755 (length 11681 - align length 11560) has no trained error model
[2025-07-09 17:00:05.749] [jointLog] [warning] read a068195d-20d1-4ee0-affd-c4e258717af2 (length 12990 - align length 12943) has no trained error model
[2025-07-09 17:00:06.283] [jointLog] [warning] read b77b281f-48ce-48f8-9dd6-9f5c9b96a868 (length 10769) has no trained clipping model
[2025-07-09 17:00:06.434] [jointLog] [warning] read 43c88c0c-7908-488f-b669-18ac68b3ac22 (length 9895) has no trained clipping model
[2025-07-09 17:00:08.258] [jointLog] [warning] read f0e915bc-e179-49fe-860b-39ace115a262 (length 12435 - align length 11585) has no trained error model
[2025-07-09 17:00:08.258] [jointLog] [warning] read f0e915bc-e179-49fe-860b-39ace115a262 (length 12435) has no trained clipping model
[2025-07-09 17:00:08.258] [jointLog] [warning] read f0e915bc-e179-49fe-860b-39ace115a262 (length 12435) has no trained clipping model
[2025-07-09 17:00:08.867] [fileLog] [info] quantification processed 8000000 fragments so far

[2025-07-09 17:00:09.051] [jointLog] [warning] read bcb7e3d5-2ae3-4b82-b124-51983a207122 (length 9833) has no trained clipping model
[2025-07-09 17:00:09.051] [jointLog] [warning] read af979ae2-6c54-48e1-87bd-1cce5eee45ba (length 19288 - align length 42) has no trained error model
[2025-07-09 17:00:09.051] [jointLog] [warning] read af979ae2-6c54-48e1-87bd-1cce5eee45ba (length 19288) has no trained clipping model
[2025-07-09 17:00:09.051] [jointLog] [warning] read af979ae2-6c54-48e1-87bd-1cce5eee45ba (length 19288) has no trained clipping model
[2025-07-09 17:00:09.051] [jointLog] [warning] read c4858494-4e1c-469b-b583-63cbb6aa1697 (length 16366) has no trained clipping model
[2025-07-09 17:00:09.051] [jointLog] [warning] read b7eb727c-55ac-4549-8ba5-7b79a4ed1ed9 (length 18175 - align length 82) has no trained error model
[2025-07-09 17:00:09.051] [jointLog] [warning] read b7eb727c-55ac-4549-8ba5-7b79a4ed1ed9 (length 18175) has no trained clipping model
[2025-07-09 17:00:09.051] [jointLog] [warning] read b7eb727c-55ac-4549-8ba5-7b79a4ed1ed9 (length 18175) has no trained clipping model
[2025-07-09 17:00:09.051] [jointLog] [warning] read 997b2bec-7f17-4a90-91d8-42d383b8191b (length 18144 - align length 1297) has no trained error model
[2025-07-09 17:00:09.051] [jointLog] [warning] read 997b2bec-7f17-4a90-91d8-42d383b8191b (length 18144) has no trained clipping model
[2025-07-09 17:00:09.051] [jointLog] [warning] read 997b2bec-7f17-4a90-91d8-42d383b8191b (length 18144) has no trained clipping model
[2025-07-09 17:00:09.051] [jointLog] [warning] read 9077959f-e46a-4623-903a-4a188ce280b3 (length 10712) has no trained clipping model
[2025-07-09 17:00:09.051] [jointLog] [warning] read 8933bacc-2779-41c6-875b-8ce7f55a9a4d (length 20968) has no trained clipping model
[2025-07-09 17:00:09.052] [jointLog] [warning] read 8bc459f1-1b4f-4110-b660-96c6732965eb (length 32653 - align length 334) has no trained error model
[2025-07-09 17:00:09.052] [jointLog] [warning] read 8bc459f1-1b4f-4110-b660-96c6732965eb (length 32653) has no trained clipping model
[2025-07-09 17:00:09.052] [jointLog] [warning] read 8bc459f1-1b4f-4110-b660-96c6732965eb (length 32653) has no trained clipping model
[2025-07-09 17:00:09.052] [jointLog] [warning] read 83253168-304c-4e0e-965d-5cc6eefc7ec0 (length 39248 - align length 496) has no trained error model
[2025-07-09 17:00:09.052] [jointLog] [warning] read 83253168-304c-4e0e-965d-5cc6eefc7ec0 (length 39248) has no trained clipping model
[2025-07-09 17:00:09.052] [jointLog] [warning] read 83253168-304c-4e0e-965d-5cc6eefc7ec0 (length 39248) has no trained clipping model
[2025-07-09 17:00:09.380] [jointLog] [warning] read dc1575d1-4560-41dd-8bc1-1306dd34223e (length 9896) has no trained clipping model
[2025-07-09 17:00:09.473] [jointLog] [warning] read 1231150b-dfbf-4f9c-9416-24147d90542f (length 12262 - align length 12227) has no trained error model
[2025-07-09 17:00:11.097] [jointLog] [warning] read a666e605-8beb-48f1-a0e4-aaaf6120f0f0 (length 11526 - align length 11510) has no trained error model
[2025-07-09 17:00:12.649] [fileLog] [info] quantification processed 9000000 fragments so far

[2025-07-09 17:00:13.584] [jointLog] [warning] read 75de9867-247e-4257-b585-0205a4f6d2c6 (length 11950 - align length 11802) has no trained error model
[2025-07-09 17:00:16.281] [fileLog] [info] quantification processed 10000000 fragments so far

[2025-07-09 17:00:16.389] [jointLog] [warning] read 53077fbc-9df9-4fce-bd13-dac53d98996e (length 11923 - align length 11836) has no trained error model
[2025-07-09 17:00:18.341] [jointLog] [warning] read fde3240d-3466-4f38-bd26-41d912c450a0 (length 13203 - align length 13143) has no trained error model
[2025-07-09 17:00:18.341] [jointLog] [warning] read fde3240d-3466-4f38-bd26-41d912c450a0 (length 13203) has no trained clipping model
[2025-07-09 17:00:18.341] [jointLog] [warning] read fde3240d-3466-4f38-bd26-41d912c450a0 (length 13203) has no trained clipping model
[2025-07-09 17:00:18.745] [jointLog] [warning] read 530a17a2-2beb-46b3-ac9b-475e8e554fc0 (length 10728) has no trained clipping model
[2025-07-09 17:00:18.745] [jointLog] [warning] read 6b06ce48-6952-4353-a60d-19e2d2b648c7 (length 12472 - align length 165) has no trained error model
[2025-07-09 17:00:18.745] [jointLog] [warning] read 6b06ce48-6952-4353-a60d-19e2d2b648c7 (length 12472) has no trained clipping model
[2025-07-09 17:00:18.745] [jointLog] [warning] read 6b06ce48-6952-4353-a60d-19e2d2b648c7 (length 12472) has no trained clipping model
[2025-07-09 17:00:19.011] [jointLog] [warning] read e49222ca-4d7c-457f-8c9a-2a48244afd75 (length 11604 - align length 11545) has no trained error model
[2025-07-09 17:00:19.138] [jointLog] [warning] read a8125898-ced6-4b72-a3c9-03251c6bec3a (length 13539 - align length 13457) has no trained error model
[2025-07-09 17:00:19.877] [fileLog] [info] quantification processed 11000000 fragments so far

[2025-07-09 17:00:23.037] [jointLog] [warning] read a1f5c684-b100-4e2b-b8bf-9ec1f9c4d323 (length 10708) has no trained clipping model
[2025-07-09 17:00:23.350] [jointLog] [warning] read 89701297-6d8d-450f-b511-5b6b3ccf48a4 (length 10761) has no trained clipping model
[2025-07-09 17:00:23.604] [fileLog] [info] quantification processed 12000000 fragments so far

[2025-07-09 17:00:23.685] [jointLog] [warning] read 2c3f21c0-6878-4dbe-bd95-4350146ecbe7 (length 49749 - align length 488) has no trained error model
[2025-07-09 17:00:23.685] [jointLog] [warning] read 2c3f21c0-6878-4dbe-bd95-4350146ecbe7 (length 49749) has no trained clipping model
[2025-07-09 17:00:23.685] [jointLog] [warning] read 2c3f21c0-6878-4dbe-bd95-4350146ecbe7 (length 49749) has no trained clipping model
[2025-07-09 17:00:23.686] [jointLog] [warning] read fc550cb4-8d82-480b-bb96-3de75b8fa34d (length 13431) has no trained clipping model
[2025-07-09 17:00:23.686] [jointLog] [warning] read 3fa6d16c-a206-40c9-ab19-4378a48dcf7b (length 19528 - align length 236) has no trained error model
[2025-07-09 17:00:23.686] [jointLog] [warning] read 3fa6d16c-a206-40c9-ab19-4378a48dcf7b (length 19528) has no trained clipping model
[2025-07-09 17:00:23.686] [jointLog] [warning] read 3fa6d16c-a206-40c9-ab19-4378a48dcf7b (length 19528) has no trained clipping model
[2025-07-09 17:00:23.686] [jointLog] [warning] read 1be5a1b5-ad68-43f6-8d6b-277f302b65a7 (length 44412 - align length 64) has no trained error model
[2025-07-09 17:00:23.686] [jointLog] [warning] read 1be5a1b5-ad68-43f6-8d6b-277f302b65a7 (length 44412) has no trained clipping model
[2025-07-09 17:00:23.686] [jointLog] [warning] read 1be5a1b5-ad68-43f6-8d6b-277f302b65a7 (length 44412) has no trained clipping model
[2025-07-09 17:00:24.564] [jointLog] [warning] read 2a1b89c7-4008-4eb7-8b69-312516334eff (length 22521 - align length 1012) has no trained error model
[2025-07-09 17:00:24.564] [jointLog] [warning] read 2a1b89c7-4008-4eb7-8b69-312516334eff (length 22521) has no trained clipping model
[2025-07-09 17:00:24.564] [jointLog] [warning] read 2a1b89c7-4008-4eb7-8b69-312516334eff (length 22521) has no trained clipping model
[2025-07-09 17:00:24.565] [jointLog] [warning] read 0f46c90d-0261-4dc3-9472-fc45399ab500 (length 23000 - align length 1030) has no trained error model
[2025-07-09 17:00:24.565] [jointLog] [warning] read 0f46c90d-0261-4dc3-9472-fc45399ab500 (length 23000) has no trained clipping model
[2025-07-09 17:00:24.565] [jointLog] [warning] read 0f46c90d-0261-4dc3-9472-fc45399ab500 (length 23000) has no trained clipping model
[2025-07-09 17:00:24.565] [jointLog] [warning] read c924c8a6-6555-4c4f-a6ed-6debfccfbaf9 (length 47743) has no trained clipping model
[2025-07-09 17:00:24.565] [jointLog] [warning] read ed42151d-0c5e-4bdd-b24a-a42364623f29 (length 12454 - align length 12329) has no trained error model
[2025-07-09 17:00:24.565] [jointLog] [warning] read ed42151d-0c5e-4bdd-b24a-a42364623f29 (length 12454) has no trained clipping model
[2025-07-09 17:00:24.565] [jointLog] [warning] read ed42151d-0c5e-4bdd-b24a-a42364623f29 (length 12454) has no trained clipping model
[2025-07-09 17:00:24.565] [jointLog] [warning] read 2454160f-0534-4b5b-9d30-c9263aed1349 (length 17504 - align length 912) has no trained error model
[2025-07-09 17:00:24.565] [jointLog] [warning] read 2454160f-0534-4b5b-9d30-c9263aed1349 (length 17504) has no trained clipping model
[2025-07-09 17:00:24.565] [jointLog] [warning] read 2454160f-0534-4b5b-9d30-c9263aed1349 (length 17504) has no trained clipping model
[2025-07-09 17:00:24.565] [jointLog] [warning] read 1f1d6bc2-a542-4ba1-ab2e-f78580d6ba1c (length 27604 - align length 468) has no trained error model
[2025-07-09 17:00:24.565] [jointLog] [warning] read 1f1d6bc2-a542-4ba1-ab2e-f78580d6ba1c (length 27604) has no trained clipping model
[2025-07-09 17:00:24.565] [jointLog] [warning] read 1f1d6bc2-a542-4ba1-ab2e-f78580d6ba1c (length 27604) has no trained clipping model
[2025-07-09 17:00:24.565] [jointLog] [warning] read 96e537d7-1611-464e-992c-95ef7c9d5ed5 (length 32232 - align length 1608) has no trained error model
[2025-07-09 17:00:24.565] [jointLog] [warning] read 96e537d7-1611-464e-992c-95ef7c9d5ed5 (length 32232) has no trained clipping model
[2025-07-09 17:00:24.565] [jointLog] [warning] read 96e537d7-1611-464e-992c-95ef7c9d5ed5 (length 32232) has no trained clipping model
[2025-07-09 17:00:24.565] [jointLog] [warning] read 49fcbfc4-f87a-4a94-8d1b-564dfd73fb37 (length 13419) has no trained clipping model
[2025-07-09 17:00:24.565] [jointLog] [warning] read 85f6b11b-ebf4-42a6-a656-b7bc0e07b660 (length 24857 - align length 1077) has no trained error model
[2025-07-09 17:00:24.565] [jointLog] [warning] read 85f6b11b-ebf4-42a6-a656-b7bc0e07b660 (length 24857) has no trained clipping model
[2025-07-09 17:00:24.565] [jointLog] [warning] read 85f6b11b-ebf4-42a6-a656-b7bc0e07b660 (length 24857) has no trained clipping model
[2025-07-09 17:00:24.565] [jointLog] [warning] read 70da99ab-59ac-460f-808f-4cdf62a5e829 (length 14630 - align length 2894) has no trained error model
[2025-07-09 17:00:24.565] [jointLog] [warning] read 70da99ab-59ac-460f-808f-4cdf62a5e829 (length 14630) has no trained clipping model
[2025-07-09 17:00:24.565] [jointLog] [warning] read 70da99ab-59ac-460f-808f-4cdf62a5e829 (length 14630) has no trained clipping model
[2025-07-09 17:00:25.618] [jointLog] [warning] read dfa8679f-9109-420c-aca2-793173e2e975 (length 10415 - align length 10389) has no trained error model
[2025-07-09 17:00:25.916] [jointLog] [warning] read d59e7658-0a41-4850-b43a-ea8c5aa897a5 (length 16678 - align length 402) has no trained error model
[2025-07-09 17:00:25.916] [jointLog] [warning] read d59e7658-0a41-4850-b43a-ea8c5aa897a5 (length 16678) has no trained clipping model
[2025-07-09 17:00:25.916] [jointLog] [warning] read d59e7658-0a41-4850-b43a-ea8c5aa897a5 (length 16678) has no trained clipping model
[2025-07-09 17:00:25.939] [jointLog] [warning] read bcdf176e-1f6b-4303-a932-3cc6048719bb (length 32207 - align length 294) has no trained error model
[2025-07-09 17:00:25.939] [jointLog] [warning] read bcdf176e-1f6b-4303-a932-3cc6048719bb (length 32207) has no trained clipping model
[2025-07-09 17:00:25.939] [jointLog] [warning] read bcdf176e-1f6b-4303-a932-3cc6048719bb (length 32207) has no trained clipping model
[2025-07-09 17:00:25.939] [jointLog] [warning] read 1b784405-0c4c-4b05-8c33-6cab9a7d5306 (length 23941 - align length 504) has no trained error model
[2025-07-09 17:00:25.939] [jointLog] [warning] read 1b784405-0c4c-4b05-8c33-6cab9a7d5306 (length 23941) has no trained clipping model
[2025-07-09 17:00:25.939] [jointLog] [warning] read 1b784405-0c4c-4b05-8c33-6cab9a7d5306 (length 23941) has no trained clipping model
[2025-07-09 17:00:25.939] [jointLog] [warning] read f2aaaff3-3566-45e4-ac9c-15c912614397 (length 32464 - align length 299) has no trained error model
[2025-07-09 17:00:25.939] [jointLog] [warning] read f2aaaff3-3566-45e4-ac9c-15c912614397 (length 32464) has no trained clipping model
[2025-07-09 17:00:25.939] [jointLog] [warning] read f2aaaff3-3566-45e4-ac9c-15c912614397 (length 32464) has no trained clipping model
[2025-07-09 17:00:25.939] [jointLog] [warning] read 552b69f8-c821-485f-9e4d-f4437f84cbb5 (length 24816 - align length 389) has no trained error model
[2025-07-09 17:00:25.939] [jointLog] [warning] read 552b69f8-c821-485f-9e4d-f4437f84cbb5 (length 24816) has no trained clipping model
[2025-07-09 17:00:25.939] [jointLog] [warning] read 552b69f8-c821-485f-9e4d-f4437f84cbb5 (length 24816) has no trained clipping model
[2025-07-09 17:00:25.939] [jointLog] [warning] read 5af30497-551a-4602-a373-e3e1286a07fe (length 21947) has no trained clipping model
[2025-07-09 17:00:25.939] [jointLog] [warning] read f1537072-7ea8-49ab-ab72-371d2ba529bc (length 36274 - align length 153) has no trained error model
[2025-07-09 17:00:25.939] [jointLog] [warning] read f1537072-7ea8-49ab-ab72-371d2ba529bc (length 36274) has no trained clipping model
[2025-07-09 17:00:25.939] [jointLog] [warning] read f1537072-7ea8-49ab-ab72-371d2ba529bc (length 36274) has no trained clipping model
[2025-07-09 17:00:25.939] [jointLog] [warning] read 727ff21a-2e41-47b7-802a-13d8a48688f2 (length 32259 - align length 389) has no trained error model
[2025-07-09 17:00:25.939] [jointLog] [warning] read 727ff21a-2e41-47b7-802a-13d8a48688f2 (length 32259) has no trained clipping model
[2025-07-09 17:00:25.939] [jointLog] [warning] read 727ff21a-2e41-47b7-802a-13d8a48688f2 (length 32259) has no trained clipping model
[2025-07-09 17:00:26.435] [jointLog] [warning] read 46d0c7bb-656f-409e-99c5-22bad329d8fb (length 19097 - align length 3125) has no trained error model
[2025-07-09 17:00:26.435] [jointLog] [warning] read 46d0c7bb-656f-409e-99c5-22bad329d8fb (length 19097) has no trained clipping model
[2025-07-09 17:00:26.435] [jointLog] [warning] read 46d0c7bb-656f-409e-99c5-22bad329d8fb (length 19097) has no trained clipping model
[2025-07-09 17:00:26.435] [jointLog] [warning] read bfb432d8-d34c-43db-a543-a11f8616d43e (length 21567 - align length 1073) has no trained error model
[2025-07-09 17:00:26.435] [jointLog] [warning] read bfb432d8-d34c-43db-a543-a11f8616d43e (length 21567) has no trained clipping model
[2025-07-09 17:00:26.435] [jointLog] [warning] read bfb432d8-d34c-43db-a543-a11f8616d43e (length 21567) has no trained clipping model
[2025-07-09 17:00:26.435] [jointLog] [warning] read 8f110491-ab6c-4b3a-9a00-8577a22081d8 (length 34691 - align length 455) has no trained error model
[2025-07-09 17:00:26.435] [jointLog] [warning] read 8f110491-ab6c-4b3a-9a00-8577a22081d8 (length 34691) has no trained clipping model
[2025-07-09 17:00:26.435] [jointLog] [warning] read 8f110491-ab6c-4b3a-9a00-8577a22081d8 (length 34691) has no trained clipping model
[2025-07-09 17:00:26.435] [jointLog] [warning] read d0982bc2-d4ca-4ec4-8069-6678a24cb11d (length 22992 - align length 915) has no trained error model
[2025-07-09 17:00:26.435] [jointLog] [warning] read d0982bc2-d4ca-4ec4-8069-6678a24cb11d (length 22992) has no trained clipping model
[2025-07-09 17:00:26.435] [jointLog] [warning] read d0982bc2-d4ca-4ec4-8069-6678a24cb11d (length 22992) has no trained clipping model
[2025-07-09 17:00:26.435] [jointLog] [warning] read b8deb0de-7cba-4d36-b502-228be9442ebc (length 38134 - align length 1732) has no trained error model
[2025-07-09 17:00:26.435] [jointLog] [warning] read b8deb0de-7cba-4d36-b502-228be9442ebc (length 38134) has no trained clipping model
[2025-07-09 17:00:26.435] [jointLog] [warning] read b8deb0de-7cba-4d36-b502-228be9442ebc (length 38134) has no trained clipping model
[2025-07-09 17:00:26.435] [jointLog] [warning] read ed3894ee-0bc5-46a1-ac90-51737e17f5d7 (length 18644 - align length 248) has no trained error model
[2025-07-09 17:00:26.435] [jointLog] [warning] read ed3894ee-0bc5-46a1-ac90-51737e17f5d7 (length 18644) has no trained clipping model
[2025-07-09 17:00:26.435] [jointLog] [warning] read ed3894ee-0bc5-46a1-ac90-51737e17f5d7 (length 18644) has no trained clipping model
[2025-07-09 17:00:26.436] [jointLog] [warning] read e783b36e-aa07-4786-a23c-f398dd0a2c06 (length 13211 - align length 779) has no trained error model
[2025-07-09 17:00:26.436] [jointLog] [warning] read e783b36e-aa07-4786-a23c-f398dd0a2c06 (length 13211) has no trained clipping model
[2025-07-09 17:00:26.436] [jointLog] [warning] read e783b36e-aa07-4786-a23c-f398dd0a2c06 (length 13211) has no trained clipping model
[2025-07-09 17:00:26.436] [jointLog] [warning] read f41c1ac8-7d5c-4224-a8c6-84851f3aebf5 (length 20683) has no trained clipping model
[2025-07-09 17:00:26.436] [jointLog] [warning] read aac10f3b-e6ca-4ba9-b72b-ce3debcbec09 (length 31250 - align length 301) has no trained error model
[2025-07-09 17:00:26.436] [jointLog] [warning] read aac10f3b-e6ca-4ba9-b72b-ce3debcbec09 (length 31250) has no trained clipping model
[2025-07-09 17:00:26.436] [jointLog] [warning] read aac10f3b-e6ca-4ba9-b72b-ce3debcbec09 (length 31250) has no trained clipping model
[2025-07-09 17:00:26.437] [jointLog] [warning] read 52954503-c48a-48d6-b4a5-e037441d64fb (length 31616 - align length 563) has no trained error model
[2025-07-09 17:00:26.437] [jointLog] [warning] read 52954503-c48a-48d6-b4a5-e037441d64fb (length 31616) has no trained clipping model
[2025-07-09 17:00:26.437] [jointLog] [warning] read 52954503-c48a-48d6-b4a5-e037441d64fb (length 31616) has no trained clipping model
[2025-07-09 17:00:27.508] [fileLog] [info] quantification processed 13000000 fragments so far

[2025-07-09 17:00:27.891] [jointLog] [warning] read 74149118-ef6c-47e1-92d8-ebd8a11e33fc (length 9822) has no trained clipping model
[2025-07-09 17:00:28.058] [jointLog] [warning] read 75f6e337-594e-46e8-b96e-0c46194d9735 (length 10783) has no trained clipping model
[2025-07-09 17:00:28.643] [jointLog] [warning] read b10bf5f0-1a80-43a6-b701-71ad2136a699 (length 10751) has no trained clipping model
[2025-07-09 17:00:30.056] [jointLog] [warning] read 2920fce4-fdeb-4556-8627-ef988dce8ef1 (length 15917 - align length 210) has no trained error model
[2025-07-09 17:00:30.056] [jointLog] [warning] read 2920fce4-fdeb-4556-8627-ef988dce8ef1 (length 15917) has no trained clipping model
[2025-07-09 17:00:30.056] [jointLog] [warning] read 2920fce4-fdeb-4556-8627-ef988dce8ef1 (length 15917) has no trained clipping model
[2025-07-09 17:00:30.056] [jointLog] [warning] read c8b7874c-ccf4-4f22-9289-4c0ec0b531cc (length 32224 - align length 124) has no trained error model
[2025-07-09 17:00:30.056] [jointLog] [warning] read c8b7874c-ccf4-4f22-9289-4c0ec0b531cc (length 32224) has no trained clipping model
[2025-07-09 17:00:30.056] [jointLog] [warning] read c8b7874c-ccf4-4f22-9289-4c0ec0b531cc (length 32224) has no trained clipping model
[2025-07-09 17:00:30.057] [jointLog] [warning] read 25d82bc7-a8c2-4f7e-b558-8b630b7d2b72 (length 19057 - align length 190) has no trained error model
[2025-07-09 17:00:30.057] [jointLog] [warning] read 25d82bc7-a8c2-4f7e-b558-8b630b7d2b72 (length 19057) has no trained clipping model
[2025-07-09 17:00:30.057] [jointLog] [warning] read 25d82bc7-a8c2-4f7e-b558-8b630b7d2b72 (length 19057) has no trained clipping model
[2025-07-09 17:00:30.057] [jointLog] [warning] read da889406-0acc-47b8-9068-ce855bb73283 (length 35679 - align length 3414) has no trained error model
[2025-07-09 17:00:30.057] [jointLog] [warning] read da889406-0acc-47b8-9068-ce855bb73283 (length 35679) has no trained clipping model
[2025-07-09 17:00:30.057] [jointLog] [warning] read da889406-0acc-47b8-9068-ce855bb73283 (length 35679) has no trained clipping model
[2025-07-09 17:00:30.057] [jointLog] [warning] read 5f4f2712-59ab-4721-bbd2-812697fddd1e (length 13897) has no trained clipping model
[2025-07-09 17:00:30.057] [jointLog] [warning] read 3f19efb8-6da2-4cf9-a9fe-c1c74669fa08 (length 23028 - align length 118) has no trained error model
[2025-07-09 17:00:30.057] [jointLog] [warning] read 3f19efb8-6da2-4cf9-a9fe-c1c74669fa08 (length 23028) has no trained clipping model
[2025-07-09 17:00:30.057] [jointLog] [warning] read 3f19efb8-6da2-4cf9-a9fe-c1c74669fa08 (length 23028) has no trained clipping model
[2025-07-09 17:00:30.057] [jointLog] [warning] read fdf47dfc-7b89-4ebc-b672-a5c226a149ca (length 14216 - align length 443) has no trained error model
[2025-07-09 17:00:30.057] [jointLog] [warning] read fdf47dfc-7b89-4ebc-b672-a5c226a149ca (length 14216) has no trained clipping model
[2025-07-09 17:00:30.057] [jointLog] [warning] read fdf47dfc-7b89-4ebc-b672-a5c226a149ca (length 14216) has no trained clipping model
[2025-07-09 17:00:30.057] [jointLog] [warning] read 557abae9-e665-4cd1-adad-6070a8217e77 (length 13735) has no trained clipping model
[2025-07-09 17:00:30.057] [jointLog] [warning] read d8721786-226c-4c99-9478-25dc016e25e4 (length 34498 - align length 131) has no trained error model
[2025-07-09 17:00:30.057] [jointLog] [warning] read d8721786-226c-4c99-9478-25dc016e25e4 (length 34498) has no trained clipping model
[2025-07-09 17:00:30.057] [jointLog] [warning] read d8721786-226c-4c99-9478-25dc016e25e4 (length 34498) has no trained clipping model
[2025-07-09 17:00:30.057] [jointLog] [warning] read f91dd461-9b75-4cff-bde5-968a1100354a (length 26422 - align length 2825) has no trained error model
[2025-07-09 17:00:30.057] [jointLog] [warning] read f91dd461-9b75-4cff-bde5-968a1100354a (length 26422) has no trained clipping model
[2025-07-09 17:00:30.057] [jointLog] [warning] read f91dd461-9b75-4cff-bde5-968a1100354a (length 26422) has no trained clipping model
[2025-07-09 17:00:30.057] [jointLog] [warning] read 008300a5-5b60-4fca-b9f7-06b648af9353 (length 40511 - align length 577) has no trained error model
[2025-07-09 17:00:30.057] [jointLog] [warning] read 008300a5-5b60-4fca-b9f7-06b648af9353 (length 40511) has no trained clipping model
[2025-07-09 17:00:30.057] [jointLog] [warning] read 008300a5-5b60-4fca-b9f7-06b648af9353 (length 40511) has no trained clipping model
[2025-07-09 17:00:30.057] [jointLog] [warning] read 8d0fff8c-eff5-4dca-b6a4-ed216b6f5f9b (length 25419 - align length 1997) has no trained error model
[2025-07-09 17:00:30.057] [jointLog] [warning] read 8d0fff8c-eff5-4dca-b6a4-ed216b6f5f9b (length 25419) has no trained clipping model
[2025-07-09 17:00:30.057] [jointLog] [warning] read 8d0fff8c-eff5-4dca-b6a4-ed216b6f5f9b (length 25419) has no trained clipping model
[2025-07-09 17:00:30.057] [jointLog] [warning] read ea6f6eeb-0ef2-407a-9538-2f2b7c57b09b (length 42779 - align length 121) has no trained error model
[2025-07-09 17:00:30.057] [jointLog] [warning] read ea6f6eeb-0ef2-407a-9538-2f2b7c57b09b (length 42779) has no trained clipping model
[2025-07-09 17:00:30.057] [jointLog] [warning] read ea6f6eeb-0ef2-407a-9538-2f2b7c57b09b (length 42779) has no trained clipping model
[2025-07-09 17:00:30.057] [jointLog] [warning] read ff6483dd-683d-48cd-a957-08351d9b0129 (length 36447 - align length 66) has no trained error model
[2025-07-09 17:00:30.057] [jointLog] [warning] read ff6483dd-683d-48cd-a957-08351d9b0129 (length 36447) has no trained clipping model
[2025-07-09 17:00:30.057] [jointLog] [warning] read ff6483dd-683d-48cd-a957-08351d9b0129 (length 36447) has no trained clipping model
[2025-07-09 17:00:30.057] [jointLog] [warning] read 783d779d-08ef-4d50-8c5a-ad306002a053 (length 47667 - align length 121) has no trained error model
[2025-07-09 17:00:30.057] [jointLog] [warning] read 783d779d-08ef-4d50-8c5a-ad306002a053 (length 47667) has no trained clipping model
[2025-07-09 17:00:30.057] [jointLog] [warning] read 783d779d-08ef-4d50-8c5a-ad306002a053 (length 47667) has no trained clipping model
[2025-07-09 17:00:30.057] [jointLog] [warning] read f085266f-5aee-4329-ae32-e5fa8216ddbb (length 31206 - align length 3787) has no trained error model
[2025-07-09 17:00:30.057] [jointLog] [warning] read f085266f-5aee-4329-ae32-e5fa8216ddbb (length 31206) has no trained clipping model
[2025-07-09 17:00:30.057] [jointLog] [warning] read f085266f-5aee-4329-ae32-e5fa8216ddbb (length 31206) has no trained clipping model
[2025-07-09 17:00:30.057] [jointLog] [warning] read d47dcfab-fbce-44aa-9aee-7c0cb5206c77 (length 9883) has no trained clipping model
[2025-07-09 17:00:30.057] [jointLog] [warning] read c0c1e270-0e4a-488e-9e63-3bdeddef5101 (length 35391 - align length 206) has no trained error model
[2025-07-09 17:00:30.057] [jointLog] [warning] read c0c1e270-0e4a-488e-9e63-3bdeddef5101 (length 35391) has no trained clipping model
[2025-07-09 17:00:30.057] [jointLog] [warning] read c0c1e270-0e4a-488e-9e63-3bdeddef5101 (length 35391) has no trained clipping model
[2025-07-09 17:00:30.057] [jointLog] [warning] read 2cd6fe89-db3a-43c9-9e67-dc33f89dbdd4 (length 38513 - align length 58) has no trained error model
[2025-07-09 17:00:30.057] [jointLog] [warning] read 2cd6fe89-db3a-43c9-9e67-dc33f89dbdd4 (length 38513) has no trained clipping model
[2025-07-09 17:00:30.057] [jointLog] [warning] read 2cd6fe89-db3a-43c9-9e67-dc33f89dbdd4 (length 38513) has no trained clipping model
[2025-07-09 17:00:30.057] [jointLog] [warning] read 0c00c816-0a4e-4c9d-b629-8a023089eccf (length 17836 - align length 2183) has no trained error model
[2025-07-09 17:00:30.057] [jointLog] [warning] read 0c00c816-0a4e-4c9d-b629-8a023089eccf (length 17836) has no trained clipping model
[2025-07-09 17:00:30.057] [jointLog] [warning] read 0c00c816-0a4e-4c9d-b629-8a023089eccf (length 17836) has no trained clipping model
[2025-07-09 17:00:30.057] [jointLog] [warning] read 6523b16a-6b89-423d-832e-e0c03def7172 (length 37856 - align length 67) has no trained error model
[2025-07-09 17:00:30.057] [jointLog] [warning] read 6523b16a-6b89-423d-832e-e0c03def7172 (length 37856) has no trained clipping model
[2025-07-09 17:00:30.057] [jointLog] [warning] read 6523b16a-6b89-423d-832e-e0c03def7172 (length 37856) has no trained clipping model
[2025-07-09 17:00:30.057] [jointLog] [warning] read 32b4115c-feb9-4801-86bd-363c969d683b (length 33516 - align length 1586) has no trained error model
[2025-07-09 17:00:30.057] [jointLog] [warning] read 32b4115c-feb9-4801-86bd-363c969d683b (length 33516) has no trained clipping model
[2025-07-09 17:00:30.057] [jointLog] [warning] read 32b4115c-feb9-4801-86bd-363c969d683b (length 33516) has no trained clipping model
[2025-07-09 17:00:30.057] [jointLog] [warning] read ce0852fb-ef22-4b4d-bbf4-b986fa4afc4a (length 29696 - align length 133) has no trained error model
[2025-07-09 17:00:30.057] [jointLog] [warning] read ce0852fb-ef22-4b4d-bbf4-b986fa4afc4a (length 29696) has no trained clipping model
[2025-07-09 17:00:30.057] [jointLog] [warning] read ce0852fb-ef22-4b4d-bbf4-b986fa4afc4a (length 29696) has no trained clipping model
[2025-07-09 17:00:30.251] [jointLog] [warning] read 300f33ae-b965-4e57-bc0f-1f2e40cf1fb7 (length 10449 - align length 10364) has no trained error model
[2025-07-09 17:00:30.986] [fileLog] [info] quantification processed 13909729 fragments so far

[2025-07-09 17:00:30.986] [jointLog] [info] Thread saw mini-batch with a maximum of 10.90% zero probability fragments
[2025-07-09 17:00:30.986] [jointLog] [info] Thread saw mini-batch with a maximum of 8.80% zero probability fragments
[2025-07-09 17:00:30.990] [jointLog] [info] Thread saw mini-batch with a maximum of 9.20% zero probability fragments
[2025-07-09 17:00:30.994] [jointLog] [info] Thread saw mini-batch with a maximum of 7.10% zero probability fragments
[2025-07-09 17:00:30.999] [jointLog] [info] Thread saw mini-batch with a maximum of 8.40% zero probability fragments
[2025-07-09 17:00:30.999] [jointLog] [info] 


Completed first pass through the alignment file.
Total # of mapped reads : 13909729
# of uniquely mapped reads : 13757821
# ambiguously mapped reads : 151908



[2025-07-09 17:00:31.042] [jointLog] [info] Computed 48,128 rich equivalence classes for further processing
[2025-07-09 17:00:31.042] [jointLog] [info] Counted 13,311,618 total reads in the equivalence classes 
[2025-07-09 17:00:31.045] [jointLog] [info] starting optimizer
[2025-07-09 17:00:31.101] [jointLog] [info] Marked 0 weighted equivalence classes as degenerate
[2025-07-09 17:00:31.105] [jointLog] [info] iteration = 0 | max rel diff. = 1845.54
[2025-07-09 17:00:31.417] [jointLog] [info] iteration = 100 | max rel diff. = 1.73242e-16
[2025-07-09 17:00:31.431] [jointLog] [info] finished optimizer
[2025-07-09 17:00:31.431] [jointLog] [info] writing output
